{
  "ethBalance": 0.5002741579676101,
  "usdtBalance": 0,
  "usdcBalance": 100,
  "kenduBalance": 4855925261.348792,
  "ethBalanceInUsd": 1264.5830110273655,
  "kenduBalanceInUsd": 132421.08187698157,
  "totalUsdBalance": 1364.5830110273655
}