{
  "ethBalance": 0.5002741579676101,
  "usdtBalance": 0,
  "usdcBalance": 100,
  "kenduBalance": 4855925261.348792,
  "ethBalanceInUsd": 1297.441017722678,
  "kenduBalanceInUsd": 121398.1315337198,
  "totalUsdBalance": 1397.441017722678
}