{
  "ethBalance": 0.038589031500035925,
  "usdtBalance": 0,
  "usdcBalance": 0,
  "kenduBalance": 35199894.08324558,
  "ethBalanceInUsd": 130.21984446781624,
  "kenduBalanceInUsd": 1211.9323532861454,
  "totalUsdBalance": 130.21984446781624
}