{
  "ethBalance": 0.045462183917402754,
  "usdtBalance": 0,
  "usdcBalance": 0,
  "kenduBalance": 307214787.46744066,
  "ethBalanceInUsd": 124.65003435209158,
  "kenduBalanceInUsd": 27978.050694659818,
  "totalUsdBalance": 124.65003435209158
}