{
  "ethBalance": 0.3579040556931112,
  "usdtBalance": 0,
  "usdcBalance": 0,
  "kenduBalance": 3646098337.9468102,
  "ethBalanceInUsd": 651.2887472664252,
  "kenduBalanceInUsd": 40836.30138500427,
  "totalUsdBalance": 651.2887472664252
}