{
  "ethBalance": 0.038589031500035925,
  "usdtBalance": 0,
  "usdcBalance": 0,
  "kenduBalance": 35199894.08324558,
  "ethBalanceInUsd": 128.42545450306457,
  "kenduBalanceInUsd": 879.2933541994747,
  "totalUsdBalance": 128.42545450306457
}