{
  "ethBalance": 0.045462183917402754,
  "usdtBalance": 0,
  "usdcBalance": 0,
  "kenduBalance": 307214787.46744066,
  "ethBalanceInUsd": 118.96180590034612,
  "kenduBalanceInUsd": 21059.573680893056,
  "totalUsdBalance": 118.96180590034612
}