{
  "ethBalance": 0.038589031500035925,
  "usdtBalance": 0,
  "usdcBalance": 0,
  "kenduBalance": 35199894.08324558,
  "ethBalanceInUsd": 126.15371821865745,
  "kenduBalanceInUsd": 638.1740797292424,
  "totalUsdBalance": 126.15371821865745
}