{
  "ethBalance": 0.727034011230498,
  "usdtBalance": 0,
  "usdcBalance": null,
  "kenduBalance": 4482236645.828448,
  "ethBalanceInUsd": 2913.654233067232,
  "kenduBalanceInUsd": 47959.932110364396,
  "totalUsdBalance": null
}