{
  "ethBalance": 0.038589031500035925,
  "usdtBalance": 0,
  "usdcBalance": 0,
  "kenduBalance": 35199894.08324558,
  "ethBalanceInUsd": 141.71783229356691,
  "kenduBalanceInUsd": 1318.940031299212,
  "totalUsdBalance": 141.71783229356691
}