{
  "ethBalance": 0.357215510728175,
  "usdtBalance": 0,
  "usdcBalance": 0,
  "kenduBalance": 4299933763.203477,
  "ethBalanceInUsd": 905.8199477942916,
  "kenduBalanceInUsd": 97866.49245051113,
  "totalUsdBalance": 905.8199477942916
}