{
  "ethBalance": 0.5002741579676101,
  "usdtBalance": 0,
  "usdcBalance": 100,
  "kenduBalance": 4855925261.348792,
  "ethBalanceInUsd": 1211.5039228670018,
  "kenduBalanceInUsd": 103722.56358241019,
  "totalUsdBalance": 1311.5039228670018
}