{
  "ethBalance": 0.3196155371451788,
  "usdtBalance": 0,
  "usdcBalance": 884.463046,
  "kenduBalance": 5453954448.539579,
  "ethBalanceInUsd": 604.4920615580481,
  "kenduBalanceInUsd": 38995.774307057996,
  "totalUsdBalance": 1488.955107558048
}