{
  "ethBalance": 0.038589031500035925,
  "usdtBalance": 0,
  "usdcBalance": 0,
  "kenduBalance": 35199894.08324558,
  "ethBalanceInUsd": 142.06050289328724,
  "kenduBalanceInUsd": 940.1891709634896,
  "totalUsdBalance": 142.06050289328724
}