{
  "ethBalance": 0.5002741579676101,
  "usdtBalance": 0,
  "usdcBalance": 100,
  "kenduBalance": 4855925261.348792,
  "ethBalanceInUsd": 1208.5673135597322,
  "kenduBalanceInUsd": 102654.26002491347,
  "totalUsdBalance": 1308.5673135597322
}