{
  "ethBalance": 0.3579040556931112,
  "usdtBalance": 0,
  "usdcBalance": 0,
  "kenduBalance": 3646098337.9468102,
  "ethBalanceInUsd": 642.731261294803,
  "kenduBalanceInUsd": 40909.223351763205,
  "totalUsdBalance": 642.731261294803
}