{
  "ethBalance": 0.5002741579676101,
  "usdtBalance": 0,
  "usdcBalance": 100,
  "kenduBalance": 4855925261.348792,
  "ethBalanceInUsd": 1319.3630313248188,
  "kenduBalanceInUsd": 153204.4419955544,
  "totalUsdBalance": 1419.3630313248188
}