{
  "ethBalance": 0.3579040556931112,
  "usdtBalance": 0,
  "usdcBalance": 0,
  "kenduBalance": 3646098337.9468102,
  "ethBalanceInUsd": 646.2208258378107,
  "kenduBalanceInUsd": 41565.521052593635,
  "totalUsdBalance": 646.2208258378107
}