{
  "ethBalance": 0.3579040556931112,
  "usdtBalance": 0,
  "usdcBalance": 0,
  "kenduBalance": 3646098337.9468102,
  "ethBalanceInUsd": 647.1477973420559,
  "kenduBalanceInUsd": 38284.03254844151,
  "totalUsdBalance": 647.1477973420559
}