{
  "ethBalance": 0.35769432885289126,
  "usdtBalance": 0,
  "usdcBalance": 0,
  "kenduBalance": 4514955040.756332,
  "ethBalanceInUsd": 844.7810042250273,
  "kenduBalanceInUsd": 80637.0970279081,
  "totalUsdBalance": 844.7810042250273
}