{
  "ethBalance": 8.051792938400936,
  "usdtBalance": 22380.187863,
  "usdcBalance": 88.007775,
  "kenduBalance": 947823769.8171208,
  "ethBalanceInUsd": 20326.992826781316,
  "kenduBalanceInUsd": 112184.42139555441,
  "totalUsdBalance": 42795.18846478131
}