{
  "ethBalance": 0.038589031500035925,
  "usdtBalance": 0,
  "usdcBalance": 0,
  "kenduBalance": 35199894.08324558,
  "ethBalanceInUsd": 129.49630012719055,
  "kenduBalanceInUsd": 823.6775215479466,
  "totalUsdBalance": 129.49630012719055
}