{
  "ethBalance": 0.04272247540230626,
  "usdtBalance": 0,
  "usdcBalance": 0,
  "kenduBalance": 517214787.4674407,
  "ethBalanceInUsd": 101.63805065634867,
  "kenduBalanceInUsd": 23083.295964671877,
  "totalUsdBalance": 101.63805065634867
}