{
  "ethBalance": 0.3119048631851912,
  "usdtBalance": 0,
  "usdcBalance": 0.463046,
  "kenduBalance": 4175387837.757599,
  "ethBalanceInUsd": 641.9750656022878,
  "kenduBalanceInUsd": 52401.11736385787,
  "totalUsdBalance": 642.4381116022878
}