{
  "ethBalance": 0.038589031500035925,
  "usdtBalance": 0,
  "usdcBalance": 0,
  "kenduBalance": 35199894.08324558,
  "ethBalanceInUsd": 125.07245355602643,
  "kenduBalanceInUsd": 1047.196848976556,
  "totalUsdBalance": 125.07245355602643
}