{
  "ethBalance": 0.09959930940546294,
  "usdtBalance": 0,
  "usdcBalance": 2800,
  "kenduBalance": 5981415733.861656,
  "ethBalanceInUsd": 186.82340461729711,
  "kenduBalanceInUsd": 41630.653507677125,
  "totalUsdBalance": 2986.823404617297
}