{
  "ethBalance": 0.038589031500035925,
  "usdtBalance": 0,
  "usdcBalance": 0,
  "kenduBalance": 35199894.08324558,
  "ethBalanceInUsd": 129.1023061155752,
  "kenduBalanceInUsd": 1123.9326180780315,
  "totalUsdBalance": 129.1023061155752
}