{
  "ethBalance": 0.038589031500035925,
  "usdtBalance": 0,
  "usdcBalance": 0,
  "kenduBalance": 35199894.08324558,
  "ethBalanceInUsd": 134.76679004946547,
  "kenduBalanceInUsd": 1294.3001054409401,
  "totalUsdBalance": 134.76679004946547
}