{
  "ethBalance": 0.3196155371451788,
  "usdtBalance": 0,
  "usdcBalance": 884.463046,
  "kenduBalance": 5453954448.539579,
  "ethBalanceInUsd": 610.5359913654635,
  "kenduBalanceInUsd": 37686.82523940849,
  "totalUsdBalance": 1494.9990373654634
}