{
  "ethBalance": 0.5002741579676101,
  "usdtBalance": 0,
  "usdcBalance": 100,
  "kenduBalance": 4855925261.348792,
  "ethBalanceInUsd": 1314.6954734309809,
  "kenduBalanceInUsd": 126399.73455290905,
  "totalUsdBalance": 1414.6954734309809
}