{
  "ethBalance": 0.045462183917402754,
  "usdtBalance": 0,
  "usdcBalance": 0,
  "kenduBalance": 307214787.46744066,
  "ethBalanceInUsd": 119.54144874529301,
  "kenduBalanceInUsd": 32767.52923127722,
  "totalUsdBalance": 119.54144874529301
}