{
  "ethBalance": 0.038589031500035925,
  "usdtBalance": 0,
  "usdcBalance": 0,
  "kenduBalance": 35199894.08324558,
  "ethBalanceInUsd": 154.23572822186358,
  "kenduBalanceInUsd": 1629.0510981726054,
  "totalUsdBalance": 154.23572822186358
}