{
  "ethBalance": 0.04272247540230626,
  "usdtBalance": 0,
  "usdcBalance": 0,
  "kenduBalance": 517214787.4674407,
  "ethBalanceInUsd": 114.37490224803823,
  "kenduBalanceInUsd": 26941.718279178986,
  "totalUsdBalance": 114.37490224803823
}