{
  "ethBalance": 0.038589031500035925,
  "usdtBalance": 0,
  "usdcBalance": 0,
  "kenduBalance": 35199894.08324558,
  "ethBalanceInUsd": 96.7739590861051,
  "kenduBalanceInUsd": 1036.988879692415,
  "totalUsdBalance": 96.7739590861051
}