{
  "ethBalance": 0.0624422229661258,
  "usdtBalance": 0,
  "usdcBalance": 0,
  "kenduBalance": 6384544426.92592,
  "ethBalanceInUsd": 120.21938745445235,
  "kenduBalanceInUsd": 45330.265431174026,
  "totalUsdBalance": 120.21938745445235
}