{
  "ethBalance": 0.03983369884579122,
  "usdtBalance": 0,
  "usdcBalance": 0,
  "kenduBalance": 1091213805.8365645,
  "ethBalanceInUsd": 103.87831985005435,
  "kenduBalanceInUsd": 47118.61213602286,
  "totalUsdBalance": 103.87831985005435
}