{
  "ethBalance": 0.35798968333076975,
  "usdtBalance": 0,
  "usdcBalance": 4004.403285,
  "kenduBalance": 3705282011.416198,
  "ethBalanceInUsd": 563.2251687843001,
  "kenduBalanceInUsd": 39794.72880260996,
  "totalUsdBalance": 4567.6284537843
}