{
  "ethBalance": 0.045462183917402754,
  "usdtBalance": 0,
  "usdcBalance": 0,
  "kenduBalance": 307214787.46744066,
  "ethBalanceInUsd": 118.71403699799629,
  "kenduBalanceInUsd": 29941.15318657677,
  "totalUsdBalance": 118.71403699799629
}