{
  "ethBalance": 0.5002741579676101,
  "usdtBalance": 0,
  "usdcBalance": 100,
  "kenduBalance": 4855925261.348792,
  "ethBalanceInUsd": 1277.685191224537,
  "kenduBalanceInUsd": 131255.65981425784,
  "totalUsdBalance": 1377.685191224537
}