{
  "ethBalance": 0.9903818468589797,
  "usdtBalance": 0,
  "usdcBalance": null,
  "kenduBalance": 4677192821.897994,
  "ethBalanceInUsd": 4856.188828795978,
  "kenduBalanceInUsd": 84844.27778922961,
  "totalUsdBalance": null
}