{
  "ethBalance": 0.04272247540230626,
  "usdtBalance": 0,
  "usdcBalance": 0,
  "kenduBalance": 517214787.4674407,
  "ethBalanceInUsd": 110.24449332614326,
  "kenduBalanceInUsd": 29563.997251638913,
  "totalUsdBalance": 110.24449332614326
}