{
  "ethBalance": 0.5002741579676101,
  "usdtBalance": 0,
  "usdcBalance": 100,
  "kenduBalance": 4855925261.348792,
  "ethBalanceInUsd": 1268.2250068973697,
  "kenduBalanceInUsd": 124214.5681853021,
  "totalUsdBalance": 1368.2250068973697
}