{
  "ethBalance": 0.045462183917402754,
  "usdtBalance": 0,
  "usdcBalance": 0,
  "kenduBalance": 307214787.46744066,
  "ethBalanceInUsd": 119.85559243616228,
  "kenduBalanceInUsd": 31040.982125710205,
  "totalUsdBalance": 119.85559243616228
}