{
  "ethBalance": 0.038589031500035925,
  "usdtBalance": 0,
  "usdcBalance": 0,
  "kenduBalance": 35199894.08324558,
  "ethBalanceInUsd": 132.17283535203305,
  "kenduBalanceInUsd": 883.5173414894641,
  "totalUsdBalance": 132.17283535203305
}