{
  "ethBalance": 0.038589031500035925,
  "usdtBalance": 0,
  "usdcBalance": 0,
  "kenduBalance": 35199894.08324558,
  "ethBalanceInUsd": 104.2984343382971,
  "kenduBalanceInUsd": 1832.506485973765,
  "totalUsdBalance": 104.2984343382971
}