{
  "ethBalance": 0.045462183917402754,
  "usdtBalance": 0,
  "usdcBalance": 0,
  "kenduBalance": 307214787.46744066,
  "ethBalanceInUsd": 125.58928307182511,
  "kenduBalanceInUsd": 24328.339019546627,
  "totalUsdBalance": 125.58928307182511
}