{
  "ethBalance": 0.5002741579676101,
  "usdtBalance": 0,
  "usdcBalance": 100,
  "kenduBalance": 4855925261.348792,
  "ethBalanceInUsd": 1265.458490803809,
  "kenduBalanceInUsd": 123243.38313303234,
  "totalUsdBalance": 1365.458490803809
}