{
  "ethBalance": 0.3603761199402911,
  "usdtBalance": 0,
  "usdcBalance": 154.403285,
  "kenduBalance": 4113980899.4295063,
  "ethBalanceInUsd": 569.5816650880289,
  "kenduBalanceInUsd": 39494.21663452326,
  "totalUsdBalance": 723.9849500880289
}