{
  "ethBalance": 0.35798968333076975,
  "usdtBalance": 0,
  "usdcBalance": 4004.403285,
  "kenduBalance": 3705282011.416198,
  "ethBalanceInUsd": 565.1905321457859,
  "kenduBalanceInUsd": 37163.978574504465,
  "totalUsdBalance": 4569.593817145786
}