{
  "ethBalance": 0.3579488855246269,
  "usdtBalance": 0,
  "usdcBalance": 0,
  "kenduBalance": 3705282011.416198,
  "ethBalanceInUsd": 643.1375010886629,
  "kenduBalanceInUsd": 46427.183603044956,
  "totalUsdBalance": 643.1375010886629
}