{
  "ethBalance": 0.3579040556931112,
  "usdtBalance": 0,
  "usdcBalance": 0,
  "kenduBalance": 3646098337.9468102,
  "ethBalanceInUsd": 659.6815973724287,
  "kenduBalanceInUsd": 42221.81875342406,
  "totalUsdBalance": 659.6815973724287
}