{
  "ethBalance": 3.2125359492473904,
  "usdtBalance": 3949.089252,
  "usdcBalance": 5005.206012,
  "kenduBalance": 12632979609.52522,
  "ethBalanceInUsd": 10245.805153653688,
  "kenduBalanceInUsd": 288789.9138737466,
  "totalUsdBalance": 19200.100417653688
}