{
  "ethBalance": 0.5002741579676101,
  "usdtBalance": 0,
  "usdcBalance": 100,
  "kenduBalance": 4855925261.348792,
  "ethBalanceInUsd": 1266.9693187608711,
  "kenduBalanceInUsd": 122175.07957553561,
  "totalUsdBalance": 1366.9693187608711
}