{
  "ethBalance": 0.038589031500035925,
  "usdtBalance": 0,
  "usdcBalance": 0,
  "kenduBalance": 35199894.08324558,
  "ethBalanceInUsd": 95.26512795445369,
  "kenduBalanceInUsd": 1181.3084454337218,
  "totalUsdBalance": 95.26512795445369
}