{
  "ethBalance": 0.038589031500035925,
  "usdtBalance": 0,
  "usdcBalance": 0,
  "kenduBalance": 35199894.08324558,
  "ethBalanceInUsd": 155.82791166155508,
  "kenduBalanceInUsd": 1498.107492182932,
  "totalUsdBalance": 155.82791166155508
}