{
  "ethBalance": 0.30943876692005484,
  "usdtBalance": 0,
  "usdcBalance": 0,
  "kenduBalance": 8110029020.399477,
  "ethBalanceInUsd": 835.1380992651976,
  "kenduBalanceInUsd": 92940.93257377802,
  "totalUsdBalance": 835.1380992651976
}