{
  "ethBalance": 0.0660488809860724,
  "usdtBalance": 0,
  "usdcBalance": 0,
  "kenduBalance": 7622102282.100412,
  "ethBalanceInUsd": 184.47914801576923,
  "kenduBalanceInUsd": 68675.14156172471,
  "totalUsdBalance": 184.47914801576923
}