{
  "ethBalance": 0.5002741579676101,
  "usdtBalance": 0,
  "usdcBalance": 100,
  "kenduBalance": 4854925261.348792,
  "ethBalanceInUsd": 1199.877551435835,
  "kenduBalanceInUsd": 165650.04991722078,
  "totalUsdBalance": 1299.877551435835
}