{
  "ethBalance": 0.038589031500035925,
  "usdtBalance": 0,
  "usdcBalance": 0,
  "kenduBalance": 35199894.08324558,
  "ethBalanceInUsd": 124.87294826317124,
  "kenduBalanceInUsd": 731.4537990498433,
  "totalUsdBalance": 124.87294826317124
}