{
  "ethBalance": 0.038589031500035925,
  "usdtBalance": 0,
  "usdcBalance": 0,
  "kenduBalance": 35199894.08324558,
  "ethBalanceInUsd": 126.47092005758775,
  "kenduBalanceInUsd": 816.2855437904651,
  "totalUsdBalance": 126.47092005758775
}