{
  "ethBalance": 0.727034011230498,
  "usdtBalance": 0,
  "usdcBalance": null,
  "kenduBalance": 4482236645.828448,
  "ethBalanceInUsd": 2925.1268297644488,
  "kenduBalanceInUsd": 48049.57684328097,
  "totalUsdBalance": null
}