{
  "ethBalance": 0.3117728554842481,
  "usdtBalance": 0,
  "usdcBalance": 0.463046,
  "kenduBalance": 4113980899.4295063,
  "ethBalanceInUsd": 596.6023007975475,
  "kenduBalanceInUsd": 50972.22334393158,
  "totalUsdBalance": 597.0653467975475
}