{
  "ethBalance": 0.0624422229661258,
  "usdtBalance": 0,
  "usdcBalance": 0,
  "kenduBalance": 6379544426.92592,
  "ethBalanceInUsd": 138.4456479160348,
  "kenduBalanceInUsd": 53651.96863044699,
  "totalUsdBalance": 138.4456479160348
}