{
  "ethBalance": 0.038589031500035925,
  "usdtBalance": 0,
  "usdcBalance": 0,
  "kenduBalance": 35199894.08324558,
  "ethBalanceInUsd": 95.1717424982236,
  "kenduBalanceInUsd": 2043.7058504732386,
  "totalUsdBalance": 95.1717424982236
}