{
  "ethBalance": 0.038589031500035925,
  "usdtBalance": 0,
  "usdcBalance": 0,
  "kenduBalance": 35199894.08324558,
  "ethBalanceInUsd": 121.04645989962769,
  "kenduBalanceInUsd": 1049.3088426215509,
  "totalUsdBalance": 121.04645989962769
}