{
  "ethBalance": 0.038589031500035925,
  "usdtBalance": 0,
  "usdcBalance": 0,
  "kenduBalance": 35199894.08324558,
  "ethBalanceInUsd": 101.91170274001988,
  "kenduBalanceInUsd": 1484.7315324312988,
  "totalUsdBalance": 101.91170274001988
}