{
  "ethBalance": 0.038589031500035925,
  "usdtBalance": 0,
  "usdcBalance": 0,
  "kenduBalance": 35199894.08324558,
  "ethBalanceInUsd": 154.3673168192787,
  "kenduBalanceInUsd": 1646.299046273396,
  "totalUsdBalance": 154.3673168192787
}