{
  "ethBalance": 0.5002528644753425,
  "usdtBalance": 0,
  "usdcBalance": null,
  "kenduBalance": 4845166789.051858,
  "ethBalanceInUsd": 1828.6993587328382,
  "kenduBalanceInUsd": 105188.57099031584,
  "totalUsdBalance": null
}