{
  "ethBalance": 0.038589031500035925,
  "usdtBalance": 0,
  "usdcBalance": 0,
  "kenduBalance": 35199894.08324558,
  "ethBalanceInUsd": 108.41395454777593,
  "kenduBalanceInUsd": 1949.0181353893079,
  "totalUsdBalance": 108.41395454777593
}