{
  "ethBalance": 0.0624422229661258,
  "usdtBalance": 0,
  "usdcBalance": 0,
  "kenduBalance": 6384544426.92592,
  "ethBalanceInUsd": 121.20847226623579,
  "kenduBalanceInUsd": 46862.55609363625,
  "totalUsdBalance": 121.20847226623579
}