{
  "ethBalance": 0.045462183917402754,
  "usdtBalance": 0,
  "usdcBalance": 0,
  "kenduBalance": 307214787.46744066,
  "ethBalanceInUsd": 119.04136472220158,
  "kenduBalanceInUsd": 28085.575870273427,
  "totalUsdBalance": 119.04136472220158
}