{
  "ethBalance": 0.038589031500035925,
  "usdtBalance": 0,
  "usdcBalance": 0,
  "kenduBalance": 35199894.08324558,
  "ethBalanceInUsd": 138.62685087041405,
  "kenduBalanceInUsd": 880.349351021972,
  "totalUsdBalance": 138.62685087041405
}