{
  "ethBalance": 0.038589031500035925,
  "usdtBalance": 0,
  "usdcBalance": 0,
  "kenduBalance": 35199894.08324558,
  "ethBalanceInUsd": 129.03284585887513,
  "kenduBalanceInUsd": 817.3415406129625,
  "totalUsdBalance": 129.03284585887513
}