{
  "ethBalance": 0.045462183917402754,
  "usdtBalance": 0,
  "usdcBalance": 0,
  "kenduBalance": 307214787.46744066,
  "ethBalanceInUsd": 121.28856047323882,
  "kenduBalanceInUsd": 28269.90474275389,
  "totalUsdBalance": 121.28856047323882
}