{
  "ethBalance": 0.5002741579676101,
  "usdtBalance": 0,
  "usdcBalance": 100,
  "kenduBalance": 4855925261.348792,
  "ethBalanceInUsd": 1262.176692327541,
  "kenduBalanceInUsd": 120863.97975497144,
  "totalUsdBalance": 1362.176692327541
}