{
  "ethBalance": 0.3196155371451788,
  "usdtBalance": 0,
  "usdcBalance": 884.463046,
  "kenduBalance": 5453954448.539579,
  "ethBalanceInUsd": 610.5647567638065,
  "kenduBalanceInUsd": 36923.271616612954,
  "totalUsdBalance": 1495.0278027638064
}