{
  "ethBalance": 0.038589031500035925,
  "usdtBalance": 0,
  "usdcBalance": 0,
  "kenduBalance": 35199894.08324558,
  "ethBalanceInUsd": 99.70286657695782,
  "kenduBalanceInUsd": 1646.299046273396,
  "totalUsdBalance": 99.70286657695782
}