{
  "ethBalance": 0.038589031500035925,
  "usdtBalance": 0,
  "usdcBalance": 0,
  "kenduBalance": 35199894.08324558,
  "ethBalanceInUsd": 95.48277009211388,
  "kenduBalanceInUsd": 1153.8525280487902,
  "totalUsdBalance": 95.48277009211388
}