{
  "ethBalance": 0.04459919224178026,
  "usdtBalance": 0,
  "usdcBalance": 0,
  "kenduBalance": 517214787.4674407,
  "ethBalanceInUsd": 109.26043912968052,
  "kenduBalanceInUsd": 26636.561554573196,
  "totalUsdBalance": 109.26043912968052
}