{
  "ethBalance": 0.3117728554842481,
  "usdtBalance": 0,
  "usdcBalance": 0.463046,
  "kenduBalance": 4113980899.4295063,
  "ethBalanceInUsd": 574.8249668419728,
  "kenduBalanceInUsd": 44225.294668867195,
  "totalUsdBalance": 575.2880128419728
}