{
  "ethBalance": 0.5002741579676101,
  "usdtBalance": 0,
  "usdcBalance": 100,
  "kenduBalance": 4855925261.348792,
  "ethBalanceInUsd": 1271.3467176430877,
  "kenduBalanceInUsd": 125574.22725847976,
  "totalUsdBalance": 1371.3467176430877
}