{
  "ethBalance": 0.038589031500035925,
  "usdtBalance": 0,
  "usdcBalance": 0,
  "kenduBalance": 13206739398.082659,
  "ethBalanceInUsd": 124.96131714530634,
  "kenduBalanceInUsd": 155971.5922913562,
  "totalUsdBalance": 124.96131714530634
}