{
  "ethBalance": 0.04272247540230626,
  "usdtBalance": 0,
  "usdcBalance": 0,
  "kenduBalance": 517214787.4674407,
  "ethBalanceInUsd": 113.46619519623117,
  "kenduBalanceInUsd": 27908.9099317431,
  "totalUsdBalance": 113.46619519623117
}