{
  "ethBalance": 0.04272247540230626,
  "usdtBalance": 0,
  "usdcBalance": 0,
  "kenduBalance": 517214787.4674407,
  "ethBalanceInUsd": 100.24786130675761,
  "kenduBalanceInUsd": 23424.657724400393,
  "totalUsdBalance": 100.24786130675761
}