{
  "ethBalance": 18.27649738337883,
  "usdtBalance": 0,
  "usdcBalance": 0,
  "kenduBalance": 10805029020.399477,
  "ethBalanceInUsd": 47557.63937123772,
  "kenduBalanceInUsd": 126094.68866806189,
  "totalUsdBalance": 47557.63937123772
}