{
  "ethBalance": 0.04272247540230626,
  "usdtBalance": 0,
  "usdcBalance": 0,
  "kenduBalance": 517214787.4674407,
  "ethBalanceInUsd": 102.2835872596775,
  "kenduBalanceInUsd": 23657.404378760737,
  "totalUsdBalance": 102.2835872596775
}