{
  "ethBalance": 0.045462183917402754,
  "usdtBalance": 0,
  "usdcBalance": 0,
  "kenduBalance": 307214787.46744066,
  "ethBalanceInUsd": 120.35249410637948,
  "kenduBalanceInUsd": 30577.087796634372,
  "totalUsdBalance": 120.35249410637948
}