{
  "ethBalance": 0.045462183917402754,
  "usdtBalance": 0,
  "usdcBalance": 0,
  "kenduBalance": 307214787.46744066,
  "ethBalanceInUsd": 120.56662099263045,
  "kenduBalanceInUsd": 27421.991929343752,
  "totalUsdBalance": 120.56662099263045
}