{
  "ethBalance": 0.04459919224178026,
  "usdtBalance": 0,
  "usdcBalance": 0,
  "kenduBalance": 517214787.4674407,
  "ethBalanceInUsd": 101.83645758911378,
  "kenduBalanceInUsd": 26693.45518119462,
  "totalUsdBalance": 101.83645758911378
}