{
  "ethBalance": 0.35769432885289126,
  "usdtBalance": 0,
  "usdcBalance": 0,
  "kenduBalance": 4514955040.756332,
  "ethBalanceInUsd": 899.6119678948871,
  "kenduBalanceInUsd": 78966.56366282825,
  "totalUsdBalance": 899.6119678948871
}