{
  "ethBalance": 0.35779268808449755,
  "usdtBalance": 0,
  "usdcBalance": 0,
  "kenduBalance": 3546950453.60037,
  "ethBalanceInUsd": 634.3807476813375,
  "kenduBalanceInUsd": 37845.96133991594,
  "totalUsdBalance": 634.3807476813375
}