{
  "ethBalance": 0.10895982647011769,
  "usdtBalance": 3946.421819,
  "usdcBalance": 0,
  "kenduBalance": 11554476486.075047,
  "ethBalanceInUsd": 358.46584350577547,
  "kenduBalanceInUsd": 294523.605630053,
  "totalUsdBalance": 4304.887662505776
}