{
  "ethBalance": 0.04272247540230626,
  "usdtBalance": 0,
  "usdcBalance": 0,
  "kenduBalance": 517214787.4674407,
  "ethBalanceInUsd": 112.76682827389541,
  "kenduBalanceInUsd": 30158.79425722647,
  "totalUsdBalance": 112.76682827389541
}