{
  "ethBalance": 0.5002741579676101,
  "usdtBalance": 0,
  "usdcBalance": 100,
  "kenduBalance": 4855925261.348792,
  "ethBalanceInUsd": 1299.8473364225024,
  "kenduBalanceInUsd": 132712.43739266248,
  "totalUsdBalance": 1399.8473364225024
}