{
  "ethBalance": 0.038589031500035925,
  "usdtBalance": 0,
  "usdcBalance": 0,
  "kenduBalance": 35199894.08324558,
  "ethBalanceInUsd": 131.35783500675228,
  "kenduBalanceInUsd": 381.5668518623821,
  "totalUsdBalance": 131.35783500675228
}