{
  "ethBalance": 0.038589031500035925,
  "usdtBalance": 0,
  "usdcBalance": 0,
  "kenduBalance": 35199894.08324558,
  "ethBalanceInUsd": 94.53888238162301,
  "kenduBalanceInUsd": 1987.0340209992132,
  "totalUsdBalance": 94.53888238162301
}