{
  "ethBalance": 13.47560135212183,
  "usdtBalance": 3949.089252,
  "usdcBalance": 8005.206012,
  "kenduBalance": 10805029020.399477,
  "ethBalanceInUsd": 41483.425958385356,
  "kenduBalanceInUsd": 146083.99235580093,
  "totalUsdBalance": 53437.72122238536
}