{
  "ethBalance": 0.038589031500035925,
  "usdtBalance": 0,
  "usdcBalance": 0,
  "kenduBalance": 35199894.08324558,
  "ethBalanceInUsd": 156.0748814631553,
  "kenduBalanceInUsd": 1455.515620342205,
  "totalUsdBalance": 156.0748814631553
}