{
  "ethBalance": 0.5002741579676101,
  "usdtBalance": 0,
  "usdcBalance": 100,
  "kenduBalance": 4855925261.348792,
  "ethBalanceInUsd": 1255.988300993482,
  "kenduBalanceInUsd": 108432.81108591854,
  "totalUsdBalance": 1355.988300993482
}