{
  "ethBalance": 0.045462183917402754,
  "usdtBalance": 0,
  "usdcBalance": 0,
  "kenduBalance": 307214787.46744066,
  "ethBalanceInUsd": 118.24941347836044,
  "kenduBalanceInUsd": 26924.3039736465,
  "totalUsdBalance": 118.24941347836044
}