{
  "ethBalance": 0.038589031500035925,
  "usdtBalance": 0,
  "usdcBalance": 0,
  "kenduBalance": 35199894.08324558,
  "ethBalanceInUsd": 132.89097722824872,
  "kenduBalanceInUsd": 1252.7642304227104,
  "totalUsdBalance": 132.89097722824872
}