{
  "ethBalance": 0.35798968333076975,
  "usdtBalance": 0,
  "usdcBalance": 4004.403285,
  "kenduBalance": 3705282011.416198,
  "ethBalanceInUsd": 561.0235322318158,
  "kenduBalanceInUsd": 39683.57034226748,
  "totalUsdBalance": 4565.426817231815
}