{
  "ethBalance": 0.5002347289702855,
  "usdtBalance": 0,
  "usdcBalance": null,
  "kenduBalance": 4809031095.836518,
  "ethBalanceInUsd": 1873.7442313458675,
  "kenduBalanceInUsd": 96950.0668920642,
  "totalUsdBalance": null
}