{
  "ethBalance": 0.5002741579676101,
  "usdtBalance": 0,
  "usdcBalance": 100,
  "kenduBalance": 4855925261.348792,
  "ethBalanceInUsd": 1257.7542687711077,
  "kenduBalanceInUsd": 116445.08776714404,
  "totalUsdBalance": 1357.7542687711077
}