{
  "ethBalance": 0.5002741579676101,
  "usdtBalance": 0,
  "usdcBalance": 100,
  "kenduBalance": 4855925261.348792,
  "ethBalanceInUsd": 1319.7582479096131,
  "kenduBalanceInUsd": 152767.408722033,
  "totalUsdBalance": 1419.7582479096131
}