{
  "ethBalance": 0.04272247540230626,
  "usdtBalance": 0,
  "usdcBalance": 0,
  "kenduBalance": 517214787.4674407,
  "ethBalanceInUsd": 113.85582417190021,
  "kenduBalanceInUsd": 28100.279403106055,
  "totalUsdBalance": 113.85582417190021
}