{
  "ethBalance": 0.038589031500035925,
  "usdtBalance": 0,
  "usdcBalance": 0,
  "kenduBalance": 35199894.08324558,
  "ethBalanceInUsd": 96.39038411299474,
  "kenduBalanceInUsd": 1176.3804602620673,
  "totalUsdBalance": 96.39038411299474
}