{
  "ethBalance": 13.47560135212183,
  "usdtBalance": 3949.089252,
  "usdcBalance": 8005.206012,
  "kenduBalance": 10805029020.399477,
  "ethBalanceInUsd": 40617.48381549802,
  "kenduBalanceInUsd": 142302.2321986611,
  "totalUsdBalance": 52571.77907949802
}