{
  "ethBalance": 0.04272247540230626,
  "usdtBalance": 0,
  "usdcBalance": 0,
  "kenduBalance": 517214787.4674407,
  "ethBalanceInUsd": 114.8854358290958,
  "kenduBalanceInUsd": 30629.459713821838,
  "totalUsdBalance": 114.8854358290958
}