{
  "ethBalance": 0.038589031500035925,
  "usdtBalance": 0,
  "usdcBalance": 0,
  "kenduBalance": 35199894.08324558,
  "ethBalanceInUsd": 101.88430452765485,
  "kenduBalanceInUsd": 1447.771643643891,
  "totalUsdBalance": 101.88430452765485
}