{
  "ethBalance": 0.045462183917402754,
  "usdtBalance": 0,
  "usdcBalance": 0,
  "kenduBalance": 307214787.46744066,
  "ethBalanceInUsd": 119.03727312564902,
  "kenduBalanceInUsd": 28045.63794790266,
  "totalUsdBalance": 119.03727312564902
}