{
  "ethBalance": 4.778379203455415,
  "usdtBalance": 3949.089252,
  "usdcBalance": 8005.206012,
  "kenduBalance": 12330098030.836285,
  "ethBalanceInUsd": 14864.247539564863,
  "kenduBalanceInUsd": 279769.9243196753,
  "totalUsdBalance": 26818.542803564862
}