{
  "ethBalance": 18.27649738337883,
  "usdtBalance": 0,
  "usdcBalance": 0,
  "kenduBalance": 10805029020.399477,
  "ethBalanceInUsd": 49839.825599500226,
  "kenduBalanceInUsd": 138196.3211709093,
  "totalUsdBalance": 49839.825599500226
}