{
  "ethBalance": 0.10788809429719365,
  "usdtBalance": 3946.421819,
  "usdcBalance": 0,
  "kenduBalance": 13268928669.075045,
  "ethBalanceInUsd": 330.427787523072,
  "kenduBalanceInUsd": 298683.5843408792,
  "totalUsdBalance": 4276.849606523072
}