{
  "ethBalance": 0.04459919224178026,
  "usdtBalance": 0,
  "usdcBalance": 0,
  "kenduBalance": 517214787.4674407,
  "ethBalanceInUsd": 107.95189882930669,
  "kenduBalanceInUsd": 28177.86162122617,
  "totalUsdBalance": 107.95189882930669
}