{
  "ethBalance": 0.038589031500035925,
  "usdtBalance": 0,
  "usdcBalance": 0,
  "kenduBalance": 35199894.08324558,
  "ethBalanceInUsd": 126.39721500742266,
  "kenduBalanceInUsd": 775.8056655947327,
  "totalUsdBalance": 126.39721500742266
}