{
  "ethBalance": 0.3579488855246269,
  "usdtBalance": 0,
  "usdcBalance": 0,
  "kenduBalance": 3705282011.416198,
  "ethBalanceInUsd": 542.9547670080302,
  "kenduBalanceInUsd": 37905.034976787705,
  "totalUsdBalance": 542.9547670080302
}