{
  "ethBalance": 0.3196155371451788,
  "usdtBalance": 0,
  "usdcBalance": 884.463046,
  "kenduBalance": 5453954448.539579,
  "ethBalanceInUsd": 610.6318760266071,
  "kenduBalanceInUsd": 38832.1556736018,
  "totalUsdBalance": 1495.094922026607
}