{
  "ethBalance": 0.3119048631851912,
  "usdtBalance": 0,
  "usdcBalance": 0.463046,
  "kenduBalance": 4175387837.757599,
  "ethBalanceInUsd": 629.1370614335854,
  "kenduBalanceInUsd": 43799.81841807721,
  "totalUsdBalance": 629.6001074335853
}