{
  "ethBalance": 0.038589031500035925,
  "usdtBalance": 0,
  "usdcBalance": 0,
  "kenduBalance": 35199894.08324558,
  "ethBalanceInUsd": 142.48421045915765,
  "kenduBalanceInUsd": 797.9815988671775,
  "totalUsdBalance": 142.48421045915765
}