{
  "ethBalance": 0.3117728554842481,
  "usdtBalance": 0,
  "usdcBalance": 0.463046,
  "kenduBalance": 4113980899.4295063,
  "ethBalanceInUsd": 558.2168268303269,
  "kenduBalanceInUsd": 46652.5433995306,
  "totalUsdBalance": 558.6798728303269
}