{
  "ethBalance": 0.038589031500035925,
  "usdtBalance": 0,
  "usdcBalance": 0,
  "kenduBalance": 35199894.08324558,
  "ethBalanceInUsd": 120.41823046680712,
  "kenduBalanceInUsd": 767.3576910147538,
  "totalUsdBalance": 120.41823046680712
}