{
  "ethBalance": 0.038589031500035925,
  "usdtBalance": 0,
  "usdcBalance": 0,
  "kenduBalance": 35199894.08324558,
  "ethBalanceInUsd": 131.40568540581233,
  "kenduBalanceInUsd": 937.0211804959974,
  "totalUsdBalance": 131.40568540581233
}