{
  "ethBalance": 0.038589031500035925,
  "usdtBalance": 0,
  "usdcBalance": 0,
  "kenduBalance": 35199894.08324558,
  "ethBalanceInUsd": 132.86743791903368,
  "kenduBalanceInUsd": 1206.6523691736584,
  "totalUsdBalance": 132.86743791903368
}