{
  "ethBalance": 0.3579040556931112,
  "usdtBalance": 0,
  "usdcBalance": 0,
  "kenduBalance": 3646098337.9468102,
  "ethBalanceInUsd": 642.620311037538,
  "kenduBalanceInUsd": 42732.27252073662,
  "totalUsdBalance": 642.620311037538
}