{
  "ethBalance": 0.04459919224178026,
  "usdtBalance": 0,
  "usdcBalance": 0,
  "kenduBalance": 517214787.4674407,
  "ethBalanceInUsd": 102.1397320963579,
  "kenduBalanceInUsd": 23352.247654154948,
  "totalUsdBalance": 102.1397320963579
}