{
  "ethBalance": 0.038589031500035925,
  "usdtBalance": 0,
  "usdcBalance": 0,
  "kenduBalance": 35199894.08324558,
  "ethBalanceInUsd": 127.09606236788832,
  "kenduBalanceInUsd": 1002.1409845500018,
  "totalUsdBalance": 127.09606236788832
}