{
  "ethBalance": 0.3117728554842481,
  "usdtBalance": 0,
  "usdcBalance": 0.463046,
  "kenduBalance": 4113980899.4295063,
  "ethBalanceInUsd": 567.576247951964,
  "kenduBalanceInUsd": 49696.88926510843,
  "totalUsdBalance": 568.0392939519639
}