{
  "ethBalance": 0.04459919224178026,
  "usdtBalance": 0,
  "usdcBalance": 0,
  "kenduBalance": 517214787.4674407,
  "ethBalanceInUsd": 109.91158733641052,
  "kenduBalanceInUsd": 32020.76749210925,
  "totalUsdBalance": 109.91158733641052
}