{
  "ethBalance": 0.5002741579676101,
  "usdtBalance": 0,
  "usdcBalance": 100,
  "kenduBalance": 4855925261.348792,
  "ethBalanceInUsd": 1333.5357982200412,
  "kenduBalanceInUsd": 135868.7888125392,
  "totalUsdBalance": 1433.5357982200412
}