{
  "ethBalance": 0.0624422229661258,
  "usdtBalance": 0,
  "usdcBalance": 0,
  "kenduBalance": 6384544426.92592,
  "ethBalanceInUsd": 133.19737907573193,
  "kenduBalanceInUsd": 50182.519195637724,
  "totalUsdBalance": 133.19737907573193
}