{
  "ethBalance": 0.04459919224178026,
  "usdtBalance": 0,
  "usdcBalance": 0,
  "kenduBalance": 517214787.4674407,
  "ethBalanceInUsd": 104.20467469715231,
  "kenduBalanceInUsd": 25379.729621027316,
  "totalUsdBalance": 104.20467469715231
}