{
  "ethBalance": 0.3117728554842481,
  "usdtBalance": 0,
  "usdcBalance": 0.463046,
  "kenduBalance": 4113980899.4295063,
  "ethBalanceInUsd": 565.0851828366449,
  "kenduBalanceInUsd": 47063.94148947355,
  "totalUsdBalance": 565.5482288366449
}