{
  "ethBalance": 0.038589031500035925,
  "usdtBalance": 0,
  "usdcBalance": 0,
  "kenduBalance": 35199894.08324558,
  "ethBalanceInUsd": 142.79253682084294,
  "kenduBalanceInUsd": 951.8051360109605,
  "totalUsdBalance": 142.79253682084294
}