{
  "ethBalance": 0.038589031500035925,
  "usdtBalance": 0,
  "usdcBalance": 0,
  "kenduBalance": 35199894.08324558,
  "ethBalanceInUsd": 124.64643064826603,
  "kenduBalanceInUsd": 730.7498011681784,
  "totalUsdBalance": 124.64643064826603
}