{
  "ethBalance": 0.04272247540230626,
  "usdtBalance": 0,
  "usdcBalance": 0,
  "kenduBalance": 517214787.4674407,
  "ethBalanceInUsd": 101.12367205250489,
  "kenduBalanceInUsd": 23341.9033584056,
  "totalUsdBalance": 101.12367205250489
}