{
  "ethBalance": 0.5002741579676101,
  "usdtBalance": 0,
  "usdcBalance": 100,
  "kenduBalance": 4855925261.348792,
  "ethBalanceInUsd": 1259.695332504022,
  "kenduBalanceInUsd": 115133.98794657987,
  "totalUsdBalance": 1359.695332504022
}