{
  "ethBalance": 0.038589031500035925,
  "usdtBalance": 0,
  "usdcBalance": 0,
  "kenduBalance": 13206739398.082659,
  "ethBalanceInUsd": 128.12523183799428,
  "kenduBalanceInUsd": 373222.45538981596,
  "totalUsdBalance": 128.12523183799428
}