{
  "ethBalance": 0.045462183917402754,
  "usdtBalance": 0,
  "usdcBalance": 0,
  "kenduBalance": 307214787.46744066,
  "ethBalanceInUsd": 123.17978732420276,
  "kenduBalanceInUsd": 30088.61628456114,
  "totalUsdBalance": 123.17978732420276
}