{
  "ethBalance": 0.3579488855246269,
  "usdtBalance": 0,
  "usdcBalance": 0,
  "kenduBalance": 3705282011.416198,
  "ethBalanceInUsd": 639.3611403463781,
  "kenduBalanceInUsd": 46316.02514270248,
  "totalUsdBalance": 639.3611403463781
}