{
  "ethBalance": 0.038589031500035925,
  "usdtBalance": 0,
  "usdcBalance": 0,
  "kenduBalance": 35199894.08324558,
  "ethBalanceInUsd": 120.25538475387695,
  "kenduBalanceInUsd": 935.6131847326676,
  "totalUsdBalance": 120.25538475387695
}