{
  "ethBalance": 0.5002741579676101,
  "usdtBalance": 0,
  "usdcBalance": 100,
  "kenduBalance": 4855925261.348792,
  "ethBalanceInUsd": 1279.9864523511883,
  "kenduBalanceInUsd": 137811.15891707872,
  "totalUsdBalance": 1379.9864523511883
}