{
  "ethBalance": 0.04272247540230626,
  "usdtBalance": 0,
  "usdcBalance": 0,
  "kenduBalance": 517214787.4674407,
  "ethBalanceInUsd": 106.22729896406439,
  "kenduBalanceInUsd": 24852.17053781053,
  "totalUsdBalance": 106.22729896406439
}