{
  "ethBalance": 0.038589031500035925,
  "usdtBalance": 0,
  "usdcBalance": 0,
  "kenduBalance": 35199894.08324558,
  "ethBalanceInUsd": 146.78572980046667,
  "kenduBalanceInUsd": 1264.0281965293489,
  "totalUsdBalance": 146.78572980046667
}