{
  "ethBalance": 0.0624422229661258,
  "usdtBalance": 0,
  "usdcBalance": 0,
  "kenduBalance": 6384544426.92592,
  "ethBalanceInUsd": 119.81975722746915,
  "kenduBalanceInUsd": 43351.056658826994,
  "totalUsdBalance": 119.81975722746915
}