{
  "ethBalance": 0.0660488809860724,
  "usdtBalance": 0,
  "usdcBalance": 0,
  "kenduBalance": 7622102282.100412,
  "ethBalanceInUsd": 177.73357580066164,
  "kenduBalanceInUsd": 60290.829051414265,
  "totalUsdBalance": 177.73357580066164
}