{
  "ethBalance": 0.5002741579676101,
  "usdtBalance": 0,
  "usdcBalance": 100,
  "kenduBalance": 4855925261.348792,
  "ethBalanceInUsd": 1265.8286936807049,
  "kenduBalanceInUsd": 113434.41410510779,
  "totalUsdBalance": 1365.8286936807049
}