{
  "ethBalance": 1.2384701787309673,
  "usdtBalance": 0,
  "usdcBalance": null,
  "kenduBalance": 4489413951.490725,
  "ethBalanceInUsd": 5472.552025776398,
  "kenduBalanceInUsd": 64647.56090146643,
  "totalUsdBalance": null
}