{
  "ethBalance": 0.038589031500035925,
  "usdtBalance": 0,
  "usdcBalance": 0,
  "kenduBalance": 35199894.08324558,
  "ethBalanceInUsd": 94.7472631517232,
  "kenduBalanceInUsd": 1829.6904944471055,
  "totalUsdBalance": 94.7472631517232
}