{
  "ethBalance": 0.0624422229661258,
  "usdtBalance": 0,
  "usdcBalance": 0,
  "kenduBalance": 6384544426.92592,
  "ethBalanceInUsd": 136.767825384935,
  "kenduBalanceInUsd": 52353.264300792536,
  "totalUsdBalance": 136.767825384935
}