{
  "ethBalance": 0.11064889545570843,
  "usdtBalance": 0,
  "usdcBalance": 0,
  "kenduBalance": 11696082608.223656,
  "ethBalanceInUsd": 364.58257808178644,
  "kenduBalanceInUsd": 322928.84081305517,
  "totalUsdBalance": 364.58257808178644
}