{
  "ethBalance": 0.9901811623811279,
  "usdtBalance": 0,
  "usdcBalance": null,
  "kenduBalance": 4558502396.376256,
  "ethBalanceInUsd": 4236.8267648428655,
  "kenduBalanceInUsd": 64867.48910043412,
  "totalUsdBalance": null
}