{
  "ethBalance": 0.12545362288007134,
  "usdtBalance": 51,
  "usdcBalance": 0,
  "kenduBalance": 13187362985.903593,
  "ethBalanceInUsd": 418.06667103046493,
  "kenduBalanceInUsd": 384279.7574092307,
  "totalUsdBalance": 469.06667103046493
}