{
  "ethBalance": 0.038589031500035925,
  "usdtBalance": 0,
  "usdcBalance": 0,
  "kenduBalance": 35199894.08324558,
  "ethBalanceInUsd": 96.91712439297022,
  "kenduBalanceInUsd": 1668.122980605008,
  "totalUsdBalance": 96.91712439297022
}