{
  "ethBalance": 0.5002741579676101,
  "usdtBalance": 0,
  "usdcBalance": 100,
  "kenduBalance": 4855925261.348792,
  "ethBalanceInUsd": 1256.3535011287981,
  "kenduBalanceInUsd": 114794.07317828544,
  "totalUsdBalance": 1356.3535011287981
}