{
  "ethBalance": 18.27649738337883,
  "usdtBalance": 0,
  "usdcBalance": 0,
  "kenduBalance": 10805029020.399477,
  "ethBalanceInUsd": 49354.767358945355,
  "kenduBalanceInUsd": 143490.78539090505,
  "totalUsdBalance": 49354.767358945355
}