{
  "ethBalance": 0.04459919224178026,
  "usdtBalance": 0,
  "usdcBalance": 0,
  "kenduBalance": 517214787.4674407,
  "ethBalanceInUsd": 115.46953867358118,
  "kenduBalanceInUsd": 37317.04691577585,
  "totalUsdBalance": 115.46953867358118
}