{
  "ethBalance": 0.04459919224178026,
  "usdtBalance": 0,
  "usdcBalance": 0,
  "kenduBalance": 517214787.4674407,
  "ethBalanceInUsd": 107.23117588267952,
  "kenduBalanceInUsd": 28560.600563952077,
  "totalUsdBalance": 107.23117588267952
}