{
  "ethBalance": 0.038589031500035925,
  "usdtBalance": 0,
  "usdcBalance": 0,
  "kenduBalance": 35199894.08324558,
  "ethBalanceInUsd": 94.74571959046321,
  "kenduBalanceInUsd": 1935.290176696842,
  "totalUsdBalance": 94.74571959046321
}