{
  "ethBalance": 8.056063080971311,
  "usdtBalance": 22356.072978,
  "usdcBalance": 88.007775,
  "kenduBalance": 319823769.8171208,
  "ethBalanceInUsd": 24245.849691014497,
  "kenduBalanceInUsd": 39904.41176008216,
  "totalUsdBalance": 46689.9304440145
}