{
  "ethBalance": 18.27649738337883,
  "usdtBalance": 0,
  "usdcBalance": 0,
  "kenduBalance": 10805029020.399477,
  "ethBalanceInUsd": 49782.80292766409,
  "kenduBalanceInUsd": 151270.40628559267,
  "totalUsdBalance": 49782.80292766409
}