{
  "ethBalance": 0.9903818468589797,
  "usdtBalance": 0,
  "usdcBalance": null,
  "kenduBalance": 4677192821.897994,
  "ethBalanceInUsd": 4246.549379143465,
  "kenduBalanceInUsd": 72590.03259585687,
  "totalUsdBalance": null
}