{
  "ethBalance": 0.04272247540230626,
  "usdtBalance": 0,
  "usdcBalance": 0,
  "kenduBalance": 517214787.4674407,
  "ethBalanceInUsd": 105.31261076570102,
  "kenduBalanceInUsd": 25426.278951899385,
  "totalUsdBalance": 105.31261076570102
}