{
  "ethBalance": 0.5002741579676101,
  "usdtBalance": 0,
  "usdcBalance": 100,
  "kenduBalance": 4855925261.348792,
  "ethBalanceInUsd": 1246.3980453852428,
  "kenduBalanceInUsd": 108918.40361205341,
  "totalUsdBalance": 1346.3980453852428
}