{
  "ethBalance": 0.038589031500035925,
  "usdtBalance": 0,
  "usdcBalance": 0,
  "kenduBalance": 35199894.08324558,
  "ethBalanceInUsd": 137.7238675333132,
  "kenduBalanceInUsd": 759.2617153756072,
  "totalUsdBalance": 137.7238675333132
}