{
  "ethBalance": 0.5002741579676101,
  "usdtBalance": 0,
  "usdcBalance": 100,
  "kenduBalance": 4855925261.348792,
  "ethBalanceInUsd": 1208.647357425007,
  "kenduBalanceInUsd": 102605.70077229997,
  "totalUsdBalance": 1308.647357425007
}