{
  "ethBalance": 0.04272247540230626,
  "usdtBalance": 0,
  "usdcBalance": 0,
  "kenduBalance": 517214787.4674407,
  "ethBalanceInUsd": 111.64279994606075,
  "kenduBalanceInUsd": 29993.285525236886,
  "totalUsdBalance": 111.64279994606075
}