{
  "ethBalance": 8.056063080971311,
  "usdtBalance": 22313.097842,
  "usdcBalance": 88.007775,
  "kenduBalance": 319823769.8171208,
  "ethBalanceInUsd": 24004.24835921617,
  "kenduBalanceInUsd": 37400.19164241411,
  "totalUsdBalance": 46405.35397621617
}