{
  "ethBalance": 0.30943876692005484,
  "usdtBalance": 0,
  "usdcBalance": 0,
  "kenduBalance": 8110029020.399477,
  "ethBalanceInUsd": 824.035436308106,
  "kenduBalanceInUsd": 83938.80036113458,
  "totalUsdBalance": 824.035436308106
}