{
  "ethBalance": 8.056063080971311,
  "usdtBalance": 22356.072978,
  "usdcBalance": 88.007775,
  "kenduBalance": 319823769.8171208,
  "ethBalanceInUsd": 23444.75477824271,
  "kenduBalanceInUsd": 40496.08573424384,
  "totalUsdBalance": 45888.83553124271
}