{
  "ethBalance": 0.038589031500035925,
  "usdtBalance": 0,
  "usdcBalance": 0,
  "kenduBalance": 35199894.08324558,
  "ethBalanceInUsd": 101.17928292214918,
  "kenduBalanceInUsd": 1201.7243840020042,
  "totalUsdBalance": 101.17928292214918
}