{
  "ethBalance": 0.35769432885289126,
  "usdtBalance": 0,
  "usdcBalance": 0,
  "kenduBalance": 4514955040.756332,
  "ethBalanceInUsd": 881.6735973029147,
  "kenduBalanceInUsd": 78063.57265467699,
  "totalUsdBalance": 881.6735973029147
}