{
  "ethBalance": 0.038589031500035925,
  "usdtBalance": 0,
  "usdcBalance": 0,
  "kenduBalance": 35199894.08324558,
  "ethBalanceInUsd": 131.73060505104263,
  "kenduBalanceInUsd": 1157.0205185162824,
  "totalUsdBalance": 131.73060505104263
}