{
  "ethBalance": 0.5002741579676101,
  "usdtBalance": 0,
  "usdcBalance": 100,
  "kenduBalance": 4855925261.348792,
  "ethBalanceInUsd": 1206.1910113093859,
  "kenduBalanceInUsd": 106878.91500228691,
  "totalUsdBalance": 1306.1910113093859
}