{
  "ethBalance": 0.038589031500035925,
  "usdtBalance": 0,
  "usdcBalance": 0,
  "kenduBalance": 35199894.08324558,
  "ethBalanceInUsd": 128.2533474225744,
  "kenduBalanceInUsd": 720.541831884037,
  "totalUsdBalance": 128.2533474225744
}