{
  "ethBalance": 0.045462183917402754,
  "usdtBalance": 0,
  "usdcBalance": 0,
  "kenduBalance": 307214787.46744066,
  "ethBalanceInUsd": 120.8143898949803,
  "kenduBalanceInUsd": 29492.619596874305,
  "totalUsdBalance": 120.8143898949803
}