{
  "ethBalance": 0.0660488809860724,
  "usdtBalance": 0,
  "usdcBalance": 0,
  "kenduBalance": 7622102282.100412,
  "ethBalanceInUsd": 182.88274656233585,
  "kenduBalanceInUsd": 68446.4784932617,
  "totalUsdBalance": 182.88274656233585
}