{
  "ethBalance": 0.0624422229661258,
  "usdtBalance": 0,
  "usdcBalance": 0,
  "kenduBalance": 6379544426.92592,
  "ethBalanceInUsd": 136.83214087459012,
  "kenduBalanceInUsd": 62328.14905106623,
  "totalUsdBalance": 136.83214087459012
}