{
  "ethBalance": 0.3579488855246269,
  "usdtBalance": 0,
  "usdcBalance": 0,
  "kenduBalance": 3705282011.416198,
  "ethBalanceInUsd": 634.7149638122684,
  "kenduBalanceInUsd": 47020.028724871554,
  "totalUsdBalance": 634.7149638122684
}