{
  "ethBalance": 0.038589031500035925,
  "usdtBalance": 0,
  "usdcBalance": 0,
  "kenduBalance": 35199894.08324558,
  "ethBalanceInUsd": 101.9290678041949,
  "kenduBalanceInUsd": 1455.1636214013724,
  "totalUsdBalance": 101.9290678041949
}