{
  "ethBalance": 0.04272247540230626,
  "usdtBalance": 0,
  "usdcBalance": 0,
  "kenduBalance": 517214787.4674407,
  "ethBalanceInUsd": 105.2621982447263,
  "kenduBalanceInUsd": 25059.056452797504,
  "totalUsdBalance": 105.2621982447263
}