{
  "ethBalance": 0.038589031500035925,
  "usdtBalance": 0,
  "usdcBalance": 0,
  "kenduBalance": 35199894.08324558,
  "ethBalanceInUsd": 126.30614489308259,
  "kenduBalanceInUsd": 779.6776539438896,
  "totalUsdBalance": 126.30614489308259
}