{
  "ethBalance": 0.04272247540230626,
  "usdtBalance": 0,
  "usdcBalance": 0,
  "kenduBalance": 517214787.4674407,
  "ethBalanceInUsd": 113.6131605116151,
  "kenduBalanceInUsd": 31539.757739764536,
  "totalUsdBalance": 113.6131605116151
}