{
  "ethBalance": 0.06254024854608203,
  "usdtBalance": 0,
  "usdcBalance": 0,
  "kenduBalance": 6456272656.749752,
  "ethBalanceInUsd": 147.79073754670284,
  "kenduBalanceInUsd": 55523.944848047875,
  "totalUsdBalance": 147.79073754670284
}