{
  "ethBalance": 0.045462183917402754,
  "usdtBalance": 0,
  "usdcBalance": 0,
  "kenduBalance": 307214787.46744066,
  "ethBalanceInUsd": 120.9280453547738,
  "kenduBalanceInUsd": 25508.0438034216,
  "totalUsdBalance": 120.9280453547738
}