{
  "ethBalance": 0.04459919224178026,
  "usdtBalance": 0,
  "usdcBalance": 0,
  "kenduBalance": 517214787.4674407,
  "ethBalanceInUsd": 107.66245007165755,
  "kenduBalanceInUsd": 28674.38781719491,
  "totalUsdBalance": 107.66245007165755
}