{
  "ethBalance": 0.038589031500035925,
  "usdtBalance": 0,
  "usdcBalance": 0,
  "kenduBalance": 35199894.08324558,
  "ethBalanceInUsd": 130.99586989128196,
  "kenduBalanceInUsd": 927.5172090935212,
  "totalUsdBalance": 130.99586989128196
}