{
  "ethBalance": 0.038589031500035925,
  "usdtBalance": 0,
  "usdcBalance": 0,
  "kenduBalance": 35199894.08324558,
  "ethBalanceInUsd": 96.2425881223496,
  "kenduBalanceInUsd": 1189.7564200137008,
  "totalUsdBalance": 96.2425881223496
}