{
  "ethBalance": 0.3579488855246269,
  "usdtBalance": 0,
  "usdcBalance": 0,
  "kenduBalance": 3705282011.416198,
  "ethBalanceInUsd": 576.2153774509786,
  "kenduBalanceInUsd": 46871.8174444149,
  "totalUsdBalance": 576.2153774509786
}