{
  "ethBalance": 0.038589031500035925,
  "usdtBalance": 0,
  "usdcBalance": 0,
  "kenduBalance": 35199894.08324558,
  "ethBalanceInUsd": 129.13433501172022,
  "kenduBalanceInUsd": 1031.708895579928,
  "totalUsdBalance": 129.13433501172022
}