{
  "ethBalance": 0.038589031500035925,
  "usdtBalance": 0,
  "usdcBalance": 0,
  "kenduBalance": 35199894.08324558,
  "ethBalanceInUsd": 131.27486858902722,
  "kenduBalanceInUsd": 722.3018265881993,
  "totalUsdBalance": 131.27486858902722
}