{
  "ethBalance": 0.659534011230498,
  "usdtBalance": 0,
  "usdcBalance": 25.002104,
  "kenduBalance": null,
  "ethBalanceInUsd": 2975.1645200008893,
  "kenduBalanceInUsd": null,
  "totalUsdBalance": 3000.1666240008894
}