{
  "ethBalance": 0.038589031500035925,
  "usdtBalance": 0,
  "usdcBalance": 0,
  "kenduBalance": 35199894.08324558,
  "ethBalanceInUsd": 152.60688520224707,
  "kenduBalanceInUsd": 1557.2433142427847,
  "totalUsdBalance": 152.60688520224707
}