{
  "ethBalance": 4.092998430208601,
  "usdtBalance": 0,
  "usdcBalance": 0,
  "kenduBalance": 8310029020.399478,
  "ethBalanceInUsd": 10796.34753926704,
  "kenduBalanceInUsd": 114179.79874028882,
  "totalUsdBalance": 10796.34753926704
}