{
  "ethBalance": 0.5002741579676101,
  "usdtBalance": 0,
  "usdcBalance": 100,
  "kenduBalance": 4855925261.348792,
  "ethBalanceInUsd": 1260.5357930894074,
  "kenduBalanceInUsd": 123534.73864871328,
  "totalUsdBalance": 1360.5357930894074
}