{
  "ethBalance": 0.038589031500035925,
  "usdtBalance": 0,
  "usdcBalance": 0,
  "kenduBalance": 35199894.08324558,
  "ethBalanceInUsd": 138.6538631924641,
  "kenduBalanceInUsd": 1030.6528987574306,
  "totalUsdBalance": 138.6538631924641
}