{
  "ethBalance": 0.045462183917402754,
  "usdtBalance": 0,
  "usdcBalance": 0,
  "kenduBalance": 307214787.46744066,
  "ethBalanceInUsd": 115.72353453990952,
  "kenduBalanceInUsd": 28300.626221500635,
  "totalUsdBalance": 115.72353453990952
}