{
  "ethBalance": 0.3119048631851912,
  "usdtBalance": 0,
  "usdcBalance": 0.463046,
  "kenduBalance": 4175387837.757599,
  "ethBalanceInUsd": 646.3230193950894,
  "kenduBalanceInUsd": 56743.52071512577,
  "totalUsdBalance": 646.7860653950894
}