{
  "ethBalance": 0.04459919224178026,
  "usdtBalance": 0,
  "usdcBalance": 0,
  "kenduBalance": 517214787.4674407,
  "ethBalanceInUsd": 101.2780757022467,
  "kenduBalanceInUsd": 19664.506219512095,
  "totalUsdBalance": 101.2780757022467
}