{
  "ethBalance": 3.9773126053695473,
  "usdtBalance": 0,
  "usdcBalance": 0,
  "kenduBalance": 8110029020.399477,
  "ethBalanceInUsd": 10646.231743296881,
  "kenduBalanceInUsd": 109404.29148518894,
  "totalUsdBalance": 10646.231743296881
}