{
  "ethBalance": 0.038589031500035925,
  "usdtBalance": 0,
  "usdcBalance": 0,
  "kenduBalance": 35199894.08324558,
  "ethBalanceInUsd": 123.02569132526453,
  "kenduBalanceInUsd": 462.5266082538469,
  "totalUsdBalance": 123.02569132526453
}