{
  "ethBalance": 0.5002741579676101,
  "usdtBalance": 0,
  "usdcBalance": 100,
  "kenduBalance": 4855925261.348792,
  "ethBalanceInUsd": 1398.641477137946,
  "kenduBalanceInUsd": 134072.09646584015,
  "totalUsdBalance": 1498.641477137946
}