{
  "ethBalance": 0.0624422229661258,
  "usdtBalance": 0,
  "usdcBalance": 0,
  "kenduBalance": 6379544426.92592,
  "ethBalanceInUsd": 142.46630265282366,
  "kenduBalanceInUsd": 63986.83060206698,
  "totalUsdBalance": 142.46630265282366
}