{
  "ethBalance": 0.5002741579676101,
  "usdtBalance": 0,
  "usdcBalance": 100,
  "kenduBalance": 4855925261.348792,
  "ethBalanceInUsd": 1310.3030663240254,
  "kenduBalanceInUsd": 145289.28381955586,
  "totalUsdBalance": 1410.3030663240254
}