{
  "ethBalance": 0.35769432885289126,
  "usdtBalance": 0,
  "usdcBalance": 0,
  "kenduBalance": 4514955040.756332,
  "ethBalanceInUsd": 963.9683315420992,
  "kenduBalanceInUsd": 94452.85945262248,
  "totalUsdBalance": 963.9683315420992
}