{
  "ethBalance": 0.038589031500035925,
  "usdtBalance": 0,
  "usdcBalance": 0,
  "kenduBalance": 35199894.08324558,
  "ethBalanceInUsd": 126.78387710305303,
  "kenduBalanceInUsd": 1508.6674604079058,
  "totalUsdBalance": 126.78387710305303
}