{
  "ethBalance": 18.27649738337883,
  "usdtBalance": 0,
  "usdcBalance": 0,
  "kenduBalance": 10805029020.399477,
  "ethBalanceInUsd": 51197.038295189945,
  "kenduBalanceInUsd": 141329.77958682517,
  "totalUsdBalance": 51197.038295189945
}