{
  "ethBalance": 0.038589031500035925,
  "usdtBalance": 0,
  "usdcBalance": 0,
  "kenduBalance": 35199894.08324558,
  "ethBalanceInUsd": 101.79362030362977,
  "kenduBalanceInUsd": 1271.068175345998,
  "totalUsdBalance": 101.79362030362977
}