{
  "ethBalance": 0.35779268808449755,
  "usdtBalance": 0,
  "usdcBalance": 0,
  "kenduBalance": 3546950453.60037,
  "ethBalanceInUsd": 844.0401070450914,
  "kenduBalanceInUsd": 62816.49253326256,
  "totalUsdBalance": 844.0401070450914
}