{
  "ethBalance": 0.5002741579676101,
  "usdtBalance": 0,
  "usdcBalance": 100,
  "kenduBalance": 4855925261.348792,
  "ethBalanceInUsd": 1273.0426470385978,
  "kenduBalanceInUsd": 127322.36035256533,
  "totalUsdBalance": 1373.0426470385978
}