{
  "ethBalance": 0.038589031500035925,
  "usdtBalance": 0,
  "usdcBalance": 0,
  "kenduBalance": 35199894.08324558,
  "ethBalanceInUsd": 98.36691430642658,
  "kenduBalanceInUsd": 1093.3087102256077,
  "totalUsdBalance": 98.36691430642658
}