{
  "ethBalance": 0.045462183917402754,
  "usdtBalance": 0,
  "usdcBalance": 0,
  "kenduBalance": 307214787.46744066,
  "ethBalanceInUsd": 122.0200470124698,
  "kenduBalanceInUsd": 26257.647884842154,
  "totalUsdBalance": 122.0200470124698
}