{
  "ethBalance": 0.3117728554842481,
  "usdtBalance": 0,
  "usdcBalance": 0.463046,
  "kenduBalance": 4113980899.4295063,
  "ethBalanceInUsd": 594.9748464919197,
  "kenduBalanceInUsd": 49038.65232119971,
  "totalUsdBalance": 595.4378924919197
}