{
  "ethBalance": 0.04459919224178026,
  "usdtBalance": 0,
  "usdcBalance": 0,
  "kenduBalance": 517214787.4674407,
  "ethBalanceInUsd": 100.83029981213922,
  "kenduBalanceInUsd": 21112.70762442093,
  "totalUsdBalance": 100.83029981213922
}