{
  "ethBalance": 8.056063080971311,
  "usdtBalance": 22313.097842,
  "usdcBalance": 88.007775,
  "kenduBalance": 319823769.8171208,
  "ethBalanceInUsd": 24424.77485204287,
  "kenduBalanceInUsd": 40953.433725082316,
  "totalUsdBalance": 46825.880469042866
}