{
  "ethBalance": 0.038589031500035925,
  "usdtBalance": 0,
  "usdcBalance": 0,
  "kenduBalance": 35199894.08324558,
  "ethBalanceInUsd": 140.8098323823711,
  "kenduBalanceInUsd": 910.9732588743957,
  "totalUsdBalance": 140.8098323823711
}