{
  "ethBalance": 0.045462183917402754,
  "usdtBalance": 0,
  "usdcBalance": 0,
  "kenduBalance": 307214787.46744066,
  "ethBalanceInUsd": 118.55173700141115,
  "kenduBalanceInUsd": 30251.44012191888,
  "totalUsdBalance": 118.55173700141115
}