{
  "ethBalance": 0.038589031500035925,
  "usdtBalance": 0,
  "usdcBalance": 0,
  "kenduBalance": 35199894.08324558,
  "ethBalanceInUsd": 147.24185215279707,
  "kenduBalanceInUsd": 859.2294145720247,
  "totalUsdBalance": 147.24185215279707
}