{
  "ethBalance": 0.04459919224178026,
  "usdtBalance": 0,
  "usdcBalance": 0,
  "kenduBalance": 517214787.4674407,
  "ethBalanceInUsd": 107.6539762251316,
  "kenduBalanceInUsd": 28534.739824578704,
  "totalUsdBalance": 107.6539762251316
}