{
  "ethBalance": 0.30943876692005484,
  "usdtBalance": 0,
  "usdcBalance": 0,
  "kenduBalance": 8110029020.399477,
  "ethBalanceInUsd": 827.3897525415194,
  "kenduBalanceInUsd": 81830.19281583073,
  "totalUsdBalance": 827.3897525415194
}