{
  "ethBalance": 0.045462183917402754,
  "usdtBalance": 0,
  "usdcBalance": 0,
  "kenduBalance": 307214787.46744066,
  "ethBalanceInUsd": 119.14865547624666,
  "kenduBalanceInUsd": 26567.93482018427,
  "totalUsdBalance": 119.14865547624666
}