{
  "ethBalance": 0.3407709474213129,
  "usdtBalance": 3946.421819,
  "usdcBalance": 0,
  "kenduBalance": 13234738613.991756,
  "ethBalanceInUsd": 1050.5457152577944,
  "kenduBalanceInUsd": 274753.17362646887,
  "totalUsdBalance": 4996.967534257795
}