{
  "ethBalance": 0.0660488809860724,
  "usdtBalance": 0,
  "usdcBalance": 0,
  "kenduBalance": 7622102282.100412,
  "ethBalanceInUsd": 177.83463058857032,
  "kenduBalanceInUsd": 63949.43814682245,
  "totalUsdBalance": 177.83463058857032
}