{
  "ethBalance": 0.0624422229661258,
  "usdtBalance": 0,
  "usdcBalance": 0,
  "kenduBalance": 6384544426.92592,
  "ethBalanceInUsd": 127.60130705350774,
  "kenduBalanceInUsd": 47820.23775767514,
  "totalUsdBalance": 127.60130705350774
}