{
  "ethBalance": 0.038589031500035925,
  "usdtBalance": 0,
  "usdcBalance": 0,
  "kenduBalance": 35199894.08324558,
  "ethBalanceInUsd": 129.03940599423012,
  "kenduBalanceInUsd": 569.8862852077459,
  "totalUsdBalance": 129.03940599423012
}