{
  "ethBalance": 13.47560135212183,
  "usdtBalance": 3949.089252,
  "usdcBalance": 8005.206012,
  "kenduBalance": 10805029020.399477,
  "ethBalanceInUsd": 46186.410830275876,
  "kenduBalanceInUsd": 201189.6403598383,
  "totalUsdBalance": 58140.706094275876
}