{
  "ethBalance": 0.5002741579676101,
  "usdtBalance": 0,
  "usdcBalance": 100,
  "kenduBalance": 4855925261.348792,
  "ethBalanceInUsd": 1316.6015179728377,
  "kenduBalanceInUsd": 155923.76014190973,
  "totalUsdBalance": 1416.6015179728377
}