{
  "ethBalance": 0.0660488809860724,
  "usdtBalance": 0,
  "usdcBalance": 0,
  "kenduBalance": 7622102282.100412,
  "ethBalanceInUsd": 179.06908417420001,
  "kenduBalanceInUsd": 72181.30861149091,
  "totalUsdBalance": 179.06908417420001
}