{
  "ethBalance": 1.126230410262131,
  "usdtBalance": 0,
  "usdcBalance": null,
  "kenduBalance": 4547808469.985,
  "ethBalanceInUsd": 4839.074203773298,
  "kenduBalanceInUsd": 60485.852650800494,
  "totalUsdBalance": null
}