{
  "ethBalance": 0.04459919224178026,
  "usdtBalance": 0,
  "usdcBalance": 0,
  "kenduBalance": 517214787.4674407,
  "ethBalanceInUsd": 112.70438875459081,
  "kenduBalanceInUsd": 34110.31523347772,
  "totalUsdBalance": 112.70438875459081
}