{
  "ethBalance": 9.40272155275617,
  "usdtBalance": 3949.089252,
  "usdcBalance": 8005.206012,
  "kenduBalance": 11652025441.98484,
  "ethBalanceInUsd": 29524.357621223317,
  "kenduBalanceInUsd": 270560.030762888,
  "totalUsdBalance": 41478.65288522332
}