{
  "ethBalance": 0.04272247540230626,
  "usdtBalance": 0,
  "usdcBalance": 0,
  "kenduBalance": 517214787.4674407,
  "ethBalanceInUsd": 108.41810750269467,
  "kenduBalanceInUsd": 26786.553842938752,
  "totalUsdBalance": 108.41810750269467
}