{
  "ethBalance": 0.04459919224178026,
  "usdtBalance": 0,
  "usdcBalance": 0,
  "kenduBalance": 517214787.4674407,
  "ethBalanceInUsd": 105.97214068569407,
  "kenduBalanceInUsd": 20124.827380358118,
  "totalUsdBalance": 105.97214068569407
}