{
  "ethBalance": 0.04272247540230626,
  "usdtBalance": 0,
  "usdcBalance": 0,
  "kenduBalance": 517214787.4674407,
  "ethBalanceInUsd": 104.97168541199062,
  "kenduBalanceInUsd": 23833.25740649967,
  "totalUsdBalance": 104.97168541199062
}