{
  "ethBalance": 0.038589031500035925,
  "usdtBalance": 0,
  "usdcBalance": 0,
  "kenduBalance": 35199894.08324558,
  "ethBalanceInUsd": 139.16902676298957,
  "kenduBalanceInUsd": 1014.1089485383053,
  "totalUsdBalance": 139.16902676298957
}