{
  "ethBalance": 18.27649738337883,
  "usdtBalance": 0,
  "usdcBalance": 0,
  "kenduBalance": 10805029020.399477,
  "ethBalanceInUsd": 50099.90015726571,
  "kenduBalanceInUsd": 163480.0890786441,
  "totalUsdBalance": 50099.90015726571
}