{
  "ethBalance": 0.038589031500035925,
  "usdtBalance": 0,
  "usdcBalance": 0,
  "kenduBalance": 35199894.08324558,
  "ethBalanceInUsd": 142.73503916390789,
  "kenduBalanceInUsd": 948.285146602636,
  "totalUsdBalance": 142.73503916390789
}