{
  "ethBalance": 0.04272247540230626,
  "usdtBalance": 0,
  "usdcBalance": 0,
  "kenduBalance": 517214787.4674407,
  "ethBalanceInUsd": 111.67056955507225,
  "kenduBalanceInUsd": 30179.48284872517,
  "totalUsdBalance": 111.67056955507225
}