{
  "ethBalance": 8.051792938400936,
  "usdtBalance": 22356.072978,
  "usdcBalance": 88.007775,
  "kenduBalance": 947823769.8171208,
  "ethBalanceInUsd": 18046.805584555557,
  "kenduBalanceInUsd": 92289.60046709306,
  "totalUsdBalance": 40490.88633755556
}