{
  "ethBalance": 0.038589031500035925,
  "usdtBalance": 0,
  "usdcBalance": 0,
  "kenduBalance": 35199894.08324558,
  "ethBalanceInUsd": 131.12475725649207,
  "kenduBalanceInUsd": 343.5509662524769,
  "totalUsdBalance": 131.12475725649207
}