{
  "ethBalance": 0.3579488855246269,
  "usdtBalance": 0,
  "usdcBalance": 0,
  "kenduBalance": 3705282011.416198,
  "ethBalanceInUsd": 638.6452425753288,
  "kenduBalanceInUsd": 47279.39846567068,
  "totalUsdBalance": 638.6452425753288
}