{
  "ethBalance": 0.3119048631851912,
  "usdtBalance": 0,
  "usdcBalance": 0.463046,
  "kenduBalance": 4175387837.757599,
  "ethBalanceInUsd": 633.4725390318596,
  "kenduBalanceInUsd": 58288.41421509608,
  "totalUsdBalance": 633.9355850318595
}