{
  "ethBalance": 0.045462183917402754,
  "usdtBalance": 0,
  "usdcBalance": 0,
  "kenduBalance": 307214787.46744066,
  "ethBalanceInUsd": 117.67886307019702,
  "kenduBalanceInUsd": 26758.40798841408,
  "totalUsdBalance": 117.67886307019702
}