{
  "ethBalance": 0.04459919224178026,
  "usdtBalance": 0,
  "usdcBalance": 0,
  "kenduBalance": 517214787.4674407,
  "ethBalanceInUsd": 112.43500963345046,
  "kenduBalanceInUsd": 32025.93963998393,
  "totalUsdBalance": 112.43500963345046
}