{
  "ethBalance": 0.7404211583199757,
  "usdtBalance": 0,
  "usdcBalance": 100,
  "kenduBalance": 4745282940.56362,
  "ethBalanceInUsd": 3421.863787387351,
  "kenduBalanceInUsd": 83279.71560689152,
  "totalUsdBalance": 3521.863787387351
}