{
  "ethBalance": 0.35798968333076975,
  "usdtBalance": 0,
  "usdcBalance": 4004.403285,
  "kenduBalance": 3705282011.416198,
  "ethBalanceInUsd": 575.5543334782118,
  "kenduBalanceInUsd": 39720.62316238164,
  "totalUsdBalance": 4579.957618478212
}