{
  "ethBalance": 0.04459919224178026,
  "usdtBalance": 0,
  "usdcBalance": 0,
  "kenduBalance": 517214787.4674407,
  "ethBalanceInUsd": 104.6074054030956,
  "kenduBalanceInUsd": 29682.95665275642,
  "totalUsdBalance": 104.6074054030956
}