{
  "ethBalance": 0.04459919224178026,
  "usdtBalance": 0,
  "usdcBalance": 0,
  "kenduBalance": 517214787.4674407,
  "ethBalanceInUsd": 99.91066446811372,
  "kenduBalanceInUsd": 21412.692201152044,
  "totalUsdBalance": 99.91066446811372
}