{
  "ethBalance": 8.056063080971311,
  "usdtBalance": 22313.097842,
  "usdcBalance": 88.007775,
  "kenduBalance": 319721753.5049916,
  "ethBalanceInUsd": 25491.88096774833,
  "kenduBalanceInUsd": 41893.141361759044,
  "totalUsdBalance": 47892.98658474832
}