{
  "ethBalance": 0.04272247540230626,
  "usdtBalance": 0,
  "usdcBalance": 0,
  "kenduBalance": 517214787.4674407,
  "ethBalanceInUsd": 112.67540217653449,
  "kenduBalanceInUsd": 29734.678131503166,
  "totalUsdBalance": 112.67540217653449
}