{
  "ethBalance": 0.045462183917402754,
  "usdtBalance": 0,
  "usdcBalance": 0,
  "kenduBalance": 307214787.46744066,
  "ethBalanceInUsd": 121.95367222395042,
  "kenduBalanceInUsd": 23379.045326272237,
  "totalUsdBalance": 121.95367222395042
}