{
  "ethBalance": 0.038589031500035925,
  "usdtBalance": 0,
  "usdcBalance": 0,
  "kenduBalance": 35199894.08324558,
  "ethBalanceInUsd": 127.04203772378827,
  "kenduBalanceInUsd": 771.5816783047431,
  "totalUsdBalance": 127.04203772378827
}