{
  "ethBalance": 0.038589031500035925,
  "usdtBalance": 0,
  "usdcBalance": 0,
  "kenduBalance": 35199894.08324558,
  "ethBalanceInUsd": 96.28310660542465,
  "kenduBalanceInUsd": 1785.6906268430482,
  "totalUsdBalance": 96.28310660542465
}