{
  "ethBalance": 0.045462183917402754,
  "usdtBalance": 0,
  "usdcBalance": 0,
  "kenduBalance": 307214787.46744066,
  "ethBalanceInUsd": 117.95709163577153,
  "kenduBalanceInUsd": 20008.89910775441,
  "totalUsdBalance": 117.95709163577153
}