{
  "ethBalance": 0.038589031500035925,
  "usdtBalance": 0,
  "usdcBalance": 0,
  "kenduBalance": 35199894.08324558,
  "ethBalanceInUsd": 112.788793048935,
  "kenduBalanceInUsd": 1922.9702137677061,
  "totalUsdBalance": 112.788793048935
}