{
  "ethBalance": 0.04272247540230626,
  "usdtBalance": 0,
  "usdcBalance": 0,
  "kenduBalance": 517214787.4674407,
  "ethBalanceInUsd": 112.11061105171599,
  "kenduBalanceInUsd": 29439.865702646726,
  "totalUsdBalance": 112.11061105171599
}