{
  "ethBalance": 0.038589031500035925,
  "usdtBalance": 0,
  "usdcBalance": 0,
  "kenduBalance": 35199894.08324558,
  "ethBalanceInUsd": 134.65411007748537,
  "kenduBalanceInUsd": 1228.4763035052708,
  "totalUsdBalance": 134.65411007748537
}