{
  "ethBalance": 0.038589031500035925,
  "usdtBalance": 0,
  "usdcBalance": 0,
  "kenduBalance": 35199894.08324558,
  "ethBalanceInUsd": 140.32052346295063,
  "kenduBalanceInUsd": 816.6375427312976,
  "totalUsdBalance": 140.32052346295063
}