{
  "ethBalance": 0.3579488855246269,
  "usdtBalance": 0,
  "usdcBalance": 0,
  "kenduBalance": 3705282011.416198,
  "ethBalanceInUsd": 572.2170883996686,
  "kenduBalanceInUsd": 47390.55692601317,
  "totalUsdBalance": 572.2170883996686
}