{
  "ethBalance": 0.038589031500035925,
  "usdtBalance": 0,
  "usdcBalance": 0,
  "kenduBalance": 35199894.08324558,
  "ethBalanceInUsd": 122.445312291504,
  "kenduBalanceInUsd": 1338.299973044997,
  "totalUsdBalance": 122.445312291504
}