{
  "ethBalance": 0.038589031500035925,
  "usdtBalance": 0,
  "usdcBalance": 0,
  "kenduBalance": 35199894.08324558,
  "ethBalanceInUsd": 96.24953414801959,
  "kenduBalanceInUsd": 1817.3705315179693,
  "totalUsdBalance": 96.24953414801959
}