{
  "ethBalance": 0.04459919224178026,
  "usdtBalance": 0,
  "usdcBalance": 0,
  "kenduBalance": 517214787.4674407,
  "ethBalanceInUsd": 103.13518606719443,
  "kenduBalanceInUsd": 23279.837583909506,
  "totalUsdBalance": 103.13518606719443
}