{
  "ethBalance": 0.038589031500035925,
  "usdtBalance": 0,
  "usdcBalance": 0,
  "kenduBalance": 35199894.08324558,
  "ethBalanceInUsd": 126.67081124075793,
  "kenduBalanceInUsd": 1096.4767006931,
  "totalUsdBalance": 126.67081124075793
}