{
  "ethBalance": 0.700034011230498,
  "usdtBalance": 0,
  "usdcBalance": null,
  "kenduBalance": 4482236645.828448,
  "ethBalanceInUsd": 3221.4095125403933,
  "kenduBalanceInUsd": 53024.859520150545,
  "totalUsdBalance": null
}