{
  "ethBalance": 0.0624422229661258,
  "usdtBalance": 0,
  "usdcBalance": 0,
  "kenduBalance": 6384544426.92592,
  "ethBalanceInUsd": 137.35790439196492,
  "kenduBalanceInUsd": 52800.18241067736,
  "totalUsdBalance": 137.35790439196492
}