{
  "ethBalance": 0.5002741579676101,
  "usdtBalance": 0,
  "usdcBalance": 100,
  "kenduBalance": 4855925261.348792,
  "ethBalanceInUsd": 1381.792243497597,
  "kenduBalanceInUsd": 139899.2067794587,
  "totalUsdBalance": 1481.792243497597
}