{
  "ethBalance": 13.475892841222715,
  "usdtBalance": 3949.089252,
  "usdcBalance": 8005.206012,
  "kenduBalance": 10903927414.89931,
  "ethBalanceInUsd": 43699.89482337385,
  "kenduBalanceInUsd": 203467.2855620211,
  "totalUsdBalance": 55654.19008737385
}