{
  "ethBalance": 0.35779268808449755,
  "usdtBalance": 0,
  "usdcBalance": 0,
  "kenduBalance": 3546950453.60037,
  "ethBalanceInUsd": 658.9289040108149,
  "kenduBalanceInUsd": 38590.82093517202,
  "totalUsdBalance": 658.9289040108149
}