{
  "ethBalance": 0.038589031500035925,
  "usdtBalance": 0,
  "usdcBalance": 0,
  "kenduBalance": 35199894.08324558,
  "ethBalanceInUsd": 117.8273628918947,
  "kenduBalanceInUsd": 1380.1878470040592,
  "totalUsdBalance": 117.8273628918947
}