{
  "ethBalance": 0.5002741579676101,
  "usdtBalance": 0,
  "usdcBalance": 100,
  "kenduBalance": 4855925261.348792,
  "ethBalanceInUsd": 1258.1444826143222,
  "kenduBalanceInUsd": 109841.02941170968,
  "totalUsdBalance": 1358.1444826143222
}