{
  "ethBalance": 0.3579488855246269,
  "usdtBalance": 0,
  "usdcBalance": 0,
  "kenduBalance": 3705282011.416198,
  "ethBalanceInUsd": 589.6742555467046,
  "kenduBalanceInUsd": 38201.457537701,
  "totalUsdBalance": 589.6742555467046
}