{
  "ethBalance": 0.04459919224178026,
  "usdtBalance": 0,
  "usdcBalance": 0,
  "kenduBalance": 517214787.4674407,
  "ethBalanceInUsd": 106.7695742429771,
  "kenduBalanceInUsd": 27143.432046291287,
  "totalUsdBalance": 106.7695742429771
}