{
  "ethBalance": 0.0660488809860724,
  "usdtBalance": 0,
  "usdcBalance": 0,
  "kenduBalance": 7622102282.100412,
  "ethBalanceInUsd": 179.77514671194115,
  "kenduBalanceInUsd": 64559.206329390494,
  "totalUsdBalance": 179.77514671194115
}