{
  "ethBalance": 0.038589031500035925,
  "usdtBalance": 0,
  "usdcBalance": 0,
  "kenduBalance": 35199894.08324558,
  "ethBalanceInUsd": 134.19374293168994,
  "kenduBalanceInUsd": 1256.9882177127,
  "totalUsdBalance": 134.19374293168994
}