{
  "ethBalance": 0.5002741579676101,
  "usdtBalance": 0,
  "usdcBalance": 100,
  "kenduBalance": 4855925261.348792,
  "ethBalanceInUsd": 1214.8007295680086,
  "kenduBalanceInUsd": 110617.97745352548,
  "totalUsdBalance": 1314.8007295680086
}