{
  "ethBalance": 0.038589031500035925,
  "usdtBalance": 0,
  "usdcBalance": 0,
  "kenduBalance": 35199894.08324558,
  "ethBalanceInUsd": 97.26867046993556,
  "kenduBalanceInUsd": 1090.140719758116,
  "totalUsdBalance": 97.26867046993556
}