{
  "ethBalance": 0.5002741579676101,
  "usdtBalance": 0,
  "usdcBalance": null,
  "kenduBalance": 4855925261.348792,
  "ethBalanceInUsd": 1255.4930295770941,
  "kenduBalanceInUsd": 92311.13921824054,
  "totalUsdBalance": null
}