{
  "ethBalance": 0.04459919224178026,
  "usdtBalance": 0,
  "usdcBalance": 0,
  "kenduBalance": 517214787.4674407,
  "ethBalanceInUsd": 113.84612807598037,
  "kenduBalanceInUsd": 31379.42115564963,
  "totalUsdBalance": 113.84612807598037
}