{
  "ethBalance": 0.038589031500035925,
  "usdtBalance": 0,
  "usdcBalance": 0,
  "kenduBalance": 35199894.08324558,
  "ethBalanceInUsd": 123.27652003001477,
  "kenduBalanceInUsd": 1762.4586967481064,
  "totalUsdBalance": 123.27652003001477
}