{
  "ethBalance": 0.5002741579676101,
  "usdtBalance": 0,
  "usdcBalance": 100,
  "kenduBalance": 4855925261.348792,
  "ethBalanceInUsd": 1269.8208814612863,
  "kenduBalanceInUsd": 111929.07727408966,
  "totalUsdBalance": 1369.8208814612863
}