{
  "ethBalance": 0.04272247540230626,
  "usdtBalance": 0,
  "usdcBalance": 0,
  "kenduBalance": 517214787.4674407,
  "ethBalanceInUsd": 102.73772717320402,
  "kenduBalanceInUsd": 22591.941916577813,
  "totalUsdBalance": 102.73772717320402
}