{
  "ethBalance": 0.038589031500035925,
  "usdtBalance": 0,
  "usdcBalance": 0,
  "kenduBalance": 35199894.08324558,
  "ethBalanceInUsd": 142.45063800175262,
  "kenduBalanceInUsd": 973.9810692834053,
  "totalUsdBalance": 142.45063800175262
}