{
  "ethBalance": 13.47560135212183,
  "usdtBalance": 3949.089252,
  "usdcBalance": 8005.206012,
  "kenduBalance": 10805029020.399477,
  "ethBalanceInUsd": 41391.25284513685,
  "kenduBalanceInUsd": 145003.489453761,
  "totalUsdBalance": 53345.54810913685
}