{
  "ethBalance": 0.038589031500035925,
  "usdtBalance": 0,
  "usdcBalance": 0,
  "kenduBalance": 35199894.08324558,
  "ethBalanceInUsd": 130.0743638190611,
  "kenduBalanceInUsd": 857.8214188086948,
  "totalUsdBalance": 130.0743638190611
}