{
  "ethBalance": 0.038589031500035925,
  "usdtBalance": 0,
  "usdcBalance": 0,
  "kenduBalance": 35199894.08324558,
  "ethBalanceInUsd": 122.03858389949362,
  "kenduBalanceInUsd": 398.46280102234,
  "totalUsdBalance": 122.03858389949362
}