{
  "ethBalance": 0.357215510728175,
  "usdtBalance": 0,
  "usdcBalance": 0,
  "kenduBalance": 4299933763.203477,
  "ethBalanceInUsd": 929.00323444055,
  "kenduBalanceInUsd": 97737.49443761504,
  "totalUsdBalance": 929.00323444055
}