{
  "ethBalance": 0.35703877941042383,
  "usdtBalance": 0,
  "usdcBalance": 0,
  "kenduBalance": 4855947774.956796,
  "ethBalanceInUsd": 928.6007390418068,
  "kenduBalanceInUsd": 144998.60056020992,
  "totalUsdBalance": 928.6007390418068
}