{
  "ethBalance": 0.11420553765466597,
  "usdtBalance": 0,
  "usdcBalance": 0,
  "kenduBalance": 11896082608.223656,
  "ethBalanceInUsd": 371.4911990492271,
  "kenduBalanceInUsd": 313699.6983788578,
  "totalUsdBalance": 371.4911990492271
}