{
  "ethBalance": 4.778379203455415,
  "usdtBalance": 3949.089252,
  "usdcBalance": 5005.206012,
  "kenduBalance": 12330098030.836285,
  "ethBalanceInUsd": 14637.800149113113,
  "kenduBalanceInUsd": 288154.390980644,
  "totalUsdBalance": 23592.09541311311
}