{
  "ethBalance": 0.5002741579676101,
  "usdtBalance": 0,
  "usdcBalance": 100,
  "kenduBalance": 4855925261.348792,
  "ethBalanceInUsd": 1310.0279155371431,
  "kenduBalanceInUsd": 130770.06728812298,
  "totalUsdBalance": 1410.0279155371431
}