{
  "ethBalance": 0.04459919224178026,
  "usdtBalance": 0,
  "usdcBalance": 0,
  "kenduBalance": 517214787.4674407,
  "ethBalanceInUsd": 102.2351743677553,
  "kenduBalanceInUsd": 25224.565184787087,
  "totalUsdBalance": 102.2351743677553
}