{
  "ethBalance": 0.038589031500035925,
  "usdtBalance": 0,
  "usdcBalance": 0,
  "kenduBalance": 35199894.08324558,
  "ethBalanceInUsd": 128.86189644932998,
  "kenduBalanceInUsd": 1022.2049241774517,
  "totalUsdBalance": 128.86189644932998
}