{
  "ethBalance": 0.35769432885289126,
  "usdtBalance": 0,
  "usdcBalance": 0,
  "kenduBalance": 4514955040.756332,
  "ethBalanceInUsd": 875.7287175573797,
  "kenduBalanceInUsd": 70929.94369028199,
  "totalUsdBalance": 875.7287175573797
}