{
  "ethBalance": 0.0660488809860724,
  "usdtBalance": 0,
  "usdcBalance": 0,
  "kenduBalance": 7622102282.100412,
  "ethBalanceInUsd": 181.23020356006433,
  "kenduBalanceInUsd": 68446.4784932617,
  "totalUsdBalance": 181.23020356006433
}