{
  "ethBalance": 0.045462183917402754,
  "usdtBalance": 0,
  "usdcBalance": 0,
  "kenduBalance": 307214787.46744066,
  "ethBalanceInUsd": 117.73432693457625,
  "kenduBalanceInUsd": 25885.91799200655,
  "totalUsdBalance": 117.73432693457625
}