{
  "ethBalance": 0.04272247540230626,
  "usdtBalance": 0,
  "usdcBalance": 0,
  "kenduBalance": 517214787.4674407,
  "ethBalanceInUsd": 106.20337437783911,
  "kenduBalanceInUsd": 21707.504630008487,
  "totalUsdBalance": 106.20337437783911
}