{
  "ethBalance": 0.5002741579676101,
  "usdtBalance": 0,
  "usdcBalance": 100,
  "kenduBalance": 4855925261.348792,
  "ethBalanceInUsd": 1344.1015884363171,
  "kenduBalanceInUsd": 119795.67619747469,
  "totalUsdBalance": 1444.1015884363171
}