{
  "ethBalance": 8.056063080971311,
  "usdtBalance": 22313.097842,
  "usdcBalance": 88.007775,
  "kenduBalance": 319823769.8171208,
  "ethBalanceInUsd": 25411.642579461855,
  "kenduBalanceInUsd": 42818.00630311613,
  "totalUsdBalance": 47812.74819646186
}