{
  "ethBalance": 0.5002741579676101,
  "usdtBalance": 0,
  "usdcBalance": 100,
  "kenduBalance": 4855925261.348792,
  "ethBalanceInUsd": 1267.3945517951436,
  "kenduBalanceInUsd": 118436.01712429702,
  "totalUsdBalance": 1367.3945517951436
}