{
  "ethBalance": 0.046325213179724774,
  "usdtBalance": 50113.767042,
  "usdcBalance": 0,
  "kenduBalance": 946492975.4674407,
  "ethBalanceInUsd": 123.66423007901169,
  "kenduBalanceInUsd": 107701.43567844009,
  "totalUsdBalance": 50237.43127207901
}