{
  "ethBalance": 0.3119048631851912,
  "usdtBalance": 0,
  "usdcBalance": 0.463046,
  "kenduBalance": 4175387837.757599,
  "ethBalanceInUsd": 623.5820358202571,
  "kenduBalanceInUsd": 42296.67879648448,
  "totalUsdBalance": 624.0450818202571
}