{
  "ethBalance": 0.038589031500035925,
  "usdtBalance": 0,
  "usdcBalance": 0,
  "kenduBalance": 35199894.08324558,
  "ethBalanceInUsd": 100.80612698754385,
  "kenduBalanceInUsd": 1150.3325386404656,
  "totalUsdBalance": 100.80612698754385
}