{
  "ethBalance": 0.5002741579676101,
  "usdtBalance": 0,
  "usdcBalance": 100,
  "kenduBalance": 4855925261.348792,
  "ethBalanceInUsd": 1394.8644072452903,
  "kenduBalanceInUsd": 131644.13383516576,
  "totalUsdBalance": 1494.8644072452903
}