{
  "ethBalance": 18.27649738337883,
  "usdtBalance": 0,
  "usdcBalance": 0,
  "kenduBalance": 10805029020.399477,
  "ethBalanceInUsd": 49263.38487202846,
  "kenduBalanceInUsd": 159266.12776068828,
  "totalUsdBalance": 49263.38487202846
}