{
  "ethBalance": 0.5002741579676101,
  "usdtBalance": 0,
  "usdcBalance": 100,
  "kenduBalance": 4855925261.348792,
  "ethBalanceInUsd": 1371.3165026297552,
  "kenduBalanceInUsd": 127759.39362608672,
  "totalUsdBalance": 1471.3165026297552
}