{
  "ethBalance": 0.3119048631851912,
  "usdtBalance": 0,
  "usdcBalance": 0.463046,
  "kenduBalance": 4175387837.757599,
  "ethBalanceInUsd": 619.5085583070586,
  "kenduBalanceInUsd": 39499.16894518688,
  "totalUsdBalance": 619.9716043070586
}