{
  "ethBalance": 7.089812771415156,
  "usdtBalance": 22011.945382,
  "kenduBalance": 512735445.5049916,
  "ethBalanceInUsd": 23338.174782816695,
  "kenduBalanceInUsd": 92220.59722852778,
  "totalUsdBalance": 45350.1201648167
}