{
  "ethBalance": 0.038589031500035925,
  "usdtBalance": 0,
  "usdcBalance": 0,
  "kenduBalance": 35199894.08324558,
  "ethBalanceInUsd": 128.6720384143498,
  "kenduBalanceInUsd": 283.7111463109594,
  "totalUsdBalance": 128.6720384143498
}