{
  "ethBalance": 0.09959930940546294,
  "usdtBalance": 0,
  "usdcBalance": 2800,
  "kenduBalance": 5981415733.861656,
  "ethBalanceInUsd": 190.04444628346977,
  "kenduBalanceInUsd": 42767.122497110846,
  "totalUsdBalance": 2990.04444628347
}