{
  "ethBalance": 8.051792938400936,
  "usdtBalance": 22356.072978,
  "usdcBalance": 88.007775,
  "kenduBalance": 947823769.8171208,
  "ethBalanceInUsd": 18784.10826392493,
  "kenduBalanceInUsd": 89502.99858383072,
  "totalUsdBalance": 41228.18901692493
}