{
  "ethBalance": 0.038589031500035925,
  "usdtBalance": 0,
  "usdcBalance": 0,
  "kenduBalance": 35199894.08324558,
  "ethBalanceInUsd": 103.31094102221118,
  "kenduBalanceInUsd": 1555.4833195386225,
  "totalUsdBalance": 103.31094102221118
}