{
  "ethBalance": 0.04459919224178026,
  "usdtBalance": 0,
  "usdcBalance": 0,
  "kenduBalance": 517214787.4674407,
  "ethBalanceInUsd": 107.22314802807601,
  "kenduBalanceInUsd": 25483.172578520804,
  "totalUsdBalance": 107.22314802807601
}