{
  "ethBalance": 0.038589031500035925,
  "usdtBalance": 0,
  "usdcBalance": 0,
  "kenduBalance": 35199894.08324558,
  "ethBalanceInUsd": 137.58996359400808,
  "kenduBalanceInUsd": 876.8293616136475,
  "totalUsdBalance": 137.58996359400808
}