{
  "ethBalance": 0.038589031500035925,
  "usdtBalance": 0,
  "usdcBalance": 0,
  "kenduBalance": 35199894.08324558,
  "ethBalanceInUsd": 96.72340745484004,
  "kenduBalanceInUsd": 1687.8349212916257,
  "totalUsdBalance": 96.72340745484004
}