{
  "ethBalance": 0.045462183917402754,
  "usdtBalance": 0,
  "usdcBalance": 0,
  "kenduBalance": 307214787.46744066,
  "ethBalanceInUsd": 119.3668739590502,
  "kenduBalanceInUsd": 18273.135558563372,
  "totalUsdBalance": 119.3668739590502
}