{
  "ethBalance": 0.045462183917402754,
  "usdtBalance": 0,
  "usdcBalance": 0,
  "kenduBalance": 307214787.46744066,
  "ethBalanceInUsd": 122.62014784017954,
  "kenduBalanceInUsd": 29919.648151454046,
  "totalUsdBalance": 122.62014784017954
}