{
  "ethBalance": 0.5002741579676101,
  "usdtBalance": 0,
  "usdcBalance": 100,
  "kenduBalance": 4855925261.348792,
  "ethBalanceInUsd": 1232.9006486032765,
  "kenduBalanceInUsd": 107947.21855978364,
  "totalUsdBalance": 1332.9006486032765
}