{
  "ethBalance": 0.3579488855246269,
  "usdtBalance": 0,
  "usdcBalance": 0,
  "kenduBalance": 3705282011.416198,
  "ethBalanceInUsd": 566.6259268077739,
  "kenduBalanceInUsd": 47316.451285784846,
  "totalUsdBalance": 566.6259268077739
}