{
  "ethBalance": 0.04459919224178026,
  "usdtBalance": 0,
  "usdcBalance": 0,
  "kenduBalance": 517214787.4674407,
  "ethBalanceInUsd": 102.2075228685654,
  "kenduBalanceInUsd": 28136.484438228777,
  "totalUsdBalance": 102.2075228685654
}