{
  "ethBalance": 0.3119048631851912,
  "usdtBalance": 0,
  "usdcBalance": 0.463046,
  "kenduBalance": 4175387837.757599,
  "ethBalanceInUsd": 626.6854892089498,
  "kenduBalanceInUsd": 62505.555931231254,
  "totalUsdBalance": 627.1485352089497
}