{
  "ethBalance": 0.11828269992644785,
  "usdtBalance": 0,
  "usdcBalance": 0,
  "kenduBalance": 12696082608.223658,
  "ethBalanceInUsd": 381.6675191606663,
  "kenduBalanceInUsd": 325273.63642269006,
  "totalUsdBalance": 381.6675191606663
}