{
  "ethBalance": 0.038589031500035925,
  "usdtBalance": 0,
  "usdcBalance": 0,
  "kenduBalance": 35199894.08324558,
  "ethBalanceInUsd": 124.29912936476572,
  "kenduBalanceInUsd": 769.4696846597485,
  "totalUsdBalance": 124.29912936476572
}