{
  "ethBalance": 0.038589031500035925,
  "usdtBalance": 0,
  "usdcBalance": 0,
  "kenduBalance": 35199894.08324558,
  "ethBalanceInUsd": 93.31213707023687,
  "kenduBalanceInUsd": 1976.4740527742397,
  "totalUsdBalance": 93.31213707023687
}