{
  "ethBalance": 3.9773126053695473,
  "usdtBalance": 0,
  "usdcBalance": 0,
  "kenduBalance": 8110029020.399477,
  "ethBalanceInUsd": 10690.618551972806,
  "kenduBalanceInUsd": 109728.69264600491,
  "totalUsdBalance": 10690.618551972806
}