{
  "ethBalance": 0.038589031500035925,
  "usdtBalance": 0,
  "usdcBalance": 0,
  "kenduBalance": 35199894.08324558,
  "ethBalanceInUsd": 138.86880409791928,
  "kenduBalanceInUsd": 781.7896475888843,
  "totalUsdBalance": 138.86880409791928
}