{
  "ethBalance": 0.35779268808449755,
  "usdtBalance": 0,
  "usdcBalance": 0,
  "kenduBalance": 4546950453.600369,
  "ethBalanceInUsd": 820.7656926851947,
  "kenduBalanceInUsd": 75479.37752976613,
  "totalUsdBalance": 820.7656926851947
}