{
  "ethBalance": 0.038589031500035925,
  "usdtBalance": 0,
  "usdcBalance": 0,
  "kenduBalance": 35199894.08324558,
  "ethBalanceInUsd": 154.5610337574089,
  "kenduBalanceInUsd": 1735.0027793631748,
  "totalUsdBalance": 154.5610337574089
}