{
  "ethBalance": 0.038589031500035925,
  "usdtBalance": 0,
  "usdcBalance": 0,
  "kenduBalance": 35199894.08324558,
  "ethBalanceInUsd": 132.06208483162794,
  "kenduBalanceInUsd": 884.5733383119616,
  "totalUsdBalance": 132.06208483162794
}