{
  "ethBalance": 0.0660488809860724,
  "usdtBalance": 0,
  "usdcBalance": 0,
  "kenduBalance": 7622102282.100412,
  "ethBalanceInUsd": 184.69182541254438,
  "kenduBalanceInUsd": 70275.7830409658,
  "totalUsdBalance": 184.69182541254438
}