{
  "ethBalance": 0.04459919224178026,
  "usdtBalance": 0,
  "usdcBalance": 0,
  "kenduBalance": 517214787.4674407,
  "ethBalanceInUsd": 98.75465340520677,
  "kenduBalanceInUsd": 20683.419350822955,
  "totalUsdBalance": 98.75465340520677
}