{
  "ethBalance": 0.038589031500035925,
  "usdtBalance": 0,
  "usdcBalance": 0,
  "kenduBalance": 35199894.08324558,
  "ethBalanceInUsd": 128.29849658942945,
  "kenduBalanceInUsd": 815.5815459088002,
  "totalUsdBalance": 128.29849658942945
}