{
  "ethBalance": 0.038589031500035925,
  "usdtBalance": 0,
  "usdcBalance": 0,
  "kenduBalance": 35199894.08324558,
  "ethBalanceInUsd": 121.17611904546781,
  "kenduBalanceInUsd": 1758.5867083989494,
  "totalUsdBalance": 121.17611904546781
}