{
  "ethBalance": 0.3579040556931112,
  "usdtBalance": 0,
  "usdcBalance": 0,
  "kenduBalance": 3646098337.9468102,
  "ethBalanceInUsd": 654.3380898209305,
  "kenduBalanceInUsd": 39304.94008306661,
  "totalUsdBalance": 654.3380898209305
}