{
  "ethBalance": 0.038589031500035925,
  "usdtBalance": 0,
  "usdcBalance": 0,
  "kenduBalance": 35199894.08324558,
  "ethBalanceInUsd": 128.7071544330148,
  "kenduBalanceInUsd": 1162.3005026287692,
  "totalUsdBalance": 128.7071544330148
}