{
  "ethBalance": 0.3579488855246269,
  "usdtBalance": 0,
  "usdcBalance": 0,
  "kenduBalance": 3705282011.416198,
  "ethBalanceInUsd": 583.1058934973277,
  "kenduBalanceInUsd": 37571.55959576024,
  "totalUsdBalance": 583.1058934973277
}