{
  "ethBalance": 0.5002741579676101,
  "usdtBalance": 0,
  "usdcBalance": 100,
  "kenduBalance": 4855925261.348792,
  "ethBalanceInUsd": 1223.5305136245433,
  "kenduBalanceInUsd": 108287.13332807807,
  "totalUsdBalance": 1323.5305136245433
}