{
  "ethBalance": 0.35769432885289126,
  "usdtBalance": 0,
  "usdcBalance": 0,
  "kenduBalance": 4514955040.756332,
  "ethBalanceInUsd": 835.9781467919578,
  "kenduBalanceInUsd": 80501.6483766854,
  "totalUsdBalance": 835.9781467919578
}