{
  "ethBalance": 0.038589031500035925,
  "usdtBalance": 0,
  "usdcBalance": 0,
  "kenduBalance": 35199894.08324558,
  "ethBalanceInUsd": 124.61826065527102,
  "kenduBalanceInUsd": 793.0536136955229,
  "totalUsdBalance": 124.61826065527102
}