{
  "ethBalance": 0.038589031500035925,
  "usdtBalance": 0,
  "usdcBalance": 0,
  "kenduBalance": 35199894.08324558,
  "ethBalanceInUsd": 95.20068427184863,
  "kenduBalanceInUsd": 1148.5725439363032,
  "totalUsdBalance": 95.20068427184863
}