{
  "ethBalance": 8.056063080971311,
  "usdtBalance": 22313.097842,
  "usdcBalance": 88.007775,
  "kenduBalance": 317835445.5049916,
  "ethBalanceInUsd": 25607.7271548527,
  "kenduBalanceInUsd": 43222.44223422381,
  "totalUsdBalance": 48008.83277185269
}