{
  "ethBalance": 0.038589031500035925,
  "usdtBalance": 0,
  "usdcBalance": 0,
  "kenduBalance": 35199894.08324558,
  "ethBalanceInUsd": 123.2043585411097,
  "kenduBalanceInUsd": 1079.2287525923095,
  "totalUsdBalance": 123.2043585411097
}