{
  "ethBalance": 0.04272247540230626,
  "usdtBalance": 0,
  "usdcBalance": 0,
  "kenduBalance": 517214787.4674407,
  "ethBalanceInUsd": 109.83478478703513,
  "kenduBalanceInUsd": 28958.855950302004,
  "totalUsdBalance": 109.83478478703513
}