{
  "ethBalance": 0.3119048631851912,
  "usdtBalance": 0,
  "usdcBalance": 0.463046,
  "kenduBalance": 4175387837.757599,
  "ethBalanceInUsd": 630.7402524303573,
  "kenduBalanceInUsd": 57328.075012411835,
  "totalUsdBalance": 631.2032984303572
}