{
  "ethBalance": 0.5002741579676101,
  "usdtBalance": 0,
  "usdcBalance": 100,
  "kenduBalance": 4855925261.348792,
  "ethBalanceInUsd": 1371.2664752139583,
  "kenduBalanceInUsd": 126254.05679506858,
  "totalUsdBalance": 1471.2664752139583
}