{
  "ethBalance": 0.038589031500035925,
  "usdtBalance": 0,
  "usdcBalance": 0,
  "kenduBalance": 35199894.08324558,
  "ethBalanceInUsd": 99.00903579058718,
  "kenduBalanceInUsd": 1094.3647070481052,
  "totalUsdBalance": 99.00903579058718
}