{
  "ethBalance": 0.038589031500035925,
  "usdtBalance": 0,
  "usdcBalance": 0,
  "kenduBalance": 35199894.08324558,
  "ethBalanceInUsd": 119.57506012853132,
  "kenduBalanceInUsd": 1187.644426368706,
  "totalUsdBalance": 119.57506012853132
}