{
  "ethBalance": 8.051792938400936,
  "usdtBalance": 22356.072978,
  "usdcBalance": 88.007775,
  "kenduBalance": 947823769.8171208,
  "ethBalanceInUsd": 19234.606078828463,
  "kenduBalanceInUsd": 93370.11956468457,
  "totalUsdBalance": 41678.68683182846
}