{
  "ethBalance": 0.04272247540230626,
  "usdtBalance": 0,
  "usdcBalance": 0,
  "kenduBalance": 517214787.4674407,
  "ethBalanceInUsd": 104.5081465538756,
  "kenduBalanceInUsd": 22679.868430447277,
  "totalUsdBalance": 104.5081465538756
}