{
  "ethBalance": 0.7404211583199757,
  "usdtBalance": 0,
  "usdcBalance": null,
  "kenduBalance": 4730282940.56362,
  "ethBalanceInUsd": 2585.44702589119,
  "kenduBalanceInUsd": 80840.53545423226,
  "totalUsdBalance": null
}