{
  "ethBalance": 0.5002741579676101,
  "usdtBalance": 0,
  "usdcBalance": 100,
  "kenduBalance": 4855925261.348792,
  "ethBalanceInUsd": 1272.787507218034,
  "kenduBalanceInUsd": 126059.81978461464,
  "totalUsdBalance": 1372.787507218034
}