{
  "ethBalance": 0.04459919224178026,
  "usdtBalance": 0,
  "usdcBalance": 0,
  "kenduBalance": 517214787.4674407,
  "ethBalanceInUsd": 104.65200459533737,
  "kenduBalanceInUsd": 29450.209998396076,
  "totalUsdBalance": 104.65200459533737
}