{
  "ethBalance": 0.038589031500035925,
  "usdtBalance": 0,
  "usdcBalance": 0,
  "kenduBalance": 35199894.08324558,
  "ethBalanceInUsd": 129.5225406686106,
  "kenduBalanceInUsd": 951.8051360109605,
  "totalUsdBalance": 129.5225406686106
}