{
  "ethBalance": 0.04272247540230626,
  "usdtBalance": 0,
  "usdcBalance": 0,
  "kenduBalance": 517214787.4674407,
  "ethBalanceInUsd": 104.49020311420662,
  "kenduBalanceInUsd": 21779.91470025393,
  "totalUsdBalance": 104.49020311420662
}