{
  "ethBalance": 0.038589031500035925,
  "usdtBalance": 0,
  "usdcBalance": 0,
  "kenduBalance": 35199894.08324558,
  "ethBalanceInUsd": 149.09219621322381,
  "kenduBalanceInUsd": 1570.619273994418,
  "totalUsdBalance": 149.09219621322381
}