{
  "ethBalance": 0.038589031500035925,
  "usdtBalance": 0,
  "usdcBalance": 0,
  "kenduBalance": 35199894.08324558,
  "ethBalanceInUsd": 131.38716267069233,
  "kenduBalanceInUsd": 940.1891709634896,
  "totalUsdBalance": 131.38716267069233
}