{
  "ethBalance": 0.35769432885289126,
  "usdtBalance": 0,
  "usdcBalance": 0,
  "kenduBalance": 4514955040.756332,
  "ethBalanceInUsd": 856.5849170771727,
  "kenduBalanceInUsd": 80953.14388076104,
  "totalUsdBalance": 856.5849170771727
}