{
  "ethBalance": 0.10788809429719365,
  "usdtBalance": 3946.421819,
  "usdcBalance": 0,
  "kenduBalance": 13268928669.075045,
  "ethBalanceInUsd": 358.5466615397496,
  "kenduBalanceInUsd": 336234.65247436165,
  "totalUsdBalance": 4304.96848053975
}