{
  "ethBalance": 0.04272247540230626,
  "usdtBalance": 0,
  "usdcBalance": 0,
  "kenduBalance": 517214787.4674407,
  "ethBalanceInUsd": 104.76448140628943,
  "kenduBalanceInUsd": 26005.559513862918,
  "totalUsdBalance": 104.76448140628943
}