{
  "ethBalance": 0.3196945281829498,
  "usdtBalance": 0,
  "usdcBalance": 884.463046,
  "kenduBalance": 5523916791.338456,
  "ethBalanceInUsd": 599.5551181543041,
  "kenduBalanceInUsd": 39440.76589015658,
  "totalUsdBalance": 1484.018164154304
}