{
  "ethBalance": 0.5002741579676101,
  "usdtBalance": 0,
  "usdcBalance": 100,
  "kenduBalance": 4855925261.348792,
  "ethBalanceInUsd": 1207.9569790870116,
  "kenduBalanceInUsd": 103771.12283502369,
  "totalUsdBalance": 1307.9569790870116
}