{
  "ethBalance": 0.038589031500035925,
  "usdtBalance": 0,
  "usdcBalance": 0,
  "kenduBalance": 35199894.08324558,
  "ethBalanceInUsd": 101.96418382285992,
  "kenduBalanceInUsd": 1524.1554138045337,
  "totalUsdBalance": 101.96418382285992
}