{
  "ethBalance": 0.0624422229661258,
  "usdtBalance": 0,
  "usdcBalance": 0,
  "kenduBalance": 6384544426.92592,
  "ethBalanceInUsd": 136.30637735721535,
  "kenduBalanceInUsd": 51714.80985809995,
  "totalUsdBalance": 136.30637735721535
}