{
  "ethBalance": 0.35769432885289126,
  "usdtBalance": 0,
  "usdcBalance": 0,
  "kenduBalance": 4514955040.756332,
  "ethBalanceInUsd": 962.1941676709889,
  "kenduBalanceInUsd": 90931.19452083253,
  "totalUsdBalance": 962.1941676709889
}