{
  "ethBalance": 8.056063080971311,
  "usdtBalance": 22356.072978,
  "usdcBalance": 88.007775,
  "kenduBalance": 319823769.8171208,
  "ethBalanceInUsd": 23388.684579199147,
  "kenduBalanceInUsd": 38801.01975421309,
  "totalUsdBalance": 45832.765332199146
}