{
  "ethBalance": 0.09970106613863479,
  "usdtBalance": 0,
  "usdcBalance": 2500,
  "kenduBalance": 6024495045.797036,
  "ethBalanceInUsd": 189.2126833179011,
  "kenduBalanceInUsd": 42713.66987470099,
  "totalUsdBalance": 2689.212683317901
}