{
  "ethBalance": 0.038589031500035925,
  "usdtBalance": 0,
  "usdcBalance": 0,
  "kenduBalance": 35199894.08324558,
  "ethBalanceInUsd": 132.13463221084803,
  "kenduBalanceInUsd": 1737.4667719490021,
  "totalUsdBalance": 132.13463221084803
}