{
  "ethBalance": 0.35769432885289126,
  "usdtBalance": 0,
  "usdcBalance": 0,
  "kenduBalance": 4514955040.756332,
  "ethBalanceInUsd": 889.1816012655368,
  "kenduBalanceInUsd": 82307.63039298794,
  "totalUsdBalance": 889.1816012655368
}