{
  "ethBalance": 0.5002741579676101,
  "usdtBalance": 0,
  "usdcBalance": 100,
  "kenduBalance": 4855925261.348792,
  "ethBalanceInUsd": 1265.313411297998,
  "kenduBalanceInUsd": 112657.46606329198,
  "totalUsdBalance": 1365.313411297998
}