{
  "ethBalance": 0.04272247540230626,
  "usdtBalance": 0,
  "usdcBalance": 0,
  "kenduBalance": 1091213905.8365645,
  "ethBalanceInUsd": 111.48002731477796,
  "kenduBalanceInUsd": 50588.676674583134,
  "totalUsdBalance": 111.48002731477796
}