{
  "ethBalance": 0.038589031500035925,
  "usdtBalance": 0,
  "usdcBalance": 0,
  "kenduBalance": 35199894.08324558,
  "ethBalanceInUsd": 126.10934083243241,
  "kenduBalanceInUsd": 734.6217895173353,
  "totalUsdBalance": 126.10934083243241
}