{
  "ethBalance": 0.038589031500035925,
  "usdtBalance": 0,
  "usdcBalance": 0,
  "kenduBalance": 35199894.08324558,
  "ethBalanceInUsd": 126.46243047065772,
  "kenduBalanceInUsd": 519.1984377278724,
  "totalUsdBalance": 126.46243047065772
}