{
  "ethBalance": 0.5002741579676101,
  "usdtBalance": 0,
  "usdcBalance": 100,
  "kenduBalance": 4855925261.348792,
  "ethBalanceInUsd": 1307.1213226793514,
  "kenduBalanceInUsd": 145774.87634569075,
  "totalUsdBalance": 1407.1213226793514
}