{
  "ethBalance": 0.038589031500035925,
  "usdtBalance": 0,
  "usdcBalance": 0,
  "kenduBalance": 35199894.08324558,
  "ethBalanceInUsd": 140.84957908481613,
  "kenduBalanceInUsd": 679.7099547474722,
  "totalUsdBalance": 140.84957908481613
}