{
  "ethBalance": 0.35769432885289126,
  "usdtBalance": 0,
  "usdcBalance": 0,
  "kenduBalance": 4514955040.756332,
  "ethBalanceInUsd": 908.5006719668816,
  "kenduBalanceInUsd": 84519.95836295854,
  "totalUsdBalance": 908.5006719668816
}