{
  "ethBalance": 0.03983369884579122,
  "usdtBalance": 0,
  "usdcBalance": 0,
  "kenduBalance": 1091213805.8365645,
  "ethBalanceInUsd": 103.6042640019953,
  "kenduBalanceInUsd": 45569.08853173494,
  "totalUsdBalance": 103.6042640019953
}