{
  "ethBalance": 0.7135340112304981,
  "usdtBalance": 0,
  "usdcBalance": null,
  "kenduBalance": 4482236645.828448,
  "ethBalanceInUsd": 3207.128455617832,
  "kenduBalanceInUsd": 51590.54379348544,
  "totalUsdBalance": null
}