{
  "ethBalance": 0.038589031500035925,
  "usdtBalance": 0,
  "usdcBalance": 0,
  "kenduBalance": 35199894.08324558,
  "ethBalanceInUsd": 142.2353112059824,
  "kenduBalanceInUsd": 688.8619272091161,
  "totalUsdBalance": 142.2353112059824
}