{
  "ethBalance": 0.5002741579676101,
  "usdtBalance": 0,
  "usdcBalance": 100,
  "kenduBalance": 4855925261.348792,
  "ethBalanceInUsd": 1269.3956484270138,
  "kenduBalanceInUsd": 120766.86124974446,
  "totalUsdBalance": 1369.3956484270138
}