{
  "ethBalance": 0.04459919224178026,
  "usdtBalance": 0,
  "usdcBalance": 0,
  "kenduBalance": 517214787.4674407,
  "ethBalanceInUsd": 104.01735808973685,
  "kenduBalanceInUsd": 24153.93057472948,
  "totalUsdBalance": 104.01735808973685
}