{
  "ethBalance": 0.3117728554842481,
  "usdtBalance": 0,
  "usdcBalance": 154.403285,
  "kenduBalance": 4113980899.4295063,
  "ethBalanceInUsd": 556.1466550699114,
  "kenduBalanceInUsd": 47228.500725450736,
  "totalUsdBalance": 710.5499400699114
}