{
  "ethBalance": 0.04459919224178026,
  "usdtBalance": 0,
  "usdcBalance": 0,
  "kenduBalance": 517214787.4674407,
  "ethBalanceInUsd": 104.9708888198661,
  "kenduBalanceInUsd": 24226.340644974924,
  "totalUsdBalance": 104.9708888198661
}