{
  "ethBalance": 0.04272247540230626,
  "usdtBalance": 0,
  "usdcBalance": 0,
  "kenduBalance": 517214787.4674407,
  "ethBalanceInUsd": 105.78341244463444,
  "kenduBalanceInUsd": 21852.32477049937,
  "totalUsdBalance": 105.78341244463444
}