{
  "ethBalance": 13.475892841222715,
  "usdtBalance": 3949.089252,
  "usdcBalance": 8005.206012,
  "kenduBalance": 10903927414.89931,
  "ethBalanceInUsd": 43881.415099945116,
  "kenduBalanceInUsd": 208483.09217287478,
  "totalUsdBalance": 55835.710363945116
}