{
  "ethBalance": 0.038589031500035925,
  "usdtBalance": 0,
  "usdcBalance": 0,
  "kenduBalance": 35199894.08324558,
  "ethBalanceInUsd": 127.05554388481329,
  "kenduBalanceInUsd": 1019.3889326507921,
  "totalUsdBalance": 127.05554388481329
}