{
  "ethBalance": 0.04459919224178026,
  "usdtBalance": 0,
  "usdcBalance": 0,
  "kenduBalance": 517214787.4674407,
  "ethBalanceInUsd": 105.95608497648702,
  "kenduBalanceInUsd": 27867.532748745707,
  "totalUsdBalance": 105.95608497648702
}