{
  "ethBalance": 0.3117728554842481,
  "usdtBalance": 0,
  "usdcBalance": 0.463046,
  "kenduBalance": 4113980899.4295063,
  "ethBalanceInUsd": 572.8701510380865,
  "kenduBalanceInUsd": 45418.349129701746,
  "totalUsdBalance": 573.3331970380865
}