{
  "ethBalance": 0.045462183917402754,
  "usdtBalance": 0,
  "usdcBalance": 0,
  "kenduBalance": 307214787.46744066,
  "ethBalanceInUsd": 119.93924285457028,
  "kenduBalanceInUsd": 16110.343454792588,
  "totalUsdBalance": 119.93924285457028
}