{
  "ethBalance": 0.9903818468589797,
  "usdtBalance": 0,
  "usdcBalance": null,
  "kenduBalance": 4677192821.897994,
  "ethBalanceInUsd": 4772.25396727468,
  "kenduBalanceInUsd": 83955.611153069,
  "totalUsdBalance": null
}