{
  "ethBalance": 0.3119048631851912,
  "usdtBalance": 0,
  "usdcBalance": 0.463046,
  "kenduBalance": 4175387837.757599,
  "ethBalanceInUsd": 648.8681630786806,
  "kenduBalanceInUsd": 47098.37480990572,
  "totalUsdBalance": 649.3312090786806
}