{
  "ethBalance": 0.04459919224178026,
  "usdtBalance": 0,
  "usdcBalance": 0,
  "kenduBalance": 517214787.4674407,
  "ethBalanceInUsd": 112.29452217788885,
  "kenduBalanceInUsd": 36406.74888983315,
  "totalUsdBalance": 112.29452217788885
}