{
  "ethBalance": 0.038589031500035925,
  "usdtBalance": 0,
  "usdcBalance": 0,
  "kenduBalance": 35199894.08324558,
  "ethBalanceInUsd": 135.70064461176634,
  "kenduBalanceInUsd": 1225.3083130377788,
  "totalUsdBalance": 135.70064461176634
}