{
  "ethBalance": 0.038589031500035925,
  "usdtBalance": 0,
  "usdcBalance": 0,
  "kenduBalance": 35199894.08324558,
  "ethBalanceInUsd": 142.96232855944308,
  "kenduBalanceInUsd": 936.3171826143325,
  "totalUsdBalance": 142.96232855944308
}