{
  "ethBalance": 0.04272247540230626,
  "usdtBalance": 0,
  "usdcBalance": 0,
  "kenduBalance": 517214787.4674407,
  "ethBalanceInUsd": 101.51842772522221,
  "kenduBalanceInUsd": 26600.356519450477,
  "totalUsdBalance": 101.51842772522221
}