{
  "ethBalance": 0.045462183917402754,
  "usdtBalance": 0,
  "usdcBalance": 0,
  "kenduBalance": 307214787.46744066,
  "ethBalanceInUsd": 125.66884189368056,
  "kenduBalanceInUsd": 25892.0622877559,
  "totalUsdBalance": 125.66884189368056
}