{
  "ethBalance": 0.9902157498683816,
  "usdtBalance": 0,
  "usdcBalance": null,
  "kenduBalance": 4558502396.376256,
  "ethBalanceInUsd": 4415.193789828137,
  "kenduBalanceInUsd": 62907.33306999233,
  "totalUsdBalance": null
}