{
  "ethBalance": 0.04272247540230626,
  "usdtBalance": 0,
  "usdcBalance": 0,
  "kenduBalance": 517214787.4674407,
  "ethBalanceInUsd": 112.64293309522873,
  "kenduBalanceInUsd": 27464.105214521103,
  "totalUsdBalance": 112.64293309522873
}