{
  "ethBalance": 0.045462183917402754,
  "usdtBalance": 0,
  "usdcBalance": 0,
  "kenduBalance": 307214787.46744066,
  "ethBalanceInUsd": 125.82886878106981,
  "kenduBalanceInUsd": 27879.74196267024,
  "totalUsdBalance": 125.82886878106981
}