{
  "ethBalance": 0.04272247540230626,
  "usdtBalance": 0,
  "usdcBalance": 0,
  "kenduBalance": 517214787.4674407,
  "ethBalanceInUsd": 114.43172314032329,
  "kenduBalanceInUsd": 29729.505983628493,
  "totalUsdBalance": 114.43172314032329
}