{
  "ethBalance": 0.3119048631851912,
  "usdtBalance": 0,
  "usdcBalance": 0.463046,
  "kenduBalance": 4175387837.757599,
  "ethBalanceInUsd": 653.5560931723539,
  "kenduBalanceInUsd": 44843.66537751661,
  "totalUsdBalance": 654.0191391723539
}