{
  "ethBalance": 0.35769432885289126,
  "usdtBalance": 0,
  "usdcBalance": 0,
  "kenduBalance": 4514955040.756332,
  "ethBalanceInUsd": 890.9629190232241,
  "kenduBalanceInUsd": 73638.9167147358,
  "totalUsdBalance": 890.9629190232241
}