{
  "ethBalance": 0.04272247540230626,
  "usdtBalance": 0,
  "usdcBalance": 0,
  "kenduBalance": 517214787.4674407,
  "ethBalanceInUsd": 104.16508507639507,
  "kenduBalanceInUsd": 26062.453140484336,
  "totalUsdBalance": 104.16508507639507
}