{
  "ethBalance": 0.5002741579676101,
  "usdtBalance": 0,
  "usdcBalance": 100,
  "kenduBalance": 4855925261.348792,
  "ethBalanceInUsd": 1258.1344771311628,
  "kenduBalanceInUsd": 113482.97335772128,
  "totalUsdBalance": 1358.1344771311628
}