{
  "ethBalance": 0.04272247540230626,
  "usdtBalance": 0,
  "usdcBalance": 0,
  "kenduBalance": 517214787.4674407,
  "ethBalanceInUsd": 111.70645643441017,
  "kenduBalanceInUsd": 23569.477864891272,
  "totalUsdBalance": 111.70645643441017
}