{
  "ethBalance": 0.038589031500035925,
  "usdtBalance": 0,
  "usdcBalance": 0,
  "kenduBalance": 35199894.08324558,
  "ethBalanceInUsd": 147.99742538956778,
  "kenduBalanceInUsd": 866.6213923295063,
  "totalUsdBalance": 147.99742538956778
}