{
  "ethBalance": 0.5002741579676101,
  "usdtBalance": 0,
  "usdcBalance": 100,
  "kenduBalance": 4855925261.348792,
  "ethBalanceInUsd": 1258.9149048175923,
  "kenduBalanceInUsd": 112317.55129499757,
  "totalUsdBalance": 1358.9149048175923
}