{
  "ethBalance": 0.3194927667359207,
  "usdtBalance": 0,
  "usdcBalance": 884.463046,
  "kenduBalance": 4753954448.539579,
  "ethBalanceInUsd": 630.5317548640089,
  "kenduBalanceInUsd": 34038.31385154339,
  "totalUsdBalance": 1514.994800864009
}