{
  "ethBalance": 0.038589031500035925,
  "usdtBalance": 0,
  "usdcBalance": 0,
  "kenduBalance": 35199894.08324558,
  "ethBalanceInUsd": 118.52543847173034,
  "kenduBalanceInUsd": 726.1738149373564,
  "totalUsdBalance": 118.52543847173034
}