{
  "ethBalance": 0.038589031500035925,
  "usdtBalance": 0,
  "usdcBalance": 0,
  "kenduBalance": 35199894.08324558,
  "ethBalanceInUsd": 155.56087556357483,
  "kenduBalanceInUsd": 1235.8682812627524,
  "totalUsdBalance": 155.56087556357483
}