{
  "ethBalance": 0.045462183917402754,
  "usdtBalance": 0,
  "usdcBalance": 0,
  "kenduBalance": 307214787.46744066,
  "ethBalanceInUsd": 119.84922773041383,
  "kenduBalanceInUsd": 23523.43627638193,
  "totalUsdBalance": 119.84922773041383
}