{
  "ethBalance": 0.038589031500035925,
  "usdtBalance": 0,
  "usdcBalance": 0,
  "kenduBalance": 13206739398.082659,
  "ethBalanceInUsd": 126.82786859896308,
  "kenduBalanceInUsd": 177630.64490421175,
  "totalUsdBalance": 126.82786859896308
}