{
  "ethBalance": 0.5002528644753425,
  "usdtBalance": 0,
  "usdcBalance": null,
  "kenduBalance": 4845166789.051858,
  "ethBalanceInUsd": 1795.2674597999508,
  "kenduBalanceInUsd": 111390.38448030221,
  "totalUsdBalance": null
}