{
  "ethBalance": 0.3579488855246269,
  "usdtBalance": 0,
  "usdcBalance": 0,
  "kenduBalance": 3705282011.416198,
  "ethBalanceInUsd": 561.7327655426523,
  "kenduBalanceInUsd": 40832.207765806495,
  "totalUsdBalance": 561.7327655426523
}