{
  "ethBalance": 0.3579488855246269,
  "usdtBalance": 0,
  "usdcBalance": 0,
  "kenduBalance": 3705282011.416198,
  "ethBalanceInUsd": 647.440046692669,
  "kenduBalanceInUsd": 46908.87026452907,
  "totalUsdBalance": 647.440046692669
}