{
  "ethBalance": 0.3119048631851912,
  "usdtBalance": 0,
  "usdcBalance": 0.463046,
  "kenduBalance": 4175387837.757599,
  "ethBalanceInUsd": 624.9824886559586,
  "kenduBalanceInUsd": 39081.63016141113,
  "totalUsdBalance": 625.4455346559586
}