{
  "ethBalance": 0.04459919224178026,
  "usdtBalance": 0,
  "usdcBalance": 0,
  "kenduBalance": 517214787.4674407,
  "ethBalanceInUsd": 112.79983102598821,
  "kenduBalanceInUsd": 33924.117909989436,
  "totalUsdBalance": 112.79983102598821
}