{
  "ethBalance": 0.11064889545570843,
  "usdtBalance": 0,
  "usdcBalance": 0,
  "kenduBalance": 11696082608.223656,
  "ethBalanceInUsd": 366.36070583175973,
  "kenduBalanceInUsd": 344566.5936382689,
  "totalUsdBalance": 366.36070583175973
}