{
  "ethBalance": 0.04459919224178026,
  "usdtBalance": 0,
  "usdcBalance": 0,
  "kenduBalance": 517214787.4674407,
  "ethBalanceInUsd": 111.75888587906506,
  "kenduBalanceInUsd": 33034.50847554544,
  "totalUsdBalance": 111.75888587906506
}