{
  "ethBalance": 0.06254024854608203,
  "usdtBalance": 0,
  "usdcBalance": 0,
  "kenduBalance": 6456272656.749752,
  "ethBalanceInUsd": 156.88471508778863,
  "kenduBalanceInUsd": 68759.30379438486,
  "totalUsdBalance": 156.88471508778863
}