{
  "ethBalance": 1.2350681787309672,
  "usdtBalance": 0,
  "usdcBalance": null,
  "kenduBalance": 4489413951.490725,
  "ethBalanceInUsd": 5347.536446860405,
  "kenduBalanceInUsd": 65769.91438933912,
  "totalUsdBalance": null
}