{
  "ethBalance": 0.04272247540230626,
  "usdtBalance": 0,
  "usdcBalance": 0,
  "kenduBalance": 517214787.4674407,
  "ethBalanceInUsd": 100.5494819830979,
  "kenduBalanceInUsd": 22571.253325079113,
  "totalUsdBalance": 100.5494819830979
}