{
  "ethBalance": 0.038589031500035925,
  "usdtBalance": 0,
  "usdcBalance": 0,
  "kenduBalance": 35199894.08324558,
  "ethBalanceInUsd": 103.82726226368166,
  "kenduBalanceInUsd": 1895.1622974419422,
  "totalUsdBalance": 103.82726226368166
}