{
  "ethBalance": 0.038589031500035925,
  "usdtBalance": 0,
  "usdcBalance": 0,
  "kenduBalance": 35199894.08324558,
  "ethBalanceInUsd": 138.6762448307341,
  "kenduBalanceInUsd": 853.2454325778729,
  "totalUsdBalance": 138.6762448307341
}