{
  "ethBalance": 0.038589031500035925,
  "usdtBalance": 0,
  "usdcBalance": 0,
  "kenduBalance": 35199894.08324558,
  "ethBalanceInUsd": 131.97487362043788,
  "kenduBalanceInUsd": 1130.6205979538481,
  "totalUsdBalance": 131.97487362043788
}