{
  "ethBalance": 0.35769432885289126,
  "usdtBalance": 0,
  "usdcBalance": 0,
  "kenduBalance": 4514955040.756332,
  "ethBalanceInUsd": 888.9204844054741,
  "kenduBalanceInUsd": 81133.74208239128,
  "totalUsdBalance": 888.9204844054741
}