{
  "ethBalance": 0.038589031500035925,
  "usdtBalance": 0,
  "usdcBalance": 0,
  "kenduBalance": 35199894.08324558,
  "ethBalanceInUsd": 128.05808692318422,
  "kenduBalanceInUsd": 770.8776804230782,
  "totalUsdBalance": 128.05808692318422
}