{
  "ethBalance": 0.038589031500035925,
  "usdtBalance": 0,
  "usdcBalance": 0,
  "kenduBalance": 35199894.08324558,
  "ethBalanceInUsd": 127.65213031180383,
  "kenduBalanceInUsd": 1112.3166530305605,
  "totalUsdBalance": 127.65213031180383
}