{
  "ethBalance": 0.04459919224178026,
  "usdtBalance": 0,
  "usdcBalance": 0,
  "kenduBalance": 517214787.4674407,
  "ethBalanceInUsd": 104.7577046809504,
  "kenduBalanceInUsd": 24852.17053781053,
  "totalUsdBalance": 104.7577046809504
}