{
  "ethBalance": 0.5002741579676101,
  "usdtBalance": 0,
  "usdcBalance": 100,
  "kenduBalance": 4855925261.348792,
  "ethBalanceInUsd": 1320.2285056181029,
  "kenduBalanceInUsd": 156263.67491020414,
  "totalUsdBalance": 1420.2285056181029
}