{
  "ethBalance": 0.3579488855246269,
  "usdtBalance": 0,
  "usdcBalance": 0,
  "kenduBalance": 3705282011.416198,
  "ethBalanceInUsd": 579.243625022517,
  "kenduBalanceInUsd": 41054.52468649147,
  "totalUsdBalance": 579.243625022517
}