{
  "ethBalance": 8.056063080971311,
  "usdtBalance": 22313.097842,
  "usdcBalance": 88.007775,
  "kenduBalance": 319721753.5049916,
  "ethBalanceInUsd": 25110.506941495147,
  "kenduBalanceInUsd": 39655.08908722411,
  "totalUsdBalance": 47511.612558495144
}