{
  "ethBalance": 0.04272247540230626,
  "usdtBalance": 0,
  "usdcBalance": 0,
  "kenduBalance": 517214787.4674407,
  "ethBalanceInUsd": 106.07606140114024,
  "kenduBalanceInUsd": 24691.83395369562,
  "totalUsdBalance": 106.07606140114024
}