{
  "ethBalance": 0.5002741579676101,
  "usdtBalance": 0,
  "usdcBalance": 100,
  "kenduBalance": 4855925261.348792,
  "ethBalanceInUsd": 1246.3880399020834,
  "kenduBalanceInUsd": 113774.3288734022,
  "totalUsdBalance": 1346.3880399020834
}