{
  "ethBalance": 4.092998430208601,
  "usdtBalance": 0,
  "usdcBalance": 0,
  "kenduBalance": 8310029020.399478,
  "ethBalanceInUsd": 10797.370788874592,
  "kenduBalanceInUsd": 113930.49786967684,
  "totalUsdBalance": 10797.370788874592
}