{
  "ethBalance": 0.06254024854608203,
  "usdtBalance": 0,
  "usdcBalance": 0,
  "kenduBalance": 6456272656.749752,
  "ethBalanceInUsd": 153.0191023251553,
  "kenduBalanceInUsd": 68565.61561468236,
  "totalUsdBalance": 153.0191023251553
}