{
  "ethBalance": 0.04272247540230626,
  "usdtBalance": 0,
  "usdcBalance": 0,
  "kenduBalance": 517214787.4674407,
  "ethBalanceInUsd": 104.7785798231722,
  "kenduBalanceInUsd": 21459.241532024116,
  "totalUsdBalance": 104.7785798231722
}