{
  "ethBalance": 0.5002741579676101,
  "usdtBalance": 0,
  "usdcBalance": 100,
  "kenduBalance": 4855925261.348792,
  "ethBalanceInUsd": 1270.9615065414525,
  "kenduBalanceInUsd": 132032.60785607365,
  "totalUsdBalance": 1370.9615065414525
}