{
  "ethBalance": 0.045462183917402754,
  "usdtBalance": 0,
  "usdcBalance": 0,
  "kenduBalance": 307214787.46744066,
  "ethBalanceInUsd": 122.08323944811501,
  "kenduBalanceInUsd": 24571.038701645906,
  "totalUsdBalance": 122.08323944811501
}