{
  "ethBalance": 0.04272247540230626,
  "usdtBalance": 0,
  "usdcBalance": 0,
  "kenduBalance": 517214787.4674407,
  "ethBalanceInUsd": 101.63463285831646,
  "kenduBalanceInUsd": 23936.700363993154,
  "totalUsdBalance": 101.63463285831646
}