{
  "ethBalance": 0.04272247540230626,
  "usdtBalance": 0,
  "usdcBalance": 0,
  "kenduBalance": 517214787.4674407,
  "ethBalanceInUsd": 112.76640104914141,
  "kenduBalanceInUsd": 30189.827144474515,
  "totalUsdBalance": 112.76640104914141
}