{
  "ethBalance": 0.04459919224178026,
  "usdtBalance": 0,
  "usdcBalance": 0,
  "kenduBalance": 517214787.4674407,
  "ethBalanceInUsd": 105.05250534166856,
  "kenduBalanceInUsd": 25483.172578520804,
  "totalUsdBalance": 105.05250534166856
}