{
  "ethBalance": 0.3579488855246269,
  "usdtBalance": 0,
  "usdcBalance": 0,
  "kenduBalance": 3705282011.416198,
  "ethBalanceInUsd": 569.3642357820373,
  "kenduBalanceInUsd": 39572.41188192499,
  "totalUsdBalance": 569.3642357820373
}