{
  "ethBalance": 0.5002741579676101,
  "usdtBalance": 0,
  "usdcBalance": 100,
  "kenduBalance": 4855925261.348792,
  "ethBalanceInUsd": 1249.7548849852055,
  "kenduBalanceInUsd": 124311.68669052907,
  "totalUsdBalance": 1349.7548849852055
}