{
  "ethBalance": 0.038589031500035925,
  "usdtBalance": 0,
  "usdcBalance": 0,
  "kenduBalance": 35199894.08324558,
  "ethBalanceInUsd": 149.83117616644947,
  "kenduBalanceInUsd": 920.1252313360395,
  "totalUsdBalance": 149.83117616644947
}