{
  "ethBalance": 0.038589031500035925,
  "usdtBalance": 0,
  "usdcBalance": 0,
  "kenduBalance": 35199894.08324558,
  "ethBalanceInUsd": 130.4992290558765,
  "kenduBalanceInUsd": 1108.7966636222359,
  "totalUsdBalance": 130.4992290558765
}