{
  "ethBalance": 18.27649738337883,
  "usdtBalance": 0,
  "usdcBalance": 0,
  "kenduBalance": 10805029020.399477,
  "ethBalanceInUsd": 51403.74548059596,
  "kenduBalanceInUsd": 137115.81826886936,
  "totalUsdBalance": 51403.74548059596
}