{
  "ethBalance": 0.10788809429719365,
  "usdtBalance": 3946.421819,
  "usdcBalance": 0,
  "kenduBalance": 13268928669.075045,
  "ethBalanceInUsd": 330.74282075841984,
  "kenduBalanceInUsd": 288466.50926569145,
  "totalUsdBalance": 4277.16463975842
}