{
  "ethBalance": 0.038589031500035925,
  "usdtBalance": 0,
  "usdcBalance": 0,
  "kenduBalance": 35199894.08324558,
  "ethBalanceInUsd": 131.4681996368424,
  "kenduBalanceInUsd": 759.2617153756072,
  "totalUsdBalance": 131.4681996368424
}