{
  "ethBalance": 0.0624422229661258,
  "usdtBalance": 0,
  "usdcBalance": 0,
  "kenduBalance": 6379544426.92592,
  "ethBalanceInUsd": 129.60632683295003,
  "kenduBalanceInUsd": 59265.9677261418,
  "totalUsdBalance": 129.60632683295003
}