{
  "ethBalance": 0.038589031500035925,
  "usdtBalance": 0,
  "usdcBalance": 0,
  "kenduBalance": 35199894.08324558,
  "ethBalanceInUsd": 139.47542367309984,
  "kenduBalanceInUsd": 821.2135289621194,
  "totalUsdBalance": 139.47542367309984
}