{
  "ethBalance": 0.3119048631851912,
  "usdtBalance": 0,
  "usdcBalance": 0.463046,
  "kenduBalance": 4175387837.757599,
  "ethBalanceInUsd": 612.4158417182273,
  "kenduBalanceInUsd": 34488.703539877766,
  "totalUsdBalance": 612.8788877182272
}