{
  "ethBalance": 0.5002741579676101,
  "usdtBalance": 0,
  "usdcBalance": 100,
  "kenduBalance": 4855925261.348792,
  "ethBalanceInUsd": 1297.2859327337083,
  "kenduBalanceInUsd": 125185.75323757186,
  "totalUsdBalance": 1397.2859327337083
}