{
  "ethBalance": 0.04459919224178026,
  "usdtBalance": 0,
  "usdcBalance": 0,
  "kenduBalance": 517214787.4674407,
  "ethBalanceInUsd": 106.15633534965262,
  "kenduBalanceInUsd": 26088.31387985771,
  "totalUsdBalance": 106.15633534965262
}