{
  "ethBalance": 0.3579488855246269,
  "usdtBalance": 0,
  "usdcBalance": 0,
  "kenduBalance": 3705282011.416198,
  "ethBalanceInUsd": 554.1370901918197,
  "kenduBalanceInUsd": 40461.67956466488,
  "totalUsdBalance": 554.1370901918197
}