{
  "ethBalance": 0.038589031500035925,
  "usdtBalance": 0,
  "usdcBalance": 0,
  "kenduBalance": 35199894.08324558,
  "ethBalanceInUsd": 122.26973219817884,
  "kenduBalanceInUsd": 1452.6996288155453,
  "totalUsdBalance": 122.26973219817884
}