{
  "ethBalance": 0.04459919224178026,
  "usdtBalance": 0,
  "usdcBalance": 0,
  "kenduBalance": 517214787.4674407,
  "ethBalanceInUsd": 101.14606209321103,
  "kenduBalanceInUsd": 23383.280541402997,
  "totalUsdBalance": 101.14606209321103
}