{
  "ethBalance": 0.11420553765466597,
  "usdtBalance": 0,
  "usdcBalance": 0,
  "kenduBalance": 11896082608.223656,
  "ethBalanceInUsd": 374.8659726869225,
  "kenduBalanceInUsd": 320242.5438133808,
  "totalUsdBalance": 374.8659726869225
}