{
  "ethBalance": 0.038589031500035925,
  "usdtBalance": 0,
  "usdcBalance": 0,
  "kenduBalance": 35199894.08324558,
  "ethBalanceInUsd": 153.8050746303232,
  "kenduBalanceInUsd": 1148.220544995471,
  "totalUsdBalance": 153.8050746303232
}