{
  "ethBalance": 13.475892841222715,
  "usdtBalance": 3949.089252,
  "usdcBalance": 8005.206012,
  "kenduBalance": 10903927414.89931,
  "ethBalanceInUsd": 43827.646287508636,
  "kenduBalanceInUsd": 206520.38523819295,
  "totalUsdBalance": 55781.94155150864
}