{
  "ethBalance": 8.051792938400936,
  "usdtBalance": 22356.072978,
  "usdcBalance": 88.007775,
  "kenduBalance": 947823769.8171208,
  "ethBalanceInUsd": 22674.251504183958,
  "kenduBalanceInUsd": 109947.557298786,
  "totalUsdBalance": 45118.33225718396
}