{
  "ethBalance": 0.35703877941042383,
  "usdtBalance": 0,
  "usdcBalance": 0,
  "kenduBalance": 4855947774.956796,
  "ethBalanceInUsd": 909.599135201584,
  "kenduBalanceInUsd": 187536.70306883144,
  "totalUsdBalance": 909.599135201584
}