{
  "ethBalance": 0.5002741579676101,
  "usdtBalance": 0,
  "usdcBalance": null,
  "kenduBalance": 4855925261.348792,
  "ethBalanceInUsd": 1280.0564907333037,
  "kenduBalanceInUsd": 89349.02480881778,
  "totalUsdBalance": null
}