{
  "ethBalance": 0.038589031500035925,
  "usdtBalance": 0,
  "usdcBalance": 0,
  "kenduBalance": 35199894.08324558,
  "ethBalanceInUsd": 137.88285434309336,
  "kenduBalanceInUsd": 798.3335978080098,
  "totalUsdBalance": 137.88285434309336
}