{
  "ethBalance": 0.5002741579676101,
  "usdtBalance": 0,
  "usdcBalance": 100,
  "kenduBalance": 4855925261.348792,
  "ethBalanceInUsd": 1337.522983259043,
  "kenduBalanceInUsd": 158108.92650951666,
  "totalUsdBalance": 1437.522983259043
}