{
  "ethBalance": 0.3194927667359207,
  "usdtBalance": 0,
  "usdcBalance": 884.463046,
  "kenduBalance": 4753954448.539579,
  "ethBalanceInUsd": 626.5412902074772,
  "kenduBalanceInUsd": 33182.602050806265,
  "totalUsdBalance": 1511.004336207477
}