{
  "ethBalance": 0.038589031500035925,
  "usdtBalance": 0,
  "usdcBalance": 0,
  "kenduBalance": 35199894.08324558,
  "ethBalanceInUsd": 127.92148175167408,
  "kenduBalanceInUsd": 1722.3308174932065,
  "totalUsdBalance": 127.92148175167408
}