{
  "ethBalance": 0.10788809429719365,
  "usdtBalance": 3946.421819,
  "usdcBalance": 0,
  "kenduBalance": 13268928669.075045,
  "ethBalanceInUsd": 359.2576440811681,
  "kenduBalanceInUsd": 342205.6703754454,
  "totalUsdBalance": 4305.679463081168
}