{
  "ethBalance": 0.038589031500035925,
  "usdtBalance": 0,
  "usdcBalance": 0,
  "kenduBalance": 35199894.08324558,
  "ethBalanceInUsd": 122.76984604641929,
  "kenduBalanceInUsd": 750.8137407956283,
  "totalUsdBalance": 122.76984604641929
}