{
  "ethBalance": 0.3196155371451788,
  "usdtBalance": 0,
  "usdcBalance": 884.463046,
  "kenduBalance": 5453954448.539579,
  "ethBalanceInUsd": 604.6007308406776,
  "kenduBalanceInUsd": 38777.61612911641,
  "totalUsdBalance": 1489.0637768406775
}