{
  "ethBalance": 0.038589031500035925,
  "usdtBalance": 0,
  "usdcBalance": 0,
  "kenduBalance": 35199894.08324558,
  "ethBalanceInUsd": 124.55381697266594,
  "kenduBalanceInUsd": 742.7177651564818,
  "totalUsdBalance": 124.55381697266594
}