{
  "ethBalance": 0.5002741579676101,
  "usdtBalance": 0,
  "usdcBalance": 100,
  "kenduBalance": 4855925261.348792,
  "ethBalanceInUsd": 1284.6390020202869,
  "kenduBalanceInUsd": 125088.63473234489,
  "totalUsdBalance": 1384.6390020202869
}