{
  "ethBalance": 0.038589031500035925,
  "usdtBalance": 0,
  "usdcBalance": 0,
  "kenduBalance": 35199894.08324558,
  "ethBalanceInUsd": 112.61012583308984,
  "kenduBalanceInUsd": 2008.1539574491603,
  "totalUsdBalance": 112.61012583308984
}