{
  "ethBalance": 0.04459919224178026,
  "usdtBalance": 0,
  "usdcBalance": 0,
  "kenduBalance": 517214787.4674407,
  "ethBalanceInUsd": 104.46602596368915,
  "kenduBalanceInUsd": 27060.6776802965,
  "totalUsdBalance": 104.46602596368915
}