{
  "ethBalance": 0.35779268808449755,
  "usdtBalance": 0,
  "usdcBalance": 0,
  "kenduBalance": 3546950453.60037,
  "ethBalanceInUsd": 644.6100406336734,
  "kenduBalanceInUsd": 39371.15003496411,
  "totalUsdBalance": 644.6100406336734
}