{
  "ethBalance": 0.038589031500035925,
  "usdtBalance": 0,
  "usdcBalance": 0,
  "kenduBalance": 35199894.08324558,
  "ethBalanceInUsd": 128.84491727546995,
  "kenduBalanceInUsd": 611.0701612851433,
  "totalUsdBalance": 128.84491727546995
}