{
  "ethBalance": 0.04272247540230626,
  "usdtBalance": 0,
  "usdcBalance": 0,
  "kenduBalance": 517214787.4674407,
  "ethBalanceInUsd": 113.67724422471856,
  "kenduBalanceInUsd": 30898.411403304908,
  "totalUsdBalance": 113.67724422471856
}