{
  "ethBalance": 0.038589031500035925,
  "usdtBalance": 0,
  "usdcBalance": 0,
  "kenduBalance": 35199894.08324558,
  "ethBalanceInUsd": 129.7560043091858,
  "kenduBalanceInUsd": 1699.8028852799291,
  "totalUsdBalance": 129.7560043091858
}