{
  "ethBalance": 0.3196155371451788,
  "usdtBalance": 0,
  "usdcBalance": 884.463046,
  "kenduBalance": 5453954448.539579,
  "ethBalanceInUsd": 617.6474370669437,
  "kenduBalanceInUsd": 38450.37886220404,
  "totalUsdBalance": 1502.1104830669437
}