{
  "ethBalance": 0.3196155371451788,
  "usdtBalance": 0,
  "usdcBalance": 884.463046,
  "kenduBalance": 5453954448.539579,
  "ethBalanceInUsd": 613.1888003237684,
  "kenduBalanceInUsd": 37959.52296183547,
  "totalUsdBalance": 1497.6518463237685
}