{
  "ethBalance": 0.3117728554842481,
  "usdtBalance": 0,
  "usdcBalance": 0.463046,
  "kenduBalance": 4113980899.4295063,
  "ethBalanceInUsd": 579.0681954051133,
  "kenduBalanceInUsd": 45706.32779266182,
  "totalUsdBalance": 579.5312414051133
}