{
  "ethBalance": 0.0660488809860724,
  "usdtBalance": 0,
  "usdcBalance": 0,
  "kenduBalance": 7622102282.100412,
  "ethBalanceInUsd": 184.57954231486806,
  "kenduBalanceInUsd": 65626.30064888456,
  "totalUsdBalance": 184.57954231486806
}