{
  "ethBalance": 0.5002741579676101,
  "usdtBalance": 0,
  "usdcBalance": 100,
  "kenduBalance": 4855925261.348792,
  "ethBalanceInUsd": 1333.060537769972,
  "kenduBalanceInUsd": 154466.9825635051,
  "totalUsdBalance": 1433.060537769972
}