{
  "ethBalance": 0.04459919224178026,
  "usdtBalance": 0,
  "usdcBalance": 0,
  "kenduBalance": 517214787.4674407,
  "ethBalanceInUsd": 107.6642340393472,
  "kenduBalanceInUsd": 29589.857991012286,
  "totalUsdBalance": 107.6642340393472
}