{
  "ethBalance": 0.04272247540230626,
  "usdtBalance": 0,
  "usdcBalance": 0,
  "kenduBalance": 517214787.4674407,
  "ethBalanceInUsd": 111.91878713715964,
  "kenduBalanceInUsd": 29419.177111148027,
  "totalUsdBalance": 111.91878713715964
}