{
  "ethBalance": 3.9773126053695473,
  "usdtBalance": 0,
  "usdcBalance": 0,
  "kenduBalance": 8110029020.399477,
  "ethBalanceInUsd": 10609.163189814839,
  "kenduBalanceInUsd": 106241.38016723315,
  "totalUsdBalance": 10609.163189814839
}