{
  "ethBalance": 0.0624422229661258,
  "usdtBalance": 0,
  "usdcBalance": 0,
  "kenduBalance": 6384544426.92592,
  "ethBalanceInUsd": 134.6229350260486,
  "kenduBalanceInUsd": 50246.364639906984,
  "totalUsdBalance": 134.6229350260486
}