{
  "ethBalance": 0.5002741579676101,
  "usdtBalance": 0,
  "usdcBalance": 100,
  "kenduBalance": 4855925261.348792,
  "ethBalanceInUsd": 1220.3337617551304,
  "kenduBalanceInUsd": 110569.418200912,
  "totalUsdBalance": 1320.3337617551304
}