{
  "ethBalance": 0.30943876692005484,
  "usdtBalance": 0,
  "usdcBalance": 0,
  "kenduBalance": 8110029020.399477,
  "ethBalanceInUsd": 831.8549539481759,
  "kenduBalanceInUsd": 89615.82067541422,
  "totalUsdBalance": 831.8549539481759
}