{
  "ethBalance": 0.038589031500035925,
  "usdtBalance": 0,
  "usdcBalance": 0,
  "kenduBalance": 35199894.08324558,
  "ethBalanceInUsd": 124.26208389452567,
  "kenduBalanceInUsd": 726.5258138781888,
  "totalUsdBalance": 124.26208389452567
}