{
  "ethBalance": 0.038589031500035925,
  "usdtBalance": 0,
  "usdcBalance": 0,
  "kenduBalance": 35199894.08324558,
  "ethBalanceInUsd": 142.58531372168773,
  "kenduBalanceInUsd": 959.5491127092746,
  "totalUsdBalance": 142.58531372168773
}