{
  "ethBalance": 0.3265431199402911,
  "usdtBalance": 0,
  "usdcBalance": 154.403285,
  "kenduBalance": 4113980899.4295063,
  "ethBalanceInUsd": 583.4737775717109,
  "kenduBalanceInUsd": 47475.339579416504,
  "totalUsdBalance": 737.8770625717109
}