{
  "ethBalance": 0.038589031500035925,
  "usdtBalance": 0,
  "usdcBalance": 0,
  "kenduBalance": 35199894.08324558,
  "ethBalanceInUsd": 153.36207254870277,
  "kenduBalanceInUsd": 1681.850939297474,
  "totalUsdBalance": 153.36207254870277
}