{
  "ethBalance": 0.35703877941042383,
  "usdtBalance": 0,
  "usdcBalance": 0,
  "kenduBalance": 4855947774.956796,
  "ethBalanceInUsd": 922.0562182152138,
  "kenduBalanceInUsd": 215701.20016358086,
  "totalUsdBalance": 922.0562182152138
}