{
  "ethBalance": 0.038589031500035925,
  "usdtBalance": 0,
  "usdcBalance": 0,
  "kenduBalance": 35199894.08324558,
  "ethBalanceInUsd": 144.13543511704418,
  "kenduBalanceInUsd": 896.1893033594325,
  "totalUsdBalance": 144.13543511704418
}