{
  "ethBalance": 18.27649738337883,
  "usdtBalance": 0,
  "usdcBalance": 0,
  "kenduBalance": 10805029020.399477,
  "ethBalanceInUsd": 49049.54985264293,
  "kenduBalanceInUsd": 149757.70222273676,
  "totalUsdBalance": 49049.54985264293
}