{
  "ethBalance": 0.038589031500035925,
  "usdtBalance": 0,
  "usdcBalance": 0,
  "kenduBalance": 35199894.08324558,
  "ethBalanceInUsd": 127.30058423483851,
  "kenduBalanceInUsd": 893.373311832773,
  "totalUsdBalance": 127.30058423483851
}