{
  "ethBalance": 0.5002528644753425,
  "usdtBalance": 0,
  "usdcBalance": null,
  "kenduBalance": 4845166789.051858,
  "ethBalanceInUsd": 1828.199105868363,
  "kenduBalanceInUsd": 111051.22280506858,
  "totalUsdBalance": null
}