{
  "ethBalance": 0.11828269992644785,
  "usdtBalance": 0,
  "usdcBalance": 0,
  "kenduBalance": 12696082608.223658,
  "ethBalanceInUsd": 383.8640288983005,
  "kenduBalanceInUsd": 343429.03455244994,
  "totalUsdBalance": 383.8640288983005
}