{
  "ethBalance": 0.04459919224178026,
  "usdtBalance": 0,
  "usdcBalance": 0,
  "kenduBalance": 517214787.4674407,
  "ethBalanceInUsd": 109.12128964988618,
  "kenduBalanceInUsd": 29067.47105567017,
  "totalUsdBalance": 109.12128964988618
}