{
  "ethBalance": 9.40272155275617,
  "usdtBalance": 3949.089252,
  "usdcBalance": 8005.206012,
  "kenduBalance": 11652025441.98484,
  "ethBalanceInUsd": 29110.8259273331,
  "kenduBalanceInUsd": 267180.9433847124,
  "totalUsdBalance": 41065.1211913331
}