{
  "ethBalance": 0.045462183917402754,
  "usdtBalance": 0,
  "usdcBalance": 0,
  "kenduBalance": 307214787.46744066,
  "ethBalanceInUsd": 122.6610638057052,
  "kenduBalanceInUsd": 24414.359160037508,
  "totalUsdBalance": 122.6610638057052
}