{
  "ethBalance": 0.35779268808449755,
  "usdtBalance": 0,
  "usdcBalance": 0,
  "kenduBalance": 3546950453.60037,
  "ethBalanceInUsd": 634.5202868296905,
  "kenduBalanceInUsd": 37349.3882764119,
  "totalUsdBalance": 634.5202868296905
}