{
  "ethBalance": 9.40272155275617,
  "usdtBalance": 3949.089252,
  "usdcBalance": 8005.206012,
  "kenduBalance": 11652025441.98484,
  "ethBalanceInUsd": 29501.414980634592,
  "kenduBalanceInUsd": 247722.06089659772,
  "totalUsdBalance": 41455.710244634596
}