{
  "ethBalance": 18.27649738337883,
  "usdtBalance": 0,
  "usdcBalance": 0,
  "kenduBalance": 10805029020.399477,
  "ethBalanceInUsd": 49582.49251634225,
  "kenduBalanceInUsd": 142194.1819084571,
  "totalUsdBalance": 49582.49251634225
}