{
  "ethBalance": 0.038589031500035925,
  "usdtBalance": 0,
  "usdcBalance": 0,
  "kenduBalance": 35199894.08324558,
  "ethBalanceInUsd": 142.48575402041766,
  "kenduBalanceInUsd": 976.4450618692324,
  "totalUsdBalance": 142.48575402041766
}