{
  "ethBalance": 0.038589031500035925,
  "usdtBalance": 0,
  "usdcBalance": 0,
  "kenduBalance": 35199894.08324558,
  "ethBalanceInUsd": 134.21072210554993,
  "kenduBalanceInUsd": 1220.0283289252918,
  "totalUsdBalance": 134.21072210554993
}