{
  "ethBalance": 0.09970106613863479,
  "usdtBalance": 0,
  "usdcBalance": 2500,
  "kenduBalance": 6024495045.797036,
  "ethBalanceInUsd": 188.40410767151678,
  "kenduBalanceInUsd": 42593.179973785045,
  "totalUsdBalance": 2688.4041076715166
}