{
  "ethBalance": 0.06254024854608203,
  "usdtBalance": 0,
  "usdcBalance": 0,
  "kenduBalance": 6456272656.749752,
  "ethBalanceInUsd": 158.5514127115417,
  "kenduBalanceInUsd": 71922.87739619224,
  "totalUsdBalance": 158.5514127115417
}