{
  "ethBalance": 0.038589031500035925,
  "usdtBalance": 0,
  "usdcBalance": 0,
  "kenduBalance": 35199894.08324558,
  "ethBalanceInUsd": 128.2541192032044,
  "kenduBalanceInUsd": 747.9977492689687,
  "totalUsdBalance": 128.2541192032044
}