{
  "ethBalance": 0.038589031500035925,
  "usdtBalance": 0,
  "usdcBalance": 0,
  "kenduBalance": 35199894.08324558,
  "ethBalanceInUsd": 94.0827600292926,
  "kenduBalanceInUsd": 1688.890918114123,
  "totalUsdBalance": 94.0827600292926
}