{
  "ethBalance": 0.04459919224178026,
  "usdtBalance": 0,
  "usdcBalance": 0,
  "kenduBalance": 517214787.4674407,
  "ethBalanceInUsd": 102.22893048084146,
  "kenduBalanceInUsd": 28079.590811607355,
  "totalUsdBalance": 102.22893048084146
}