{
  "ethBalance": 0.3119048631851912,
  "usdtBalance": 0,
  "usdcBalance": 0.463046,
  "kenduBalance": 4175387837.757599,
  "ethBalanceInUsd": 647.6299007718353,
  "kenduBalanceInUsd": 45052.43476940449,
  "totalUsdBalance": 648.0929467718353
}