{
  "ethBalance": 0.038589031500035925,
  "usdtBalance": 0,
  "usdcBalance": 0,
  "kenduBalance": 35199894.08324558,
  "ethBalanceInUsd": 130.05198218079107,
  "kenduBalanceInUsd": 1780.058643789729,
  "totalUsdBalance": 130.05198218079107
}