{
  "ethBalance": 0.35769432885289126,
  "usdtBalance": 0,
  "usdcBalance": 0,
  "kenduBalance": 4514955040.756332,
  "ethBalanceInUsd": 894.958364676511,
  "kenduBalanceInUsd": 77612.07715060136,
  "totalUsdBalance": 894.958364676511
}