{
  "ethBalance": 0.0624422229661258,
  "usdtBalance": 0,
  "usdcBalance": 0,
  "kenduBalance": 6384544426.92592,
  "ethBalanceInUsd": 127.49515527446532,
  "kenduBalanceInUsd": 47692.54686913662,
  "totalUsdBalance": 127.49515527446532
}