{
  "ethBalance": 0.038589031500035925,
  "usdtBalance": 0,
  "usdcBalance": 0,
  "kenduBalance": 35199894.08324558,
  "ethBalanceInUsd": 116.16957809865315,
  "kenduBalanceInUsd": 1817.7225304588019,
  "totalUsdBalance": 116.16957809865315
}