{
  "ethBalance": 0.038589031500035925,
  "usdtBalance": 0,
  "usdcBalance": 0,
  "kenduBalance": 35199894.08324558,
  "ethBalanceInUsd": 94.0951085193726,
  "kenduBalanceInUsd": 1184.1244369603814,
  "totalUsdBalance": 94.0951085193726
}