{
  "ethBalance": 0.038589031500035925,
  "usdtBalance": 0,
  "usdcBalance": 0,
  "kenduBalance": 35199894.08324558,
  "ethBalanceInUsd": 128.60991007363472,
  "kenduBalanceInUsd": 594.5262110660178,
  "totalUsdBalance": 128.60991007363472
}