{
  "ethBalance": 13.47560135212183,
  "usdtBalance": 3949.089252,
  "usdcBalance": 8005.206012,
  "kenduBalance": 10805029020.399477,
  "ethBalanceInUsd": 42743.39468480875,
  "kenduBalanceInUsd": 170719.45852231176,
  "totalUsdBalance": 54697.68994880875
}