{
  "ethBalance": 0.3579488855246269,
  "usdtBalance": 0,
  "usdcBalance": 0,
  "kenduBalance": 3705282011.416198,
  "ethBalanceInUsd": 580.9725181396009,
  "kenduBalanceInUsd": 41832.63390888887,
  "totalUsdBalance": 580.9725181396009
}