{
  "ethBalance": 0.045462183917402754,
  "usdtBalance": 0,
  "usdcBalance": 0,
  "kenduBalance": 307214787.46744066,
  "ethBalanceInUsd": 124.03584024736746,
  "kenduBalanceInUsd": 30531.005578514254,
  "totalUsdBalance": 124.03584024736746
}