{
  "ethBalance": 0.3406431199402911,
  "usdtBalance": 0,
  "usdcBalance": 154.403285,
  "kenduBalance": 4113980899.4295063,
  "ethBalanceInUsd": 612.3639174230632,
  "kenduBalanceInUsd": 47310.78034343932,
  "totalUsdBalance": 766.7672024230632
}