{
  "ethBalance": 0.038589031500035925,
  "usdtBalance": 0,
  "usdcBalance": 0,
  "kenduBalance": 35199894.08324558,
  "ethBalanceInUsd": 93.27316214842185,
  "kenduBalanceInUsd": 1977.530049596737,
  "totalUsdBalance": 93.27316214842185
}