{
  "ethBalance": 0.5002741579676101,
  "usdtBalance": 0,
  "usdcBalance": 100,
  "kenduBalance": 4855925261.348792,
  "ethBalanceInUsd": 1324.1906769492061,
  "kenduBalanceInUsd": 135091.84077072341,
  "totalUsdBalance": 1424.1906769492061
}