{
  "ethBalance": 0.038589031500035925,
  "usdtBalance": 0,
  "usdcBalance": 0,
  "kenduBalance": 35199894.08324558,
  "ethBalanceInUsd": 139.39863150041478,
  "kenduBalanceInUsd": 1017.6289379466298,
  "totalUsdBalance": 139.39863150041478
}