{
  "ethBalance": 0.04459919224178026,
  "usdtBalance": 0,
  "usdcBalance": 0,
  "kenduBalance": 517214787.4674407,
  "ethBalanceInUsd": 105.84324902011532,
  "kenduBalanceInUsd": 27520.998841142522,
  "totalUsdBalance": 105.84324902011532
}