{
  "ethBalance": 0.04272247540230626,
  "usdtBalance": 0,
  "usdcBalance": 0,
  "kenduBalance": 517214787.4674407,
  "ethBalanceInUsd": 101.65770299503372,
  "kenduBalanceInUsd": 22809.172127314137,
  "totalUsdBalance": 101.65770299503372
}