{
  "ethBalance": 0.10788809429719365,
  "usdtBalance": 3946.421819,
  "usdcBalance": 0,
  "kenduBalance": 13268928669.075045,
  "ethBalanceInUsd": 332.70314743179983,
  "kenduBalanceInUsd": 305052.6701020353,
  "totalUsdBalance": 4279.1249664318
}