{
  "ethBalance": 0.3579488855246269,
  "usdtBalance": 0,
  "usdcBalance": 0,
  "kenduBalance": 3705282011.416198,
  "ethBalanceInUsd": 569.7436616006934,
  "kenduBalanceInUsd": 44352.22567665189,
  "totalUsdBalance": 569.7436616006934
}