{
  "ethBalance": 0.04459919224178026,
  "usdtBalance": 0,
  "usdcBalance": 0,
  "kenduBalance": 517214787.4674407,
  "ethBalanceInUsd": 108.7586982169605,
  "kenduBalanceInUsd": 29408.83281539868,
  "totalUsdBalance": 108.7586982169605
}