{
  "ethBalance": 0.5002741579676101,
  "usdtBalance": 0,
  "usdcBalance": 100,
  "kenduBalance": 4855925261.348792,
  "ethBalanceInUsd": 1268.8503495948291,
  "kenduBalanceInUsd": 113094.49933681336,
  "totalUsdBalance": 1368.8503495948291
}