{
  "ethBalance": 0.3579488855246269,
  "usdtBalance": 0,
  "usdcBalance": 0,
  "kenduBalance": 3705282011.416198,
  "ethBalanceInUsd": 622.3012964622743,
  "kenduBalanceInUsd": 47649.9266668123,
  "totalUsdBalance": 622.3012964622743
}