{
  "ethBalance": 0.038589031500035925,
  "usdtBalance": 0,
  "usdcBalance": 0,
  "kenduBalance": 35199894.08324558,
  "ethBalanceInUsd": 127.03200457559826,
  "kenduBalanceInUsd": 818.0455384946274,
  "totalUsdBalance": 127.03200457559826
}