{
  "ethBalance": 0.3119048631851912,
  "usdtBalance": 0,
  "usdcBalance": 0.463046,
  "kenduBalance": 4175387837.757599,
  "ethBalanceInUsd": 653.8773551814348,
  "kenduBalanceInUsd": 45261.20416129237,
  "totalUsdBalance": 654.3404011814348
}