{
  "ethBalance": 0.06254024854608203,
  "usdtBalance": 0,
  "usdcBalance": 0,
  "kenduBalance": 6456272656.749752,
  "ethBalanceInUsd": 138.52602512708623,
  "kenduBalanceInUsd": 60688.96297344767,
  "totalUsdBalance": 138.52602512708623
}