{
  "ethBalance": 0.3119048631851912,
  "usdtBalance": 0,
  "usdcBalance": 0.463046,
  "kenduBalance": 4175387837.757599,
  "ethBalanceInUsd": 624.1341074280949,
  "kenduBalanceInUsd": 39373.90731005416,
  "totalUsdBalance": 624.5971534280949
}