{
  "ethBalance": 0.3119048631851912,
  "usdtBalance": 0,
  "usdcBalance": 0.463046,
  "kenduBalance": 4175387837.757599,
  "ethBalanceInUsd": 622.2252496654016,
  "kenduBalanceInUsd": 59332.26117453548,
  "totalUsdBalance": 622.6882956654016
}