{
  "ethBalance": 0.04272247540230626,
  "usdtBalance": 0,
  "usdcBalance": 0,
  "kenduBalance": 517214787.4674407,
  "ethBalanceInUsd": 103.60584787337889,
  "kenduBalanceInUsd": 25933.149443617476,
  "totalUsdBalance": 103.60584787337889
}