{
  "ethBalance": 0.5002741579676101,
  "usdtBalance": 0,
  "usdcBalance": 100,
  "kenduBalance": 4855925261.348792,
  "ethBalanceInUsd": 1223.9457411756566,
  "kenduBalanceInUsd": 111006.45147443339,
  "totalUsdBalance": 1323.9457411756566
}