{
  "ethBalance": 0.3196155371451788,
  "usdtBalance": 0,
  "usdcBalance": 884.463046,
  "kenduBalance": 5453954448.539579,
  "ethBalanceInUsd": 645.2877887192587,
  "kenduBalanceInUsd": 37086.89025006914,
  "totalUsdBalance": 1529.7508347192588
}