{
  "ethBalance": 0.04272247540230626,
  "usdtBalance": 0,
  "usdcBalance": 0,
  "kenduBalance": 517214787.4674407,
  "ethBalanceInUsd": 112.15589687564243,
  "kenduBalanceInUsd": 29786.39961024991,
  "totalUsdBalance": 112.15589687564243
}