{
  "ethBalance": 0.045462183917402754,
  "usdtBalance": 0,
  "usdcBalance": 0,
  "kenduBalance": 307214787.46744066,
  "ethBalanceInUsd": 122.42511507117388,
  "kenduBalanceInUsd": 24724.646095379627,
  "totalUsdBalance": 122.42511507117388
}