{
  "ethBalance": 0.3579488855246269,
  "usdtBalance": 0,
  "usdcBalance": 0,
  "kenduBalance": 3705282011.416198,
  "ethBalanceInUsd": 586.2737411342206,
  "kenduBalanceInUsd": 47946.3492277256,
  "totalUsdBalance": 586.2737411342206
}