{
  "ethBalance": 0.04272247540230626,
  "usdtBalance": 0,
  "usdcBalance": 0,
  "kenduBalance": 517214787.4674407,
  "ethBalanceInUsd": 102.29982180033039,
  "kenduBalanceInUsd": 23884.978885246415,
  "totalUsdBalance": 102.29982180033039
}