{
  "ethBalance": 0.038589031500035925,
  "usdtBalance": 0,
  "usdcBalance": 0,
  "kenduBalance": 35199894.08324558,
  "ethBalanceInUsd": 140.56247669045587,
  "kenduBalanceInUsd": 1059.1648129648597,
  "totalUsdBalance": 140.56247669045587
}