{
  "ethBalance": 0.038589031500035925,
  "usdtBalance": 0,
  "usdcBalance": 0,
  "kenduBalance": 35199894.08324558,
  "ethBalanceInUsd": 135.60147080081123,
  "kenduBalanceInUsd": 1236.5722791444173,
  "totalUsdBalance": 135.60147080081123
}