{
  "ethBalance": 0.9901682600569678,
  "usdtBalance": 0,
  "usdcBalance": null,
  "kenduBalance": 4550810118.308841,
  "ethBalanceInUsd": 4239.316290290502,
  "kenduBalanceInUsd": 60616.79077587376,
  "totalUsdBalance": null
}