{
  "ethBalance": 0.04459919224178026,
  "usdtBalance": 0,
  "usdcBalance": 0,
  "kenduBalance": 517214787.4674407,
  "ethBalanceInUsd": 114.08607173024116,
  "kenduBalanceInUsd": 31151.846649163952,
  "totalUsdBalance": 114.08607173024116
}