{
  "ethBalance": 0.700034011230498,
  "usdtBalance": 0,
  "usdcBalance": null,
  "kenduBalance": 4482236645.828448,
  "ethBalanceInUsd": 3202.347586414587,
  "kenduBalanceInUsd": 55803.84624056418,
  "totalUsdBalance": null
}