{
  "ethBalance": 0.045462183917402754,
  "usdtBalance": 0,
  "usdcBalance": 0,
  "kenduBalance": 307214787.46744066,
  "ethBalanceInUsd": 122.91610665748182,
  "kenduBalanceInUsd": 29421.960195756794,
  "totalUsdBalance": 122.91610665748182
}