{
  "ethBalance": 0.3196155371451788,
  "usdtBalance": 0,
  "usdcBalance": 884.463046,
  "kenduBalance": 5453954448.539579,
  "ethBalanceInUsd": 590.6686895765191,
  "kenduBalanceInUsd": 38723.07658463101,
  "totalUsdBalance": 1475.131735576519
}