{
  "ethBalance": 0.038589031500035925,
  "usdtBalance": 0,
  "usdcBalance": 0,
  "kenduBalance": 35199894.08324558,
  "ethBalanceInUsd": 128.32357945990447,
  "kenduBalanceInUsd": 950.7491391884632,
  "totalUsdBalance": 128.32357945990447
}