{
  "ethBalance": 0.038589031500035925,
  "usdtBalance": 0,
  "usdcBalance": 0,
  "kenduBalance": 35199894.08324558,
  "ethBalanceInUsd": 131.95403554342784,
  "kenduBalanceInUsd": 1065.8527928406763,
  "totalUsdBalance": 131.95403554342784
}