{
  "ethBalance": 0.0660488809860724,
  "usdtBalance": 0,
  "usdcBalance": 0,
  "kenduBalance": 7622102282.100412,
  "ethBalanceInUsd": 185.40977674886298,
  "kenduBalanceInUsd": 66388.5108770946,
  "totalUsdBalance": 185.40977674886298
}