{
  "ethBalance": 0.04272247540230626,
  "usdtBalance": 0,
  "usdcBalance": 0,
  "kenduBalance": 517214787.4674407,
  "ethBalanceInUsd": 110.05352386109496,
  "kenduBalanceInUsd": 29874.326124119376,
  "totalUsdBalance": 110.05352386109496
}