{
  "ethBalance": 0.35798968333076975,
  "usdtBalance": 0,
  "usdcBalance": 4004.403285,
  "kenduBalance": 3705282011.416198,
  "ethBalanceInUsd": 556.813573555846,
  "kenduBalanceInUsd": 38090.29907735851,
  "totalUsdBalance": 4561.216858555846
}