{
  "ethBalance": 0.5002741579676101,
  "usdtBalance": 0,
  "usdcBalance": 100,
  "kenduBalance": 4855925261.348792,
  "ethBalanceInUsd": 1270.8414407435403,
  "kenduBalanceInUsd": 123486.17939609977,
  "totalUsdBalance": 1370.8414407435403
}