{
  "ethBalance": 0.038589031500035925,
  "usdtBalance": 0,
  "usdcBalance": 0,
  "kenduBalance": 35199894.08324558,
  "ethBalanceInUsd": 150.1692160823898,
  "kenduBalanceInUsd": 1588.9232189177055,
  "totalUsdBalance": 150.1692160823898
}