{
  "ethBalance": 0.038589031500035925,
  "usdtBalance": 0,
  "usdcBalance": 0,
  "kenduBalance": 35199894.08324558,
  "ethBalanceInUsd": 139.16285251794957,
  "kenduBalanceInUsd": 840.2214717670721,
  "totalUsdBalance": 139.16285251794957
}