{
  "ethBalance": 0.038589031500035925,
  "usdtBalance": 0,
  "usdcBalance": 0,
  "kenduBalance": 35199894.08324558,
  "ethBalanceInUsd": 117.12812964111404,
  "kenduBalanceInUsd": 1722.6828164340388,
  "totalUsdBalance": 117.12812964111404
}