{
  "ethBalance": 0.7135340112304981,
  "usdtBalance": 0,
  "usdcBalance": 25.002104,
  "kenduBalance": 4482236645.828448,
  "ethBalanceInUsd": 3191.0953463854826,
  "kenduBalanceInUsd": 50469.98463202833,
  "totalUsdBalance": 3216.0974503854827
}