{
  "ethBalance": 0.038589031500035925,
  "usdtBalance": 0,
  "usdcBalance": 0,
  "kenduBalance": 35199894.08324558,
  "ethBalanceInUsd": 128.40693176794454,
  "kenduBalanceInUsd": 723.7098223515292,
  "totalUsdBalance": 128.40693176794454
}