{
  "ethBalance": 0.3117728554842481,
  "usdtBalance": 0,
  "usdcBalance": 0.463046,
  "kenduBalance": 4113980899.4295063,
  "ethBalanceInUsd": 583.7198464089383,
  "kenduBalanceInUsd": 45377.20932070745,
  "totalUsdBalance": 584.1828924089383
}