{
  "ethBalance": 0.3579488855246269,
  "usdtBalance": 0,
  "usdcBalance": 0,
  "kenduBalance": 3705282011.416198,
  "ethBalanceInUsd": 567.907383817952,
  "kenduBalanceInUsd": 42129.05646980217,
  "totalUsdBalance": 567.907383817952
}