{
  "ethBalance": 0.04272247540230626,
  "usdtBalance": 0,
  "usdcBalance": 0,
  "kenduBalance": 517214787.4674407,
  "ethBalanceInUsd": 103.47554432340185,
  "kenduBalanceInUsd": 22472.9825154603,
  "totalUsdBalance": 103.47554432340185
}