{
  "ethBalance": 0.038589031500035925,
  "usdtBalance": 0,
  "usdcBalance": 0,
  "kenduBalance": 35199894.08324558,
  "ethBalanceInUsd": 138.8807666976843,
  "kenduBalanceInUsd": 728.6378075231835,
  "totalUsdBalance": 138.8807666976843
}