{
  "ethBalance": 0.038589031500035925,
  "usdtBalance": 0,
  "usdcBalance": 0,
  "kenduBalance": 35199894.08324558,
  "ethBalanceInUsd": 113.61421243272078,
  "kenduBalanceInUsd": 1874.7463588736598,
  "totalUsdBalance": 113.61421243272078
}