{
  "ethBalance": 0.06254024854608203,
  "usdtBalance": 0,
  "usdcBalance": 0,
  "kenduBalance": 6456272656.749752,
  "ethBalanceInUsd": 138.74679220445393,
  "kenduBalanceInUsd": 59720.5220749352,
  "totalUsdBalance": 138.74679220445393
}