{
  "ethBalance": 0.04459919224178026,
  "usdtBalance": 0,
  "usdcBalance": 0,
  "kenduBalance": 517214787.4674407,
  "ethBalanceInUsd": 99.08513341971836,
  "kenduBalanceInUsd": 20517.91061883337,
  "totalUsdBalance": 99.08513341971836
}