{
  "ethBalance": 0.3579040556931112,
  "usdtBalance": 0,
  "usdcBalance": 0,
  "kenduBalance": 3646098337.9468102,
  "ethBalanceInUsd": 662.7380980080478,
  "kenduBalanceInUsd": 42477.04563708034,
  "totalUsdBalance": 662.7380980080478
}