{
  "ethBalance": 0.038589031500035925,
  "usdtBalance": 0,
  "usdcBalance": 0,
  "kenduBalance": 35199894.08324558,
  "ethBalanceInUsd": 128.65042855670978,
  "kenduBalanceInUsd": 1173.564468735408,
  "totalUsdBalance": 128.65042855670978
}