{
  "ethBalance": 3.9773126053695473,
  "usdtBalance": 0,
  "usdcBalance": 0,
  "kenduBalance": 8110029020.399477,
  "ethBalanceInUsd": 10591.42437559489,
  "kenduBalanceInUsd": 106727.9819084571,
  "totalUsdBalance": 10591.42437559489
}