{
  "ethBalance": 0.038589031500035925,
  "usdtBalance": 0,
  "usdcBalance": 0,
  "kenduBalance": 35199894.08324558,
  "ethBalanceInUsd": 100.964342016694,
  "kenduBalanceInUsd": 1234.1082865585902,
  "totalUsdBalance": 100.964342016694
}