{
  "ethBalance": 0.5002347289702855,
  "usdtBalance": 0,
  "usdcBalance": null,
  "kenduBalance": 4809031095.836518,
  "ethBalanceInUsd": 1875.8702289439914,
  "kenduBalanceInUsd": 98296.59559889844,
  "totalUsdBalance": null
}