{
  "ethBalance": 0.038589031500035925,
  "usdtBalance": 0,
  "usdcBalance": 0,
  "kenduBalance": 35199894.08324558,
  "ethBalanceInUsd": 130.36339566499637,
  "kenduBalanceInUsd": 792.349615813858,
  "totalUsdBalance": 130.36339566499637
}