{
  "ethBalance": 0.038589031500035925,
  "usdtBalance": 0,
  "usdcBalance": 0,
  "kenduBalance": 35199894.08324558,
  "ethBalanceInUsd": 140.79594033103106,
  "kenduBalanceInUsd": 825.7895151929414,
  "totalUsdBalance": 140.79594033103106
}