{
  "ethBalance": 0.04272247540230626,
  "usdtBalance": 0,
  "usdcBalance": 0,
  "kenduBalance": 517214787.4674407,
  "ethBalanceInUsd": 110.22740433598233,
  "kenduBalanceInUsd": 29977.769081612863,
  "totalUsdBalance": 110.22740433598233
}