{
  "ethBalance": 3.9774170719585187,
  "usdtBalance": 0,
  "usdcBalance": 0,
  "kenduBalance": 8310029020.399478,
  "ethBalanceInUsd": 10545.206560371462,
  "kenduBalanceInUsd": 107781.07639458122,
  "totalUsdBalance": 10545.206560371462
}