{
  "ethBalance": 0.045462183917402754,
  "usdtBalance": 0,
  "usdcBalance": 0,
  "kenduBalance": 307214787.46744066,
  "ethBalanceInUsd": 118.51400338875972,
  "kenduBalanceInUsd": 29879.71022908328,
  "totalUsdBalance": 118.51400338875972
}