{
  "ethBalance": 0.04459919224178026,
  "usdtBalance": 0,
  "usdcBalance": 0,
  "kenduBalance": 517214787.4674407,
  "ethBalanceInUsd": 102.06614342915896,
  "kenduBalanceInUsd": 23993.593990614576,
  "totalUsdBalance": 102.06614342915896
}