{
  "ethBalance": 0.5002741579676101,
  "usdtBalance": 0,
  "usdcBalance": 100,
  "kenduBalance": 4855925261.348792,
  "ethBalanceInUsd": 1264.5179753868297,
  "kenduBalanceInUsd": 121058.21676542539,
  "totalUsdBalance": 1364.5179753868297
}