{
  "ethBalance": 0.04272247540230626,
  "usdtBalance": 0,
  "usdcBalance": 0,
  "kenduBalance": 517214787.4674407,
  "ethBalanceInUsd": 109.29220934942586,
  "kenduBalanceInUsd": 29631.235174009682,
  "totalUsdBalance": 109.29220934942586
}