{
  "ethBalance": 0.038589031500035925,
  "usdtBalance": 0,
  "usdcBalance": 0,
  "kenduBalance": 35199894.08324558,
  "ethBalanceInUsd": 96.84650646532516,
  "kenduBalanceInUsd": 1613.91514371681,
  "totalUsdBalance": 96.84650646532516
}