{
  "ethBalance": 13.47560135212183,
  "usdtBalance": 3949.089252,
  "usdcBalance": 8005.206012,
  "kenduBalance": 10805029020.399477,
  "ethBalanceInUsd": 43783.980621219605,
  "kenduBalanceInUsd": 170935.55910271974,
  "totalUsdBalance": 55738.275885219606
}