{
  "ethBalance": 0.04272247540230626,
  "usdtBalance": 0,
  "usdcBalance": 0,
  "kenduBalance": 517214787.4674407,
  "ethBalanceInUsd": 102.15114758593036,
  "kenduBalanceInUsd": 26010.731661737595,
  "totalUsdBalance": 102.15114758593036
}