{
  "ethBalance": 0.04272247540230626,
  "usdtBalance": 0,
  "usdcBalance": 0,
  "kenduBalance": 517214787.4674407,
  "ethBalanceInUsd": 102.51642475062009,
  "kenduBalanceInUsd": 25364.213177403293,
  "totalUsdBalance": 102.51642475062009
}