{
  "ethBalance": 0.11064889545570843,
  "usdtBalance": 0,
  "usdcBalance": 0,
  "kenduBalance": 11696082608.223656,
  "ethBalanceInUsd": 375.0654544372603,
  "kenduBalanceInUsd": 339654.23894281493,
  "totalUsdBalance": 375.0654544372603
}