{
  "ethBalance": 0.5002741579676101,
  "usdtBalance": 0,
  "usdcBalance": 100,
  "kenduBalance": 4854925261.348792,
  "ethBalanceInUsd": 1202.0337330566751,
  "kenduBalanceInUsd": 164387.7693492701,
  "totalUsdBalance": 1302.0337330566751
}