{
  "ethBalance": 0.3579488855246269,
  "usdtBalance": 0,
  "usdcBalance": 0,
  "kenduBalance": 3705282011.416198,
  "ethBalanceInUsd": 570.8497236569644,
  "kenduBalanceInUsd": 39942.94008306661,
  "totalUsdBalance": 570.8497236569644
}