{
  "ethBalance": 0.038589031500035925,
  "usdtBalance": 0,
  "usdcBalance": 0,
  "kenduBalance": 35199894.08324558,
  "ethBalanceInUsd": 148.9714125446287,
  "kenduBalanceInUsd": 1138.0125757113296,
  "totalUsdBalance": 148.9714125446287
}