{
  "ethBalance": 0.03983369884579122,
  "usdtBalance": 0,
  "usdcBalance": 0,
  "kenduBalance": 1091213805.8365645,
  "ethBalanceInUsd": 103.5230032563499,
  "kenduBalanceInUsd": 46114.695434653215,
  "totalUsdBalance": 103.5230032563499
}