{
  "ethBalance": 0.038589031500035925,
  "usdtBalance": 0,
  "usdcBalance": 0,
  "kenduBalance": 35199894.08324558,
  "ethBalanceInUsd": 96.10328171863446,
  "kenduBalanceInUsd": 1775.130658618075,
  "totalUsdBalance": 96.10328171863446
}