{
  "ethBalance": 0.038589031500035925,
  "usdtBalance": 0,
  "usdcBalance": 0,
  "kenduBalance": 35199894.08324558,
  "ethBalanceInUsd": 96.60378145718994,
  "kenduBalanceInUsd": 1624.8271108826161,
  "totalUsdBalance": 96.60378145718994
}