{
  "ethBalance": 0.06254024854608203,
  "usdtBalance": 0,
  "usdcBalance": 0,
  "kenduBalance": 6456272656.749752,
  "ethBalanceInUsd": 139.02009309060028,
  "kenduBalanceInUsd": 61076.33933285265,
  "totalUsdBalance": 139.02009309060028
}