{
  "ethBalance": 0.038589031500035925,
  "usdtBalance": 0,
  "usdcBalance": 0,
  "kenduBalance": 35199894.08324558,
  "ethBalanceInUsd": 133.93133751748968,
  "kenduBalanceInUsd": 1030.6528987574306,
  "totalUsdBalance": 133.93133751748968
}