{
  "ethBalance": 3.9773126053695473,
  "usdtBalance": 0,
  "usdcBalance": 0,
  "kenduBalance": 8110029020.399477,
  "ethBalanceInUsd": 10508.974685285579,
  "kenduBalanceInUsd": 105592.57784560119,
  "totalUsdBalance": 10508.974685285579
}