{
  "ethBalance": 0.04272247540230626,
  "usdtBalance": 0,
  "usdcBalance": 0,
  "kenduBalance": 517214787.4674407,
  "ethBalanceInUsd": 104.12663484853302,
  "kenduBalanceInUsd": 22726.417761319346,
  "totalUsdBalance": 104.12663484853302
}