{
  "ethBalance": 0.038589031500035925,
  "usdtBalance": 0,
  "usdcBalance": 0,
  "kenduBalance": 35199894.08324558,
  "ethBalanceInUsd": 128.06773418105922,
  "kenduBalanceInUsd": 890.5573203061132,
  "totalUsdBalance": 128.06773418105922
}