{
  "ethBalance": 0.04459919224178026,
  "usdtBalance": 0,
  "usdcBalance": 0,
  "kenduBalance": 517214787.4674407,
  "ethBalanceInUsd": 107.85645655790928,
  "kenduBalanceInUsd": 28265.788135095634,
  "totalUsdBalance": 107.85645655790928
}