{
  "ethBalance": 0.5002741579676101,
  "usdtBalance": 0,
  "usdcBalance": 100,
  "kenduBalance": 4855925261.348792,
  "ethBalanceInUsd": 1398.42635925002,
  "kenduBalanceInUsd": 134169.21497106712,
  "totalUsdBalance": 1498.42635925002
}