{
  "ethBalance": 13.47560135212183,
  "usdtBalance": 3949.089252,
  "usdcBalance": 8005.206012,
  "kenduBalance": 10805029020.399477,
  "ethBalanceInUsd": 41541.371044199484,
  "kenduBalanceInUsd": 145111.53974396497,
  "totalUsdBalance": 53495.666308199485
}