{
  "ethBalance": 0.5002741579676101,
  "usdtBalance": 0,
  "usdcBalance": 100,
  "kenduBalance": 4855925261.348792,
  "ethBalanceInUsd": 1232.2202757484408,
  "kenduBalanceInUsd": 138588.10695889452,
  "totalUsdBalance": 1332.2202757484408
}