{
  "ethBalance": 0.0624422229661258,
  "usdtBalance": 0,
  "usdcBalance": 0,
  "kenduBalance": 6379544426.92592,
  "ethBalanceInUsd": 136.42251989193235,
  "kenduBalanceInUsd": 52503.65063360032,
  "totalUsdBalance": 136.42251989193235
}