{
  "ethBalance": 0.5002741579676101,
  "usdtBalance": 0,
  "usdcBalance": 100,
  "kenduBalance": 4855925261.348792,
  "ethBalanceInUsd": 1336.717541864715,
  "kenduBalanceInUsd": 156749.26743633903,
  "totalUsdBalance": 1436.717541864715
}