{
  "ethBalance": 0.038589031500035925,
  "usdtBalance": 0,
  "usdcBalance": 0,
  "kenduBalance": 35199894.08324558,
  "ethBalanceInUsd": 128.5612878939447,
  "kenduBalanceInUsd": 1177.7884560253972,
  "totalUsdBalance": 128.5612878939447
}