{
  "ethBalance": 0.3579488855246269,
  "usdtBalance": 0,
  "usdcBalance": 0,
  "kenduBalance": 3705282011.416198,
  "ethBalanceInUsd": 588.2209830714746,
  "kenduBalanceInUsd": 48316.87742886722,
  "totalUsdBalance": 588.2209830714746
}