{
  "ethBalance": 0.06262558795641449,
  "usdtBalance": 0,
  "usdcBalance": 0,
  "kenduBalance": 7456272656.749752,
  "ethBalanceInUsd": 155.3365083670905,
  "kenduBalanceInUsd": 68224.89480926024,
  "totalUsdBalance": 155.3365083670905
}