{
  "ethBalance": 18.27649738337883,
  "usdtBalance": 0,
  "usdcBalance": 0,
  "kenduBalance": 10805029020.399477,
  "ethBalanceInUsd": 49593.82394471995,
  "kenduBalanceInUsd": 154079.71383089654,
  "totalUsdBalance": 49593.82394471995
}