{
  "ethBalance": 0.038589031500035925,
  "usdtBalance": 0,
  "usdcBalance": 0,
  "kenduBalance": 35199894.08324558,
  "ethBalanceInUsd": 102.61325133269054,
  "kenduBalanceInUsd": 1569.915276112753,
  "totalUsdBalance": 102.61325133269054
}