{
  "ethBalance": 0.5002528644753425,
  "usdtBalance": 0,
  "usdcBalance": null,
  "kenduBalance": 4845166789.051858,
  "ethBalanceInUsd": 1823.9869767494804,
  "kenduBalanceInUsd": 101312.43755907436,
  "totalUsdBalance": null
}