{
  "ethBalance": 0.3196155371451788,
  "usdtBalance": 0,
  "usdcBalance": 884.463046,
  "kenduBalance": 5453954448.539579,
  "ethBalanceInUsd": 611.3510109851837,
  "kenduBalanceInUsd": 34250.83393682856,
  "totalUsdBalance": 1495.8140569851837
}