{
  "ethBalance": 0.20528601123049806,
  "usdtBalance": 0,
  "usdcBalance": null,
  "kenduBalance": 4482236645.828448,
  "ethBalanceInUsd": 960.2786918935747,
  "kenduBalanceInUsd": 61810.0433459743,
  "totalUsdBalance": null
}