{
  "ethBalance": 0.5002741579676101,
  "usdtBalance": 0,
  "usdcBalance": 100,
  "kenduBalance": 4855925261.348792,
  "ethBalanceInUsd": 1208.2321298738939,
  "kenduBalanceInUsd": 109161.19987512086,
  "totalUsdBalance": 1308.2321298738939
}