{
  "ethBalance": 0.3579488855246269,
  "usdtBalance": 0,
  "usdcBalance": 0,
  "kenduBalance": 3705282011.416198,
  "ethBalanceInUsd": 643.0623318227027,
  "kenduBalanceInUsd": 45908.44412144669,
  "totalUsdBalance": 643.0623318227027
}