{
  "ethBalance": 1.2248621787309673,
  "usdtBalance": 0,
  "usdcBalance": 25.002104,
  "kenduBalance": 4489413951.490725,
  "ethBalanceInUsd": 5262.595853674025,
  "kenduBalanceInUsd": 64108.83122728755,
  "totalUsdBalance": 5287.597957674026
}