{
  "ethBalance": 0.5002741579676101,
  "usdtBalance": 0,
  "usdcBalance": 100,
  "kenduBalance": 4855925261.348792,
  "ethBalanceInUsd": 1255.2128760486323,
  "kenduBalanceInUsd": 116736.44328282496,
  "totalUsdBalance": 1355.2128760486323
}