{
  "ethBalance": 0.04459919224178026,
  "usdtBalance": 0,
  "usdcBalance": 0,
  "kenduBalance": 517214787.4674407,
  "ethBalanceInUsd": 113.07812998557691,
  "kenduBalanceInUsd": 31793.192985623584,
  "totalUsdBalance": 113.07812998557691
}