{
  "ethBalance": 0.0624422229661258,
  "usdtBalance": 0,
  "usdcBalance": 0,
  "kenduBalance": 6384544426.92592,
  "ethBalanceInUsd": 133.3122727659896,
  "kenduBalanceInUsd": 53566.32774190846,
  "totalUsdBalance": 133.3122727659896
}