{
  "ethBalance": 0.11064889545570843,
  "usdtBalance": 0,
  "usdcBalance": 0,
  "kenduBalance": 11696082608.223656,
  "ethBalanceInUsd": 369.77865021238654,
  "kenduBalanceInUsd": 337315.0224211702,
  "totalUsdBalance": 369.77865021238654
}