{
  "ethBalance": 0.5002741579676101,
  "usdtBalance": 0,
  "usdcBalance": 100,
  "kenduBalance": 4855925261.348792,
  "ethBalanceInUsd": 1271.6518848794476,
  "kenduBalanceInUsd": 162527.8184973441,
  "totalUsdBalance": 1371.6518848794476
}