{
  "ethBalance": 0.5002741579676101,
  "usdtBalance": 0,
  "usdcBalance": 100,
  "kenduBalance": 4855925261.348792,
  "ethBalanceInUsd": 1277.9703474945786,
  "kenduBalanceInUsd": 116687.88403021147,
  "totalUsdBalance": 1377.9703474945786
}