{
  "ethBalance": 0.35769432885289126,
  "usdtBalance": 0,
  "usdcBalance": 0,
  "kenduBalance": 4514955040.756332,
  "ethBalanceInUsd": 930.2306024446947,
  "kenduBalanceInUsd": 103663.3677357654,
  "totalUsdBalance": 930.2306024446947
}