{
  "ethBalance": 0.038589031500035925,
  "usdtBalance": 0,
  "usdcBalance": 0,
  "kenduBalance": 35199894.08324558,
  "ethBalanceInUsd": 101.80326756150477,
  "kenduBalanceInUsd": 1644.8910505100662,
  "totalUsdBalance": 101.80326756150477
}