{
  "ethBalance": 0.045462183917402754,
  "usdtBalance": 0,
  "usdcBalance": 0,
  "kenduBalance": 307214787.46744066,
  "ethBalanceInUsd": 115.83491689050717,
  "kenduBalanceInUsd": 28239.183264007148,
  "totalUsdBalance": 115.83491689050717
}