{
  "ethBalance": 0.3579488855246269,
  "usdtBalance": 0,
  "usdcBalance": 0,
  "kenduBalance": 3705282011.416198,
  "ethBalanceInUsd": 587.2509415917028,
  "kenduBalanceInUsd": 49502.5676725204,
  "totalUsdBalance": 587.2509415917028
}