{
  "ethBalance": 0.038589031500035925,
  "usdtBalance": 0,
  "usdcBalance": 0,
  "kenduBalance": 35199894.08324558,
  "ethBalanceInUsd": 105.36503516895809,
  "kenduBalanceInUsd": 1333.0199889325104,
  "totalUsdBalance": 105.36503516895809
}