{
  "ethBalance": 13.47560135212183,
  "usdtBalance": 3949.089252,
  "usdcBalance": 8005.206012,
  "kenduBalance": 10805029020.399477,
  "ethBalanceInUsd": 33941.9404176839,
  "kenduBalanceInUsd": 126851.04069948985,
  "totalUsdBalance": 45896.2356816839
}