{
  "ethBalance": 0.5002741579676101,
  "usdtBalance": 0,
  "usdcBalance": 100,
  "kenduBalance": 4855925261.348792,
  "ethBalanceInUsd": 1258.934915783911,
  "kenduBalanceInUsd": 112366.11054761104,
  "totalUsdBalance": 1358.934915783911
}