{
  "ethBalance": 18.27649738337883,
  "usdtBalance": 0,
  "usdcBalance": 0,
  "kenduBalance": 10805029020.399477,
  "ethBalanceInUsd": 52624.249975858,
  "kenduBalanceInUsd": 154403.86470150854,
  "totalUsdBalance": 52624.249975858
}