{
  "ethBalance": 0.04459919224178026,
  "usdtBalance": 0,
  "usdcBalance": 0,
  "kenduBalance": 517214787.4674407,
  "ethBalanceInUsd": 112.47291894685597,
  "kenduBalanceInUsd": 33918.94576211477,
  "totalUsdBalance": 112.47291894685597
}