{
  "ethBalance": 0.038589031500035925,
  "usdtBalance": 0,
  "usdcBalance": 0,
  "kenduBalance": 35199894.08324558,
  "ethBalanceInUsd": 141.41375072534666,
  "kenduBalanceInUsd": 690.2699229724459,
  "totalUsdBalance": 141.41375072534666
}