{
  "ethBalance": 0.5002741579676101,
  "usdtBalance": 0,
  "usdcBalance": 100,
  "kenduBalance": 4855925261.348792,
  "ethBalanceInUsd": 1267.6546943572866,
  "kenduBalanceInUsd": 123923.21266962118,
  "totalUsdBalance": 1367.6546943572866
}