{
  "ethBalance": 0.038589031500035925,
  "usdtBalance": 0,
  "usdcBalance": 0,
  "kenduBalance": 35199894.08324558,
  "ethBalanceInUsd": 102.68348337002058,
  "kenduBalanceInUsd": 1590.3312146810354,
  "totalUsdBalance": 102.68348337002058
}