{
  "ethBalance": 0.5002741579676101,
  "usdtBalance": 0,
  "usdcBalance": 100,
  "kenduBalance": 4855925261.348792,
  "ethBalanceInUsd": 1311.4787105952491,
  "kenduBalanceInUsd": 146211.90961921215,
  "totalUsdBalance": 1411.4787105952491
}