{
  "ethBalance": 3.9774170719585187,
  "usdtBalance": 0,
  "usdcBalance": 0,
  "kenduBalance": 8310029020.399478,
  "ethBalanceInUsd": 10604.668945597241,
  "kenduBalanceInUsd": 107531.77552396925,
  "totalUsdBalance": 10604.668945597241
}