{
  "ethBalance": 0.35779268808449755,
  "usdtBalance": 0,
  "usdcBalance": 0,
  "kenduBalance": 3546950453.60037,
  "ethBalanceInUsd": 658.4387280281392,
  "kenduBalanceInUsd": 39371.15003496411,
  "totalUsdBalance": 658.4387280281392
}