{
  "ethBalance": 0.038589031500035925,
  "usdtBalance": 0,
  "usdcBalance": 0,
  "kenduBalance": 35199894.08324558,
  "ethBalanceInUsd": 132.40591310229325,
  "kenduBalanceInUsd": 1048.9568436807183,
  "totalUsdBalance": 132.40591310229325
}