{
  "ethBalance": 0.04272247540230626,
  "usdtBalance": 0,
  "usdcBalance": 0,
  "kenduBalance": 517214787.4674407,
  "ethBalanceInUsd": 114.01176120711862,
  "kenduBalanceInUsd": 28912.306619429935,
  "totalUsdBalance": 114.01176120711862
}