{
  "ethBalance": 0.038589031500035925,
  "usdtBalance": 0,
  "usdcBalance": 0,
  "kenduBalance": 35199894.08324558,
  "ethBalanceInUsd": 110.47499472019285,
  "kenduBalanceInUsd": 1901.850277317759,
  "totalUsdBalance": 110.47499472019285
}