{
  "ethBalance": 0.5002741579676101,
  "usdtBalance": 0,
  "usdcBalance": 100,
  "kenduBalance": 4855925261.348792,
  "ethBalanceInUsd": 1312.1340697421867,
  "kenduBalanceInUsd": 164178.83308620268,
  "totalUsdBalance": 1412.1340697421867
}