{
  "ethBalance": 0.35703877941042383,
  "usdtBalance": 0,
  "usdcBalance": 0,
  "kenduBalance": 4855947774.956796,
  "ethBalanceInUsd": 905.3825072167468,
  "kenduBalanceInUsd": 132033.22000107527,
  "totalUsdBalance": 905.3825072167468
}