{
  "ethBalance": 0.3579488855246269,
  "usdtBalance": 0,
  "usdcBalance": 0,
  "kenduBalance": 3705282011.416198,
  "ethBalanceInUsd": 635.7709130245661,
  "kenduBalanceInUsd": 47983.40204783976,
  "totalUsdBalance": 635.7709130245661
}