{
  "ethBalance": 0.04272247540230626,
  "usdtBalance": 0,
  "usdcBalance": 0,
  "kenduBalance": 517214787.4674407,
  "ethBalanceInUsd": 111.29931124382621,
  "kenduBalanceInUsd": 30288.09795409333,
  "totalUsdBalance": 111.29931124382621
}