{
  "ethBalance": 0.3579488855246269,
  "usdtBalance": 0,
  "usdcBalance": 0,
  "kenduBalance": 3705282011.416198,
  "ethBalanceInUsd": 573.3195709670845,
  "kenduBalanceInUsd": 39461.25342158251,
  "totalUsdBalance": 573.3195709670845
}