{
  "ethBalance": 1.2350681787309672,
  "usdtBalance": 0,
  "usdcBalance": null,
  "kenduBalance": 4489413951.490725,
  "ethBalanceInUsd": 5474.439702225012,
  "kenduBalanceInUsd": 63659.88983213848,
  "totalUsdBalance": null
}