{
  "ethBalance": 0.045462183917402754,
  "usdtBalance": 0,
  "usdcBalance": 0,
  "kenduBalance": 307214787.46744066,
  "ethBalanceInUsd": 120.8212092225679,
  "kenduBalanceInUsd": 29213.05414027893,
  "totalUsdBalance": 120.8212092225679
}