{
  "ethBalance": 0.038589031500035925,
  "usdtBalance": 0,
  "usdcBalance": 0,
  "kenduBalance": 35199894.08324558,
  "ethBalanceInUsd": 129.36779865229542,
  "kenduBalanceInUsd": 543.8383635861443,
  "totalUsdBalance": 129.36779865229542
}