{
  "ethBalance": 0.3117728554842481,
  "usdtBalance": 0,
  "usdcBalance": 0.463046,
  "kenduBalance": 4113980899.4295063,
  "ethBalanceInUsd": 571.3549349604331,
  "kenduBalanceInUsd": 45953.166646627586,
  "totalUsdBalance": 571.817980960433
}