{
  "ethBalance": 0.038589031500035925,
  "usdtBalance": 0,
  "usdcBalance": 0,
  "kenduBalance": 35199894.08324558,
  "ethBalanceInUsd": 97.57776861225084,
  "kenduBalanceInUsd": 1097.5326975155974,
  "totalUsdBalance": 97.57776861225084
}