{
  "ethBalance": 8.051792938400936,
  "usdtBalance": 22356.072978,
  "usdcBalance": 88.007775,
  "kenduBalance": 947823769.8171208,
  "ethBalanceInUsd": 21765.445635226642,
  "kenduBalanceInUsd": 108829.1252504018,
  "totalUsdBalance": 44209.52638822664
}