{
  "ethBalance": 0.045462183917402754,
  "usdtBalance": 0,
  "usdcBalance": 0,
  "kenduBalance": 307214787.46744066,
  "ethBalanceInUsd": 124.07857470024982,
  "kenduBalanceInUsd": 26202.349223098015,
  "totalUsdBalance": 124.07857470024982
}