{
  "ethBalance": 13.47560135212183,
  "usdtBalance": 3949.089252,
  "usdcBalance": 8005.206012,
  "kenduBalance": 10805029020.399477,
  "ethBalanceInUsd": 43914.693954335184,
  "kenduBalanceInUsd": 172772.41403618763,
  "totalUsdBalance": 55868.989218335184
}