{
  "ethBalance": 0.038589031500035925,
  "usdtBalance": 0,
  "usdcBalance": 0,
  "kenduBalance": 35199894.08324558,
  "ethBalanceInUsd": 117.97168586970483,
  "kenduBalanceInUsd": 1305.5640715475786,
  "totalUsdBalance": 117.97168586970483
}