{
  "ethBalance": 0.04272247540230626,
  "usdtBalance": 0,
  "usdcBalance": 0,
  "kenduBalance": 517214787.4674407,
  "ethBalanceInUsd": 110.39658533857546,
  "kenduBalanceInUsd": 29031.26602054745,
  "totalUsdBalance": 110.39658533857546
}