{
  "ethBalance": 0.038589031500035925,
  "usdtBalance": 0,
  "usdcBalance": 0,
  "kenduBalance": 35199894.08324558,
  "ethBalanceInUsd": 145.4227652078854,
  "kenduBalanceInUsd": 888.797325601951,
  "totalUsdBalance": 145.4227652078854
}