{
  "ethBalance": 0.045462183917402754,
  "usdtBalance": 0,
  "usdcBalance": 0,
  "kenduBalance": 307214787.46744066,
  "ethBalanceInUsd": 117.90071852771396,
  "kenduBalanceInUsd": 21311.48980661636,
  "totalUsdBalance": 117.90071852771396
}