{
  "ethBalance": 0.038589031500035925,
  "usdtBalance": 0,
  "usdcBalance": 0,
  "kenduBalance": 35199894.08324558,
  "ethBalanceInUsd": 96.8781494711552,
  "kenduBalanceInUsd": 1111.964654089728,
  "totalUsdBalance": 96.8781494711552
}