{
  "ethBalance": 0.04459919224178026,
  "usdtBalance": 0,
  "usdcBalance": 0,
  "kenduBalance": 517214787.4674407,
  "ethBalanceInUsd": 104.72916119791566,
  "kenduBalanceInUsd": 30127.761369978423,
  "totalUsdBalance": 104.72916119791566
}