{
  "ethBalance": 0.5002741579676101,
  "usdtBalance": 0,
  "usdcBalance": 100,
  "kenduBalance": 4855925261.348792,
  "ethBalanceInUsd": 1317.782164985641,
  "kenduBalanceInUsd": 157137.7414572469,
  "totalUsdBalance": 1417.782164985641
}