{
  "ethBalance": 0.04459919224178026,
  "usdtBalance": 0,
  "usdcBalance": 0,
  "kenduBalance": 517214787.4674407,
  "ethBalanceInUsd": 109.50261274355341,
  "kenduBalanceInUsd": 28917.47876730461,
  "totalUsdBalance": 109.50261274355341
}