{
  "ethBalance": 0.3579488855246269,
  "usdtBalance": 0,
  "usdcBalance": 0,
  "kenduBalance": 3705282011.416198,
  "ethBalanceInUsd": 572.7396937725345,
  "kenduBalanceInUsd": 46575.394883501605,
  "totalUsdBalance": 572.7396937725345
}