{
  "ethBalance": 0.038589031500035925,
  "usdtBalance": 0,
  "usdcBalance": 0,
  "kenduBalance": 35199894.08324558,
  "ethBalanceInUsd": 100.71544276351875,
  "kenduBalanceInUsd": 1157.3725174571146,
  "totalUsdBalance": 100.71544276351875
}