{
  "ethBalance": 0.038589031500035925,
  "usdtBalance": 0,
  "usdcBalance": 0,
  "kenduBalance": 35199894.08324558,
  "ethBalanceInUsd": 126.80047038659805,
  "kenduBalanceInUsd": 1756.826713694787,
  "totalUsdBalance": 126.80047038659805
}