{
  "ethBalance": 0.04272247540230626,
  "usdtBalance": 0,
  "usdcBalance": 0,
  "kenduBalance": 517214787.4674407,
  "ethBalanceInUsd": 105.46726612665736,
  "kenduBalanceInUsd": 24428.054412087226,
  "totalUsdBalance": 105.46726612665736
}