{
  "ethBalance": 0.5002741579676101,
  "usdtBalance": 0,
  "usdcBalance": 100,
  "kenduBalance": 4855925261.348792,
  "ethBalanceInUsd": 1217.7723580663362,
  "kenduBalanceInUsd": 110763.65521136594,
  "totalUsdBalance": 1317.7723580663362
}