{
  "ethBalance": 0.038589031500035925,
  "usdtBalance": 0,
  "usdcBalance": 0,
  "kenduBalance": 35199894.08324558,
  "ethBalanceInUsd": 141.84749143940707,
  "kenduBalanceInUsd": 700.1258933157546,
  "totalUsdBalance": 141.84749143940707
}