{
  "ethBalance": 0.04272247540230626,
  "usdtBalance": 0,
  "usdcBalance": 0,
  "kenduBalance": 517214787.4674407,
  "ethBalanceInUsd": 115.00933100776248,
  "kenduBalanceInUsd": 27179.63708141401,
  "totalUsdBalance": 115.00933100776248
}