{
  "ethBalance": 3.9774170719585187,
  "usdtBalance": 0,
  "usdcBalance": 0,
  "kenduBalance": 8310029020.399478,
  "ethBalanceInUsd": 10500.142424946172,
  "kenduBalanceInUsd": 98058.34244071384,
  "totalUsdBalance": 10500.142424946172
}