{
  "ethBalance": 8.051792938400936,
  "usdtBalance": 22356.072978,
  "usdcBalance": 88.007775,
  "kenduBalance": 947823769.8171208,
  "ethBalanceInUsd": 19256.50695562091,
  "kenduBalanceInUsd": 81522.32244197055,
  "totalUsdBalance": 41700.58770862091
}