{
  "ethBalance": 0.038589031500035925,
  "usdtBalance": 0,
  "usdcBalance": 0,
  "kenduBalance": 35199894.08324558,
  "ethBalanceInUsd": 154.669468935924,
  "kenduBalanceInUsd": 1920.8582201227116,
  "totalUsdBalance": 154.669468935924
}