{
  "ethBalance": 0.038589031500035925,
  "usdtBalance": 0,
  "usdcBalance": 0,
  "kenduBalance": 35199894.08324558,
  "ethBalanceInUsd": 148.95983583517867,
  "kenduBalanceInUsd": 1626.5871055867783,
  "totalUsdBalance": 148.95983583517867
}