{
  "ethBalance": 0.038589031500035925,
  "usdtBalance": 0,
  "usdcBalance": 0,
  "kenduBalance": 35199894.08324558,
  "ethBalanceInUsd": 102.50018547039542,
  "kenduBalanceInUsd": 1562.875297296104,
  "totalUsdBalance": 102.50018547039542
}