{
  "ethBalance": 0.5002741579676101,
  "usdtBalance": 0,
  "usdcBalance": 100,
  "kenduBalance": 4855925261.348792,
  "ethBalanceInUsd": 1199.1271401988834,
  "kenduBalanceInUsd": 102022.98974093812,
  "totalUsdBalance": 1299.1271401988834
}