{
  "ethBalance": 0.7404211583199757,
  "usdtBalance": 0,
  "usdcBalance": null,
  "kenduBalance": 4745282940.56362,
  "ethBalanceInUsd": 3282.3462285251176,
  "kenduBalanceInUsd": 78107.35720167718,
  "totalUsdBalance": null
}