{
  "ethBalance": 0.04568258673874373,
  "usdtBalance": 0,
  "usdcBalance": 0,
  "kenduBalance": 763674787.4674407,
  "ethBalanceInUsd": 121.7345003155369,
  "kenduBalanceInUsd": 85730.1316410949,
  "totalUsdBalance": 121.7345003155369
}