{
  "ethBalance": 0.038589031500035925,
  "usdtBalance": 0,
  "usdcBalance": 0,
  "kenduBalance": 35199894.08324558,
  "ethBalanceInUsd": 132.92802269848875,
  "kenduBalanceInUsd": 1197.852395652847,
  "totalUsdBalance": 132.92802269848875
}