{
  "ethBalance": 0.038589031500035925,
  "usdtBalance": 0,
  "usdcBalance": 0,
  "kenduBalance": 35199894.08324558,
  "ethBalanceInUsd": 150.65119308582524,
  "kenduBalanceInUsd": 963.0691021175991,
  "totalUsdBalance": 150.65119308582524
}