{
  "ethBalance": 0.04459919224178026,
  "usdtBalance": 0,
  "usdcBalance": 0,
  "kenduBalance": 517214787.4674407,
  "ethBalanceInUsd": 113.83453228599751,
  "kenduBalanceInUsd": 36737.766353812316,
  "totalUsdBalance": 113.83453228599751
}