{
  "ethBalance": 0.038589031500035925,
  "usdtBalance": 0,
  "usdcBalance": 0,
  "kenduBalance": 35199894.08324558,
  "ethBalanceInUsd": 140.62190379896592,
  "kenduBalanceInUsd": 830.7175003645958,
  "totalUsdBalance": 140.62190379896592
}