{
  "ethBalance": 0.038589031500035925,
  "usdtBalance": 0,
  "usdcBalance": 0,
  "kenduBalance": 35199894.08324558,
  "ethBalanceInUsd": 124.51908684431594,
  "kenduBalanceInUsd": 1497.7554932420994,
  "totalUsdBalance": 124.51908684431594
}