{
  "ethBalance": 0.0624422229661258,
  "usdtBalance": 0,
  "usdcBalance": 0,
  "kenduBalance": 6379544426.92592,
  "ethBalanceInUsd": 135.7044343278219,
  "kenduBalanceInUsd": 52567.44607786958,
  "totalUsdBalance": 135.7044343278219
}