{
  "ethBalance": 0.04272247540230626,
  "usdtBalance": 0,
  "usdcBalance": 0,
  "kenduBalance": 517214787.4674407,
  "ethBalanceInUsd": 114.43642261261755,
  "kenduBalanceInUsd": 30934.616438427627,
  "totalUsdBalance": 114.43642261261755
}