{
  "ethBalance": 0.3117728554842481,
  "usdtBalance": 0,
  "usdcBalance": 0.463046,
  "kenduBalance": 4113980899.4295063,
  "ethBalanceInUsd": 573.5155208489389,
  "kenduBalanceInUsd": 45459.48893869604,
  "totalUsdBalance": 573.9785668489388
}