{
  "ethBalance": 0.5002741579676101,
  "usdtBalance": 0,
  "usdcBalance": 100,
  "kenduBalance": 4855925261.348792,
  "ethBalanceInUsd": 1249.7798986931039,
  "kenduBalanceInUsd": 118727.37263997797,
  "totalUsdBalance": 1349.7798986931039
}