{
  "ethBalance": 0.038589031500035925,
  "usdtBalance": 0,
  "usdcBalance": 0,
  "kenduBalance": 35199894.08324558,
  "ethBalanceInUsd": 94.15183439567765,
  "kenduBalanceInUsd": 1995.481995579192,
  "totalUsdBalance": 94.15183439567765
}