{
  "ethBalance": 0.659534011230498,
  "usdtBalance": 0,
  "usdcBalance": null,
  "kenduBalance": 4482236645.828448,
  "ethBalanceInUsd": 2970.402684439805,
  "kenduBalanceInUsd": 55983.13570639732,
  "totalUsdBalance": null
}