{
  "ethBalance": 0.0660488809860724,
  "usdtBalance": 0,
  "usdcBalance": 0,
  "kenduBalance": 7622102282.100412,
  "ethBalanceInUsd": 175.28514378250793,
  "kenduBalanceInUsd": 60671.934165519284,
  "totalUsdBalance": 175.28514378250793
}