{
  "ethBalance": 0.04272247540230626,
  "usdtBalance": 0,
  "usdcBalance": 0,
  "kenduBalance": 517214787.4674407,
  "ethBalanceInUsd": 105.42796144928724,
  "kenduBalanceInUsd": 24640.112474948874,
  "totalUsdBalance": 105.42796144928724
}