{
  "ethBalance": 0.3579040556931112,
  "usdtBalance": 0,
  "usdcBalance": 0,
  "kenduBalance": 3646098337.9468102,
  "ethBalanceInUsd": 655.5764378536287,
  "kenduBalanceInUsd": 41529.06006921417,
  "totalUsdBalance": 655.5764378536287
}