{
  "ethBalance": 0.038589031500035925,
  "usdtBalance": 0,
  "usdcBalance": 0,
  "kenduBalance": 35199894.08324558,
  "ethBalanceInUsd": 124.1636818642006,
  "kenduBalanceInUsd": 1072.8927716573253,
  "totalUsdBalance": 124.1636818642006
}