{
  "ethBalance": 0.038589031500035925,
  "usdtBalance": 0,
  "usdcBalance": 0,
  "kenduBalance": 35199894.08324558,
  "ethBalanceInUsd": 129.50131670128556,
  "kenduBalanceInUsd": 1208.0603649369882,
  "totalUsdBalance": 129.50131670128556
}