{
  "ethBalance": 0.038589031500035925,
  "usdtBalance": 0,
  "usdcBalance": 0,
  "kenduBalance": 35199894.08324558,
  "ethBalanceInUsd": 134.62632597480533,
  "kenduBalanceInUsd": 840.5734707079044,
  "totalUsdBalance": 134.62632597480533
}