{
  "ethBalance": 0.5002741579676101,
  "usdtBalance": 0,
  "usdcBalance": 100,
  "kenduBalance": 4855925261.348792,
  "ethBalanceInUsd": 1267.6997190315037,
  "kenduBalanceInUsd": 121495.25003894679,
  "totalUsdBalance": 1367.6997190315037
}