{
  "ethBalance": 0.10788809429719365,
  "usdtBalance": 3946.421819,
  "usdcBalance": 0,
  "kenduBalance": 13268928669.075045,
  "ethBalanceInUsd": 358.85198484661066,
  "kenduBalanceInUsd": 320179.24878478085,
  "totalUsdBalance": 4305.2738038466105
}