{
  "ethBalance": 0.357215510728175,
  "usdtBalance": 0,
  "usdcBalance": 0,
  "kenduBalance": 4299933763.203477,
  "ethBalanceInUsd": 930.4142357079264,
  "kenduBalanceInUsd": 98124.48847630333,
  "totalUsdBalance": 930.4142357079264
}