{
  "ethBalance": 0.038589031500035925,
  "usdtBalance": 0,
  "usdcBalance": 0,
  "kenduBalance": 35199894.08324558,
  "ethBalanceInUsd": 120.05510768039176,
  "kenduBalanceInUsd": 981.0210481000544,
  "totalUsdBalance": 120.05510768039176
}