{
  "ethBalance": 0.0660488809860724,
  "usdtBalance": 0,
  "usdcBalance": 0,
  "kenduBalance": 7622102282.100412,
  "ethBalanceInUsd": 156.85156158810503,
  "kenduBalanceInUsd": 55793.78870497502,
  "totalUsdBalance": 156.85156158810503
}