{
  "ethBalance": 0.038589031500035925,
  "usdtBalance": 0,
  "usdcBalance": 0,
  "kenduBalance": 35199894.08324558,
  "ethBalanceInUsd": 129.960526176136,
  "kenduBalanceInUsd": 1195.7404020078525,
  "totalUsdBalance": 129.960526176136
}