{
  "ethBalance": 0.11828269992644785,
  "usdtBalance": 0,
  "usdcBalance": 0,
  "kenduBalance": 12696082608.223658,
  "ethBalanceInUsd": 391.24486937371086,
  "kenduBalanceInUsd": 309149.61151024606,
  "totalUsdBalance": 391.24486937371086
}