{
  "ethBalance": 0.038589031500035925,
  "usdtBalance": 0,
  "usdcBalance": 0,
  "kenduBalance": 35199894.08324558,
  "ethBalanceInUsd": 120.06243959637678,
  "kenduBalanceInUsd": 789.8856232280308,
  "totalUsdBalance": 120.06243959637678
}