{
  "ethBalance": 0.5002741579676101,
  "usdtBalance": 0,
  "usdcBalance": 100,
  "kenduBalance": 4855925261.348792,
  "ethBalanceInUsd": 1279.3711151368882,
  "kenduBalanceInUsd": 127079.56408949789,
  "totalUsdBalance": 1379.3711151368882
}