{
  "ethBalance": 0.038589031500035925,
  "usdtBalance": 0,
  "usdcBalance": 0,
  "kenduBalance": 35199894.08324558,
  "ethBalanceInUsd": 127.5074214436787,
  "kenduBalanceInUsd": 1801.530579180509,
  "totalUsdBalance": 127.5074214436787
}