{
  "ethBalance": 0.11400248175392605,
  "usdtBalance": 0,
  "usdcBalance": 0,
  "kenduBalance": 11996082608.223658,
  "ethBalanceInUsd": 366.31277437171514,
  "kenduBalanceInUsd": 280108.5289020224,
  "totalUsdBalance": 366.31277437171514
}