{
  "ethBalance": 0.04272247540230626,
  "usdtBalance": 0,
  "usdcBalance": 0,
  "kenduBalance": 517214787.4674407,
  "ethBalanceInUsd": 105.51938754664819,
  "kenduBalanceInUsd": 21221.32272978909,
  "totalUsdBalance": 105.51938754664819
}