{
  "ethBalance": 0.038589031500035925,
  "usdtBalance": 0,
  "usdcBalance": 0,
  "kenduBalance": 35199894.08324558,
  "ethBalanceInUsd": 139.44686778978982,
  "kenduBalanceInUsd": 888.0933277202861,
  "totalUsdBalance": 139.44686778978982
}