{
  "ethBalance": 0.3119048631851912,
  "usdtBalance": 0,
  "usdcBalance": 0.463046,
  "kenduBalance": 4175387837.757599,
  "ethBalanceInUsd": 649.3765680056724,
  "kenduBalanceInUsd": 45094.188647782066,
  "totalUsdBalance": 649.8396140056724
}