{
  "ethBalance": 0.3117728554842481,
  "usdtBalance": 0,
  "usdcBalance": 0.463046,
  "kenduBalance": 4113980899.4295063,
  "ethBalanceInUsd": 564.8201759094833,
  "kenduBalanceInUsd": 49120.931939188304,
  "totalUsdBalance": 565.2832219094832
}