{
  "ethBalance": 0.30943876692005484,
  "usdtBalance": 0,
  "usdcBalance": 0,
  "kenduBalance": 8110029020.399477,
  "ethBalanceInUsd": 823.3515766332127,
  "kenduBalanceInUsd": 83452.19861991062,
  "totalUsdBalance": 823.3515766332127
}