{
  "ethBalance": 0.038589031500035925,
  "usdtBalance": 0,
  "usdcBalance": 0,
  "kenduBalance": 35199894.08324558,
  "ethBalanceInUsd": 124.90150414648129,
  "kenduBalanceInUsd": 313.63105628171814,
  "totalUsdBalance": 124.90150414648129
}