{
  "ethBalance": 0.038589031500035925,
  "usdtBalance": 0,
  "usdcBalance": 0,
  "kenduBalance": 35199894.08324558,
  "ethBalanceInUsd": 117.54180405879443,
  "kenduBalanceInUsd": 694.141911321603,
  "totalUsdBalance": 117.54180405879443
}