{
  "ethBalance": 4.466168341671865,
  "usdtBalance": 0,
  "usdcBalance": 0,
  "kenduBalance": 8305029020.399477,
  "ethBalanceInUsd": 12183.528589347181,
  "kenduBalanceInUsd": 125073.73704721613,
  "totalUsdBalance": 12183.528589347181
}