{
  "ethBalance": 0.038589031500035925,
  "usdtBalance": 0,
  "usdcBalance": 0,
  "kenduBalance": 35199894.08324558,
  "ethBalanceInUsd": 112.0413235087793,
  "kenduBalanceInUsd": 1897.274291086937,
  "totalUsdBalance": 112.0413235087793
}