{
  "ethBalance": 0.038589031500035925,
  "usdtBalance": 0,
  "usdcBalance": 0,
  "kenduBalance": 35199894.08324558,
  "ethBalanceInUsd": 131.1633462879921,
  "kenduBalanceInUsd": 305.1830817017392,
  "totalUsdBalance": 131.1633462879921
}