{
  "ethBalance": 0.04459919224178026,
  "usdtBalance": 0,
  "usdcBalance": 0,
  "kenduBalance": 517214787.4674407,
  "ethBalanceInUsd": 110.18944030407681,
  "kenduBalanceInUsd": 32331.096364589717,
  "totalUsdBalance": 110.18944030407681
}