{
  "ethBalance": 0.04459919224178026,
  "usdtBalance": 0,
  "usdcBalance": 0,
  "kenduBalance": 517214787.4674407,
  "ethBalanceInUsd": 106.96759465653061,
  "kenduBalanceInUsd": 22431.605332462903,
  "totalUsdBalance": 106.96759465653061
}