{
  "ethBalance": 0.5002741579676101,
  "usdtBalance": 0,
  "usdcBalance": 100,
  "kenduBalance": 4855925261.348792,
  "ethBalanceInUsd": 1317.7671567609023,
  "kenduBalanceInUsd": 145532.0800826233,
  "totalUsdBalance": 1417.7671567609023
}