{
  "ethBalance": 0.3196155371451788,
  "usdtBalance": 0,
  "usdcBalance": 884.463046,
  "kenduBalance": 5453954448.539579,
  "ethBalanceInUsd": 601.3182792741966,
  "kenduBalanceInUsd": 37632.2856949231,
  "totalUsdBalance": 1485.7813252741967
}