{
  "ethBalance": 0.038589031500035925,
  "usdtBalance": 0,
  "usdcBalance": 0,
  "kenduBalance": 35199894.08324558,
  "ethBalanceInUsd": 133.25371412434905,
  "kenduBalanceInUsd": 637.118082906745,
  "totalUsdBalance": 133.25371412434905
}