{
  "ethBalance": 0.038589031500035925,
  "usdtBalance": 0,
  "usdcBalance": 0,
  "kenduBalance": 35199894.08324558,
  "ethBalanceInUsd": 93.5660528975071,
  "kenduBalanceInUsd": 1969.082075016758,
  "totalUsdBalance": 93.5660528975071
}