{
  "ethBalance": 0.3579040556931112,
  "usdtBalance": 0,
  "usdcBalance": 0,
  "kenduBalance": 3646098337.9468102,
  "ethBalanceInUsd": 646.517886204036,
  "kenduBalanceInUsd": 42221.81875342406,
  "totalUsdBalance": 646.517886204036
}