{
  "ethBalance": 0.045462183917402754,
  "usdtBalance": 0,
  "usdcBalance": 0,
  "kenduBalance": 307214787.46744066,
  "ethBalanceInUsd": 117.28106896091975,
  "kenduBalanceInUsd": 21987.36233904473,
  "totalUsdBalance": 117.28106896091975
}