{
  "ethBalance": 0.045462183917402754,
  "usdtBalance": 0,
  "usdcBalance": 0,
  "kenduBalance": 307214787.46744066,
  "ethBalanceInUsd": 119.91833024996829,
  "kenduBalanceInUsd": 22094.887514658334,
  "totalUsdBalance": 119.91833024996829
}