{
  "ethBalance": 0.3579488855246269,
  "usdtBalance": 0,
  "usdcBalance": 0,
  "kenduBalance": 3705282011.416198,
  "ethBalanceInUsd": 545.3458655633348,
  "kenduBalanceInUsd": 38460.82727850013,
  "totalUsdBalance": 545.3458655633348
}