{
  "ethBalance": 0.04841366454199495,
  "usdtBalance": 90113.767042,
  "usdcBalance": 0,
  "kenduBalance": 946492975.4674407,
  "ethBalanceInUsd": 117.17268747111785,
  "kenduBalanceInUsd": 103943.85856583434,
  "totalUsdBalance": 90230.93972947112
}