{
  "ethBalance": 0.5002741579676101,
  "usdtBalance": 0,
  "usdcBalance": 100,
  "kenduBalance": 4855925261.348792,
  "ethBalanceInUsd": 1259.8954421672088,
  "kenduBalanceInUsd": 124360.24594314257,
  "totalUsdBalance": 1359.8954421672088
}