{
  "ethBalance": 0.3579040556931112,
  "usdtBalance": 0,
  "usdcBalance": 0,
  "kenduBalance": 3646098337.9468102,
  "ethBalanceInUsd": 643.350435311152,
  "kenduBalanceInUsd": 38794.48631575406,
  "totalUsdBalance": 643.350435311152
}