{
  "ethBalance": 0.04272247540230626,
  "usdtBalance": 0,
  "usdcBalance": 0,
  "kenduBalance": 517214787.4674407,
  "ethBalanceInUsd": 113.73235621798754,
  "kenduBalanceInUsd": 27743.40119975352,
  "totalUsdBalance": 113.73235621798754
}