{
  "ethBalance": 0.3579488855246269,
  "usdtBalance": 0,
  "usdcBalance": 0,
  "kenduBalance": 3705282011.416198,
  "ethBalanceInUsd": 561.9546938516776,
  "kenduBalanceInUsd": 46908.87026452907,
  "totalUsdBalance": 561.9546938516776
}