{
  "ethBalance": 0.038589031500035925,
  "usdtBalance": 0,
  "usdcBalance": 0,
  "kenduBalance": 35199894.08324558,
  "ethBalanceInUsd": 139.28132084465466,
  "kenduBalanceInUsd": 782.4936454705493,
  "totalUsdBalance": 139.28132084465466
}