{
  "ethBalance": 0.5002741579676101,
  "usdtBalance": 0,
  "usdcBalance": 100,
  "kenduBalance": 4855925261.348792,
  "ethBalanceInUsd": 1324.0756138928737,
  "kenduBalanceInUsd": 122612.112849057,
  "totalUsdBalance": 1424.0756138928737
}