{
  "ethBalance": 0.30943876692005484,
  "usdtBalance": 0,
  "usdcBalance": 0,
  "kenduBalance": 8110029020.399477,
  "ethBalanceInUsd": 835.6641451689617,
  "kenduBalanceInUsd": 86371.80906725442,
  "totalUsdBalance": 835.6641451689617
}