{
  "ethBalance": 0.04272247540230626,
  "usdtBalance": 0,
  "usdcBalance": 0,
  "kenduBalance": 517214787.4674407,
  "ethBalanceInUsd": 103.79083619187088,
  "kenduBalanceInUsd": 23812.56881500097,
  "totalUsdBalance": 103.79083619187088
}