{
  "ethBalance": 6.824583800569582,
  "usdtBalance": 3949.089252,
  "usdcBalance": 8005.206012,
  "kenduBalance": 12046087520.384169,
  "ethBalanceInUsd": 21290.517590960913,
  "kenduBalanceInUsd": 272000.65621027455,
  "totalUsdBalance": 33244.81285496092
}