{
  "ethBalance": 0.3579488855246269,
  "usdtBalance": 0,
  "usdcBalance": 0,
  "kenduBalance": 3705282011.416198,
  "ethBalanceInUsd": 647.3612979378535,
  "kenduBalanceInUsd": 45649.07438064756,
  "totalUsdBalance": 647.3612979378535
}