{
  "ethBalance": 0.10788809429719365,
  "usdtBalance": 3946.421819,
  "usdcBalance": 0,
  "kenduBalance": 13268928669.075045,
  "ethBalanceInUsd": 331.0373552558512,
  "kenduBalanceInUsd": 289793.402132599,
  "totalUsdBalance": 4277.459174255851
}