{
  "ethBalance": 1.2350681787309672,
  "usdtBalance": 0,
  "usdcBalance": null,
  "kenduBalance": 4489413951.490725,
  "ethBalanceInUsd": 5409.240453069804,
  "kenduBalanceInUsd": 66488.22062157764,
  "totalUsdBalance": null
}