{
  "ethBalance": 0.5002741579676101,
  "usdtBalance": 0,
  "usdcBalance": 100,
  "kenduBalance": 4855925261.348792,
  "ethBalanceInUsd": 1271.2816820025519,
  "kenduBalanceInUsd": 127273.80109995184,
  "totalUsdBalance": 1371.2816820025519
}