{
  "ethBalance": 0.04459919224178026,
  "usdtBalance": 0,
  "usdcBalance": 0,
  "kenduBalance": 517214787.4674407,
  "ethBalanceInUsd": 107.50902885034581,
  "kenduBalanceInUsd": 27091.710567544545,
  "totalUsdBalance": 107.50902885034581
}