{
  "ethBalance": 0.30943876692005484,
  "usdtBalance": 0,
  "usdcBalance": 0,
  "kenduBalance": 8110029020.399477,
  "ethBalanceInUsd": 826.2386403285768,
  "kenduBalanceInUsd": 90426.82357745417,
  "totalUsdBalance": 826.2386403285768
}