{
  "ethBalance": 0.04272247540230626,
  "usdtBalance": 0,
  "usdcBalance": 0,
  "kenduBalance": 517214787.4674407,
  "ethBalanceInUsd": 106.22046336800003,
  "kenduBalanceInUsd": 26693.45518119462,
  "totalUsdBalance": 106.22046336800003
}