{
  "ethBalance": 0.5002741579676101,
  "usdtBalance": 0,
  "usdcBalance": 100,
  "kenduBalance": 4855925261.348792,
  "ethBalanceInUsd": 1229.2886691827505,
  "kenduBalanceInUsd": 108092.89631762411,
  "totalUsdBalance": 1329.2886691827505
}