{
  "ethBalance": 0.038589031500035925,
  "usdtBalance": 0,
  "usdcBalance": 0,
  "kenduBalance": 35199894.08324558,
  "ethBalanceInUsd": 127.1693815277384,
  "kenduBalanceInUsd": 293.2151177134357,
  "totalUsdBalance": 127.1693815277384
}