{
  "ethBalance": 0.038589031500035925,
  "usdtBalance": 0,
  "usdcBalance": 0,
  "kenduBalance": 35199894.08324558,
  "ethBalanceInUsd": 126.28414914512757,
  "kenduBalanceInUsd": 695.1979081441002,
  "totalUsdBalance": 126.28414914512757
}