{
  "ethBalance": 0.5002741579676101,
  "usdtBalance": 0,
  "usdcBalance": 100,
  "kenduBalance": 4855925261.348792,
  "ethBalanceInUsd": 1270.7413859119467,
  "kenduBalanceInUsd": 124942.95697450441,
  "totalUsdBalance": 1370.7413859119467
}