{
  "ethBalance": 0.5002741579676101,
  "usdtBalance": 0,
  "usdcBalance": 100,
  "kenduBalance": 4855925261.348792,
  "ethBalanceInUsd": 1381.1669008001375,
  "kenduBalanceInUsd": 128050.74914176765,
  "totalUsdBalance": 1481.1669008001375
}