{
  "ethBalance": 0.3579488855246269,
  "usdtBalance": 0,
  "usdcBalance": 0,
  "kenduBalance": 3705282011.416198,
  "ethBalanceInUsd": 569.0098663853679,
  "kenduBalanceInUsd": 48576.24716966635,
  "totalUsdBalance": 569.0098663853679
}