{
  "ethBalance": 8.011063080971311,
  "usdtBalance": 22313.097842,
  "usdcBalance": 88.007775,
  "kenduBalance": 302835445.5049916,
  "ethBalanceInUsd": 25404.603131745414,
  "kenduBalanceInUsd": 43593.16238044354,
  "totalUsdBalance": 47805.70874874541
}