{
  "ethBalance": 0.727034011230498,
  "usdtBalance": 0,
  "usdcBalance": null,
  "kenduBalance": 4482236645.828448,
  "ethBalanceInUsd": 2917.9001116928175,
  "kenduBalanceInUsd": 46794.550582449,
  "totalUsdBalance": null
}