{
  "ethBalance": 0.5002741579676101,
  "usdtBalance": 0,
  "usdcBalance": 100,
  "kenduBalance": 4855925261.348792,
  "ethBalanceInUsd": 1357.5139386114288,
  "kenduBalanceInUsd": 126739.64932120348,
  "totalUsdBalance": 1457.5139386114288
}