{
  "ethBalance": 0.3119048631851912,
  "usdtBalance": 0,
  "usdcBalance": 0.463046,
  "kenduBalance": 4175387837.757599,
  "ethBalanceInUsd": 618.4449627235971,
  "kenduBalanceInUsd": 37703.752174951114,
  "totalUsdBalance": 618.908008723597
}