{
  "ethBalance": 18.27649738337883,
  "usdtBalance": 0,
  "usdcBalance": 0,
  "kenduBalance": 10805029020.399477,
  "ethBalanceInUsd": 49654.501916032765,
  "kenduBalanceInUsd": 154836.0658623245,
  "totalUsdBalance": 49654.501916032765
}