{
  "ethBalance": 0.3579488855246269,
  "usdtBalance": 0,
  "usdcBalance": 0,
  "kenduBalance": 3705282011.416198,
  "ethBalanceInUsd": 578.1769373436535,
  "kenduBalanceInUsd": 41054.52468649147,
  "totalUsdBalance": 578.1769373436535
}