{
  "ethBalance": 0.038589031500035925,
  "usdtBalance": 0,
  "usdcBalance": 0,
  "kenduBalance": 35199894.08324558,
  "ethBalanceInUsd": 131.9185336344478,
  "kenduBalanceInUsd": 877.1813605544799,
  "totalUsdBalance": 131.9185336344478
}