{
  "ethBalance": 0.038589031500035925,
  "usdtBalance": 0,
  "usdcBalance": 0,
  "kenduBalance": 35199894.08324558,
  "ethBalanceInUsd": 128.62611746686474,
  "kenduBalanceInUsd": 1144.7005555871463,
  "totalUsdBalance": 128.62611746686474
}