{
  "ethBalance": 0.04459919224178026,
  "usdtBalance": 0,
  "usdcBalance": 0,
  "kenduBalance": 517214787.4674407,
  "ethBalanceInUsd": 109.44418780171665,
  "kenduBalanceInUsd": 30101.90063060505,
  "totalUsdBalance": 109.44418780171665
}