{
  "ethBalance": 0.038589031500035925,
  "usdtBalance": 0,
  "usdcBalance": 0,
  "kenduBalance": 35199894.08324558,
  "ethBalanceInUsd": 140.46793356328078,
  "kenduBalanceInUsd": 759.2617153756072,
  "totalUsdBalance": 140.46793356328078
}