{
  "ethBalance": 0.3117728554842481,
  "usdtBalance": 0,
  "usdcBalance": 0.463046,
  "kenduBalance": 4113980899.4295063,
  "ethBalanceInUsd": 559.8162215789611,
  "kenduBalanceInUsd": 48051.29690533663,
  "totalUsdBalance": 560.279267578961
}