{
  "ethBalance": 0.038589031500035925,
  "usdtBalance": 0,
  "usdcBalance": 0,
  "kenduBalance": 35199894.08324558,
  "ethBalanceInUsd": 140.41815371264573,
  "kenduBalanceInUsd": 1001.0849877275043,
  "totalUsdBalance": 140.41815371264573
}