{
  "ethBalance": 0.038589031500035925,
  "usdtBalance": 0,
  "usdcBalance": 0,
  "kenduBalance": 35199894.08324558,
  "ethBalanceInUsd": 96.95224041163526,
  "kenduBalanceInUsd": 1578.7152496335643,
  "totalUsdBalance": 96.95224041163526
}