{
  "ethBalance": 0.5002741579676101,
  "usdtBalance": 0,
  "usdcBalance": 100,
  "kenduBalance": 4855925261.348792,
  "ethBalanceInUsd": 1273.5129047470873,
  "kenduBalanceInUsd": 129264.73045710484,
  "totalUsdBalance": 1373.5129047470873
}