{
  "ethBalance": 0.038589031500035925,
  "usdtBalance": 0,
  "usdcBalance": 0,
  "kenduBalance": 35199894.08324558,
  "ethBalanceInUsd": 128.37220163959452,
  "kenduBalanceInUsd": 266.11119926933657,
  "totalUsdBalance": 128.37220163959452
}