{
  "ethBalance": 0.04272247540230626,
  "usdtBalance": 0,
  "usdcBalance": 0,
  "kenduBalance": 517214787.4674407,
  "ethBalanceInUsd": 103.2204911452501,
  "kenduBalanceInUsd": 24314.267158844388,
  "totalUsdBalance": 103.2204911452501
}