{
  "ethBalance": 0.04272247540230626,
  "usdtBalance": 0,
  "usdcBalance": 0,
  "kenduBalance": 517214787.4674407,
  "ethBalanceInUsd": 105.33269032914012,
  "kenduBalanceInUsd": 25757.296415878547,
  "totalUsdBalance": 105.33269032914012
}