{
  "ethBalance": 0.045462183917402754,
  "usdtBalance": 0,
  "usdcBalance": 0,
  "kenduBalance": 307214787.46744066,
  "ethBalanceInUsd": 117.44064122646985,
  "kenduBalanceInUsd": 22168.61906365052,
  "totalUsdBalance": 117.44064122646985
}