{
  "ethBalance": 3.9774170719585187,
  "usdtBalance": 0,
  "usdcBalance": 0,
  "kenduBalance": 8310029020.399478,
  "ethBalanceInUsd": 10444.219940914436,
  "kenduBalanceInUsd": 104623.26536682942,
  "totalUsdBalance": 10444.219940914436
}