{
  "ethBalance": 18.27649738337883,
  "usdtBalance": 0,
  "usdcBalance": 0,
  "kenduBalance": 10805029020.399477,
  "ethBalanceInUsd": 50116.53176988459,
  "kenduBalanceInUsd": 138304.3714611133,
  "totalUsdBalance": 50116.53176988459
}