{
  "ethBalance": 1.126230410262131,
  "usdtBalance": 0,
  "usdcBalance": null,
  "kenduBalance": 4547808469.985,
  "ethBalanceInUsd": 4845.144585684611,
  "kenduBalanceInUsd": 60303.9403120011,
  "totalUsdBalance": null
}