{
  "ethBalance": 0.3579040556931112,
  "usdtBalance": 0,
  "usdcBalance": 0,
  "kenduBalance": 3646098337.9468102,
  "ethBalanceInUsd": 648.2143514280214,
  "kenduBalanceInUsd": 36205.756495811824,
  "totalUsdBalance": 648.2143514280214
}