{
  "ethBalance": 0.727034011230498,
  "usdtBalance": 0,
  "usdcBalance": null,
  "kenduBalance": 4482236645.828448,
  "ethBalanceInUsd": 3002.781332503979,
  "kenduBalanceInUsd": 46167.037452033015,
  "totalUsdBalance": null
}