{
  "ethBalance": 0.04272247540230626,
  "usdtBalance": 0,
  "usdcBalance": 0,
  "kenduBalance": 517214787.4674407,
  "ethBalanceInUsd": 110.90882781864913,
  "kenduBalanceInUsd": 25240.081628411106,
  "totalUsdBalance": 110.90882781864913
}