{
  "ethBalance": 0.038589031500035925,
  "usdtBalance": 0,
  "usdcBalance": 0,
  "kenduBalance": 35199894.08324558,
  "ethBalanceInUsd": 123.36373124120485,
  "kenduBalanceInUsd": 310.81506475505853,
  "totalUsdBalance": 123.36373124120485
}