{
  "ethBalance": 4.466168341671865,
  "usdtBalance": 0,
  "usdcBalance": 0,
  "kenduBalance": 8305029020.399477,
  "ethBalanceInUsd": 12117.875914724606,
  "kenduBalanceInUsd": 118263.61325048855,
  "totalUsdBalance": 12117.875914724606
}