{
  "ethBalance": 0.5002741579676101,
  "usdtBalance": 0,
  "usdcBalance": 100,
  "kenduBalance": 4855925261.348792,
  "ethBalanceInUsd": 1253.7670837321057,
  "kenduBalanceInUsd": 113774.3288734022,
  "totalUsdBalance": 1353.7670837321057
}