{
  "ethBalance": 0.038589031500035925,
  "usdtBalance": 0,
  "usdcBalance": 0,
  "kenduBalance": 35199894.08324558,
  "ethBalanceInUsd": 118.45134753125028,
  "kenduBalanceInUsd": 1698.042890575767,
  "totalUsdBalance": 118.45134753125028
}