{
  "ethBalance": 0.06254024854608203,
  "usdtBalance": 0,
  "usdcBalance": 0,
  "kenduBalance": 6456272656.749752,
  "ethBalanceInUsd": 138.40657325236322,
  "kenduBalanceInUsd": 61270.02751255515,
  "totalUsdBalance": 138.40657325236322
}