{
  "ethBalance": 0.04459919224178026,
  "usdtBalance": 0,
  "usdcBalance": 0,
  "kenduBalance": 517214787.4674407,
  "ethBalanceInUsd": 106.32046037710236,
  "kenduBalanceInUsd": 26776.209547189406,
  "totalUsdBalance": 106.32046037710236
}