{
  "ethBalance": 0.038589031500035925,
  "usdtBalance": 0,
  "usdcBalance": 0,
  "kenduBalance": 35199894.08324558,
  "ethBalanceInUsd": 105.94657187366364,
  "kenduBalanceInUsd": 1342.875959275819,
  "totalUsdBalance": 105.94657187366364
}