{
  "ethBalance": 0.038589031500035925,
  "usdtBalance": 0,
  "usdcBalance": 0,
  "kenduBalance": 35199894.08324558,
  "ethBalanceInUsd": 93.94345362557746,
  "kenduBalanceInUsd": 1687.8349212916257,
  "totalUsdBalance": 93.94345362557746
}