{
  "ethBalance": 9.522868700270477,
  "usdtBalance": 3949.089252,
  "usdcBalance": 8005.206012,
  "kenduBalance": 11563789871.738667,
  "ethBalanceInUsd": 30137.022575745978,
  "kenduBalanceInUsd": 241220.65672446857,
  "totalUsdBalance": 42091.31783974598
}