{
  "ethBalance": 0.5002528644753425,
  "usdtBalance": 0,
  "usdcBalance": null,
  "kenduBalance": 4845166789.051858,
  "ethBalanceInUsd": 1799.6346673068206,
  "kenduBalanceInUsd": 107175.08937382711,
  "totalUsdBalance": null
}