{
  "ethBalance": 0.9904211583199757,
  "usdtBalance": 0,
  "usdcBalance": null,
  "kenduBalance": 4745282940.56362,
  "ethBalanceInUsd": 4297.358172257709,
  "kenduBalanceInUsd": 79008.96096038427,
  "totalUsdBalance": null
}