{
  "ethBalance": 0.3579488855246269,
  "usdtBalance": 0,
  "usdcBalance": 0,
  "kenduBalance": 3705282011.416198,
  "ethBalanceInUsd": 638.4770065991322,
  "kenduBalanceInUsd": 48279.82460875306,
  "totalUsdBalance": 638.4770065991322
}