{
  "ethBalance": 0.046325213179724774,
  "usdtBalance": 50113.767042,
  "usdcBalance": 0,
  "kenduBalance": 946492975.4674407,
  "ethBalanceInUsd": 125.08178160231127,
  "kenduBalanceInUsd": 112282.4616797025,
  "totalUsdBalance": 50238.84882360231
}