{
  "ethBalance": 0.038589031500035925,
  "usdtBalance": 0,
  "usdcBalance": 0,
  "kenduBalance": 35199894.08324558,
  "ethBalanceInUsd": 150.0434158396997,
  "kenduBalanceInUsd": 1115.1326445572201,
  "totalUsdBalance": 150.0434158396997
}