{
  "ethBalance": 0.038589031500035925,
  "usdtBalance": 0,
  "usdcBalance": 0,
  "kenduBalance": 35199894.08324558,
  "ethBalanceInUsd": 132.130001527068,
  "kenduBalanceInUsd": 868.7333859745011,
  "totalUsdBalance": 132.130001527068
}