{
  "ethBalance": 0.04459919224178026,
  "usdtBalance": 0,
  "usdcBalance": 0,
  "kenduBalance": 517214787.4674407,
  "ethBalanceInUsd": 106.03145761137563,
  "kenduBalanceInUsd": 26326.23268209273,
  "totalUsdBalance": 106.03145761137563
}