{
  "ethBalance": 0.038589031500035925,
  "usdtBalance": 0,
  "usdcBalance": 0,
  "kenduBalance": 35199894.08324558,
  "ethBalanceInUsd": 103.60537533255646,
  "kenduBalanceInUsd": 1579.7712464560616,
  "totalUsdBalance": 103.60537533255646
}