{
  "ethBalance": 8.011063080971311,
  "usdtBalance": 22313.097842,
  "usdcBalance": 88.007775,
  "kenduBalance": 302835445.5049916,
  "ethBalanceInUsd": 25345.241154315416,
  "kenduBalanceInUsd": 42996.5765527987,
  "totalUsdBalance": 47746.34677131542
}