{
  "ethBalance": 0.30943876692005484,
  "usdtBalance": 0,
  "usdcBalance": 0,
  "kenduBalance": 8110029020.399477,
  "ethBalanceInUsd": 829.7971861481574,
  "kenduBalanceInUsd": 98942.35404887362,
  "totalUsdBalance": 829.7971861481574
}