{
  "ethBalance": 0.045462183917402754,
  "usdtBalance": 0,
  "usdcBalance": 0,
  "kenduBalance": 307214787.46744066,
  "ethBalanceInUsd": 123.6535032806221,
  "kenduBalanceInUsd": 24371.349089792067,
  "totalUsdBalance": 123.6535032806221
}