{
  "ethBalance": 0.045462183917402754,
  "usdtBalance": 0,
  "usdcBalance": 0,
  "kenduBalance": 307214787.46744066,
  "ethBalanceInUsd": 117.83116138632032,
  "kenduBalanceInUsd": 18949.00809099174,
  "totalUsdBalance": 117.83116138632032
}