{
  "ethBalance": 0.04272247540230626,
  "usdtBalance": 0,
  "usdcBalance": 0,
  "kenduBalance": 517214787.4674407,
  "ethBalanceInUsd": 112.51049342148158,
  "kenduBalanceInUsd": 28198.55021272487,
  "totalUsdBalance": 112.51049342148158
}