{
  "ethBalance": 0.3117728554842481,
  "usdtBalance": 0,
  "usdcBalance": 0.463046,
  "kenduBalance": 4113980899.4295063,
  "ethBalanceInUsd": 599.975683093887,
  "kenduBalanceInUsd": 48586.11442226247,
  "totalUsdBalance": 600.438729093887
}