{
  "ethBalance": 0.3579488855246269,
  "usdtBalance": 0,
  "usdcBalance": 0,
  "kenduBalance": 3705282011.416198,
  "ethBalanceInUsd": 591.4461025300515,
  "kenduBalanceInUsd": 45723.18002087588,
  "totalUsdBalance": 591.4461025300515
}