{
  "ethBalance": 0.04459919224178026,
  "usdtBalance": 0,
  "usdcBalance": 0,
  "kenduBalance": 517214787.4674407,
  "ethBalanceInUsd": 107.90596166129767,
  "kenduBalanceInUsd": 28757.142183189706,
  "totalUsdBalance": 107.90596166129767
}