{
  "ethBalance": 18.27649738337883,
  "usdtBalance": 0,
  "usdcBalance": 0,
  "kenduBalance": 10805029020.399477,
  "ethBalanceInUsd": 50972.05461240055,
  "kenduBalanceInUsd": 137872.17030029732,
  "totalUsdBalance": 50972.05461240055
}