{
  "ethBalance": 0.04272247540230626,
  "usdtBalance": 0,
  "usdcBalance": 0,
  "kenduBalance": 517214787.4674407,
  "ethBalanceInUsd": 111.60392249344466,
  "kenduBalanceInUsd": 29310.562005779866,
  "totalUsdBalance": 111.60392249344466
}