{
  "ethBalance": 0.04459919224178026,
  "usdtBalance": 0,
  "usdcBalance": 0,
  "kenduBalance": 517214787.4674407,
  "ethBalanceInUsd": 99.46155060223899,
  "kenduBalanceInUsd": 22338.506670718765,
  "totalUsdBalance": 99.46155060223899
}