{
  "ethBalance": 0.038589031500035925,
  "usdtBalance": 0,
  "usdcBalance": 0,
  "kenduBalance": 35199894.08324558,
  "ethBalanceInUsd": 150.73261594229032,
  "kenduBalanceInUsd": 1259.1002113576944,
  "totalUsdBalance": 150.73261594229032
}