{
  "ethBalance": 0.5002741579676101,
  "usdtBalance": 0,
  "usdcBalance": 100,
  "kenduBalance": 4855925261.348792,
  "ethBalanceInUsd": 1211.4839119006833,
  "kenduBalanceInUsd": 103965.35984547764,
  "totalUsdBalance": 1311.4839119006833
}