{
  "ethBalance": 0.04272247540230626,
  "usdtBalance": 0,
  "usdcBalance": 0,
  "kenduBalance": 517214787.4674407,
  "ethBalanceInUsd": 104.4120209842204,
  "kenduBalanceInUsd": 21205.80628616507,
  "totalUsdBalance": 104.4120209842204
}