{
  "ethBalance": 0.04459919224178026,
  "usdtBalance": 0,
  "usdcBalance": 0,
  "kenduBalance": 517214787.4674407,
  "ethBalanceInUsd": 112.60850049127097,
  "kenduBalanceInUsd": 34446.504845331554,
  "totalUsdBalance": 112.60850049127097
}