{
  "ethBalance": 0.04459919224178026,
  "usdtBalance": 0,
  "usdcBalance": 0,
  "kenduBalance": 517214787.4674407,
  "ethBalanceInUsd": 103.71185362288065,
  "kenduBalanceInUsd": 23610.85504788867,
  "totalUsdBalance": 103.71185362288065
}