{
  "ethBalance": 0.045462183917402754,
  "usdtBalance": 0,
  "usdcBalance": 0,
  "kenduBalance": 307214787.46744066,
  "ethBalanceInUsd": 117.69659332192481,
  "kenduBalanceInUsd": 27643.186576320313,
  "totalUsdBalance": 117.69659332192481
}