{
  "ethBalance": 0.20528601123049806,
  "usdtBalance": 0,
  "usdcBalance": 25.002104,
  "kenduBalance": 4482236645.828448,
  "ethBalanceInUsd": 948.6225521759068,
  "kenduBalanceInUsd": 60420.54998576748,
  "totalUsdBalance": 973.6246561759068
}