{
  "ethBalance": 0.04459919224178026,
  "usdtBalance": 0,
  "usdcBalance": 0,
  "kenduBalance": 517214787.4674407,
  "ethBalanceInUsd": 110.13636726530909,
  "kenduBalanceInUsd": 32439.71146995788,
  "totalUsdBalance": 110.13636726530909
}