{
  "ethBalance": 0.3579488855246269,
  "usdtBalance": 0,
  "usdcBalance": 0,
  "kenduBalance": 3705282011.416198,
  "ethBalanceInUsd": 575.8180541880463,
  "kenduBalanceInUsd": 49724.884593205374,
  "totalUsdBalance": 575.8180541880463
}