{
  "ethBalance": 0.038589031500035925,
  "usdtBalance": 0,
  "usdcBalance": 0,
  "kenduBalance": 35199894.08324558,
  "ethBalanceInUsd": 95.65063237913904,
  "kenduBalanceInUsd": 1160.8925068654394,
  "totalUsdBalance": 95.65063237913904
}