{
  "ethBalance": 0.038589031500035925,
  "usdtBalance": 0,
  "usdcBalance": 0,
  "kenduBalance": 35199894.08324558,
  "ethBalanceInUsd": 96.39231356456975,
  "kenduBalanceInUsd": 1654.3950219125422,
  "totalUsdBalance": 96.39231356456975
}