{
  "ethBalance": 0.3579040556931112,
  "usdtBalance": 0,
  "usdcBalance": 0,
  "kenduBalance": 3646098337.9468102,
  "ethBalanceInUsd": 644.6066785466348,
  "kenduBalanceInUsd": 41456.13810245523,
  "totalUsdBalance": 644.6066785466348
}