{
  "ethBalance": 0.038589031500035925,
  "usdtBalance": 0,
  "usdcBalance": 0,
  "kenduBalance": 35199894.08324558,
  "ethBalanceInUsd": 153.87723611922826,
  "kenduBalanceInUsd": 1614.9711405393073,
  "totalUsdBalance": 153.87723611922826
}