{
  "ethBalance": 0.5002741579676101,
  "usdtBalance": 0,
  "usdcBalance": 100,
  "kenduBalance": 4855925261.348792,
  "ethBalanceInUsd": 1277.8802981461447,
  "kenduBalanceInUsd": 149368.26103908883,
  "totalUsdBalance": 1377.8802981461447
}