{
  "ethBalance": 0.06254024854608203,
  "usdtBalance": 0,
  "usdcBalance": 0,
  "kenduBalance": 6456272656.749752,
  "ethBalanceInUsd": 152.45436388078417,
  "kenduBalanceInUsd": 67532.6119896024,
  "totalUsdBalance": 152.45436388078417
}