{
  "ethBalance": 0.5002741579676101,
  "usdtBalance": 0,
  "usdcBalance": 100,
  "kenduBalance": 4855925261.348792,
  "ethBalanceInUsd": 1278.4005832704308,
  "kenduBalanceInUsd": 120815.42050235794,
  "totalUsdBalance": 1378.4005832704308
}