{
  "ethBalance": 0.04459919224178026,
  "usdtBalance": 0,
  "usdcBalance": 0,
  "kenduBalance": 517214787.4674407,
  "ethBalanceInUsd": 107.99382207001396,
  "kenduBalanceInUsd": 28689.904260818937,
  "totalUsdBalance": 107.99382207001396
}