{
  "ethBalance": 0.727034011230498,
  "usdtBalance": 0,
  "usdcBalance": null,
  "kenduBalance": 4482236645.828448,
  "ethBalanceInUsd": 2920.9027621591995,
  "kenduBalanceInUsd": 45225.76775640904,
  "totalUsdBalance": null
}