{
  "ethBalance": 0.04272247540230626,
  "usdtBalance": 0,
  "usdcBalance": 0,
  "kenduBalance": 517214787.4674407,
  "ethBalanceInUsd": 112.99539351729776,
  "kenduBalanceInUsd": 30184.65499659984,
  "totalUsdBalance": 112.99539351729776
}