{
  "ethBalance": 0.35798968333076975,
  "usdtBalance": 0,
  "usdcBalance": 4004.403285,
  "kenduBalance": 3705282011.416198,
  "ethBalanceInUsd": 564.7108259701228,
  "kenduBalanceInUsd": 39905.88726295245,
  "totalUsdBalance": 4569.114110970123
}