{
  "ethBalance": 0.038589031500035925,
  "usdtBalance": 0,
  "usdcBalance": 0,
  "kenduBalance": 35199894.08324558,
  "ethBalanceInUsd": 126.01672715683232,
  "kenduBalanceInUsd": 625.502117859274,
  "totalUsdBalance": 126.01672715683232
}