{
  "ethBalance": 0.038589031500035925,
  "usdtBalance": 0,
  "usdcBalance": 0,
  "kenduBalance": 35199894.08324558,
  "ethBalanceInUsd": 129.59315859625565,
  "kenduBalanceInUsd": 951.4531370701282,
  "totalUsdBalance": 129.59315859625565
}