{
  "ethBalance": 13.475892841222715,
  "usdtBalance": 3949.089252,
  "usdcBalance": 8005.206012,
  "kenduBalance": 10903927414.89931,
  "ethBalanceInUsd": 43721.86052870503,
  "kenduBalanceInUsd": 202922.08919127614,
  "totalUsdBalance": 55676.15579270503
}