{
  "ethBalance": 0.04272247540230626,
  "usdtBalance": 0,
  "usdcBalance": 0,
  "kenduBalance": 517214787.4674407,
  "ethBalanceInUsd": 103.24356128196733,
  "kenduBalanceInUsd": 24107.381243857413,
  "totalUsdBalance": 103.24356128196733
}