{
  "ethBalance": 0.1143504362553894,
  "usdtBalance": 0,
  "usdcBalance": 0,
  "kenduBalance": 12046082608.223656,
  "ethBalanceInUsd": 367.8607794161375,
  "kenduBalanceInUsd": 287419.5310322164,
  "totalUsdBalance": 367.8607794161375
}