{
  "ethBalance": 0.04459919224178026,
  "usdtBalance": 0,
  "usdcBalance": 0,
  "kenduBalance": 517214787.4674407,
  "ethBalanceInUsd": 101.39715554553226,
  "kenduBalanceInUsd": 27314.112926155543,
  "totalUsdBalance": 101.39715554553226
}