{
  "ethBalance": 0.04272247540230626,
  "usdtBalance": 0,
  "usdcBalance": 0,
  "kenduBalance": 517214787.4674407,
  "ethBalanceInUsd": 102.76293343369139,
  "kenduBalanceInUsd": 24712.52254519432,
  "totalUsdBalance": 102.76293343369139
}