{
  "ethBalance": 0.04272247540230626,
  "usdtBalance": 0,
  "usdcBalance": 0,
  "kenduBalance": 517214787.4674407,
  "ethBalanceInUsd": 115.12938116364296,
  "kenduBalanceInUsd": 27252.04715165945,
  "totalUsdBalance": 115.12938116364296
}