{
  "ethBalance": 0.038589031500035925,
  "usdtBalance": 0,
  "usdcBalance": 0,
  "kenduBalance": 35199894.08324558,
  "ethBalanceInUsd": 149.85510136597952,
  "kenduBalanceInUsd": 1544.9233513136487,
  "totalUsdBalance": 149.85510136597952
}