{
  "ethBalance": 0.038589031500035925,
  "usdtBalance": 0,
  "usdcBalance": 0,
  "kenduBalance": 35199894.08324558,
  "ethBalanceInUsd": 149.79220124463444,
  "kenduBalanceInUsd": 1544.5713523728161,
  "totalUsdBalance": 149.79220124463444
}