{
  "ethBalance": 0.04272247540230626,
  "usdtBalance": 0,
  "usdcBalance": 0,
  "kenduBalance": 517214787.4674407,
  "ethBalanceInUsd": 112.8552637979782,
  "kenduBalanceInUsd": 30081.21203910635,
  "totalUsdBalance": 112.8552637979782
}