{
  "ethBalance": 0.045462183917402754,
  "usdtBalance": 0,
  "usdcBalance": 0,
  "kenduBalance": 307214787.46744066,
  "ethBalanceInUsd": 124.45500158308592,
  "kenduBalanceInUsd": 24463.513526032297,
  "totalUsdBalance": 124.45500158308592
}