{
  "ethBalance": 0.038589031500035925,
  "usdtBalance": 0,
  "usdcBalance": 0,
  "kenduBalance": 35199894.08324558,
  "ethBalanceInUsd": 131.11781123082207,
  "kenduBalanceInUsd": 1232.7002907952603,
  "totalUsdBalance": 131.11781123082207
}