{
  "ethBalance": 0.038589031500035925,
  "usdtBalance": 0,
  "usdcBalance": 0,
  "kenduBalance": 35199894.08324558,
  "ethBalanceInUsd": 123.59295008831506,
  "kenduBalanceInUsd": 753.629732322288,
  "totalUsdBalance": 123.59295008831506
}