{
  "ethBalance": 0.04272247540230626,
  "usdtBalance": 0,
  "usdcBalance": 0,
  "kenduBalance": 517214787.4674407,
  "ethBalanceInUsd": 112.51391121951376,
  "kenduBalanceInUsd": 29620.89087826033,
  "totalUsdBalance": 112.51391121951376
}