{
  "ethBalance": 0.038589031500035925,
  "usdtBalance": 0,
  "usdcBalance": 0,
  "kenduBalance": 35199894.08324558,
  "ethBalanceInUsd": 141.84826322003704,
  "kenduBalanceInUsd": 1144.7005555871463,
  "totalUsdBalance": 141.84826322003704
}