{
  "ethBalance": 0.04272247540230626,
  "usdtBalance": 0,
  "usdcBalance": 0,
  "kenduBalance": 517214787.4674407,
  "ethBalanceInUsd": 110.53671505789504,
  "kenduBalanceInUsd": 29610.546582510982,
  "totalUsdBalance": 110.53671505789504
}