{
  "ethBalance": 0.04272247540230626,
  "usdtBalance": 0,
  "usdcBalance": 0,
  "kenduBalance": 517214787.4674407,
  "ethBalanceInUsd": 102.97782748496498,
  "kenduBalanceInUsd": 22669.524134697927,
  "totalUsdBalance": 102.97782748496498
}