{
  "ethBalance": 0.22910001123049806,
  "usdtBalance": 0,
  "usdcBalance": null,
  "kenduBalance": 4482236645.828448,
  "ethBalanceInUsd": 1067.8030783437791,
  "kenduBalanceInUsd": 59389.63555722694,
  "totalUsdBalance": null
}