{
  "ethBalance": 0.7404211583199757,
  "usdtBalance": 0,
  "usdcBalance": null,
  "kenduBalance": 4745282940.56362,
  "ethBalanceInUsd": 3295.125897717721,
  "kenduBalanceInUsd": 78629.33832513918,
  "totalUsdBalance": null
}