{
  "ethBalance": 0.04459919224178026,
  "usdtBalance": 0,
  "usdcBalance": 0,
  "kenduBalance": 517214787.4674407,
  "ethBalanceInUsd": 100.28931161024643,
  "kenduBalanceInUsd": 21169.60125104235,
  "totalUsdBalance": 100.28931161024643
}