{
  "ethBalance": 0.0660488809860724,
  "usdtBalance": 0,
  "usdcBalance": 0,
  "kenduBalance": 7622102282.100412,
  "ethBalanceInUsd": 176.8346505304412,
  "kenduBalanceInUsd": 63949.43814682245,
  "totalUsdBalance": 176.8346505304412
}