{
  "ethBalance": 0.5002741579676101,
  "usdtBalance": 0,
  "usdcBalance": 100,
  "kenduBalance": 4855925261.348792,
  "ethBalanceInUsd": 1150.6255605839235,
  "kenduBalanceInUsd": 96390.11643777353,
  "totalUsdBalance": 1250.6255605839235
}