{
  "ethBalance": 0.35703877941042383,
  "usdtBalance": 0,
  "usdcBalance": 0,
  "kenduBalance": 4855947774.956796,
  "ethBalanceInUsd": 924.2484363207936,
  "kenduBalanceInUsd": 171075.04011172793,
  "totalUsdBalance": 924.2484363207936
}