{
  "ethBalance": 7.7918615802177955,
  "usdtBalance": 3949.089252,
  "usdcBalance": 8005.206012,
  "kenduBalance": 11854934343.855413,
  "ethBalanceInUsd": 24355.567171597377,
  "kenduBalanceInUsd": 271596.5458177275,
  "totalUsdBalance": 36309.86243559738
}