{
  "ethBalance": 0.038589031500035925,
  "usdtBalance": 0,
  "usdcBalance": 0,
  "kenduBalance": 35199894.08324558,
  "ethBalanceInUsd": 129.6734237817757,
  "kenduBalanceInUsd": 911.6772567560606,
  "totalUsdBalance": 129.6734237817757
}