{
  "ethBalance": 0.5002741579676101,
  "usdtBalance": 0,
  "usdcBalance": 100,
  "kenduBalance": 4855925261.348792,
  "ethBalanceInUsd": 1293.623925897385,
  "kenduBalanceInUsd": 120038.47246054214,
  "totalUsdBalance": 1393.623925897385
}