{
  "ethBalance": 0.3579040556931112,
  "usdtBalance": 0,
  "usdcBalance": 0,
  "kenduBalance": 3646098337.9468102,
  "ethBalanceInUsd": 657.1154252931091,
  "kenduBalanceInUsd": 39560.16696672289,
  "totalUsdBalance": 657.1154252931091
}