{
  "ethBalance": 0.045462183917402754,
  "usdtBalance": 0,
  "usdcBalance": 0,
  "kenduBalance": 307214787.46744066,
  "ethBalanceInUsd": 117.23787988619823,
  "kenduBalanceInUsd": 26300.657955087598,
  "totalUsdBalance": 117.23787988619823
}