{
  "ethBalance": 0.5002741579676101,
  "usdtBalance": 0,
  "usdcBalance": 100,
  "kenduBalance": 4855925261.348792,
  "ethBalanceInUsd": 1267.2894942219702,
  "kenduBalanceInUsd": 113288.73634726732,
  "totalUsdBalance": 1367.2894942219702
}