{
  "ethBalance": 0.3579040556931112,
  "usdtBalance": 0,
  "usdcBalance": 0,
  "kenduBalance": 3646098337.9468102,
  "ethBalanceInUsd": 657.4983826327007,
  "kenduBalanceInUsd": 39013.252216030865,
  "totalUsdBalance": 657.4983826327007
}