{
  "ethBalance": 0.30943876692005484,
  "usdtBalance": 0,
  "usdcBalance": 0,
  "kenduBalance": 8110029020.399477,
  "ethBalanceInUsd": 834.8719819256463,
  "kenduBalanceInUsd": 92373.23054235004,
  "totalUsdBalance": 834.8719819256463
}