{
  "ethBalance": 0.04272247540230626,
  "usdtBalance": 0,
  "usdcBalance": 0,
  "kenduBalance": 517214787.4674407,
  "ethBalanceInUsd": 111.19976787613884,
  "kenduBalanceInUsd": 27458.93306664643,
  "totalUsdBalance": 111.19976787613884
}