{
  "ethBalance": 0.04459919224178026,
  "usdtBalance": 0,
  "usdcBalance": 0,
  "kenduBalance": 517214787.4674407,
  "ethBalanceInUsd": 100.84278758596693,
  "kenduBalanceInUsd": 19788.637768504283,
  "totalUsdBalance": 100.84278758596693
}