{
  "ethBalance": 0.0660488809860724,
  "usdtBalance": 0,
  "usdcBalance": 0,
  "kenduBalance": 7622102282.100412,
  "ethBalanceInUsd": 183.44416205071747,
  "kenduBalanceInUsd": 71800.20349738588,
  "totalUsdBalance": 183.44416205071747
}