{
  "ethBalance": 0.3196155371451788,
  "usdtBalance": 0,
  "usdcBalance": 884.463046,
  "kenduBalance": 5453954448.539579,
  "ethBalanceInUsd": 601.6954256080278,
  "kenduBalanceInUsd": 36214.25753830281,
  "totalUsdBalance": 1486.1584716080279
}