{
  "ethBalance": 0.04459919224178026,
  "usdtBalance": 0,
  "usdcBalance": 0,
  "kenduBalance": 517214787.4674407,
  "ethBalanceInUsd": 106.39940094737032,
  "kenduBalanceInUsd": 26600.356519450477,
  "totalUsdBalance": 106.39940094737032
}