{
  "ethBalance": 0.04272247540230626,
  "usdtBalance": 0,
  "usdcBalance": 0,
  "kenduBalance": 517214787.4674407,
  "ethBalanceInUsd": 104.57180304222503,
  "kenduBalanceInUsd": 22819.516423063484,
  "totalUsdBalance": 104.57180304222503
}