{
  "ethBalance": 0.038589031500035925,
  "usdtBalance": 0,
  "usdcBalance": 0,
  "kenduBalance": 35199894.08324558,
  "ethBalanceInUsd": 102.19803335375013,
  "kenduBalanceInUsd": 1419.6117283772944,
  "totalUsdBalance": 102.19803335375013
}