{
  "ethBalance": 0.5002741579676101,
  "usdtBalance": 0,
  "usdcBalance": 100,
  "kenduBalance": 4855925261.348792,
  "ethBalanceInUsd": 1307.0362760724968,
  "kenduBalanceInUsd": 124360.24594314257,
  "totalUsdBalance": 1407.0362760724968
}