{
  "ethBalance": 9.40272155275617,
  "usdtBalance": 3949.089252,
  "usdcBalance": 8005.206012,
  "kenduBalance": 11652025441.98484,
  "ethBalanceInUsd": 29132.170105257857,
  "kenduBalanceInUsd": 258791.4850664833,
  "totalUsdBalance": 41086.46536925786
}