{
  "ethBalance": 0.038589031500035925,
  "usdtBalance": 0,
  "usdcBalance": 0,
  "kenduBalance": 35199894.08324558,
  "ethBalanceInUsd": 125.76435489082209,
  "kenduBalanceInUsd": 1519.2274286328793,
  "totalUsdBalance": 125.76435489082209
}