{
  "ethBalance": 0.10788809429719365,
  "usdtBalance": 3946.421819,
  "usdcBalance": 0,
  "kenduBalance": 13268928669.075045,
  "ethBalanceInUsd": 359.79816343359704,
  "kenduBalanceInUsd": 344594.0775358789,
  "totalUsdBalance": 4306.219982433598
}