{
  "ethBalance": 0.30943876692005484,
  "usdtBalance": 0,
  "usdcBalance": 0,
  "kenduBalance": 8110029020.399477,
  "ethBalanceInUsd": 835.2804410979809,
  "kenduBalanceInUsd": 86290.70877705043,
  "totalUsdBalance": 835.2804410979809
}