{
  "ethBalance": 0.5002741579676101,
  "usdtBalance": 0,
  "usdcBalance": 100,
  "kenduBalance": 4855925261.348792,
  "ethBalanceInUsd": 1371.9568535519536,
  "kenduBalanceInUsd": 138782.34396934847,
  "totalUsdBalance": 1471.9568535519536
}