{
  "ethBalance": 0.35779268808449755,
  "usdtBalance": 0,
  "usdcBalance": 0,
  "kenduBalance": 3546950453.60037,
  "ethBalanceInUsd": 654.424294067831,
  "kenduBalanceInUsd": 40577.11318918823,
  "totalUsdBalance": 654.424294067831
}