{
  "ethBalance": 18.27649738337883,
  "usdtBalance": 0,
  "usdcBalance": 0,
  "kenduBalance": 10805029020.399477,
  "ethBalanceInUsd": 51966.84436497786,
  "kenduBalanceInUsd": 130848.90143703765,
  "totalUsdBalance": 51966.84436497786
}