{
  "ethBalance": 0.038589031500035925,
  "usdtBalance": 0,
  "usdcBalance": 0,
  "kenduBalance": 35199894.08324558,
  "ethBalanceInUsd": 140.08242913859542,
  "kenduBalanceInUsd": 1016.2209421832999,
  "totalUsdBalance": 140.08242913859542
}