{
  "ethBalance": 0.3117728554842481,
  "usdtBalance": 0,
  "usdcBalance": 0.463046,
  "kenduBalance": 4113980899.4295063,
  "ethBalanceInUsd": 594.7971359642937,
  "kenduBalanceInUsd": 48832.95327622824,
  "totalUsdBalance": 595.2601819642937
}