{
  "ethBalance": 0.038589031500035925,
  "usdtBalance": 0,
  "usdcBalance": 0,
  "kenduBalance": 35199894.08324558,
  "ethBalanceInUsd": 92.50331096999611,
  "kenduBalanceInUsd": 1984.2180294725533,
  "totalUsdBalance": 92.50331096999611
}