{
  "ethBalance": 18.27649738337883,
  "usdtBalance": 0,
  "usdcBalance": 0,
  "kenduBalance": 10805029020.399477,
  "ethBalanceInUsd": 52108.85274964671,
  "kenduBalanceInUsd": 129120.09679377376,
  "totalUsdBalance": 52108.85274964671
}