{
  "ethBalance": 0.04272247540230626,
  "usdtBalance": 0,
  "usdcBalance": 0,
  "kenduBalance": 517214787.4674407,
  "ethBalanceInUsd": 110.24919279843752,
  "kenduBalanceInUsd": 29336.42274515324,
  "totalUsdBalance": 110.24919279843752
}