{
  "ethBalance": 8.056063080971311,
  "usdtBalance": 22313.097842,
  "usdcBalance": 88.007775,
  "kenduBalance": 317835445.5049916,
  "ethBalanceInUsd": 25536.028193432052,
  "kenduBalanceInUsd": 40075.871323724394,
  "totalUsdBalance": 47937.13381043205
}