{
  "ethBalance": 0.038589031500035925,
  "usdtBalance": 0,
  "usdcBalance": 0,
  "kenduBalance": 35199894.08324558,
  "ethBalanceInUsd": 98.00996576505125,
  "kenduBalanceInUsd": 1626.9391045276109,
  "totalUsdBalance": 98.00996576505125
}