{
  "ethBalance": 0.045462183917402754,
  "usdtBalance": 0,
  "usdcBalance": 0,
  "kenduBalance": 307214787.46744066,
  "ethBalanceInUsd": 119.82104117638504,
  "kenduBalanceInUsd": 22322.226457384237,
  "totalUsdBalance": 119.82104117638504
}