{
  "ethBalance": 0.038589031500035925,
  "usdtBalance": 0,
  "usdcBalance": 0,
  "kenduBalance": 35199894.08324558,
  "ethBalanceInUsd": 96.85075125879017,
  "kenduBalanceInUsd": 1711.0668513865676,
  "totalUsdBalance": 96.85075125879017
}