{
  "ethBalance": 0.5002741579676101,
  "usdtBalance": 0,
  "usdcBalance": 100,
  "kenduBalance": 4855925261.348792,
  "ethBalanceInUsd": 1270.586300922977,
  "kenduBalanceInUsd": 126108.37903722814,
  "totalUsdBalance": 1370.586300922977
}