{
  "ethBalance": 0.3579488855246269,
  "usdtBalance": 0,
  "usdcBalance": 0,
  "kenduBalance": 3705282011.416198,
  "ethBalanceInUsd": 571.350852096699,
  "kenduBalanceInUsd": 41758.52826866055,
  "totalUsdBalance": 571.350852096699
}