{
  "ethBalance": 0.3119048631851912,
  "usdtBalance": 0,
  "usdcBalance": 0.463046,
  "kenduBalance": 4175387837.757599,
  "ethBalanceInUsd": 622.6057735984875,
  "kenduBalanceInUsd": 38497.07586412506,
  "totalUsdBalance": 623.0688195984875
}