{
  "ethBalance": 0.038589031500035925,
  "usdtBalance": 0,
  "usdcBalance": 0,
  "kenduBalance": 35199894.08324558,
  "ethBalanceInUsd": 130.86389540355182,
  "kenduBalanceInUsd": 1110.5566583263983,
  "totalUsdBalance": 130.86389540355182
}