{
  "ethBalance": 0.5002741579676101,
  "usdtBalance": 0,
  "usdcBalance": null,
  "kenduBalance": 4855925261.348792,
  "ethBalanceInUsd": 1300.8578902215968,
  "kenduBalanceInUsd": 100711.88992037396,
  "totalUsdBalance": null
}