{
  "ethBalance": 0.3579040556931112,
  "usdtBalance": 0,
  "usdcBalance": 0,
  "kenduBalance": 3646098337.9468102,
  "ethBalanceInUsd": 656.4031962222798,
  "kenduBalanceInUsd": 40945.68433514268,
  "totalUsdBalance": 656.4031962222798
}