{
  "ethBalance": 0.5002741579676101,
  "usdtBalance": 0,
  "usdcBalance": null,
  "kenduBalance": 4855925261.348792,
  "ethBalanceInUsd": 1278.1554489330267,
  "kenduBalanceInUsd": 97361.30149004328,
  "totalUsdBalance": null
}