{
  "ethBalance": 0.038589031500035925,
  "usdtBalance": 0,
  "usdcBalance": 0,
  "kenduBalance": 35199894.08324558,
  "ethBalanceInUsd": 128.890838222955,
  "kenduBalanceInUsd": 1078.8767536514772,
  "totalUsdBalance": 128.890838222955
}