{
  "ethBalance": 0.9903818468589797,
  "usdtBalance": 0,
  "usdcBalance": null,
  "kenduBalance": 4677192821.897994,
  "ethBalanceInUsd": 4175.499385449802,
  "kenduBalanceInUsd": 71981.99752901013,
  "totalUsdBalance": null
}