{
  "ethBalance": 0.3579488855246269,
  "usdtBalance": 0,
  "usdcBalance": 0,
  "kenduBalance": 3705282011.416198,
  "ethBalanceInUsd": 645.814958752387,
  "kenduBalanceInUsd": 45130.33489904929,
  "totalUsdBalance": 645.814958752387
}