{
  "ethBalance": 0.038589031500035925,
  "usdtBalance": 0,
  "usdcBalance": 0,
  "kenduBalance": 35199894.08324558,
  "ethBalanceInUsd": 117.99406750797485,
  "kenduBalanceInUsd": 704.3498806057441,
  "totalUsdBalance": 117.99406750797485
}