{
  "ethBalance": 0.04459919224178026,
  "usdtBalance": 0,
  "usdcBalance": 0,
  "kenduBalance": 517214787.4674407,
  "ethBalanceInUsd": 110.11540564495546,
  "kenduBalanceInUsd": 34808.55519655876,
  "totalUsdBalance": 110.11540564495546
}