{
  "ethBalance": 0.045462183917402754,
  "usdtBalance": 0,
  "usdcBalance": 0,
  "kenduBalance": 307214787.46744066,
  "ethBalanceInUsd": 119.04045547852323,
  "kenduBalanceInUsd": 26724.614361792665,
  "totalUsdBalance": 119.04045547852323
}