{
  "ethBalance": 0.3117728554842481,
  "usdtBalance": 0,
  "usdcBalance": 0.463046,
  "kenduBalance": 4113980899.4295063,
  "ethBalanceInUsd": 562.4039362794804,
  "kenduBalanceInUsd": 44348.714095850075,
  "totalUsdBalance": 562.8669822794803
}