{
  "ethBalance": 0.5002741579676101,
  "usdtBalance": 0,
  "usdcBalance": 100,
  "kenduBalance": 4855925261.348792,
  "ethBalanceInUsd": 1278.7407696978487,
  "kenduBalanceInUsd": 143346.91371501633,
  "totalUsdBalance": 1378.7407696978487
}