{
  "ethBalance": 0.3117728554842481,
  "usdtBalance": 0,
  "usdcBalance": 0.463046,
  "kenduBalance": 4113980899.4295063,
  "ethBalanceInUsd": 558.0172922028169,
  "kenduBalanceInUsd": 44225.294668867195,
  "totalUsdBalance": 558.4803382028168
}