{
  "ethBalance": 0.0660488809860724,
  "usdtBalance": 0,
  "usdcBalance": 0,
  "kenduBalance": 7622102282.100412,
  "ethBalanceInUsd": 163.41219693645158,
  "kenduBalanceInUsd": 71952.64554302789,
  "totalUsdBalance": 163.41219693645158
}