{
  "ethBalance": 0.04272247540230626,
  "usdtBalance": 0,
  "usdcBalance": 0,
  "kenduBalance": 517214787.4674407,
  "ethBalanceInUsd": 112.45495420345857,
  "kenduBalanceInUsd": 29543.308660140214,
  "totalUsdBalance": 112.45495420345857
}