{
  "ethBalance": 0.03983369884579122,
  "usdtBalance": 0,
  "usdcBalance": 0,
  "kenduBalance": 1091213805.8365645,
  "ethBalanceInUsd": 104.13962891448274,
  "kenduBalanceInUsd": 46387.49888611236,
  "totalUsdBalance": 104.13962891448274
}