{
  "ethBalance": 0.038589031500035925,
  "usdtBalance": 0,
  "usdcBalance": 0,
  "kenduBalance": 35199894.08324558,
  "ethBalanceInUsd": 151.2697752607708,
  "kenduBalanceInUsd": 1273.5321679318254,
  "totalUsdBalance": 151.2697752607708
}