{
  "ethBalance": 0.038589031500035925,
  "usdtBalance": 0,
  "usdcBalance": 0,
  "kenduBalance": 35199894.08324558,
  "ethBalanceInUsd": 152.28968336331678,
  "kenduBalanceInUsd": 1325.980010115861,
  "totalUsdBalance": 152.28968336331678
}