{
  "ethBalance": 0.038589031500035925,
  "usdtBalance": 0,
  "usdcBalance": 0,
  "kenduBalance": 35199894.08324558,
  "ethBalanceInUsd": 138.83947643397926,
  "kenduBalanceInUsd": 697.309901789095,
  "totalUsdBalance": 138.83947643397926
}