{
  "ethBalance": 0.038589031500035925,
  "usdtBalance": 0,
  "usdcBalance": 0,
  "kenduBalance": 13206739398.082659,
  "ethBalanceInUsd": 128.11211156728427,
  "kenduBalanceInUsd": 238249.57874141115,
  "totalUsdBalance": 128.11211156728427
}