{
  "ethBalance": 0.3117728554842481,
  "usdtBalance": 0,
  "usdcBalance": 0.463046,
  "kenduBalance": 4113980899.4295063,
  "ethBalanceInUsd": 571.573175959272,
  "kenduBalanceInUsd": 45870.887028638994,
  "totalUsdBalance": 572.036221959272
}