{
  "ethBalance": 0.3579488855246269,
  "usdtBalance": 0,
  "usdcBalance": 0,
  "kenduBalance": 3705282011.416198,
  "ethBalanceInUsd": 525.9092410793476,
  "kenduBalanceInUsd": 38275.56317792932,
  "totalUsdBalance": 525.9092410793476
}