{
  "ethBalance": 0.038589031500035925,
  "usdtBalance": 0,
  "usdcBalance": 0,
  "kenduBalance": 35199894.08324558,
  "ethBalanceInUsd": 128.5736363840247,
  "kenduBalanceInUsd": 822.6215247254494,
  "totalUsdBalance": 128.5736363840247
}