{
  "ethBalance": 0.04459919224178026,
  "usdtBalance": 0,
  "usdcBalance": 0,
  "kenduBalance": 517214787.4674407,
  "ethBalanceInUsd": 104.10566449037557,
  "kenduBalanceInUsd": 25022.85141767478,
  "totalUsdBalance": 104.10566449037557
}