{
  "ethBalance": 0.04459919224178026,
  "usdtBalance": 0,
  "usdcBalance": 0,
  "kenduBalance": 517214787.4674407,
  "ethBalanceInUsd": 106.9622427534616,
  "kenduBalanceInUsd": 28850.240844933844,
  "totalUsdBalance": 106.9622427534616
}