{
  "ethBalance": 18.27649738337883,
  "usdtBalance": 0,
  "usdcBalance": 0,
  "kenduBalance": 10805029020.399477,
  "ethBalanceInUsd": 49628.36652477454,
  "kenduBalanceInUsd": 156132.66934477244,
  "totalUsdBalance": 49628.36652477454
}