{
  "ethBalance": 0.04459919224178026,
  "usdtBalance": 0,
  "usdcBalance": 0,
  "kenduBalance": 517214787.4674407,
  "ethBalanceInUsd": 105.57877581012158,
  "kenduBalanceInUsd": 24536.669517455386,
  "totalUsdBalance": 105.57877581012158
}