{
  "ethBalance": 0.038589031500035925,
  "usdtBalance": 0,
  "usdcBalance": 0,
  "kenduBalance": 35199894.08324558,
  "ethBalanceInUsd": 96.93603301840525,
  "kenduBalanceInUsd": 1036.6368807515823,
  "totalUsdBalance": 96.93603301840525
}