{
  "ethBalance": 0.038589031500035925,
  "usdtBalance": 0,
  "usdcBalance": 0,
  "kenduBalance": 35199894.08324558,
  "ethBalanceInUsd": 95.33883300461875,
  "kenduBalanceInUsd": 1891.2903090927853,
  "totalUsdBalance": 95.33883300461875
}