{
  "ethBalance": 0.038589031500035925,
  "usdtBalance": 0,
  "usdcBalance": 0,
  "kenduBalance": 35199894.08324558,
  "ethBalanceInUsd": 100.60970881720867,
  "kenduBalanceInUsd": 1210.876356463648,
  "totalUsdBalance": 100.60970881720867
}