{
  "ethBalance": 0.35769432885289126,
  "usdtBalance": 0,
  "usdcBalance": 0,
  "kenduBalance": 4514955040.756332,
  "ethBalanceInUsd": 898.9860028193946,
  "kenduBalanceInUsd": 76979.98344489548,
  "totalUsdBalance": 898.9860028193946
}