{
  "ethBalance": 0.30943876692005484,
  "usdtBalance": 0,
  "usdcBalance": 0,
  "kenduBalance": 8110029020.399477,
  "ethBalanceInUsd": 848.7595937850184,
  "kenduBalanceInUsd": 88885.91806357827,
  "totalUsdBalance": 848.7595937850184
}