{
  "ethBalance": 0.0624422229661258,
  "usdtBalance": 0,
  "usdcBalance": 0,
  "kenduBalance": 6379544426.92592,
  "ethBalanceInUsd": 143.91059127003012,
  "kenduBalanceInUsd": 63604.05793645141,
  "totalUsdBalance": 143.91059127003012
}