{
  "ethBalance": 0.04272247540230626,
  "usdtBalance": 0,
  "usdcBalance": 0,
  "kenduBalance": 517214787.4674407,
  "ethBalanceInUsd": 113.46918576950934,
  "kenduBalanceInUsd": 28979.544541800704,
  "totalUsdBalance": 113.46918576950934
}