{
  "ethBalance": 0.038589031500035925,
  "usdtBalance": 0,
  "usdcBalance": 0,
  "kenduBalance": 35199894.08324558,
  "ethBalanceInUsd": 126.67621370516792,
  "kenduBalanceInUsd": 1794.1386014230275,
  "totalUsdBalance": 126.67621370516792
}