{
  "ethBalance": 0.357215510728175,
  "usdtBalance": 0,
  "usdcBalance": 0,
  "kenduBalance": 4299933763.203477,
  "ethBalanceInUsd": 918.0260017958732,
  "kenduBalanceInUsd": 98769.47854078386,
  "totalUsdBalance": 918.0260017958732
}