{
  "ethBalance": 0.045462183917402754,
  "usdtBalance": 0,
  "usdcBalance": 0,
  "kenduBalance": 307214787.46744066,
  "ethBalanceInUsd": 121.66680584343159,
  "kenduBalanceInUsd": 23956.60912671102,
  "totalUsdBalance": 121.66680584343159
}