{
  "ethBalance": 8.056063080971311,
  "usdtBalance": 22313.097842,
  "usdcBalance": 88.007775,
  "kenduBalance": 319721753.5049916,
  "ethBalanceInUsd": 25770.70131098075,
  "kenduBalanceInUsd": 43280.733771970714,
  "totalUsdBalance": 48171.806927980746
}