{
  "ethBalance": 0.5002741579676101,
  "usdtBalance": 0,
  "usdcBalance": 100,
  "kenduBalance": 4855925261.348792,
  "ethBalanceInUsd": 1279.7062988227265,
  "kenduBalanceInUsd": 132421.08187698157,
  "totalUsdBalance": 1379.7062988227265
}