{
  "ethBalance": 0.04459919224178026,
  "usdtBalance": 0,
  "usdcBalance": 0,
  "kenduBalance": 517214787.4674407,
  "ethBalanceInUsd": 107.29406074374043,
  "kenduBalanceInUsd": 28250.271691471615,
  "totalUsdBalance": 107.29406074374043
}