{
  "ethBalance": 13.47560135212183,
  "usdtBalance": 3949.089252,
  "usdcBalance": 8005.206012,
  "kenduBalance": 10805029020.399477,
  "ethBalanceInUsd": 43892.189700077135,
  "kenduBalanceInUsd": 167802.10068680387,
  "totalUsdBalance": 55846.484964077135
}