{
  "ethBalance": 0.038589031500035925,
  "usdtBalance": 0,
  "usdcBalance": 0,
  "kenduBalance": 35199894.08324558,
  "ethBalanceInUsd": 112.65836212246488,
  "kenduBalanceInUsd": 1984.9220273542185,
  "totalUsdBalance": 112.65836212246488
}