{
  "ethBalance": 0.04272247540230626,
  "usdtBalance": 0,
  "usdcBalance": 0,
  "kenduBalance": 517214787.4674407,
  "ethBalanceInUsd": 109.04954568914076,
  "kenduBalanceInUsd": 29470.898589894772,
  "totalUsdBalance": 109.04954568914076
}