{
  "ethBalance": 0.038589031500035925,
  "usdtBalance": 0,
  "usdcBalance": 0,
  "kenduBalance": 35199894.08324558,
  "ethBalanceInUsd": 149.32450218285402,
  "kenduBalanceInUsd": 1196.4443998895174,
  "totalUsdBalance": 149.32450218285402
}