{
  "ethBalance": 3.211988743232353,
  "usdtBalance": 3949.089252,
  "usdcBalance": 5005.206012,
  "kenduBalance": 12603519098.13484,
  "ethBalanceInUsd": 10274.862910613405,
  "kenduBalanceInUsd": 286351.95390962355,
  "totalUsdBalance": 19229.158174613403
}