{
  "ethBalance": 0.0660488809860724,
  "usdtBalance": 0,
  "usdcBalance": 0,
  "kenduBalance": 7622102282.100412,
  "ethBalanceInUsd": 183.72949321657728,
  "kenduBalanceInUsd": 67912.93133351467,
  "totalUsdBalance": 183.72949321657728
}