{
  "ethBalance": 0.038589031500035925,
  "usdtBalance": 0,
  "usdcBalance": 0,
  "kenduBalance": 35199894.08324558,
  "ethBalanceInUsd": 126.41650952317268,
  "kenduBalanceInUsd": 1113.7246487938903,
  "totalUsdBalance": 126.41650952317268
}