{
  "ethBalance": 0.03983369884579122,
  "usdtBalance": 0,
  "usdcBalance": 0,
  "kenduBalance": 1091213805.8365645,
  "ethBalanceInUsd": 104.85424547177624,
  "kenduBalanceInUsd": 46300.20178164543,
  "totalUsdBalance": 104.85424547177624
}