{
  "ethBalance": 0.038589031500035925,
  "usdtBalance": 0,
  "usdcBalance": 0,
  "kenduBalance": 35199894.08324558,
  "ethBalanceInUsd": 130.85733526819683,
  "kenduBalanceInUsd": 1101.4046858647544,
  "totalUsdBalance": 130.85733526819683
}