{
  "ethBalance": 0.5002528644753425,
  "usdtBalance": 0,
  "usdcBalance": null,
  "kenduBalance": 4845166789.051858,
  "ethBalanceInUsd": 1899.2049974519928,
  "kenduBalanceInUsd": 114152.12955006179,
  "totalUsdBalance": null
}