{
  "ethBalance": 0.04272247540230626,
  "usdtBalance": 0,
  "usdcBalance": 0,
  "kenduBalance": 517214787.4674407,
  "ethBalanceInUsd": 113.05734110663111,
  "kenduBalanceInUsd": 28131.3122903541,
  "totalUsdBalance": 113.05734110663111
}