{
  "ethBalance": 18.27649738337883,
  "usdtBalance": 0,
  "usdcBalance": 0,
  "kenduBalance": 10805029020.399477,
  "ethBalanceInUsd": 50400.00024430079,
  "kenduBalanceInUsd": 149433.55135212478,
  "totalUsdBalance": 50400.00024430079
}