{
  "ethBalance": 0.35798968333076975,
  "usdtBalance": 0,
  "usdcBalance": 4004.403285,
  "kenduBalance": 3705282011.416198,
  "ethBalanceInUsd": 561.9471456148092,
  "kenduBalanceInUsd": 37089.87293427614,
  "totalUsdBalance": 4566.350430614809
}