{
  "ethBalance": 0.038589031500035925,
  "usdtBalance": 0,
  "usdcBalance": 0,
  "kenduBalance": 35199894.08324558,
  "ethBalanceInUsd": 131.73755107671263,
  "kenduBalanceInUsd": 368.54289105158125,
  "totalUsdBalance": 131.73755107671263
}