{
  "ethBalance": 9.40272155275617,
  "usdtBalance": 3949.089252,
  "usdcBalance": 8005.206012,
  "kenduBalance": 11652025441.98484,
  "ethBalanceInUsd": 29497.277783151378,
  "kenduBalanceInUsd": 271841.7535615063,
  "totalUsdBalance": 41451.57304715138
}