{
  "ethBalance": 0.04272247540230626,
  "usdtBalance": 0,
  "usdcBalance": 0,
  "kenduBalance": 517214787.4674407,
  "ethBalanceInUsd": 105.30406627062057,
  "kenduBalanceInUsd": 23750.50304050488,
  "totalUsdBalance": 105.30406627062057
}