{
  "ethBalance": 0.045462183917402754,
  "usdtBalance": 0,
  "usdcBalance": 0,
  "kenduBalance": 307214787.46744066,
  "ethBalanceInUsd": 122.3300991067865,
  "kenduBalanceInUsd": 24162.44303431421,
  "totalUsdBalance": 122.3300991067865
}