{
  "ethBalance": 0.0660488809860724,
  "usdtBalance": 0,
  "usdcBalance": 0,
  "kenduBalance": 7622102282.100412,
  "ethBalanceInUsd": 179.4785872363137,
  "kenduBalanceInUsd": 70885.55122353384,
  "totalUsdBalance": 179.4785872363137
}