{
  "ethBalance": 18.27649738337883,
  "usdtBalance": 0,
  "usdcBalance": 0,
  "kenduBalance": 10805029020.399477,
  "ethBalanceInUsd": 50685.661898403,
  "kenduBalanceInUsd": 132253.5552096896,
  "totalUsdBalance": 50685.661898403
}