{
  "ethBalance": 0.038589031500035925,
  "usdtBalance": 0,
  "usdcBalance": 0,
  "kenduBalance": 35199894.08324558,
  "ethBalanceInUsd": 103.74236639438158,
  "kenduBalanceInUsd": 1883.5463323944712,
  "totalUsdBalance": 103.74236639438158
}