{
  "ethBalance": 0.5002741579676101,
  "usdtBalance": 0,
  "usdcBalance": 100,
  "kenduBalance": 4855925261.348792,
  "ethBalanceInUsd": 1394.56424275051,
  "kenduBalanceInUsd": 131158.54130903087,
  "totalUsdBalance": 1494.56424275051
}