{
  "ethBalance": 0.04272247540230626,
  "usdtBalance": 0,
  "usdcBalance": 0,
  "kenduBalance": 517214787.4674407,
  "ethBalanceInUsd": 110.67000918115023,
  "kenduBalanceInUsd": 25633.164866886364,
  "totalUsdBalance": 110.67000918115023
}