{
  "ethBalance": 7.119970523255597,
  "usdtBalance": 22218.494633,
  "kenduBalance": 512835445.5049916,
  "ethBalanceInUsd": 23670.199605152768,
  "kenduBalanceInUsd": 93705.29260267207,
  "totalUsdBalance": 45888.69423815276
}