{
  "ethBalance": 0.3579488855246269,
  "usdtBalance": 0,
  "usdcBalance": 0,
  "kenduBalance": 3705282011.416198,
  "ethBalanceInUsd": 567.5780708432694,
  "kenduBalanceInUsd": 45241.493359391774,
  "totalUsdBalance": 567.5780708432694
}