{
  "ethBalance": 0.3579488855246269,
  "usdtBalance": 0,
  "usdcBalance": 0,
  "kenduBalance": 3705282011.416198,
  "ethBalanceInUsd": 560.4978418875922,
  "kenduBalanceInUsd": 40424.62674455072,
  "totalUsdBalance": 560.4978418875922
}