{
  "ethBalance": 0.04459919224178026,
  "usdtBalance": 0,
  "usdcBalance": 0,
  "kenduBalance": 517214787.4674407,
  "ethBalanceInUsd": 108.15214920247229,
  "kenduBalanceInUsd": 29765.711018751215,
  "totalUsdBalance": 108.15214920247229
}