{
  "ethBalance": 0.3117728554842481,
  "usdtBalance": 0,
  "usdcBalance": 0.463046,
  "kenduBalance": 4113980899.4295063,
  "ethBalanceInUsd": 569.4531205419792,
  "kenduBalanceInUsd": 45048.0908487531,
  "totalUsdBalance": 569.9161665419791
}