{
  "ethBalance": 0.038589031500035925,
  "usdtBalance": 0,
  "usdcBalance": 0,
  "kenduBalance": 35199894.08324558,
  "ethBalanceInUsd": 104.51376113406731,
  "kenduBalanceInUsd": 1385.1158321757136,
  "totalUsdBalance": 104.51376113406731
}