{
  "ethBalance": 4.466168341671865,
  "usdtBalance": 0,
  "usdcBalance": 0,
  "kenduBalance": 8305029020.399477,
  "ethBalanceInUsd": 12209.11973394496,
  "kenduBalanceInUsd": 122416.12776068828,
  "totalUsdBalance": 12209.11973394496
}