{
  "ethBalance": 0.038589031500035925,
  "usdtBalance": 0,
  "usdcBalance": 0,
  "kenduBalance": 35199894.08324558,
  "ethBalanceInUsd": 118.54280353590535,
  "kenduBalanceInUsd": 1463.6115959813512,
  "totalUsdBalance": 118.54280353590535
}