{
  "ethBalance": 0.04272247540230626,
  "usdtBalance": 0,
  "usdcBalance": 0,
  "kenduBalance": 517214787.4674407,
  "ethBalanceInUsd": 111.30144736759631,
  "kenduBalanceInUsd": 30329.475137090725,
  "totalUsdBalance": 111.30144736759631
}