{
  "ethBalance": 0.038589031500035925,
  "usdtBalance": 0,
  "usdcBalance": 0,
  "kenduBalance": 35199894.08324558,
  "ethBalanceInUsd": 128.41387779361455,
  "kenduBalanceInUsd": 942.3011646084842,
  "totalUsdBalance": 128.41387779361455
}