{
  "ethBalance": 0.038589031500035925,
  "usdtBalance": 0,
  "usdcBalance": 0,
  "kenduBalance": 35199894.08324558,
  "ethBalanceInUsd": 121.50991416794312,
  "kenduBalanceInUsd": 1335.131982577505,
  "totalUsdBalance": 121.50991416794312
}