{
  "ethBalance": 0.045462183917402754,
  "usdtBalance": 0,
  "usdcBalance": 0,
  "kenduBalance": 307214787.46744066,
  "ethBalanceInUsd": 119.11455883830861,
  "kenduBalanceInUsd": 22248.494908392055,
  "totalUsdBalance": 119.11455883830861
}