{
  "ethBalance": 0.038589031500035925,
  "usdtBalance": 0,
  "usdcBalance": 0,
  "kenduBalance": 35199894.08324558,
  "ethBalanceInUsd": 131.75916093435268,
  "kenduBalanceInUsd": 637.4700818475775,
  "totalUsdBalance": 131.75916093435268
}