{
  "ethBalance": 0.038589031500035925,
  "usdtBalance": 0,
  "usdcBalance": 0,
  "kenduBalance": 35199894.08324558,
  "ethBalanceInUsd": 150.78548291544536,
  "kenduBalanceInUsd": 998.6209951416772,
  "totalUsdBalance": 150.78548291544536
}