{
  "ethBalance": 0.3119048631851912,
  "usdtBalance": 0,
  "usdcBalance": 0.463046,
  "kenduBalance": 4175387837.757599,
  "ethBalanceInUsd": 632.536824442304,
  "kenduBalanceInUsd": 56325.981931350005,
  "totalUsdBalance": 632.999870442304
}