{
  "ethBalance": 0.04459919224178026,
  "usdtBalance": 0,
  "usdcBalance": 0,
  "kenduBalance": 517214787.4674407,
  "ethBalanceInUsd": 102.81407188305361,
  "kenduBalanceInUsd": 22979.85300717839,
  "totalUsdBalance": 102.81407188305361
}