{
  "ethBalance": 0.038589031500035925,
  "usdtBalance": 0,
  "usdcBalance": 0,
  "kenduBalance": 35199894.08324558,
  "ethBalanceInUsd": 154.5857307375689,
  "kenduBalanceInUsd": 1739.5787655939966,
  "totalUsdBalance": 154.5857307375689
}