{
  "ethBalance": 0.5002741579676101,
  "usdtBalance": 0,
  "usdcBalance": 100,
  "kenduBalance": 4855925261.348792,
  "ethBalanceInUsd": 1384.0034552758136,
  "kenduBalanceInUsd": 139559.29201116427,
  "totalUsdBalance": 1484.0034552758136
}