{
  "ethBalance": 0.35779268808449755,
  "usdtBalance": 0,
  "usdcBalance": 0,
  "kenduBalance": 3546950453.60037,
  "ethBalanceInUsd": 648.7532799616918,
  "kenduBalanceInUsd": 38626.290439708035,
  "totalUsdBalance": 648.7532799616918
}