{
  "ethBalance": 0.04272247540230626,
  "usdtBalance": 0,
  "usdcBalance": 0,
  "kenduBalance": 517214787.4674407,
  "ethBalanceInUsd": 100.12909282513921,
  "kenduBalanceInUsd": 22881.58219755958,
  "totalUsdBalance": 100.12909282513921
}