{
  "ethBalance": 0.038589031500035925,
  "usdtBalance": 0,
  "usdcBalance": 0,
  "kenduBalance": 35199894.08324558,
  "ethBalanceInUsd": 128.9977298402101,
  "kenduBalanceInUsd": 964.4770978809289,
  "totalUsdBalance": 128.9977298402101
}