{
  "ethBalance": 0.7135340112304981,
  "usdtBalance": 0,
  "usdcBalance": null,
  "kenduBalance": 4482236645.828448,
  "ethBalanceInUsd": 3185.1872847724944,
  "kenduBalanceInUsd": 49663.18203577921,
  "totalUsdBalance": null
}