{
  "ethBalance": 0.038589031500035925,
  "usdtBalance": 0,
  "usdcBalance": 0,
  "kenduBalance": 35199894.08324558,
  "ethBalanceInUsd": 108.75122268308624,
  "kenduBalanceInUsd": 1944.0901502176534,
  "totalUsdBalance": 108.75122268308624
}