{
  "ethBalance": 0.038589031500035925,
  "usdtBalance": 0,
  "usdcBalance": 0,
  "kenduBalance": 35199894.08324558,
  "ethBalanceInUsd": 126.36943090474264,
  "kenduBalanceInUsd": 721.5978287065344,
  "totalUsdBalance": 126.36943090474264
}