{
  "ethBalance": 0.35703877941042383,
  "usdtBalance": 0,
  "usdcBalance": 0,
  "kenduBalance": 4855947774.956796,
  "ethBalanceInUsd": 918.6286459328735,
  "kenduBalanceInUsd": 195160.5410755136,
  "totalUsdBalance": 918.6286459328735
}