{
  "ethBalance": 0.038589031500035925,
  "usdtBalance": 0,
  "usdcBalance": 0,
  "kenduBalance": 35199894.08324558,
  "ethBalanceInUsd": 146.85711950874173,
  "kenduBalanceInUsd": 991.2290173841957,
  "totalUsdBalance": 146.85711950874173
}