{
  "ethBalance": 0.038589031500035925,
  "usdtBalance": 0,
  "usdcBalance": 0,
  "kenduBalance": 35199894.08324558,
  "ethBalanceInUsd": 110.97279322654332,
  "kenduBalanceInUsd": 1864.186390648686,
  "totalUsdBalance": 110.97279322654332
}