{
  "ethBalance": 0.04841366454199495,
  "usdtBalance": 90113.767042,
  "usdcBalance": 0,
  "kenduBalance": 946492975.4674407,
  "ethBalanceInUsd": 121.36918391361799,
  "kenduBalanceInUsd": 118198.042776374,
  "totalUsdBalance": 90235.13622591362
}