{
  "ethBalance": 0.04272247540230626,
  "usdtBalance": 0,
  "usdcBalance": 0,
  "kenduBalance": 517214787.4674407,
  "ethBalanceInUsd": 99.78304077438052,
  "kenduBalanceInUsd": 23476.379203147135,
  "totalUsdBalance": 99.78304077438052
}