{
  "ethBalance": 0.038589031500035925,
  "usdtBalance": 0,
  "usdcBalance": 0,
  "kenduBalance": 35199894.08324558,
  "ethBalanceInUsd": 118.89010481940568,
  "kenduBalanceInUsd": 1406.2357686256612,
  "totalUsdBalance": 118.89010481940568
}