{
  "ethBalance": 0.045462183917402754,
  "usdtBalance": 0,
  "usdcBalance": 0,
  "kenduBalance": 307214787.46744066,
  "ethBalanceInUsd": 118.0452882725713,
  "kenduBalanceInUsd": 25203.90116382883,
  "totalUsdBalance": 118.0452882725713
}