{
  "ethBalance": 0.038589031500035925,
  "usdtBalance": 0,
  "usdcBalance": 0,
  "kenduBalance": 35199894.08324558,
  "ethBalanceInUsd": 128.53311790094966,
  "kenduBalanceInUsd": 890.2053213652808,
  "totalUsdBalance": 128.53311790094966
}