{
  "ethBalance": 0.038589031500035925,
  "usdtBalance": 0,
  "usdcBalance": 0,
  "kenduBalance": 35199894.08324558,
  "ethBalanceInUsd": 117.7285749712546,
  "kenduBalanceInUsd": 1068.3167854265034,
  "totalUsdBalance": 117.7285749712546
}