{
  "ethBalance": 0.04459919224178026,
  "usdtBalance": 0,
  "usdcBalance": 0,
  "kenduBalance": 517214787.4674407,
  "ethBalanceInUsd": 105.11583619465189,
  "kenduBalanceInUsd": 24195.307757726878,
  "totalUsdBalance": 105.11583619465189
}