{
  "ethBalance": 0.05718734702235537,
  "usdtBalance": 0,
  "usdcBalance": 384.463046,
  "kenduBalance": 5593814937.395827,
  "ethBalanceInUsd": 107.69292441861874,
  "kenduBalanceInUsd": 39548.2716073885,
  "totalUsdBalance": 492.1559704186188
}