{
  "ethBalance": 0.038589031500035925,
  "usdtBalance": 0,
  "usdcBalance": 0,
  "kenduBalance": 35199894.08324558,
  "ethBalanceInUsd": 135.71955323720135,
  "kenduBalanceInUsd": 1174.6204655579052,
  "totalUsdBalance": 135.71955323720135
}