{
  "ethBalance": 0.7135340112304981,
  "usdtBalance": 0,
  "usdcBalance": 25.002104,
  "kenduBalance": 4482236645.828448,
  "ethBalanceInUsd": 2992.632996501832,
  "kenduBalanceInUsd": 48094.399209739255,
  "totalUsdBalance": 3017.6351005018323
}