{
  "ethBalance": 0.038589031500035925,
  "usdtBalance": 0,
  "usdcBalance": 0,
  "kenduBalance": 35199894.08324558,
  "ethBalanceInUsd": 127.86900066883405,
  "kenduBalanceInUsd": 1019.7409315916245,
  "totalUsdBalance": 127.86900066883405
}