{
  "ethBalance": 0.3579488855246269,
  "usdtBalance": 0,
  "usdcBalance": 0,
  "kenduBalance": 3705282011.416198,
  "ethBalanceInUsd": 571.3580110744094,
  "kenduBalanceInUsd": 44278.12003642356,
  "totalUsdBalance": 571.3580110744094
}