{
  "ethBalance": 0.5002741579676101,
  "usdtBalance": 0,
  "usdcBalance": 100,
  "kenduBalance": 4855925261.348792,
  "ethBalanceInUsd": 1132.1454331886002,
  "kenduBalanceInUsd": 95321.81288027679,
  "totalUsdBalance": 1232.1454331886002
}