{
  "ethBalance": 0.35769432885289126,
  "usdtBalance": 0,
  "usdcBalance": 0,
  "kenduBalance": 4514955040.756332,
  "ethBalanceInUsd": 959.6366532196909,
  "kenduBalanceInUsd": 91337.54047450061,
  "totalUsdBalance": 959.6366532196909
}