{
  "ethBalance": 0.3579488855246269,
  "usdtBalance": 0,
  "usdcBalance": 0,
  "kenduBalance": 3705282011.416198,
  "ethBalanceInUsd": 574.651140821236,
  "kenduBalanceInUsd": 49169.09229149295,
  "totalUsdBalance": 574.651140821236
}