{
  "ethBalance": 0.30943876692005484,
  "usdtBalance": 0,
  "usdcBalance": 0,
  "kenduBalance": 8110029020.399477,
  "ethBalanceInUsd": 869.1299478113657,
  "kenduBalanceInUsd": 90670.12444806616,
  "totalUsdBalance": 869.1299478113657
}