{
  "ethBalance": 0.3194927667359207,
  "usdtBalance": 0,
  "usdcBalance": 884.463046,
  "kenduBalance": 4753954448.539579,
  "ethBalanceInUsd": 632.1164389870191,
  "kenduBalanceInUsd": 32754.746150437702,
  "totalUsdBalance": 1516.579484987019
}