{
  "ethBalance": 0.038589031500035925,
  "usdtBalance": 0,
  "usdcBalance": 0,
  "kenduBalance": 35199894.08324558,
  "ethBalanceInUsd": 118.46408191164528,
  "kenduBalanceInUsd": 724.0618212923616,
  "totalUsdBalance": 118.46408191164528
}