{
  "ethBalance": 0.038589031500035925,
  "usdtBalance": 0,
  "usdcBalance": 0,
  "kenduBalance": 35199894.08324558,
  "ethBalanceInUsd": 95.93503354129432,
  "kenduBalanceInUsd": 1627.6431024092756,
  "totalUsdBalance": 95.93503354129432
}