{
  "ethBalance": 0.0624422229661258,
  "usdtBalance": 0,
  "usdcBalance": 0,
  "kenduBalance": 6379544426.92592,
  "ethBalanceInUsd": 148.1853858542911,
  "kenduBalanceInUsd": 66857.62559418363,
  "totalUsdBalance": 148.1853858542911
}