{
  "ethBalance": 0.3579488855246269,
  "usdtBalance": 0,
  "usdcBalance": 0,
  "kenduBalance": 3705282011.416198,
  "ethBalanceInUsd": 579.214989111675,
  "kenduBalanceInUsd": 45167.38771916345,
  "totalUsdBalance": 579.214989111675
}