{
  "ethBalance": 0.10788809429719365,
  "usdtBalance": 3946.421819,
  "usdcBalance": 0,
  "kenduBalance": 13268928669.075045,
  "ethBalanceInUsd": 329.20649429562775,
  "kenduBalanceInUsd": 288068.4414056192,
  "totalUsdBalance": 4275.628313295628
}