{
  "ethBalance": 0.5002741579676101,
  "usdtBalance": 0,
  "usdcBalance": 100,
  "kenduBalance": 4855925261.348792,
  "ethBalanceInUsd": 1255.6581200492233,
  "kenduBalanceInUsd": 125962.70127938766,
  "totalUsdBalance": 1355.6581200492233
}