{
  "ethBalance": 0.5002741579676101,
  "usdtBalance": 0,
  "usdcBalance": 100,
  "kenduBalance": 4855925261.348792,
  "ethBalanceInUsd": 1401.1978780851605,
  "kenduBalanceInUsd": 131401.3375720983,
  "totalUsdBalance": 1501.1978780851605
}