{
  "ethBalance": 0.04272247540230626,
  "usdtBalance": 0,
  "usdcBalance": 0,
  "kenduBalance": 517214787.4674407,
  "ethBalanceInUsd": 104.50301985682732,
  "kenduBalanceInUsd": 22638.49124744988,
  "totalUsdBalance": 104.50301985682732
}