{
  "ethBalance": 0.038589031500035925,
  "usdtBalance": 0,
  "usdcBalance": 0,
  "kenduBalance": 35199894.08324558,
  "ethBalanceInUsd": 143.69667782888877,
  "kenduBalanceInUsd": 981.7250459817193,
  "totalUsdBalance": 143.69667782888877
}