{
  "ethBalance": 4.778379203455415,
  "usdtBalance": 3949.089252,
  "usdcBalance": 5005.206012,
  "kenduBalance": 12330098030.836285,
  "ethBalanceInUsd": 14651.131827090752,
  "kenduBalanceInUsd": 287414.5850987938,
  "totalUsdBalance": 23605.42709109075
}