{
  "ethBalance": 0.35769432885289126,
  "usdtBalance": 0,
  "usdcBalance": 0,
  "kenduBalance": 4514955040.756332,
  "ethBalanceInUsd": 888.0763257893815,
  "kenduBalanceInUsd": 74135.56176921897,
  "totalUsdBalance": 888.0763257893815
}