{
  "ethBalance": 0.3117728554842481,
  "usdtBalance": 0,
  "usdcBalance": 0.463046,
  "kenduBalance": 4113980899.4295063,
  "ethBalanceInUsd": 582.5382272866531,
  "kenduBalanceInUsd": 47228.500725450736,
  "totalUsdBalance": 583.001273286653
}