{
  "ethBalance": 13.47560135212183,
  "usdtBalance": 3949.089252,
  "usdcBalance": 8005.206012,
  "kenduBalance": 10805029020.399477,
  "ethBalanceInUsd": 43682.77885506516,
  "kenduBalanceInUsd": 169747.0059104758,
  "totalUsdBalance": 55637.07411906516
}