{
  "ethBalance": 0.038589031500035925,
  "usdtBalance": 0,
  "usdcBalance": 0,
  "kenduBalance": 35199894.08324558,
  "ethBalanceInUsd": 132.6509534523185,
  "kenduBalanceInUsd": 1101.7566848055867,
  "totalUsdBalance": 132.6509534523185
}