{
  "ethBalance": 0.06254024854608203,
  "usdtBalance": 0,
  "usdcBalance": 0,
  "kenduBalance": 6456272656.749752,
  "ethBalanceInUsd": 140.24650736458895,
  "kenduBalanceInUsd": 61786.52932509513,
  "totalUsdBalance": 140.24650736458895
}