{
  "ethBalance": 0.038589031500035925,
  "usdtBalance": 0,
  "usdcBalance": 0,
  "kenduBalance": 35199894.08324558,
  "ethBalanceInUsd": 121.13444289144778,
  "kenduBalanceInUsd": 1186.5884295462085,
  "totalUsdBalance": 121.13444289144778
}