{
  "ethBalance": 0.04272247540230626,
  "usdtBalance": 0,
  "usdcBalance": 0,
  "kenduBalance": 517214787.4674407,
  "ethBalanceInUsd": 102.60827807273503,
  "kenduBalanceInUsd": 25762.46856375322,
  "totalUsdBalance": 102.60827807273503
}