{
  "ethBalance": 0.038589031500035925,
  "usdtBalance": 0,
  "usdcBalance": 0,
  "kenduBalance": 35199894.08324558,
  "ethBalanceInUsd": 151.48433027591102,
  "kenduBalanceInUsd": 1155.6125227529526,
  "totalUsdBalance": 151.48433027591102
}