{
  "ethBalance": 0.04459919224178026,
  "usdtBalance": 0,
  "usdcBalance": 0,
  "kenduBalance": 517214787.4674407,
  "ethBalanceInUsd": 109.91203332833294,
  "kenduBalanceInUsd": 32005.251048485232,
  "totalUsdBalance": 109.91203332833294
}