{
  "ethBalance": 0.038589031500035925,
  "usdtBalance": 0,
  "usdcBalance": 0,
  "kenduBalance": 35199894.08324558,
  "ethBalanceInUsd": 135.08322010776575,
  "kenduBalanceInUsd": 763.1337037247642,
  "totalUsdBalance": 135.08322010776575
}