{
  "ethBalance": 3.9773126053695473,
  "usdtBalance": 0,
  "usdcBalance": 0,
  "kenduBalance": 8110029020.399477,
  "ethBalanceInUsd": 10465.462885382836,
  "kenduBalanceInUsd": 105105.97610437722,
  "totalUsdBalance": 10465.462885382836
}