{
  "ethBalance": 0.04459919224178026,
  "usdtBalance": 0,
  "usdcBalance": 0,
  "kenduBalance": 517214787.4674407,
  "ethBalanceInUsd": 104.66315439339782,
  "kenduBalanceInUsd": 27226.18641228608,
  "totalUsdBalance": 104.66315439339782
}