{
  "ethBalance": 0.04272247540230626,
  "usdtBalance": 0,
  "usdcBalance": 0,
  "kenduBalance": 517214787.4674407,
  "ethBalanceInUsd": 112.88901455354602,
  "kenduBalanceInUsd": 29041.6103162968,
  "totalUsdBalance": 112.88901455354602
}