{
  "ethBalance": 0.04459919224178026,
  "usdtBalance": 0,
  "usdcBalance": 0,
  "kenduBalance": 517214787.4674407,
  "ethBalanceInUsd": 108.57985545607097,
  "kenduBalanceInUsd": 27862.36060087103,
  "totalUsdBalance": 108.57985545607097
}