{
  "ethBalance": 0.038589031500035925,
  "usdtBalance": 0,
  "usdcBalance": 0,
  "kenduBalance": 35199894.08324558,
  "ethBalanceInUsd": 143.21122781261832,
  "kenduBalanceInUsd": 850.7814399920458,
  "totalUsdBalance": 143.21122781261832
}