{
  "ethBalance": 0.038589031500035925,
  "usdtBalance": 0,
  "usdcBalance": 0,
  "kenduBalance": 35199894.08324558,
  "ethBalanceInUsd": 108.63352613701113,
  "kenduBalanceInUsd": 1952.5381247976325,
  "totalUsdBalance": 108.63352613701113
}