{
  "ethBalance": 0.0624422229661258,
  "usdtBalance": 0,
  "usdcBalance": 0,
  "kenduBalance": 6379544426.92592,
  "ethBalanceInUsd": 131.08058771718026,
  "kenduBalanceInUsd": 57734.87706367957,
  "totalUsdBalance": 131.08058771718026
}