{
  "ethBalance": 0.5002741579676101,
  "usdtBalance": 0,
  "usdcBalance": 100,
  "kenduBalance": 4855925261.348792,
  "ethBalanceInUsd": 1326.526957266915,
  "kenduBalanceInUsd": 147474.45018716282,
  "totalUsdBalance": 1426.526957266915
}