{
  "ethBalance": 0.04272247540230626,
  "usdtBalance": 0,
  "usdcBalance": 0,
  "kenduBalance": 517214787.4674407,
  "ethBalanceInUsd": 106.04401954458851,
  "kenduBalanceInUsd": 22974.680859303717,
  "totalUsdBalance": 106.04401954458851
}