{
  "ethBalance": 0.038589031500035925,
  "usdtBalance": 0,
  "usdcBalance": 0,
  "kenduBalance": 35199894.08324558,
  "ethBalanceInUsd": 126.3076884543426,
  "kenduBalanceInUsd": 773.6936719497379,
  "totalUsdBalance": 126.3076884543426
}