{
  "ethBalance": 0.04272247540230626,
  "usdtBalance": 0,
  "usdcBalance": 0,
  "kenduBalance": 517214787.4674407,
  "ethBalanceInUsd": 110.02233645405127,
  "kenduBalanceInUsd": 28395.091831962494,
  "totalUsdBalance": 110.02233645405127
}