{
  "ethBalance": 8.051792938400936,
  "usdtBalance": 22356.072978,
  "usdcBalance": 88.007775,
  "kenduBalance": 947823769.8171208,
  "ethBalanceInUsd": 19511.587755909455,
  "kenduBalanceInUsd": 105805.5674246852,
  "totalUsdBalance": 41955.66850890945
}