{
  "ethBalance": 8.011063080971311,
  "usdtBalance": 22313.097842,
  "usdcBalance": 88.007775,
  "kenduBalance": 302835445.5049916,
  "ethBalanceInUsd": 25538.067442674394,
  "kenduBalanceInUsd": 46079.44138803952,
  "totalUsdBalance": 47939.173059674395
}