{
  "ethBalance": 0.04272247540230626,
  "usdtBalance": 0,
  "usdcBalance": 0,
  "kenduBalance": 517214787.4674407,
  "ethBalanceInUsd": 110.33121995120995,
  "kenduBalanceInUsd": 25550.410500891572,
  "totalUsdBalance": 110.33121995120995
}