{
  "ethBalance": 0.038589031500035925,
  "usdtBalance": 0,
  "usdcBalance": 0,
  "kenduBalance": 35199894.08324558,
  "ethBalanceInUsd": 127.52131349501872,
  "kenduBalanceInUsd": 789.5336242871984,
  "totalUsdBalance": 127.52131349501872
}