{
  "ethBalance": 4.778379203455415,
  "usdtBalance": 3949.089252,
  "usdcBalance": 5005.206012,
  "kenduBalance": 12330098030.836285,
  "ethBalanceInUsd": 14607.075170834893,
  "kenduBalanceInUsd": 287784.4880397189,
  "totalUsdBalance": 23561.37043483489
}