{
  "ethBalance": 0.038589031500035925,
  "usdtBalance": 0,
  "usdcBalance": 0,
  "kenduBalance": 35199894.08324558,
  "ethBalanceInUsd": 102.3481446862853,
  "kenduBalanceInUsd": 1888.826316506958,
  "totalUsdBalance": 102.3481446862853
}