{
  "ethBalance": 0.0660488809860724,
  "usdtBalance": 0,
  "usdcBalance": 0,
  "kenduBalance": 7622102282.100412,
  "ethBalanceInUsd": 183.6522160258236,
  "kenduBalanceInUsd": 67760.48928787267,
  "totalUsdBalance": 183.6522160258236
}