{
  "ethBalance": 0.04459919224178026,
  "usdtBalance": 0,
  "usdcBalance": 0,
  "kenduBalance": 517214787.4674407,
  "ethBalanceInUsd": 107.50858285842341,
  "kenduBalanceInUsd": 31622.512105759328,
  "totalUsdBalance": 107.50858285842341
}