{
  "ethBalance": 0.06254024854608203,
  "usdtBalance": 0,
  "usdcBalance": 0,
  "kenduBalance": 6456272656.749752,
  "ethBalanceInUsd": 158.10362453195177,
  "kenduBalanceInUsd": 71212.68740394976,
  "totalUsdBalance": 158.10362453195177
}