{
  "ethBalance": 0.20528601123049806,
  "usdtBalance": 0,
  "usdcBalance": null,
  "kenduBalance": 4482236645.828448,
  "ethBalanceInUsd": 948.5507020719763,
  "kenduBalanceInUsd": 60330.90525285091,
  "totalUsdBalance": null
}