{
  "ethBalance": 0.04459919224178026,
  "usdtBalance": 0,
  "usdcBalance": 0,
  "kenduBalance": 517214787.4674407,
  "ethBalanceInUsd": 102.35737615449779,
  "kenduBalanceInUsd": 28110.623698855405,
  "totalUsdBalance": 102.35737615449779
}