{
  "ethBalance": 0.0624422229661258,
  "usdtBalance": 0,
  "usdcBalance": 0,
  "kenduBalance": 6384544426.92592,
  "ethBalanceInUsd": 131.38155923187702,
  "kenduBalanceInUsd": 48331.00131182921,
  "totalUsdBalance": 131.38155923187702
}