{
  "ethBalance": 0.04272247540230626,
  "usdtBalance": 0,
  "usdcBalance": 0,
  "kenduBalance": 517214787.4674407,
  "ethBalanceInUsd": 101.96573204268435,
  "kenduBalanceInUsd": 25876.25581699606,
  "totalUsdBalance": 101.96573204268435
}