{
  "ethBalance": 0.038589031500035925,
  "usdtBalance": 0,
  "usdcBalance": 0,
  "kenduBalance": 35199894.08324558,
  "ethBalanceInUsd": 102.18336952178012,
  "kenduBalanceInUsd": 1454.1076245788752,
  "totalUsdBalance": 102.18336952178012
}