{
  "ethBalance": 1.3609421787309672,
  "usdtBalance": 0,
  "usdcBalance": null,
  "kenduBalance": 4489413951.490725,
  "ethBalanceInUsd": 6156.439696238127,
  "kenduBalanceInUsd": 60966.24146124404,
  "totalUsdBalance": null
}