{
  "ethBalance": 0.0624422229661258,
  "usdtBalance": 0,
  "usdcBalance": 0,
  "kenduBalance": 6384544426.92592,
  "ethBalanceInUsd": 133.8118105497186,
  "kenduBalanceInUsd": 53694.01863044699,
  "totalUsdBalance": 133.8118105497186
}