{
  "ethBalance": 1.5619054443825804,
  "usdtBalance": 3946.421819,
  "usdcBalance": 0,
  "kenduBalance": 13053495101.864979,
  "ethBalanceInUsd": 4784.475614396052,
  "kenduBalanceInUsd": 282216.5641023208,
  "totalUsdBalance": 8730.897433396052
}