{
  "ethBalance": 5.868454770569581,
  "usdtBalance": 3949.089252,
  "usdcBalance": 8005.206012,
  "kenduBalance": 12046087520.384169,
  "ethBalanceInUsd": 18291.797466222266,
  "kenduBalanceInUsd": 270796.0474582361,
  "totalUsdBalance": 30246.092730222266
}