{
  "ethBalance": 0.3603761199402911,
  "usdtBalance": 0,
  "usdcBalance": 154.403285,
  "kenduBalance": 4113980899.4295063,
  "ethBalanceInUsd": 547.804136160037,
  "kenduBalanceInUsd": 37108.107712854144,
  "totalUsdBalance": 702.207421160037
}