{
  "ethBalance": 0.038589031500035925,
  "usdtBalance": 0,
  "usdcBalance": 0,
  "kenduBalance": 35199894.08324558,
  "ethBalanceInUsd": 132.37967256087325,
  "kenduBalanceInUsd": 726.8778128190213,
  "totalUsdBalance": 132.37967256087325
}