{
  "ethBalance": 9.40272155275617,
  "usdtBalance": 3949.089252,
  "usdcBalance": 8005.206012,
  "kenduBalance": 11652025441.98484,
  "ethBalanceInUsd": 29513.7325458687,
  "kenduBalanceInUsd": 242944.7304653839,
  "totalUsdBalance": 41468.027809868705
}