{
  "ethBalance": 0.06254024854608203,
  "usdtBalance": 0,
  "usdcBalance": 0,
  "kenduBalance": 6456272656.749752,
  "ethBalanceInUsd": 138.39469060513946,
  "kenduBalanceInUsd": 60237.02388747519,
  "totalUsdBalance": 138.39469060513946
}