{
  "ethBalance": 0.038589031500035925,
  "usdtBalance": 0,
  "usdcBalance": 0,
  "kenduBalance": 35199894.08324558,
  "ethBalanceInUsd": 154.7995139720791,
  "kenduBalanceInUsd": 1366.811887252426,
  "totalUsdBalance": 154.7995139720791
}