{
  "ethBalance": 0.038589031500035925,
  "usdtBalance": 0,
  "usdcBalance": 0,
  "kenduBalance": 35199894.08324558,
  "ethBalanceInUsd": 103.19054324393107,
  "kenduBalanceInUsd": 1207.004368114491,
  "totalUsdBalance": 103.19054324393107
}