{
  "ethBalance": 0.04272247540230626,
  "usdtBalance": 0,
  "usdcBalance": 0,
  "kenduBalance": 517214787.4674407,
  "ethBalanceInUsd": 103.28286595933746,
  "kenduBalanceInUsd": 25824.534338249316,
  "totalUsdBalance": 103.28286595933746
}