{
  "ethBalance": 0.038589031500035925,
  "usdtBalance": 0,
  "usdcBalance": 0,
  "kenduBalance": 35199894.08324558,
  "ethBalanceInUsd": 135.42318947528108,
  "kenduBalanceInUsd": 636.4140850250801,
  "totalUsdBalance": 135.42318947528108
}