{
  "ethBalance": 0.9903818468589797,
  "usdtBalance": 0,
  "usdcBalance": null,
  "kenduBalance": 4677192821.897994,
  "ethBalanceInUsd": 4675.592699021243,
  "kenduBalanceInUsd": 82739.54101937551,
  "totalUsdBalance": null
}