{
  "ethBalance": 0.038589031500035925,
  "usdtBalance": 0,
  "usdcBalance": 0,
  "kenduBalance": 35199894.08324558,
  "ethBalanceInUsd": 125.5656213785969,
  "kenduBalanceInUsd": 762.7817047839318,
  "totalUsdBalance": 125.5656213785969
}