{
  "ethBalance": 0.038589031500035925,
  "usdtBalance": 0,
  "usdcBalance": 0,
  "kenduBalance": 35199894.08324558,
  "ethBalanceInUsd": 142.7234624544579,
  "kenduBalanceInUsd": 1367.515885134091,
  "totalUsdBalance": 142.7234624544579
}