{
  "ethBalance": 0.038589031500035925,
  "usdtBalance": 0,
  "usdcBalance": 0,
  "kenduBalance": 35199894.08324558,
  "ethBalanceInUsd": 123.7469203240002,
  "kenduBalanceInUsd": 1857.146411832037,
  "totalUsdBalance": 123.7469203240002
}