{
  "ethBalance": 0.04272247540230626,
  "usdtBalance": 0,
  "usdcBalance": 0,
  "kenduBalance": 517214787.4674407,
  "ethBalanceInUsd": 110.98572827437327,
  "kenduBalanceInUsd": 24205.652053476224,
  "totalUsdBalance": 110.98572827437327
}