{
  "ethBalance": 0.3117728554842481,
  "usdtBalance": 0,
  "usdcBalance": 0.463046,
  "kenduBalance": 4113980899.4295063,
  "ethBalanceInUsd": 596.7987176965025,
  "kenduBalanceInUsd": 49120.931939188304,
  "totalUsdBalance": 597.2617636965025
}