{
  "ethBalance": 0.5002741579676101,
  "usdtBalance": 0,
  "usdcBalance": 100,
  "kenduBalance": 4855925261.348792,
  "ethBalanceInUsd": 1265.6135757927789,
  "kenduBalanceInUsd": 130235.91550937461,
  "totalUsdBalance": 1365.6135757927789
}