{
  "ethBalance": 0.038589031500035925,
  "usdtBalance": 0,
  "usdcBalance": 0,
  "kenduBalance": 35199894.08324558,
  "ethBalanceInUsd": 139.39940328104478,
  "kenduBalanceInUsd": 831.0694993054282,
  "totalUsdBalance": 139.39940328104478
}