{
  "ethBalance": 0.35779268808449755,
  "usdtBalance": 0,
  "usdcBalance": 0,
  "kenduBalance": 3546950453.60037,
  "ethBalanceInUsd": 632.3484852130175,
  "kenduBalanceInUsd": 36817.34570837184,
  "totalUsdBalance": 632.3484852130175
}