{
  "ethBalance": 0.038589031500035925,
  "usdtBalance": 0,
  "usdcBalance": 0,
  "kenduBalance": 35199894.08324558,
  "ethBalanceInUsd": 122.18020564509875,
  "kenduBalanceInUsd": 1459.7396076321943,
  "totalUsdBalance": 122.18020564509875
}