{
  "ethBalance": 0.045462183917402754,
  "usdtBalance": 0,
  "usdcBalance": 0,
  "kenduBalance": 307214787.46744066,
  "ethBalanceInUsd": 122.88473775057882,
  "kenduBalanceInUsd": 24328.339019546627,
  "totalUsdBalance": 122.88473775057882
}