{
  "ethBalance": 0.045462183917402754,
  "usdtBalance": 0,
  "usdcBalance": 0,
  "kenduBalance": 307214787.46744066,
  "ethBalanceInUsd": 121.99822516418948,
  "kenduBalanceInUsd": 25495.7552119229,
  "totalUsdBalance": 121.99822516418948
}