{
  "ethBalance": 0.038589031500035925,
  "usdtBalance": 0,
  "usdcBalance": 0,
  "kenduBalance": 35199894.08324558,
  "ethBalanceInUsd": 134.66954569008539,
  "kenduBalanceInUsd": 1204.8923744694964,
  "totalUsdBalance": 134.66954569008539
}