{
  "ethBalance": 0.04272247540230626,
  "usdtBalance": 0,
  "usdcBalance": 0,
  "kenduBalance": 517214787.4674407,
  "ethBalanceInUsd": 101.56926747095095,
  "kenduBalanceInUsd": 27753.74549550287,
  "totalUsdBalance": 101.56926747095095
}