{
  "ethBalance": 8.051792938400936,
  "usdtBalance": 22380.187863,
  "usdcBalance": 88.007775,
  "kenduBalance": 947823769.8171208,
  "ethBalanceInUsd": 20210.644418821423,
  "kenduBalanceInUsd": 113473.4617225057,
  "totalUsdBalance": 42678.84005682142
}