{
  "ethBalance": 0.357215510728175,
  "usdtBalance": 0,
  "usdcBalance": 0,
  "kenduBalance": 4299933763.203477,
  "ethBalanceInUsd": 942.3630945417838,
  "kenduBalanceInUsd": 102381.42290187479,
  "totalUsdBalance": 942.3630945417838
}