{
  "ethBalance": 0.30943876692005484,
  "usdtBalance": 0,
  "usdcBalance": 0,
  "kenduBalance": 8110029020.399477,
  "ethBalanceInUsd": 851.3557850394777,
  "kenduBalanceInUsd": 88967.01835378226,
  "totalUsdBalance": 851.3557850394777
}