{
  "ethBalance": 0.35769432885289126,
  "usdtBalance": 0,
  "usdcBalance": 0,
  "kenduBalance": 4514955040.756332,
  "ethBalanceInUsd": 926.0563096269814,
  "kenduBalanceInUsd": 78831.11501160557,
  "totalUsdBalance": 926.0563096269814
}