{
  "ethBalance": 0.038589031500035925,
  "usdtBalance": 0,
  "usdcBalance": 0,
  "kenduBalance": 35199894.08324558,
  "ethBalanceInUsd": 124.01549998324046,
  "kenduBalanceInUsd": 1816.6665336363046,
  "totalUsdBalance": 124.01549998324046
}