{
  "ethBalance": 0.5002741579676101,
  "usdtBalance": 0,
  "usdcBalance": null,
  "kenduBalance": 4855925261.348792,
  "ethBalanceInUsd": 1221.5394224758322,
  "kenduBalanceInUsd": 94399.18708062053,
  "totalUsdBalance": null
}