{
  "ethBalance": 8.051792938400936,
  "usdtBalance": 22356.072978,
  "usdcBalance": 88.007775,
  "kenduBalance": 947823769.8171208,
  "ethBalanceInUsd": 20290.035097194057,
  "kenduBalanceInUsd": 112250.76905944162,
  "totalUsdBalance": 42734.11585019406
}