{
  "ethBalance": 0.5002741579676101,
  "usdtBalance": 0,
  "usdcBalance": 100,
  "kenduBalance": 4855925261.348792,
  "ethBalanceInUsd": 1313.4798072271196,
  "kenduBalanceInUsd": 131741.25234039273,
  "totalUsdBalance": 1413.4798072271196
}