{
  "ethBalance": 0.0624422229661258,
  "usdtBalance": 0,
  "usdcBalance": 0,
  "kenduBalance": 6379544426.92592,
  "ethBalanceInUsd": 132.78963135976312,
  "kenduBalanceInUsd": 60541.87661152698,
  "totalUsdBalance": 132.78963135976312
}