{
  "ethBalance": 0.3117728554842481,
  "usdtBalance": 0,
  "usdcBalance": 0.463046,
  "kenduBalance": 4113980899.4295063,
  "ethBalanceInUsd": 564.7734099811606,
  "kenduBalanceInUsd": 44677.832567804435,
  "totalUsdBalance": 565.2364559811606
}