{
  "ethBalance": 0.038589031500035925,
  "usdtBalance": 0,
  "usdcBalance": 0,
  "kenduBalance": 35199894.08324558,
  "ethBalanceInUsd": 97.10196585385539,
  "kenduBalanceInUsd": 1607.5791627818257,
  "totalUsdBalance": 97.10196585385539
}