{
  "ethBalance": 0.038589031500035925,
  "usdtBalance": 0,
  "usdcBalance": 0,
  "kenduBalance": 35199894.08324558,
  "ethBalanceInUsd": 101.47448901312447,
  "kenduBalanceInUsd": 1158.7805132204446,
  "totalUsdBalance": 101.47448901312447
}