{
  "ethBalance": 0.038589031500035925,
  "usdtBalance": 0,
  "usdcBalance": 0,
  "kenduBalance": 35199894.08324558,
  "ethBalanceInUsd": 126.0977641229824,
  "kenduBalanceInUsd": 709.9818636590634,
  "totalUsdBalance": 126.0977641229824
}