{
  "ethBalance": 0.038589031500035925,
  "usdtBalance": 0,
  "usdcBalance": 0,
  "kenduBalance": 35199894.08324558,
  "ethBalanceInUsd": 120.42903539562711,
  "kenduBalanceInUsd": 970.8130788159132,
  "totalUsdBalance": 120.42903539562711
}