{
  "ethBalance": 0.3117728554842481,
  "usdtBalance": 0,
  "usdcBalance": 0.463046,
  "kenduBalance": 4113980899.4295063,
  "ethBalanceInUsd": 559.8068683932966,
  "kenduBalanceInUsd": 49162.07174818261,
  "totalUsdBalance": 560.2699143932965
}