{
  "ethBalance": 0.038589031500035925,
  "usdtBalance": 0,
  "usdcBalance": 0,
  "kenduBalance": 35199894.08324558,
  "ethBalanceInUsd": 128.94254752516503,
  "kenduBalanceInUsd": 296.03110924009536,
  "totalUsdBalance": 128.94254752516503
}