{
  "ethBalance": 0.04459919224178026,
  "usdtBalance": 0,
  "usdcBalance": 0,
  "kenduBalance": 517214787.4674407,
  "ethBalanceInUsd": 104.36879972460207,
  "kenduBalanceInUsd": 27903.737783868426,
  "totalUsdBalance": 104.36879972460207
}