{
  "ethBalance": 0.3117728554842481,
  "usdtBalance": 0,
  "usdcBalance": 0.463046,
  "kenduBalance": 4113980899.4295063,
  "ethBalanceInUsd": 575.9691732215999,
  "kenduBalanceInUsd": 45294.929702718866,
  "totalUsdBalance": 576.4322192215999
}