{
  "ethBalance": 0.05718734702235537,
  "usdtBalance": 0,
  "usdcBalance": 384.463046,
  "kenduBalance": 5593814937.395827,
  "ethBalanceInUsd": 106.40106224938373,
  "kenduBalanceInUsd": 39883.90050363225,
  "totalUsdBalance": 490.8641082493838
}