{
  "ethBalance": 3.9773126053695473,
  "usdtBalance": 0,
  "usdcBalance": 0,
  "kenduBalance": 8110029020.399477,
  "ethBalanceInUsd": 10593.731216906004,
  "kenduBalanceInUsd": 104862.67523376524,
  "totalUsdBalance": 10593.731216906004
}