{
  "ethBalance": 0.3579488855246269,
  "usdtBalance": 0,
  "usdcBalance": 0,
  "kenduBalance": 3705282011.416198,
  "ethBalanceInUsd": 566.0818445017765,
  "kenduBalanceInUsd": 38164.40471758683,
  "totalUsdBalance": 566.0818445017765
}