{
  "ethBalance": 1.5619054443825804,
  "usdtBalance": 3946.421819,
  "usdcBalance": 0,
  "kenduBalance": 13053495101.864979,
  "ethBalanceInUsd": 4779.836755226236,
  "kenduBalanceInUsd": 277125.70101259346,
  "totalUsdBalance": 8726.258574226236
}