{
  "ethBalance": 0.10788809429719365,
  "usdtBalance": 3946.421819,
  "usdcBalance": 0,
  "kenduBalance": 13268928669.075045,
  "ethBalanceInUsd": 349.6858123551211,
  "kenduBalanceInUsd": 326282.9559725553,
  "totalUsdBalance": 4296.107631355121
}