{
  "ethBalance": 0.038589031500035925,
  "usdtBalance": 0,
  "usdcBalance": 0,
  "kenduBalance": 35199894.08324558,
  "ethBalanceInUsd": 101.79516386488976,
  "kenduBalanceInUsd": 1261.5642039435218,
  "totalUsdBalance": 101.79516386488976
}