{
  "ethBalance": 0.3579488855246269,
  "usdtBalance": 0,
  "usdcBalance": 0,
  "kenduBalance": 3705282011.416198,
  "ethBalanceInUsd": 605.7318425513394,
  "kenduBalanceInUsd": 42351.37339048714,
  "totalUsdBalance": 605.7318425513394
}