{
  "ethBalance": 0.04459919224178026,
  "usdtBalance": 0,
  "usdcBalance": 0,
  "kenduBalance": 517214787.4674407,
  "ethBalanceInUsd": 108.15928507323098,
  "kenduBalanceInUsd": 28607.149894824146,
  "totalUsdBalance": 108.15928507323098
}