{
  "ethBalance": 0.5002741579676101,
  "usdtBalance": 0,
  "usdcBalance": 100,
  "kenduBalance": 4855925261.348792,
  "ethBalanceInUsd": 1348.8942148696467,
  "kenduBalanceInUsd": 150388.0053439721,
  "totalUsdBalance": 1448.8942148696467
}