{
  "ethBalance": 0.038589031500035925,
  "usdtBalance": 0,
  "usdcBalance": 0,
  "kenduBalance": 35199894.08324558,
  "ethBalanceInUsd": 94.8595572333883,
  "kenduBalanceInUsd": 1192.220412599528,
  "totalUsdBalance": 94.8595572333883
}