{
  "ethBalance": 0.5002741579676101,
  "usdtBalance": 0,
  "usdcBalance": 100,
  "kenduBalance": 4855925261.348792,
  "ethBalanceInUsd": 1267.154420199319,
  "kenduBalanceInUsd": 143783.94698853773,
  "totalUsdBalance": 1367.154420199319
}