{
  "ethBalance": 0.35769432885289126,
  "usdtBalance": 0,
  "usdcBalance": 0,
  "kenduBalance": 4514955040.756332,
  "ethBalanceInUsd": 896.1101404154173,
  "kenduBalanceInUsd": 78695.66636038288,
  "totalUsdBalance": 896.1101404154173
}