{
  "ethBalance": 0.3406431199402911,
  "usdtBalance": 0,
  "usdcBalance": 154.403285,
  "kenduBalance": 4113980899.4295063,
  "ethBalanceInUsd": 616.2199975407872,
  "kenduBalanceInUsd": 46940.522062490665,
  "totalUsdBalance": 770.6232825407872
}