{
  "ethBalance": 0.038589031500035925,
  "usdtBalance": 0,
  "usdcBalance": 0,
  "kenduBalance": 35199894.08324558,
  "ethBalanceInUsd": 118.55630969693038,
  "kenduBalanceInUsd": 801.8535872163343,
  "totalUsdBalance": 118.55630969693038
}