{
  "ethBalance": 0.5002741579676101,
  "usdtBalance": 0,
  "usdcBalance": 100,
  "kenduBalance": 4855925261.348792,
  "ethBalanceInUsd": 1272.8425373754108,
  "kenduBalanceInUsd": 142667.08417842753,
  "totalUsdBalance": 1372.8425373754108
}