{
  "ethBalance": 0.038589031500035925,
  "usdtBalance": 0,
  "usdcBalance": 0,
  "kenduBalance": 35199894.08324558,
  "ethBalanceInUsd": 100.57073389539362,
  "kenduBalanceInUsd": 1254.5242251268726,
  "totalUsdBalance": 100.57073389539362
}