{
  "ethBalance": 0.5002741579676101,
  "usdtBalance": 0,
  "usdcBalance": 100,
  "kenduBalance": 4855925261.348792,
  "ethBalanceInUsd": 1334.7614699070618,
  "kenduBalanceInUsd": 142327.1694101331,
  "totalUsdBalance": 1434.7614699070618
}