{
  "ethBalance": 0.038589031500035925,
  "usdtBalance": 0,
  "usdcBalance": 0,
  "kenduBalance": 35199894.08324558,
  "ethBalanceInUsd": 120.76900476314243,
  "kenduBalanceInUsd": 1050.3648394440481,
  "totalUsdBalance": 120.76900476314243
}