{
  "ethBalance": 0.038589031500035925,
  "usdtBalance": 0,
  "usdcBalance": 0,
  "kenduBalance": 35199894.08324558,
  "ethBalanceInUsd": 124.20612979885064,
  "kenduBalanceInUsd": 1056.7008203790324,
  "totalUsdBalance": 124.20612979885064
}