{
  "ethBalance": 0.038589031500035925,
  "usdtBalance": 0,
  "usdcBalance": 0,
  "kenduBalance": 35199894.08324558,
  "ethBalanceInUsd": 147.3757560921022,
  "kenduBalanceInUsd": 1004.9569760766614,
  "totalUsdBalance": 147.3757560921022
}