{
  "ethBalance": 4.092998430208601,
  "usdtBalance": 0,
  "usdcBalance": 0,
  "kenduBalance": 8310029020.399478,
  "ethBalanceInUsd": 11046.55253330569,
  "kenduBalanceInUsd": 123237.73037252427,
  "totalUsdBalance": 11046.55253330569
}