{
  "ethBalance": 0.038589031500035925,
  "usdtBalance": 0,
  "usdcBalance": 0,
  "kenduBalance": 35199894.08324558,
  "ethBalanceInUsd": 132.04047497398793,
  "kenduBalanceInUsd": 874.7173679686528,
  "totalUsdBalance": 132.04047497398793
}