{
  "ethBalance": 3.9773126053695473,
  "usdtBalance": 0,
  "usdcBalance": 0,
  "kenduBalance": 8110029020.399477,
  "ethBalanceInUsd": 10799.159412973342,
  "kenduBalanceInUsd": 107944.48626151704,
  "totalUsdBalance": 10799.159412973342
}