{
  "ethBalance": 0.038589031500035925,
  "usdtBalance": 0,
  "usdcBalance": 0,
  "kenduBalance": 35199894.08324558,
  "ethBalanceInUsd": 113.13377899054534,
  "kenduBalanceInUsd": 1953.59412162013,
  "totalUsdBalance": 113.13377899054534
}