{
  "ethBalance": 0.038589031500035925,
  "usdtBalance": 0,
  "usdcBalance": 0,
  "kenduBalance": 35199894.08324558,
  "ethBalanceInUsd": 136.85136953109742,
  "kenduBalanceInUsd": 1236.220280203585,
  "totalUsdBalance": 136.85136953109742
}