{
  "ethBalance": 0.3579488855246269,
  "usdtBalance": 0,
  "usdcBalance": 0,
  "kenduBalance": 3705282011.416198,
  "ethBalanceInUsd": 585.6222741625658,
  "kenduBalanceInUsd": 37460.40113541776,
  "totalUsdBalance": 585.6222741625658
}