{
  "ethBalance": 8.056063080971311,
  "usdtBalance": 22313.097842,
  "usdcBalance": 88.007775,
  "kenduBalance": 319721753.5049916,
  "ethBalanceInUsd": 24952.044180692443,
  "kenduBalanceInUsd": 41656.547264165354,
  "totalUsdBalance": 47353.14979769244
}