{
  "ethBalance": 0.038589031500035925,
  "usdtBalance": 0,
  "usdcBalance": 0,
  "kenduBalance": 35199894.08324558,
  "ethBalanceInUsd": 114.73946859126181,
  "kenduBalanceInUsd": 1825.1145082162834,
  "totalUsdBalance": 114.73946859126181
}