{
  "ethBalance": 0.038589031500035925,
  "usdtBalance": 0,
  "usdcBalance": 0,
  "kenduBalance": 35199894.08324558,
  "ethBalanceInUsd": 120.96851005599761,
  "kenduBalanceInUsd": 1365.0518925482636,
  "totalUsdBalance": 120.96851005599761
}