{
  "ethBalance": 18.27649738337883,
  "usdtBalance": 0,
  "usdcBalance": 0,
  "kenduBalance": 10805029020.399477,
  "ethBalanceInUsd": 50786.73092893309,
  "kenduBalanceInUsd": 159050.0271802803,
  "totalUsdBalance": 50786.73092893309
}