{
  "ethBalance": 0.0624422229661258,
  "usdtBalance": 0,
  "usdcBalance": 0,
  "kenduBalance": 6379544426.92592,
  "ethBalanceInUsd": 138.93519494408923,
  "kenduBalanceInUsd": 52886.42329921587,
  "totalUsdBalance": 138.93519494408923
}