{
  "ethBalance": 13.47560135212183,
  "usdtBalance": 3949.089252,
  "usdcBalance": 8005.206012,
  "kenduBalance": 10805029020.399477,
  "ethBalanceInUsd": 44462.34239328541,
  "kenduBalanceInUsd": 193410.01946515066,
  "totalUsdBalance": 56416.63765728541
}