{
  "ethBalance": 0.038589031500035925,
  "usdtBalance": 0,
  "usdcBalance": 0,
  "kenduBalance": 35199894.08324558,
  "ethBalanceInUsd": 149.18403810819387,
  "kenduBalanceInUsd": 878.5893563178098,
  "totalUsdBalance": 149.18403810819387
}