{
  "ethBalance": 0.30943876692005484,
  "usdtBalance": 0,
  "usdcBalance": 0,
  "kenduBalance": 8110029020.399477,
  "ethBalanceInUsd": 846.1200811031903,
  "kenduBalanceInUsd": 88480.4166125583,
  "totalUsdBalance": 846.1200811031903
}