{
  "ethBalance": 0.038589031500035925,
  "usdtBalance": 0,
  "usdcBalance": 0,
  "kenduBalance": 35199894.08324558,
  "ethBalanceInUsd": 123.51461435436998,
  "kenduBalanceInUsd": 749.053746091466,
  "totalUsdBalance": 123.51461435436998
}