{
  "ethBalance": 0.038589031500035925,
  "usdtBalance": 0,
  "usdcBalance": 0,
  "kenduBalance": 35199894.08324558,
  "ethBalanceInUsd": 124.02437546048546,
  "kenduBalanceInUsd": 769.8216836005809,
  "totalUsdBalance": 124.02437546048546
}