{
  "ethBalance": 1.4053936273325678,
  "usdtBalance": 3946.421819,
  "usdcBalance": 0,
  "kenduBalance": 13081629191.022676,
  "ethBalanceInUsd": 4418.445132843407,
  "kenduBalanceInUsd": 274714.2130114762,
  "totalUsdBalance": 8364.866951843407
}