{
  "ethBalance": 0.700034011230498,
  "usdtBalance": 0,
  "usdcBalance": null,
  "kenduBalance": 4482236645.828448,
  "ethBalanceInUsd": 3225.490710825867,
  "kenduBalanceInUsd": 50873.38593015289,
  "totalUsdBalance": null
}