{
  "ethBalance": 0.04459919224178026,
  "usdtBalance": 0,
  "usdcBalance": 0,
  "kenduBalance": 517214787.4674407,
  "ethBalanceInUsd": 106.65673828660539,
  "kenduBalanceInUsd": 27960.631410489845,
  "totalUsdBalance": 106.65673828660539
}