{
  "ethBalance": 8.056063080971311,
  "usdtBalance": 22356.072978,
  "usdcBalance": 88.007775,
  "kenduBalance": 319823769.8171208,
  "ethBalanceInUsd": 23436.21535137688,
  "kenduBalanceInUsd": 39661.34569502115,
  "totalUsdBalance": 45880.29610437688
}