{
  "ethBalance": 0.038589031500035925,
  "usdtBalance": 0,
  "usdcBalance": 0,
  "kenduBalance": 35199894.08324558,
  "ethBalanceInUsd": 131.38330376754232,
  "kenduBalanceInUsd": 605.0861792909916,
  "totalUsdBalance": 131.38330376754232
}