{
  "ethBalance": 0.038589031500035925,
  "usdtBalance": 0,
  "usdcBalance": 0,
  "kenduBalance": 35199894.08324558,
  "ethBalanceInUsd": 141.21964789690148,
  "kenduBalanceInUsd": 1161.9485036879366,
  "totalUsdBalance": 141.21964789690148
}