{
  "ethBalance": 0.04272247540230626,
  "usdtBalance": 0,
  "usdcBalance": 0,
  "kenduBalance": 517214787.4674407,
  "ethBalanceInUsd": 110.88661213143993,
  "kenduBalanceInUsd": 26584.840075826454,
  "totalUsdBalance": 110.88661213143993
}