{
  "ethBalance": 0.35703877941042383,
  "usdtBalance": 0,
  "usdcBalance": 0,
  "kenduBalance": 4855947774.956796,
  "ethBalanceInUsd": 883.3389329759474,
  "kenduBalanceInUsd": 155584.56670961573,
  "totalUsdBalance": 883.3389329759474
}