{
  "ethBalance": 0.700034011230498,
  "usdtBalance": 0,
  "usdcBalance": null,
  "kenduBalance": 4482236645.828448,
  "ethBalanceInUsd": 3205.4417367442256,
  "kenduBalanceInUsd": 52576.6358555677,
  "totalUsdBalance": null
}