{
  "ethBalance": 0.04272247540230626,
  "usdtBalance": 0,
  "usdcBalance": 0,
  "kenduBalance": 517214787.4674407,
  "ethBalanceInUsd": 103.7429870194203,
  "kenduBalanceInUsd": 23383.280541402997,
  "totalUsdBalance": 103.7429870194203
}