{
  "ethBalance": 0.045462183917402754,
  "usdtBalance": 0,
  "usdcBalance": 0,
  "kenduBalance": 307214787.46744066,
  "ethBalanceInUsd": 125.43925786489767,
  "kenduBalanceInUsd": 26435.83246157327,
  "totalUsdBalance": 125.43925786489767
}