{
  "ethBalance": 4.092998430208601,
  "usdtBalance": 0,
  "usdcBalance": 0,
  "kenduBalance": 8310029020.399478,
  "ethBalanceInUsd": 10795.365219643789,
  "kenduBalanceInUsd": 114595.30019130881,
  "totalUsdBalance": 10795.365219643789
}