{
  "ethBalance": 0.35769432885289126,
  "usdtBalance": 0,
  "usdcBalance": 0,
  "kenduBalance": 4514955040.756332,
  "ethBalanceInUsd": 886.8315495249734,
  "kenduBalanceInUsd": 73684.06626514334,
  "totalUsdBalance": 886.8315495249734
}