{
  "ethBalance": 0.04459919224178026,
  "usdtBalance": 0,
  "usdcBalance": 0,
  "kenduBalance": 517214787.4674407,
  "ethBalanceInUsd": 107.30253459026638,
  "kenduBalanceInUsd": 19654.16192376275,
  "totalUsdBalance": 107.30253459026638
}