{
  "ethBalance": 0.038589031500035925,
  "usdtBalance": 0,
  "usdcBalance": 0,
  "kenduBalance": 35199894.08324558,
  "ethBalanceInUsd": 149.8404375340095,
  "kenduBalanceInUsd": 1203.132379765334,
  "totalUsdBalance": 149.8404375340095
}