{
  "ethBalance": 0.06254024854608203,
  "usdtBalance": 0,
  "usdcBalance": 0,
  "kenduBalance": 6456272656.749752,
  "ethBalanceInUsd": 148.0609114204219,
  "kenduBalanceInUsd": 56105.00938715535,
  "totalUsdBalance": 148.0609114204219
}