{
  "ethBalance": 0.0624422229661258,
  "usdtBalance": 0,
  "usdcBalance": 0,
  "kenduBalance": 6384544426.92592,
  "ethBalanceInUsd": 125.11298446830763,
  "kenduBalanceInUsd": 46798.71064936699,
  "totalUsdBalance": 125.11298446830763
}