{
  "ethBalance": 0.04459919224178026,
  "usdtBalance": 0,
  "usdcBalance": 0,
  "kenduBalance": 517214787.4674407,
  "ethBalanceInUsd": 107.76101428651188,
  "kenduBalanceInUsd": 29108.848238667564,
  "totalUsdBalance": 107.76101428651188
}