{
  "ethBalance": 0.35769432885289126,
  "usdtBalance": 0,
  "usdcBalance": 0,
  "kenduBalance": 4514955040.756332,
  "ethBalanceInUsd": 890.0543754279379,
  "kenduBalanceInUsd": 83210.62140113921,
  "totalUsdBalance": 890.0543754279379
}