{
  "ethBalance": 0.03983369884579122,
  "usdtBalance": 0,
  "usdcBalance": 0,
  "kenduBalance": 1091213805.8365645,
  "ethBalanceInUsd": 103.77395555907837,
  "kenduBalanceInUsd": 45580.000669793306,
  "totalUsdBalance": 103.77395555907837
}