{
  "ethBalance": 0.038589031500035925,
  "usdtBalance": 0,
  "usdcBalance": 0,
  "kenduBalance": 35199894.08324558,
  "ethBalanceInUsd": 129.79806635352082,
  "kenduBalanceInUsd": 859.9334124536897,
  "totalUsdBalance": 129.79806635352082
}