{
  "ethBalance": 0.7135340112304981,
  "usdtBalance": 0,
  "usdcBalance": null,
  "kenduBalance": 4482236645.828448,
  "ethBalanceInUsd": 2985.7687993137943,
  "kenduBalanceInUsd": 47377.2413464067,
  "totalUsdBalance": null
}