{
  "ethBalance": 13.47560135212183,
  "usdtBalance": 3949.089252,
  "usdcBalance": 8005.206012,
  "kenduBalance": 10805029020.399477,
  "ethBalanceInUsd": 43726.97882750013,
  "kenduBalanceInUsd": 176662.22448353146,
  "totalUsdBalance": 55681.27409150013
}