{
  "ethBalance": 0.038589031500035925,
  "usdtBalance": 0,
  "usdcBalance": 0,
  "kenduBalance": 35199894.08324558,
  "ethBalanceInUsd": 101.9306113654549,
  "kenduBalanceInUsd": 1449.531638348053,
  "totalUsdBalance": 101.9306113654549
}