{
  "ethBalance": 0.5002741579676101,
  "usdtBalance": 0,
  "usdcBalance": 100,
  "kenduBalance": 4855925261.348792,
  "ethBalanceInUsd": 1200.1677104474559,
  "kenduBalanceInUsd": 102071.54899355161,
  "totalUsdBalance": 1300.1677104474559
}