{
  "ethBalance": 0.30943876692005484,
  "usdtBalance": 0,
  "usdcBalance": 0,
  "kenduBalance": 8110029020.399477,
  "ethBalanceInUsd": 836.2118517864102,
  "kenduBalanceInUsd": 86777.3105182744,
  "totalUsdBalance": 836.2118517864102
}