{
  "ethBalance": 0.045462183917402754,
  "usdtBalance": 0,
  "usdcBalance": 0,
  "kenduBalance": 307214787.46744066,
  "ethBalanceInUsd": 117.96300171968079,
  "kenduBalanceInUsd": 31741.431841135967,
  "totalUsdBalance": 117.96300171968079
}