{
  "ethBalance": 0.038589031500035925,
  "usdtBalance": 0,
  "usdcBalance": 0,
  "kenduBalance": 35199894.08324558,
  "ethBalanceInUsd": 97.34546264262062,
  "kenduBalanceInUsd": 1578.7152496335643,
  "totalUsdBalance": 97.34546264262062
}