{
  "ethBalance": 0.038589031500035925,
  "usdtBalance": 0,
  "usdcBalance": 0,
  "kenduBalance": 35199894.08324558,
  "ethBalanceInUsd": 128.44590668975957,
  "kenduBalanceInUsd": 777.2136613580624,
  "totalUsdBalance": 128.44590668975957
}