{
  "ethBalance": 0.038589031500035925,
  "usdtBalance": 0,
  "usdcBalance": 0,
  "kenduBalance": 35199894.08324558,
  "ethBalanceInUsd": 134.03166899938978,
  "kenduBalanceInUsd": 832.1254961279257,
  "totalUsdBalance": 134.03166899938978
}