{
  "ethBalance": 0.5002741579676101,
  "usdtBalance": 0,
  "usdcBalance": 100,
  "kenduBalance": 4855925261.348792,
  "ethBalanceInUsd": 1304.4798751252824,
  "kenduBalanceInUsd": 120184.1502183826,
  "totalUsdBalance": 1404.4798751252824
}