{
  "ethBalance": 0.038589031500035925,
  "usdtBalance": 0,
  "usdcBalance": 0,
  "kenduBalance": 35199894.08324558,
  "ethBalanceInUsd": 128.70831210395983,
  "kenduBalanceInUsd": 771.9336772455756,
  "totalUsdBalance": 128.70831210395983
}