{
  "ethBalance": 0.0624422229661258,
  "usdtBalance": 0,
  "usdcBalance": 0,
  "kenduBalance": 6384544426.92592,
  "ethBalanceInUsd": 121.72112291678766,
  "kenduBalanceInUsd": 47692.54686913662,
  "totalUsdBalance": 121.72112291678766
}