{
  "ethBalance": 1.371271523032504,
  "usdtBalance": 0,
  "usdcBalance": null,
  "kenduBalance": 4482236645.828448,
  "ethBalanceInUsd": 6433.484902889757,
  "kenduBalanceInUsd": 61406.64204784974,
  "totalUsdBalance": null
}