{
  "ethBalance": 0.045462183917402754,
  "usdtBalance": 0,
  "usdcBalance": 0,
  "kenduBalance": 307214787.46744066,
  "ethBalanceInUsd": 117.73068995986286,
  "kenduBalanceInUsd": 20122.568579117367,
  "totalUsdBalance": 117.73068995986286
}