{
  "ethBalance": 0.038589031500035925,
  "usdtBalance": 0,
  "usdcBalance": 0,
  "kenduBalance": 35199894.08324558,
  "ethBalanceInUsd": 130.37381470350138,
  "kenduBalanceInUsd": 785.309636997209,
  "totalUsdBalance": 130.37381470350138
}