{
  "ethBalance": 0.06254024854608203,
  "usdtBalance": 0,
  "usdcBalance": 0,
  "kenduBalance": 6456272656.749752,
  "ethBalanceInUsd": 143.1865244487403,
  "kenduBalanceInUsd": 52424.93397280799,
  "totalUsdBalance": 143.1865244487403
}