{
  "ethBalance": 0.04272247540230626,
  "usdtBalance": 0,
  "usdcBalance": 0,
  "kenduBalance": 517214787.4674407,
  "ethBalanceInUsd": 111.72610877309523,
  "kenduBalanceInUsd": 23341.9033584056,
  "totalUsdBalance": 111.72610877309523
}