{
  "ethBalance": 0.04459919224178026,
  "usdtBalance": 0,
  "usdcBalance": 0,
  "kenduBalance": 517214787.4674407,
  "ethBalanceInUsd": 102.6106995664311,
  "kenduBalanceInUsd": 23719.47015325683,
  "totalUsdBalance": 102.6106995664311
}