{
  "ethBalance": 0.0660488809860724,
  "usdtBalance": 0,
  "usdcBalance": 0,
  "kenduBalance": 7622102282.100412,
  "ethBalanceInUsd": 158.4558889072567,
  "kenduBalanceInUsd": 56327.33586472205,
  "totalUsdBalance": 158.4558889072567
}