{
  "ethBalance": 0.04459919224178026,
  "usdtBalance": 0,
  "usdcBalance": 0,
  "kenduBalance": 517214787.4674407,
  "ethBalanceInUsd": 104.03519776663356,
  "kenduBalanceInUsd": 29605.37443463631,
  "totalUsdBalance": 104.03519776663356
}