{
  "ethBalance": 0.3579488855246269,
  "usdtBalance": 0,
  "usdcBalance": 0,
  "kenduBalance": 3705282011.416198,
  "ethBalanceInUsd": 586.0768692471821,
  "kenduBalanceInUsd": 48724.458450123,
  "totalUsdBalance": 586.0768692471821
}