{
  "ethBalance": 0.045462183917402754,
  "usdtBalance": 0,
  "usdcBalance": 0,
  "kenduBalance": 307214787.46744066,
  "ethBalanceInUsd": 122.33555456885658,
  "kenduBalanceInUsd": 24558.750110147204,
  "totalUsdBalance": 122.33555456885658
}