{
  "ethBalance": 0.06254024854608203,
  "usdtBalance": 0,
  "usdcBalance": 0,
  "kenduBalance": 6456272656.749752,
  "ethBalanceInUsd": 132.59971117485952,
  "kenduBalanceInUsd": 52360.37124624049,
  "totalUsdBalance": 132.59971117485952
}