{
  "ethBalance": 0.038589031500035925,
  "usdtBalance": 0,
  "usdcBalance": 0,
  "kenduBalance": 35199894.08324558,
  "ethBalanceInUsd": 106.11520594131879,
  "kenduBalanceInUsd": 1321.0520249442068,
  "totalUsdBalance": 106.11520594131879
}