{
  "ethBalance": 0.3579488855246269,
  "usdtBalance": 0,
  "usdcBalance": 0,
  "kenduBalance": 3705282011.416198,
  "ethBalanceInUsd": 630.1546950106847,
  "kenduBalanceInUsd": 44685.70105767935,
  "totalUsdBalance": 630.1546950106847
}