{
  "ethBalance": 0.04459919224178026,
  "usdtBalance": 0,
  "usdcBalance": 0,
  "kenduBalance": 517214787.4674407,
  "ethBalanceInUsd": 105.880266349676,
  "kenduBalanceInUsd": 26000.387365988245,
  "totalUsdBalance": 105.880266349676
}