{
  "ethBalance": 0.9903818468589797,
  "usdtBalance": 0,
  "usdcBalance": null,
  "kenduBalance": 4677192821.897994,
  "ethBalanceInUsd": 4757.9033343136925,
  "kenduBalanceInUsd": 83674.9795837551,
  "totalUsdBalance": null
}