{
  "ethBalance": 0.038589031500035925,
  "usdtBalance": 0,
  "usdcBalance": 0,
  "kenduBalance": 35199894.08324558,
  "ethBalanceInUsd": 127.90295901655406,
  "kenduBalanceInUsd": 522.3664281953645,
  "totalUsdBalance": 127.90295901655406
}