{
  "ethBalance": 0.038589031500035925,
  "usdtBalance": 0,
  "usdcBalance": 0,
  "kenduBalance": 35199894.08324558,
  "ethBalanceInUsd": 122.20876152840877,
  "kenduBalanceInUsd": 769.4696846597485,
  "totalUsdBalance": 122.20876152840877
}