{
  "ethBalance": 0.038589031500035925,
  "usdtBalance": 0,
  "usdcBalance": 0,
  "kenduBalance": 35199894.08324558,
  "ethBalanceInUsd": 113.72148994029087,
  "kenduBalanceInUsd": 1811.034550582985,
  "totalUsdBalance": 113.72148994029087
}