{
  "ethBalance": 0.5002741579676101,
  "usdtBalance": 0,
  "usdcBalance": 100,
  "kenduBalance": 4855925261.348792,
  "ethBalanceInUsd": 1245.3024449792936,
  "kenduBalanceInUsd": 110326.62193784455,
  "totalUsdBalance": 1345.3024449792936
}