{
  "ethBalance": 0.04272247540230626,
  "usdtBalance": 0,
  "usdcBalance": 0,
  "kenduBalance": 517214787.4674407,
  "ethBalanceInUsd": 111.36723997971588,
  "kenduBalanceInUsd": 23414.31342865104,
  "totalUsdBalance": 111.36723997971588
}