{
  "ethBalance": 0.038589031500035925,
  "usdtBalance": 0,
  "usdcBalance": 0,
  "kenduBalance": 35199894.08324558,
  "ethBalanceInUsd": 129.33345441426042,
  "kenduBalanceInUsd": 858.5254166903597,
  "totalUsdBalance": 129.33345441426042
}