{
  "ethBalance": 0.5002741579676101,
  "usdtBalance": 0,
  "usdcBalance": 100,
  "kenduBalance": 4855925261.348792,
  "ethBalanceInUsd": 1115.6163750093503,
  "kenduBalanceInUsd": 97021.38672174886,
  "totalUsdBalance": 1215.6163750093503
}