{
  "ethBalance": 0.038589031500035925,
  "usdtBalance": 0,
  "usdcBalance": 0,
  "kenduBalance": 35199894.08324558,
  "ethBalanceInUsd": 101.65508568054464,
  "kenduBalanceInUsd": 1646.6510452142284,
  "totalUsdBalance": 101.65508568054464
}