{
  "ethBalance": 0.038589031500035925,
  "usdtBalance": 0,
  "usdcBalance": 0,
  "kenduBalance": 35199894.08324558,
  "ethBalanceInUsd": 128.7966809860949,
  "kenduBalanceInUsd": 1089.0847229356182,
  "totalUsdBalance": 128.7966809860949
}