{
  "ethBalance": 0.04459919224178026,
  "usdtBalance": 0,
  "usdcBalance": 0,
  "kenduBalance": 517214787.4674407,
  "ethBalanceInUsd": 113.9794796607833,
  "kenduBalanceInUsd": 29429.521406897376,
  "totalUsdBalance": 113.9794796607833
}