{
  "ethBalance": 0.04459919224178026,
  "usdtBalance": 0,
  "usdcBalance": 0,
  "kenduBalance": 517214787.4674407,
  "ethBalanceInUsd": 104.36255583768823,
  "kenduBalanceInUsd": 25612.476275387664,
  "totalUsdBalance": 104.36255583768823
}