{
  "ethBalance": 0.04459919224178026,
  "usdtBalance": 0,
  "usdcBalance": 0,
  "kenduBalance": 517214787.4674407,
  "ethBalanceInUsd": 112.55364348481359,
  "kenduBalanceInUsd": 34317.201148464694,
  "totalUsdBalance": 112.55364348481359
}