{
  "ethBalance": 0.038589031500035925,
  "usdtBalance": 0,
  "usdcBalance": 0,
  "kenduBalance": 13206739398.082659,
  "ethBalanceInUsd": 126.53073305641279,
  "kenduBalanceInUsd": 185950.89072500385,
  "totalUsdBalance": 126.53073305641279
}