{
  "ethBalance": 0.04272247540230626,
  "usdtBalance": 0,
  "usdcBalance": 0,
  "kenduBalance": 517214787.4674407,
  "ethBalanceInUsd": 112.29389047119189,
  "kenduBalanceInUsd": 28312.337465967707,
  "totalUsdBalance": 112.29389047119189
}