{
  "ethBalance": 0.04459919224178026,
  "usdtBalance": 0,
  "usdcBalance": 0,
  "kenduBalance": 517214787.4674407,
  "ethBalanceInUsd": 107.7164150942701,
  "kenduBalanceInUsd": 28064.074367983332,
  "totalUsdBalance": 107.7164150942701
}