{
  "ethBalance": 0.04272247540230626,
  "usdtBalance": 0,
  "usdcBalance": 0,
  "kenduBalance": 517214787.4674407,
  "ethBalanceInUsd": 107.80290385690145,
  "kenduBalanceInUsd": 27091.710567544545,
  "totalUsdBalance": 107.80290385690145
}