{
  "ethBalance": 0.038589031500035925,
  "usdtBalance": 0,
  "usdcBalance": 0,
  "kenduBalance": 35199894.08324558,
  "ethBalanceInUsd": 91.59608283943028,
  "kenduBalanceInUsd": 1970.84206972092,
  "totalUsdBalance": 91.59608283943028
}