{
  "ethBalance": 0.727034011230498,
  "usdtBalance": 0,
  "usdcBalance": null,
  "kenduBalance": 4482236645.828448,
  "ethBalanceInUsd": 2836.523194815788,
  "kenduBalanceInUsd": 45449.87958870046,
  "totalUsdBalance": null
}