{
  "ethBalance": 0.04459919224178026,
  "usdtBalance": 0,
  "usdcBalance": 0,
  "kenduBalance": 517214787.4674407,
  "ethBalanceInUsd": 104.74164897174336,
  "kenduBalanceInUsd": 27138.259898416614,
  "totalUsdBalance": 104.74164897174336
}