{
  "ethBalance": 0.045462183917402754,
  "usdtBalance": 0,
  "usdcBalance": 0,
  "kenduBalance": 307214787.46744066,
  "ethBalanceInUsd": 118.89179413711332,
  "kenduBalanceInUsd": 29956.51392595014,
  "totalUsdBalance": 118.89179413711332
}