{
  "ethBalance": 0.045462183917402754,
  "usdtBalance": 0,
  "usdcBalance": 0,
  "kenduBalance": 307214787.46744066,
  "ethBalanceInUsd": 123.65304865878292,
  "kenduBalanceInUsd": 24445.080638784253,
  "totalUsdBalance": 123.65304865878292
}