{
  "ethBalance": 0.11828269992644785,
  "usdtBalance": 0,
  "usdcBalance": 0,
  "kenduBalance": 12696082608.223658,
  "ethBalanceInUsd": 385.41353226733696,
  "kenduBalanceInUsd": 341016.7788568874,
  "totalUsdBalance": 385.41353226733696
}