{
  "ethBalance": 0.5002741579676101,
  "usdtBalance": 0,
  "usdcBalance": 100,
  "kenduBalance": 4855925261.348792,
  "ethBalanceInUsd": 1250.6603812111268,
  "kenduBalanceInUsd": 146066.23186137166,
  "totalUsdBalance": 1350.6603812111268
}