{
  "ethBalance": 0.038589031500035925,
  "usdtBalance": 0,
  "usdcBalance": 0,
  "kenduBalance": 35199894.08324558,
  "ethBalanceInUsd": 150.2653027708249,
  "kenduBalanceInUsd": 1172.5084719129102,
  "totalUsdBalance": 150.2653027708249
}