{
  "ethBalance": 9.83774027698866,
  "usdtBalance": 3949.089252,
  "usdcBalance": 8005.206012,
  "kenduBalance": 11515381333.82473,
  "ethBalanceInUsd": 31438.46660317266,
  "kenduBalanceInUsd": 240671.46987693684,
  "totalUsdBalance": 43392.76186717266
}