{
  "ethBalance": 0.3196155371451788,
  "usdtBalance": 0,
  "usdcBalance": 884.463046,
  "kenduBalance": 5453954448.539579,
  "ethBalanceInUsd": 592.4745173613894,
  "kenduBalanceInUsd": 37850.44387286468,
  "totalUsdBalance": 1476.9375633613895
}