{
  "ethBalance": 0.04272247540230626,
  "usdtBalance": 0,
  "usdcBalance": 0,
  "kenduBalance": 517214787.4674407,
  "ethBalanceInUsd": 102.60016080240861,
  "kenduBalanceInUsd": 24831.48194631183,
  "totalUsdBalance": 102.60016080240861
}