{
  "ethBalance": 0.038589031500035925,
  "usdtBalance": 0,
  "usdcBalance": 0,
  "kenduBalance": 35199894.08324558,
  "ethBalanceInUsd": 150.32280042775994,
  "kenduBalanceInUsd": 1021.8529252366193,
  "totalUsdBalance": 150.32280042775994
}