{
  "ethBalance": 0.5002741579676101,
  "usdtBalance": 0,
  "usdcBalance": 100,
  "kenduBalance": 4855925261.348792,
  "ethBalanceInUsd": 1226.3820763249587,
  "kenduBalanceInUsd": 109015.52211728039,
  "totalUsdBalance": 1326.3820763249587
}