{
  "ethBalance": 18.27649738337883,
  "usdtBalance": 0,
  "usdcBalance": 0,
  "kenduBalance": 10805029020.399477,
  "ethBalanceInUsd": 49442.49454638558,
  "kenduBalanceInUsd": 152242.85889742864,
  "totalUsdBalance": 49442.49454638558
}