{
  "ethBalance": 13.47560135212183,
  "usdtBalance": 3949.089252,
  "usdcBalance": 8005.206012,
  "kenduBalance": 10805029020.399477,
  "ethBalanceInUsd": 41730.837999210315,
  "kenduBalanceInUsd": 152242.85889742864,
  "totalUsdBalance": 53685.133263210315
}