{
  "ethBalance": 0.038589031500035925,
  "usdtBalance": 0,
  "usdcBalance": 0,
  "kenduBalance": 35199894.08324558,
  "ethBalanceInUsd": 152.57755753830705,
  "kenduBalanceInUsd": 1274.940163695155,
  "totalUsdBalance": 152.57755753830705
}