{
  "ethBalance": 0.038589031500035925,
  "usdtBalance": 0,
  "usdcBalance": 0,
  "kenduBalance": 35199894.08324558,
  "ethBalanceInUsd": 132.83579491320367,
  "kenduBalanceInUsd": 1222.4923215111191,
  "totalUsdBalance": 132.83579491320367
}