{
  "ethBalance": 6.503483800569581,
  "usdtBalance": 3949.089252,
  "usdcBalance": 8005.206012,
  "kenduBalance": 12046087520.384169,
  "ethBalanceInUsd": 20276.69186309185,
  "kenduBalanceInUsd": 273566.6475879245,
  "totalUsdBalance": 32230.987127091852
}