{
  "ethBalance": 0.10788809429719365,
  "usdtBalance": 3946.421819,
  "usdcBalance": 0,
  "kenduBalance": 13268928669.075045,
  "ethBalanceInUsd": 359.2738272953127,
  "kenduBalanceInUsd": 344063.3203891159,
  "totalUsdBalance": 4305.695646295313
}