{
  "ethBalance": 0.038589031500035925,
  "usdtBalance": 0,
  "usdcBalance": 0,
  "kenduBalance": 35199894.08324558,
  "ethBalanceInUsd": 98.2827902177565,
  "kenduBalanceInUsd": 1199.2603914161768,
  "totalUsdBalance": 98.2827902177565
}