{
  "ethBalance": 0.04459919224178026,
  "usdtBalance": 0,
  "usdcBalance": 0,
  "kenduBalance": 517214787.4674407,
  "ethBalanceInUsd": 104.4174128441456,
  "kenduBalanceInUsd": 30070.867743357005,
  "totalUsdBalance": 104.4174128441456
}