{
  "ethBalance": 0.5002741579676101,
  "usdtBalance": 0,
  "usdcBalance": 100,
  "kenduBalance": 4855925261.348792,
  "ethBalanceInUsd": 1276.484533245415,
  "kenduBalanceInUsd": 129750.32298323973,
  "totalUsdBalance": 1376.484533245415
}