{
  "ethBalance": 0.04272247540230626,
  "usdtBalance": 0,
  "usdcBalance": 0,
  "kenduBalance": 517214787.4674407,
  "ethBalanceInUsd": 109.40456945973392,
  "kenduBalanceInUsd": 29760.53887087654,
  "totalUsdBalance": 109.40456945973392
}