{
  "ethBalance": 0.045462183917402754,
  "usdtBalance": 0,
  "usdcBalance": 0,
  "kenduBalance": 307214787.46744066,
  "ethBalanceInUsd": 118.7104000232829,
  "kenduBalanceInUsd": 25342.147818189183,
  "totalUsdBalance": 118.7104000232829
}