{
  "ethBalance": 0.038589031500035925,
  "usdtBalance": 0,
  "usdcBalance": 0,
  "kenduBalance": 35199894.08324558,
  "ethBalanceInUsd": 139.95084054118027,
  "kenduBalanceInUsd": 1046.1408521540586,
  "totalUsdBalance": 139.95084054118027
}