{
  "ethBalance": 0.5002741579676101,
  "usdtBalance": 0,
  "usdcBalance": 100,
  "kenduBalance": 4855925261.348792,
  "ethBalanceInUsd": 1298.7617414997126,
  "kenduBalanceInUsd": 117367.7135668003,
  "totalUsdBalance": 1398.7617414997126
}