{
  "ethBalance": 0.1143504362553894,
  "usdtBalance": 0,
  "usdcBalance": 0,
  "kenduBalance": 12046082608.223656,
  "ethBalanceInUsd": 366.44855152838346,
  "kenduBalanceInUsd": 293924.4156406572,
  "totalUsdBalance": 366.44855152838346
}