{
  "ethBalance": 0.038589031500035925,
  "usdtBalance": 0,
  "usdcBalance": 0,
  "kenduBalance": 35199894.08324558,
  "ethBalanceInUsd": 119.31844306905609,
  "kenduBalanceInUsd": 933.1491921468404,
  "totalUsdBalance": 119.31844306905609
}