{
  "ethBalance": 0.3579040556931112,
  "usdtBalance": 0,
  "usdcBalance": 0,
  "kenduBalance": 3646098337.9468102,
  "ethBalanceInUsd": 659.2700077083816,
  "kenduBalanceInUsd": 41164.45023541949,
  "totalUsdBalance": 659.2700077083816
}