{
  "ethBalance": 0.038589031500035925,
  "usdtBalance": 0,
  "usdcBalance": 0,
  "kenduBalance": 35199894.08324558,
  "ethBalanceInUsd": 124.11120078136054,
  "kenduBalanceInUsd": 722.6538255290319,
  "totalUsdBalance": 124.11120078136054
}