{
  "ethBalance": 0.04459919224178026,
  "usdtBalance": 0,
  "usdcBalance": 0,
  "kenduBalance": 517214787.4674407,
  "ethBalanceInUsd": 109.58645922496794,
  "kenduBalanceInUsd": 34327.54544421404,
  "totalUsdBalance": 109.58645922496794
}