{
  "ethBalance": 0.3117728554842481,
  "usdtBalance": 0,
  "usdcBalance": 0.463046,
  "kenduBalance": 4113980899.4295063,
  "ethBalanceInUsd": 573.0915097654804,
  "kenduBalanceInUsd": 45500.628747690345,
  "totalUsdBalance": 573.5545557654804
}