{
  "ethBalance": 0.038589031500035925,
  "usdtBalance": 0,
  "usdcBalance": 0,
  "kenduBalance": 35199894.08324558,
  "ethBalanceInUsd": 131.15794382358212,
  "kenduBalanceInUsd": 1050.0128405032158,
  "totalUsdBalance": 131.15794382358212
}