{
  "ethBalance": 0.3117728554842481,
  "usdtBalance": 0,
  "usdcBalance": 0.463046,
  "kenduBalance": 4113980899.4295063,
  "ethBalanceInUsd": 555.5137561732785,
  "kenduBalanceInUsd": 48791.813467233944,
  "totalUsdBalance": 555.9768021732784
}