{
  "ethBalance": 0.038589031500035925,
  "usdtBalance": 0,
  "usdcBalance": 0,
  "kenduBalance": 35199894.08324558,
  "ethBalanceInUsd": 141.87141663893706,
  "kenduBalanceInUsd": 922.9412228626992,
  "totalUsdBalance": 141.87141663893706
}