{
  "ethBalance": 0.04272247540230626,
  "usdtBalance": 0,
  "usdcBalance": 0,
  "kenduBalance": 517214787.4674407,
  "ethBalanceInUsd": 111.16900769384917,
  "kenduBalanceInUsd": 30520.844608453677,
  "totalUsdBalance": 111.16900769384917
}