{
  "ethBalance": 0.04459919224178026,
  "usdtBalance": 0,
  "usdcBalance": 0,
  "kenduBalance": 517214787.4674407,
  "ethBalanceInUsd": 109.4977068324068,
  "kenduBalanceInUsd": 30112.2449263544,
  "totalUsdBalance": 109.4977068324068
}