{
  "ethBalance": 3.9773126053695473,
  "usdtBalance": 0,
  "usdcBalance": 0,
  "kenduBalance": 8110029020.399477,
  "ethBalanceInUsd": 10750.8350648181,
  "kenduBalanceInUsd": 106971.28277906911,
  "totalUsdBalance": 10750.8350648181
}