{
  "ethBalance": 0.04459919224178026,
  "usdtBalance": 0,
  "usdcBalance": 0,
  "kenduBalance": 517214787.4674407,
  "ethBalanceInUsd": 113.60350847018509,
  "kenduBalanceInUsd": 30081.21203910635,
  "totalUsdBalance": 113.60350847018509
}