{
  "ethBalance": 8.011063080971311,
  "usdtBalance": 22313.097842,
  "usdcBalance": 88.007775,
  "kenduBalance": 302835445.5049916,
  "ethBalanceInUsd": 25912.664752340614,
  "kenduBalanceInUsd": 45210.30365944019,
  "totalUsdBalance": 48313.770369340615
}