{
  "ethBalance": 0.04459919224178026,
  "usdtBalance": 0,
  "usdcBalance": 0,
  "kenduBalance": 517214787.4674407,
  "ethBalanceInUsd": 102.02020626114991,
  "kenduBalanceInUsd": 21360.9707224053,
  "totalUsdBalance": 102.02020626114991
}