{
  "ethBalance": 0.12545362288007134,
  "usdtBalance": 71,
  "usdcBalance": 0,
  "kenduBalance": 13187362985.903593,
  "ethBalanceInUsd": 414.9541666468104,
  "kenduBalanceInUsd": 359751.26225545,
  "totalUsdBalance": 485.9541666468104
}