{
  "ethBalance": 13.47560135212183,
  "usdtBalance": 3949.089252,
  "usdcBalance": 8005.206012,
  "kenduBalance": 10805029020.399477,
  "ethBalanceInUsd": 39736.71851112333,
  "kenduBalanceInUsd": 137223.86855907337,
  "totalUsdBalance": 51691.01377512333
}