{
  "ethBalance": 0.9902157498683816,
  "usdtBalance": 0,
  "usdcBalance": null,
  "kenduBalance": 4558502396.376256,
  "ethBalanceInUsd": 4262.839194553388,
  "kenduBalanceInUsd": 60445.74177594916,
  "totalUsdBalance": null
}