{
  "ethBalance": 0.0660488809860724,
  "usdtBalance": 0,
  "usdcBalance": 0,
  "kenduBalance": 7622102282.100412,
  "ethBalanceInUsd": 182.92765980140638,
  "kenduBalanceInUsd": 67150.72110530463,
  "totalUsdBalance": 182.92765980140638
}