{
  "ethBalance": 0.5002741579676101,
  "usdtBalance": 0,
  "usdcBalance": 100,
  "kenduBalance": 4855925261.348792,
  "ethBalanceInUsd": 1268.174979481573,
  "kenduBalanceInUsd": 111103.56997966037,
  "totalUsdBalance": 1368.174979481573
}