{
  "ethBalance": 0.038589031500035925,
  "usdtBalance": 0,
  "usdcBalance": 0,
  "kenduBalance": 35199894.08324558,
  "ethBalanceInUsd": 120.66905917155735,
  "kenduBalanceInUsd": 1171.8044740312455,
  "totalUsdBalance": 120.66905917155735
}