{
  "ethBalance": 0.038589031500035925,
  "usdtBalance": 0,
  "usdcBalance": 0,
  "kenduBalance": 35199894.08324558,
  "ethBalanceInUsd": 132.16820466825305,
  "kenduBalanceInUsd": 876.8293616136475,
  "totalUsdBalance": 132.16820466825305
}