{
  "ethBalance": 0.5002741579676101,
  "usdtBalance": 0,
  "usdcBalance": 100,
  "kenduBalance": 4855925261.348792,
  "ethBalanceInUsd": 1153.186964272718,
  "kenduBalanceInUsd": 94787.66110152841,
  "totalUsdBalance": 1253.186964272718
}