{
  "ethBalance": 0.038589031500035925,
  "usdtBalance": 0,
  "usdcBalance": 0,
  "kenduBalance": 35199894.08324558,
  "ethBalanceInUsd": 112.48972805480973,
  "kenduBalanceInUsd": 1873.33836311033,
  "totalUsdBalance": 112.48972805480973
}