{
  "ethBalance": 0.35769432885289126,
  "usdtBalance": 0,
  "usdcBalance": 0,
  "kenduBalance": 4514955040.756332,
  "ethBalanceInUsd": 889.3067942806352,
  "kenduBalanceInUsd": 81269.19073361398,
  "totalUsdBalance": 889.3067942806352
}