{
  "ethBalance": 0.04272247540230626,
  "usdtBalance": 0,
  "usdcBalance": 0,
  "kenduBalance": 517214787.4674407,
  "ethBalanceInUsd": 103.19699378377882,
  "kenduBalanceInUsd": 26605.52866732515,
  "totalUsdBalance": 103.19699378377882
}