{
  "ethBalance": 0.9903603877171636,
  "usdtBalance": 0,
  "usdcBalance": null,
  "kenduBalance": 4565348937.707456,
  "ethBalanceInUsd": 4458.533140275531,
  "kenduBalanceInUsd": 68982.42244875965,
  "totalUsdBalance": null
}