{
  "ethBalance": 8.056063080971311,
  "usdtBalance": 22313.097842,
  "usdcBalance": 88.007775,
  "kenduBalance": 317835445.5049916,
  "ethBalanceInUsd": 25418.49023308068,
  "kenduBalanceInUsd": 41795.36108390639,
  "totalUsdBalance": 47819.59585008068
}