{
  "ethBalance": 0.35769432885289126,
  "usdtBalance": 0,
  "usdcBalance": 0,
  "kenduBalance": 4514955040.756332,
  "ethBalanceInUsd": 886.9960889162458,
  "kenduBalanceInUsd": 78740.81591079044,
  "totalUsdBalance": 886.9960889162458
}