{
  "ethBalance": 0.35769432885289126,
  "usdtBalance": 0,
  "usdcBalance": 0,
  "kenduBalance": 4514955040.756332,
  "ethBalanceInUsd": 914.3525511869146,
  "kenduBalanceInUsd": 84836.00521581148,
  "totalUsdBalance": 914.3525511869146
}