{
  "ethBalance": 0.0624422229661258,
  "usdtBalance": 0,
  "usdcBalance": 0,
  "kenduBalance": 6384544426.92592,
  "ethBalanceInUsd": 135.3378984790107,
  "kenduBalanceInUsd": 52991.71874348514,
  "totalUsdBalance": 135.3378984790107
}