{
  "ethBalance": 0.04272247540230626,
  "usdtBalance": 0,
  "usdcBalance": 0,
  "kenduBalance": 517214787.4674407,
  "ethBalanceInUsd": 104.48721254092845,
  "kenduBalanceInUsd": 25265.94236778448,
  "totalUsdBalance": 104.48721254092845
}