{
  "ethBalance": 0.11400248175392605,
  "usdtBalance": 0,
  "usdcBalance": 0,
  "kenduBalance": 11996082608.223658,
  "ethBalanceInUsd": 364.7235797760655,
  "kenduBalanceInUsd": 279268.80311944673,
  "totalUsdBalance": 364.7235797760655
}