{
  "ethBalance": 0.038589031500035925,
  "usdtBalance": 0,
  "usdcBalance": 0,
  "kenduBalance": 35199894.08324558,
  "ethBalanceInUsd": 129.8652112683309,
  "kenduBalanceInUsd": 1159.4845111021095,
  "totalUsdBalance": 129.8652112683309
}