{
  "ethBalance": 0.038589031500035925,
  "usdtBalance": 0,
  "usdcBalance": 0,
  "kenduBalance": 35199894.08324558,
  "ethBalanceInUsd": 127.62974867353381,
  "kenduBalanceInUsd": 332.2870001458383,
  "totalUsdBalance": 127.62974867353381
}