{
  "ethBalance": 0.04272247540230626,
  "usdtBalance": 0,
  "usdcBalance": 0,
  "kenduBalance": 517214787.4674407,
  "ethBalanceInUsd": 111.86196624487458,
  "kenduBalanceInUsd": 28974.37239392603,
  "totalUsdBalance": 111.86196624487458
}