{
  "ethBalance": 0.038589031500035925,
  "usdtBalance": 0,
  "usdcBalance": 0,
  "kenduBalance": 35199894.08324558,
  "ethBalanceInUsd": 117.25470166443417,
  "kenduBalanceInUsd": 1757.1787126356196,
  "totalUsdBalance": 117.25470166443417
}