{
  "ethBalance": 0.3579040556931112,
  "usdtBalance": 0,
  "usdcBalance": 0,
  "kenduBalance": 3646098337.9468102,
  "ethBalanceInUsd": 648.9945822694324,
  "kenduBalanceInUsd": 41018.606301901615,
  "totalUsdBalance": 648.9945822694324
}