{
  "ethBalance": 0.04459919224178026,
  "usdtBalance": 0,
  "usdcBalance": 0,
  "kenduBalance": 517214787.4674407,
  "ethBalanceInUsd": 106.31778442556787,
  "kenduBalanceInUsd": 27712.368312505474,
  "totalUsdBalance": 106.31778442556787
}