{
  "ethBalance": 8.051792938400936,
  "usdtBalance": 22356.072978,
  "usdcBalance": 88.007775,
  "kenduBalance": 947823769.8171208,
  "ethBalanceInUsd": 22106.19751237977,
  "kenduBalanceInUsd": 108582.69107024936,
  "totalUsdBalance": 44550.27826537977
}