{
  "ethBalance": 0.3579488855246269,
  "usdtBalance": 0,
  "usdcBalance": 0,
  "kenduBalance": 3705282011.416198,
  "ethBalanceInUsd": 536.6119127565339,
  "kenduBalanceInUsd": 38794.30265952759,
  "totalUsdBalance": 536.6119127565339
}