{
  "ethBalance": 0.0660488809860724,
  "usdtBalance": 0,
  "usdcBalance": 0,
  "kenduBalance": 7622102282.100412,
  "ethBalanceInUsd": 179.90988642915272,
  "kenduBalanceInUsd": 68522.6995160827,
  "totalUsdBalance": 179.90988642915272
}