{
  "ethBalance": 0.04459919224178026,
  "usdtBalance": 0,
  "usdcBalance": 0,
  "kenduBalance": 517214787.4674407,
  "ethBalanceInUsd": 105.75003670833,
  "kenduBalanceInUsd": 28358.886796839775,
  "totalUsdBalance": 105.75003670833
}