{
  "ethBalance": 0.727034011230498,
  "usdtBalance": 0,
  "usdcBalance": null,
  "kenduBalance": 4482236645.828448,
  "ethBalanceInUsd": 3028.2711449377193,
  "kenduBalanceInUsd": 48721.91234015523,
  "totalUsdBalance": null
}