{
  "ethBalance": 1.3473341787309674,
  "usdtBalance": 0,
  "usdcBalance": 25.002104,
  "kenduBalance": null,
  "ethBalanceInUsd": 6065.900572773624,
  "kenduBalanceInUsd": null,
  "totalUsdBalance": 6090.902676773624
}