{
  "ethBalance": 0.35769432885289126,
  "usdtBalance": 0,
  "usdcBalance": 0,
  "kenduBalance": 4514955040.756332,
  "ethBalanceInUsd": 837.183576680192,
  "kenduBalanceInUsd": 84519.95836295854,
  "totalUsdBalance": 837.183576680192
}