{
  "ethBalance": 0.5002741579676101,
  "usdtBalance": 0,
  "usdcBalance": 100,
  "kenduBalance": 4855925261.348792,
  "ethBalanceInUsd": 1281.4522556340332,
  "kenduBalanceInUsd": 132032.60785607365,
  "totalUsdBalance": 1381.4522556340332
}