{
  "ethBalance": 0.045462183917402754,
  "usdtBalance": 0,
  "usdcBalance": 0,
  "kenduBalance": 307214787.46744066,
  "ethBalanceInUsd": 118.69948909914271,
  "kenduBalanceInUsd": 26481.914679693382,
  "totalUsdBalance": 118.69948909914271
}