{
  "ethBalance": 0.30943876692005484,
  "usdtBalance": 0,
  "usdcBalance": 0,
  "kenduBalance": 8110029020.399477,
  "ethBalanceInUsd": 845.3155403091982,
  "kenduBalanceInUsd": 91805.52851092209,
  "totalUsdBalance": 845.3155403091982
}