{
  "ethBalance": 0.0660488809860724,
  "usdtBalance": 0,
  "usdcBalance": 0,
  "kenduBalance": 7622102282.100412,
  "ethBalanceInUsd": 182.991066727153,
  "kenduBalanceInUsd": 66007.40576298957,
  "totalUsdBalance": 182.991066727153
}