{
  "ethBalance": 0.357215510728175,
  "usdtBalance": 0,
  "usdcBalance": 0,
  "kenduBalance": 4299933763.203477,
  "ethBalanceInUsd": 912.3569916406171,
  "kenduBalanceInUsd": 97694.49509998299,
  "totalUsdBalance": 912.3569916406171
}