{
  "ethBalance": 0.04272247540230626,
  "usdtBalance": 0,
  "usdcBalance": 0,
  "kenduBalance": 517214787.4674407,
  "ethBalanceInUsd": 113.3017136659323,
  "kenduBalanceInUsd": 30013.974116735586,
  "totalUsdBalance": 113.3017136659323
}