{
  "ethBalance": 0.038589031500035925,
  "usdtBalance": 0,
  "usdcBalance": 0,
  "kenduBalance": 35199894.08324558,
  "ethBalanceInUsd": 148.74605260066846,
  "kenduBalanceInUsd": 1197.1483977711823,
  "totalUsdBalance": 148.74605260066846
}