{
  "ethBalance": 0.038589031500035925,
  "usdtBalance": 0,
  "usdcBalance": 0,
  "kenduBalance": 35199894.08324558,
  "ethBalanceInUsd": 119.71166530004145,
  "kenduBalanceInUsd": 778.6216571213923,
  "totalUsdBalance": 119.71166530004145
}