{
  "ethBalance": 0.0660488809860724,
  "usdtBalance": 0,
  "usdcBalance": 0,
  "kenduBalance": 7622102282.100412,
  "ethBalanceInUsd": 177.48589249696388,
  "kenduBalanceInUsd": 69589.79383557677,
  "totalUsdBalance": 177.48589249696388
}