{
  "ethBalance": 0.038589031500035925,
  "usdtBalance": 0,
  "usdcBalance": 0,
  "kenduBalance": 35199894.08324558,
  "ethBalanceInUsd": 120.68024999069236,
  "kenduBalanceInUsd": 744.8297588014766,
  "totalUsdBalance": 120.68024999069236
}