{
  "ethBalance": 0.3579488855246269,
  "usdtBalance": 0,
  "usdcBalance": 0,
  "kenduBalance": 3705282011.416198,
  "ethBalanceInUsd": 585.565002340882,
  "kenduBalanceInUsd": 48724.458450123,
  "totalUsdBalance": 585.565002340882
}