{
  "ethBalance": 0.0660488809860724,
  "usdtBalance": 0,
  "usdcBalance": 0,
  "kenduBalance": 7622102282.100412,
  "ethBalanceInUsd": 164.76685948547592,
  "kenduBalanceInUsd": 58004.19836678414,
  "totalUsdBalance": 164.76685948547592
}