{
  "ethBalance": 0.3196155371451788,
  "usdtBalance": 0,
  "usdcBalance": 884.463046,
  "kenduBalance": 5453954448.539579,
  "ethBalanceInUsd": 603.1432839912954,
  "kenduBalanceInUsd": 37577.746150437706,
  "totalUsdBalance": 1487.6063299912953
}