{
  "ethBalance": 0.04459919224178026,
  "usdtBalance": 0,
  "usdcBalance": 0,
  "kenduBalance": 517214787.4674407,
  "ethBalanceInUsd": 104.78178824476095,
  "kenduBalanceInUsd": 24805.621206938456,
  "totalUsdBalance": 104.78178824476095
}