{
  "ethBalance": 4.092998430208601,
  "usdtBalance": 0,
  "usdcBalance": 0,
  "kenduBalance": 8305029020.399477,
  "ethBalanceInUsd": 11359.339473342232,
  "kenduBalanceInUsd": 124990.68675701212,
  "totalUsdBalance": 11359.339473342232
}