{
  "ethBalance": 0.04272247540230626,
  "usdtBalance": 0,
  "usdcBalance": 0,
  "kenduBalance": 517214787.4674407,
  "ethBalanceInUsd": 99.75569839012304,
  "kenduBalanceInUsd": 23253.976844536137,
  "totalUsdBalance": 99.75569839012304
}