{
  "ethBalance": 0.3117728554842481,
  "usdtBalance": 0,
  "usdcBalance": 0.463046,
  "kenduBalance": 4113980899.4295063,
  "ethBalanceInUsd": 623.6984796676835,
  "kenduBalanceInUsd": 51959.57875979466,
  "totalUsdBalance": 624.1615256676835
}