{
  "ethBalance": 0.04459919224178026,
  "usdtBalance": 0,
  "usdcBalance": 0,
  "kenduBalance": 517214787.4674407,
  "ethBalanceInUsd": 104.27157348551498,
  "kenduBalanceInUsd": 26331.404829967407,
  "totalUsdBalance": 104.27157348551498
}