{
  "ethBalance": 0.045462183917402754,
  "usdtBalance": 0,
  "usdcBalance": 0,
  "kenduBalance": 307214787.46744066,
  "ethBalanceInUsd": 120.15064200978621,
  "kenduBalanceInUsd": 29206.909844529582,
  "totalUsdBalance": 120.15064200978621
}