{
  "ethBalance": 1.2350681787309672,
  "usdtBalance": 0,
  "usdcBalance": null,
  "kenduBalance": 4489413951.490725,
  "ethBalanceInUsd": 5345.486233683712,
  "kenduBalanceInUsd": 65410.761273219854,
  "totalUsdBalance": null
}