{
  "ethBalance": 0.7404211583199757,
  "usdtBalance": 0,
  "usdcBalance": null,
  "kenduBalance": 4745282940.56362,
  "ethBalanceInUsd": 2732.8944953590303,
  "kenduBalanceInUsd": 82805.18731283516,
  "totalUsdBalance": null
}