{
  "ethBalance": 0.038589031500035925,
  "usdtBalance": 0,
  "usdcBalance": 0,
  "kenduBalance": 35199894.08324558,
  "ethBalanceInUsd": 136.89844814952744,
  "kenduBalanceInUsd": 846.5574527020563,
  "totalUsdBalance": 136.89844814952744
}