{
  "ethBalance": 0.045462183917402754,
  "usdtBalance": 0,
  "usdcBalance": 0,
  "kenduBalance": 307214787.46744066,
  "ethBalanceInUsd": 119.56690756828678,
  "kenduBalanceInUsd": 26844.428128904965,
  "totalUsdBalance": 119.56690756828678
}