{
  "ethBalance": 3.9773126053695473,
  "usdtBalance": 0,
  "usdcBalance": 0,
  "kenduBalance": 8110029020.399477,
  "ethBalanceInUsd": 10531.128316497488,
  "kenduBalanceInUsd": 105024.87581417323,
  "totalUsdBalance": 10531.128316497488
}