{
  "ethBalance": 0.038589031500035925,
  "usdtBalance": 0,
  "usdcBalance": 0,
  "kenduBalance": 35199894.08324558,
  "ethBalanceInUsd": 125.2572950169116,
  "kenduBalanceInUsd": 771.9336772455756,
  "totalUsdBalance": 125.2572950169116
}