{
  "ethBalance": 0.04272247540230626,
  "usdtBalance": 0,
  "usdcBalance": 0,
  "kenduBalance": 517214787.4674407,
  "ethBalanceInUsd": 103.62934523485015,
  "kenduBalanceInUsd": 25974.526626614872,
  "totalUsdBalance": 103.62934523485015
}