{
  "ethBalance": 0.20528601123049806,
  "usdtBalance": 0,
  "usdcBalance": null,
  "kenduBalance": 4482236645.828448,
  "ethBalanceInUsd": 948.4501119264734,
  "kenduBalanceInUsd": 62975.42487388969,
  "totalUsdBalance": null
}