{
  "ethBalance": 0.35703877941042383,
  "usdtBalance": 0,
  "usdcBalance": 0,
  "kenduBalance": 4855947774.956796,
  "ethBalanceInUsd": 906.8392254367413,
  "kenduBalanceInUsd": 132664.49321181964,
  "totalUsdBalance": 906.8392254367413
}