{
  "ethBalance": 0.35769432885289126,
  "usdtBalance": 0,
  "usdcBalance": 0,
  "kenduBalance": 4514955040.756332,
  "ethBalanceInUsd": 896.7468363207754,
  "kenduBalanceInUsd": 83165.47185073164,
  "totalUsdBalance": 896.7468363207754
}