{
  "ethBalance": 0.04459919224178026,
  "usdtBalance": 0,
  "usdcBalance": 0,
  "kenduBalance": 517214787.4674407,
  "ethBalanceInUsd": 110.91952908107477,
  "kenduBalanceInUsd": 32698.3188636916,
  "totalUsdBalance": 110.91952908107477
}