{
  "ethBalance": 0.04272247540230626,
  "usdtBalance": 0,
  "usdcBalance": 0,
  "kenduBalance": 517214787.4674407,
  "ethBalanceInUsd": 114.46162887310491,
  "kenduBalanceInUsd": 29470.898589894772,
  "totalUsdBalance": 114.46162887310491
}