{
  "ethBalance": 0.3119048631851912,
  "usdtBalance": 0,
  "usdcBalance": 0.463046,
  "kenduBalance": 4175387837.757599,
  "ethBalanceInUsd": 627.125275066041,
  "kenduBalanceInUsd": 43758.06453969963,
  "totalUsdBalance": 627.588321066041
}