{
  "ethBalance": 0.04459919224178026,
  "usdtBalance": 0,
  "usdcBalance": 0,
  "kenduBalance": 517214787.4674407,
  "ethBalanceInUsd": 101.93769775550263,
  "kenduBalanceInUsd": 28095.10725523138,
  "totalUsdBalance": 101.93769775550263
}