{
  "ethBalance": 0.5002741579676101,
  "usdtBalance": 0,
  "usdcBalance": 100,
  "kenduBalance": 4855925261.348792,
  "ethBalanceInUsd": 1261.4663030232273,
  "kenduBalanceInUsd": 162285.02223427664,
  "totalUsdBalance": 1361.4663030232273
}