{
  "ethBalance": 0.038589031500035925,
  "usdtBalance": 0,
  "usdcBalance": 0,
  "kenduBalance": 35199894.08324558,
  "ethBalanceInUsd": 96.86618687139017,
  "kenduBalanceInUsd": 1067.964786485671,
  "totalUsdBalance": 96.86618687139017
}