{
  "ethBalance": 0.038589031500035925,
  "usdtBalance": 0,
  "usdcBalance": 0,
  "kenduBalance": 35199894.08324558,
  "ethBalanceInUsd": 125.86391459209217,
  "kenduBalanceInUsd": 723.0058244698643,
  "totalUsdBalance": 125.86391459209217
}