{
  "ethBalance": 0.04459919224178026,
  "usdtBalance": 0,
  "usdcBalance": 0,
  "kenduBalance": 517214787.4674407,
  "ethBalanceInUsd": 114.28989003878608,
  "kenduBalanceInUsd": 35832.640475744294,
  "totalUsdBalance": 114.28989003878608
}