{
  "ethBalance": 0.038589031500035925,
  "usdtBalance": 0,
  "usdcBalance": 0,
  "kenduBalance": 35199894.08324558,
  "ethBalanceInUsd": 126.13673904479742,
  "kenduBalanceInUsd": 734.9737884581677,
  "totalUsdBalance": 126.13673904479742
}