{
  "ethBalance": 0.04272247540230626,
  "usdtBalance": 0,
  "usdcBalance": 0,
  "kenduBalance": 517214787.4674407,
  "ethBalanceInUsd": 111.33178032513194,
  "kenduBalanceInUsd": 25596.95983176364,
  "totalUsdBalance": 111.33178032513194
}