{
  "ethBalance": 3.9773126053695473,
  "usdtBalance": 0,
  "usdcBalance": 0,
  "kenduBalance": 8110029020.399477,
  "ethBalanceInUsd": 10620.379211361978,
  "kenduBalanceInUsd": 106646.88161825312,
  "totalUsdBalance": 10620.379211361978
}