{
  "ethBalance": 0.038589031500035925,
  "usdtBalance": 0,
  "usdcBalance": 0,
  "kenduBalance": 35199894.08324558,
  "ethBalanceInUsd": 141.20691351650646,
  "kenduBalanceInUsd": 1378.427852299897,
  "totalUsdBalance": 141.20691351650646
}