{
  "ethBalance": 0.038589031500035925,
  "usdtBalance": 0,
  "usdcBalance": 0,
  "kenduBalance": 35199894.08324558,
  "ethBalanceInUsd": 150.22709962963987,
  "kenduBalanceInUsd": 1186.5884295462085,
  "totalUsdBalance": 150.22709962963987
}