{
  "ethBalance": 0.038589031500035925,
  "usdtBalance": 0,
  "usdcBalance": 0,
  "kenduBalance": 35199894.08324558,
  "ethBalanceInUsd": 148.85217243729358,
  "kenduBalanceInUsd": 1038.0448765149122,
  "totalUsdBalance": 148.85217243729358
}