{
  "ethBalance": 0.04272247540230626,
  "usdtBalance": 0,
  "usdcBalance": 0,
  "kenduBalance": 517214787.4674407,
  "ethBalanceInUsd": 109.55965204544428,
  "kenduBalanceInUsd": 29264.012674907794,
  "totalUsdBalance": 109.55965204544428
}