{
  "ethBalance": 0.0660488809860724,
  "usdtBalance": 0,
  "usdcBalance": 0,
  "kenduBalance": 7622102282.100412,
  "ethBalanceInUsd": 180.11860089306873,
  "kenduBalanceInUsd": 68903.80463018773,
  "totalUsdBalance": 180.11860089306873
}