{
  "ethBalance": 18.27649738337883,
  "usdtBalance": 0,
  "usdcBalance": 0,
  "kenduBalance": 10805029020.399477,
  "ethBalanceInUsd": 45969.22898364826,
  "kenduBalanceInUsd": 114641.35790643845,
  "totalUsdBalance": 45969.22898364826
}