{
  "ethBalance": 0.5002741579676101,
  "usdtBalance": 0,
  "usdcBalance": 100,
  "kenduBalance": 4855925261.348792,
  "ethBalanceInUsd": 1267.1594229408986,
  "kenduBalanceInUsd": 112803.14382113244,
  "totalUsdBalance": 1367.1594229408986
}