{
  "ethBalance": 0.3117728554842481,
  "usdtBalance": 0,
  "usdcBalance": 0.463046,
  "kenduBalance": 4113980899.4295063,
  "ethBalanceInUsd": 589.7557688911133,
  "kenduBalanceInUsd": 47722.17843338228,
  "totalUsdBalance": 590.2188148911133
}