{
  "ethBalance": 0.04459919224178026,
  "usdtBalance": 0,
  "usdcBalance": 0,
  "kenduBalance": 517214787.4674407,
  "ethBalanceInUsd": 107.87741817826293,
  "kenduBalanceInUsd": 28022.697184985936,
  "totalUsdBalance": 107.87741817826293
}