{
  "ethBalance": 13.47560135212183,
  "usdtBalance": 3949.089252,
  "usdcBalance": 8005.206012,
  "kenduBalance": 10805029020.399477,
  "ethBalanceInUsd": 42110.041421259026,
  "kenduBalanceInUsd": 162183.48559619614,
  "totalUsdBalance": 54064.336685259026
}