{
  "ethBalance": 0.35703877941042383,
  "usdtBalance": 0,
  "usdcBalance": 0,
  "kenduBalance": 4855947774.956796,
  "ethBalanceInUsd": 893.9358439488486,
  "kenduBalanceInUsd": 175154.03624269163,
  "totalUsdBalance": 893.9358439488486
}