{
  "ethBalance": 0.10788809429719365,
  "usdtBalance": 3946.421819,
  "usdcBalance": 0,
  "kenduBalance": 13268928669.075045,
  "ethBalanceInUsd": 360.17792952552315,
  "kenduBalanceInUsd": 346717.1061229309,
  "totalUsdBalance": 4306.599748525523
}