{
  "ethBalance": 0.04459919224178026,
  "usdtBalance": 0,
  "usdcBalance": 0,
  "kenduBalance": 517214787.4674407,
  "ethBalanceInUsd": 109.82729486307356,
  "kenduBalanceInUsd": 30494.983869080304,
  "totalUsdBalance": 109.82729486307356
}