{
  "ethBalance": 0.5002741579676101,
  "usdtBalance": 0,
  "usdcBalance": 100,
  "kenduBalance": 4855925261.348792,
  "ethBalanceInUsd": 1382.097410733957,
  "kenduBalanceInUsd": 128342.10465744857,
  "totalUsdBalance": 1482.097410733957
}