{
  "ethBalance": 0.038589031500035925,
  "usdtBalance": 0,
  "usdcBalance": 0,
  "kenduBalance": 35199894.08324558,
  "ethBalanceInUsd": 122.43682270457398,
  "kenduBalanceInUsd": 1996.8899913425219,
  "totalUsdBalance": 122.43682270457398
}