{
  "ethBalance": 0.3194927667359207,
  "usdtBalance": 0,
  "usdcBalance": 884.463046,
  "kenduBalance": 4753954448.539579,
  "ethBalanceInUsd": 628.8160787066371,
  "kenduBalanceInUsd": 34371.09066294116,
  "totalUsdBalance": 1513.279124706637
}