{
  "ethBalance": 0.0624422229661258,
  "usdtBalance": 0,
  "usdcBalance": 0,
  "kenduBalance": 6379544426.92592,
  "ethBalanceInUsd": 140.2945621380618,
  "kenduBalanceInUsd": 53970.94585179328,
  "totalUsdBalance": 140.2945621380618
}