{
  "ethBalance": 0.04459919224178026,
  "usdtBalance": 0,
  "usdcBalance": 0,
  "kenduBalance": 517214787.4674407,
  "ethBalanceInUsd": 101.39001967477357,
  "kenduBalanceInUsd": 22390.22814946551,
  "totalUsdBalance": 101.39001967477357
}