{
  "ethBalance": 0.038589031500035925,
  "usdtBalance": 0,
  "usdcBalance": 0,
  "kenduBalance": 35199894.08324558,
  "ethBalanceInUsd": 120.77440722755244,
  "kenduBalanceInUsd": 972.9250724609079,
  "totalUsdBalance": 120.77440722755244
}