{
  "ethBalance": 0.5002741579676101,
  "usdtBalance": 0,
  "usdcBalance": 100,
  "kenduBalance": 4855925261.348792,
  "ethBalanceInUsd": 1276.8647416054703,
  "kenduBalanceInUsd": 120912.53900758491,
  "totalUsdBalance": 1376.8647416054703
}