{
  "ethBalance": 0.038589031500035925,
  "usdtBalance": 0,
  "usdcBalance": 0,
  "kenduBalance": 35199894.08324558,
  "ethBalanceInUsd": 126.88729570747313,
  "kenduBalanceInUsd": 816.6375427312976,
  "totalUsdBalance": 126.88729570747313
}