{
  "ethBalance": 0.11327750927784742,
  "usdtBalance": 0,
  "usdcBalance": 0,
  "kenduBalance": 11796082608.223656,
  "ethBalanceInUsd": 382.89610576060875,
  "kenduBalanceInUsd": 307169.991118144,
  "totalUsdBalance": 382.89610576060875
}