{
  "ethBalance": 0.038589031500035925,
  "usdtBalance": 0,
  "usdcBalance": 0,
  "kenduBalance": 35199894.08324558,
  "ethBalanceInUsd": 104.191928611357,
  "kenduBalanceInUsd": 1336.1879794000024,
  "totalUsdBalance": 104.191928611357
}