{
  "ethBalance": 0.038589031500035925,
  "usdtBalance": 0,
  "usdcBalance": 0,
  "kenduBalance": 35199894.08324558,
  "ethBalanceInUsd": 122.12347976879369,
  "kenduBalanceInUsd": 1806.4585643521634,
  "totalUsdBalance": 122.12347976879369
}