{
  "ethBalance": 0.3579488855246269,
  "usdtBalance": 0,
  "usdcBalance": 0,
  "kenduBalance": 3705282011.416198,
  "ethBalanceInUsd": 566.8550140945096,
  "kenduBalanceInUsd": 43092.42979277038,
  "totalUsdBalance": 566.8550140945096
}