{
  "ethBalance": 0.35769432885289126,
  "usdtBalance": 0,
  "usdcBalance": 0,
  "kenduBalance": 4514955040.756332,
  "ethBalanceInUsd": 882.0527532914987,
  "kenduBalanceInUsd": 72103.83200087864,
  "totalUsdBalance": 882.0527532914987
}