{
  "ethBalance": 0.045462183917402754,
  "usdtBalance": 0,
  "usdcBalance": 0,
  "kenduBalance": 307214787.46744066,
  "ethBalanceInUsd": 119.04863867162838,
  "kenduBalanceInUsd": 25283.777008570367,
  "totalUsdBalance": 119.04863867162838
}