{
  "ethBalance": 0.30943876692005484,
  "usdtBalance": 0,
  "usdcBalance": 0,
  "kenduBalance": 8110029020.399477,
  "ethBalanceInUsd": 846.5904280289088,
  "kenduBalanceInUsd": 89048.11864398625,
  "totalUsdBalance": 846.5904280289088
}