{
  "ethBalance": 0.038589031500035925,
  "usdtBalance": 0,
  "usdcBalance": 0,
  "kenduBalance": 35199894.08324558,
  "ethBalanceInUsd": 134.43801150108516,
  "kenduBalanceInUsd": 1257.6922155943646,
  "totalUsdBalance": 134.43801150108516
}