{
  "ethBalance": 0.04272247540230626,
  "usdtBalance": 0,
  "usdcBalance": 0,
  "kenduBalance": 517214787.4674407,
  "ethBalanceInUsd": 112.5386902552471,
  "kenduBalanceInUsd": 29176.08616103833,
  "totalUsdBalance": 112.5386902552471
}