{
  "ethBalance": 0.038589031500035925,
  "usdtBalance": 0,
  "usdcBalance": 0,
  "kenduBalance": 35199894.08324558,
  "ethBalanceInUsd": 150.08123309056973,
  "kenduBalanceInUsd": 1591.0352125627003,
  "totalUsdBalance": 150.08123309056973
}