{
  "ethBalance": 0.038589031500035925,
  "usdtBalance": 0,
  "usdcBalance": 0,
  "kenduBalance": 35199894.08324558,
  "ethBalanceInUsd": 125.48689975433683,
  "kenduBalanceInUsd": 755.7417259672826,
  "totalUsdBalance": 125.48689975433683
}