{
  "ethBalance": 0.038589031500035925,
  "usdtBalance": 0,
  "usdcBalance": 0,
  "kenduBalance": 35199894.08324558,
  "ethBalanceInUsd": 148.85564545012858,
  "kenduBalanceInUsd": 882.4613446669667,
  "totalUsdBalance": 148.85564545012858
}