{
  "ethBalance": 0.3579488855246269,
  "usdtBalance": 0,
  "usdcBalance": 0,
  "kenduBalance": 3705282011.416198,
  "ethBalanceInUsd": 600.2122707365496,
  "kenduBalanceInUsd": 49798.990233433695,
  "totalUsdBalance": 600.2122707365496
}