{
  "ethBalance": 0.038589031500035925,
  "usdtBalance": 0,
  "usdcBalance": 0,
  "kenduBalance": 35199894.08324558,
  "ethBalanceInUsd": 125.5725674042669,
  "kenduBalanceInUsd": 756.0937249081152,
  "totalUsdBalance": 125.5725674042669
}