{
  "ethBalance": 0.3579488855246269,
  "usdtBalance": 0,
  "usdcBalance": 0,
  "kenduBalance": 3705282011.416198,
  "ethBalanceInUsd": 573.9781969164497,
  "kenduBalanceInUsd": 39350.09496124002,
  "totalUsdBalance": 573.9781969164497
}