{
  "ethBalance": 0.5002741579676101,
  "usdtBalance": 0,
  "usdcBalance": 100,
  "kenduBalance": 4855925261.348792,
  "ethBalanceInUsd": 1365.1731359699127,
  "kenduBalanceInUsd": 166072.6439381287,
  "totalUsdBalance": 1465.1731359699127
}