{
  "ethBalance": 0.3196155371451788,
  "usdtBalance": 0,
  "usdcBalance": 884.463046,
  "kenduBalance": 5453954448.539579,
  "ethBalanceInUsd": 616.7972597381375,
  "kenduBalanceInUsd": 38559.45795117482,
  "totalUsdBalance": 1501.2603057381375
}