{
  "ethBalance": 0.045462183917402754,
  "usdtBalance": 0,
  "usdcBalance": 0,
  "kenduBalance": 307214787.46744066,
  "ethBalanceInUsd": 118.76086304743123,
  "kenduBalanceInUsd": 26454.265348821315,
  "totalUsdBalance": 118.76086304743123
}