{
  "ethBalance": 0.04568258673874373,
  "usdtBalance": 0,
  "usdcBalance": 0,
  "kenduBalance": 763674787.4674407,
  "ethBalanceInUsd": 122.05656255204505,
  "kenduBalanceInUsd": 85615.58042297477,
  "totalUsdBalance": 122.05656255204505
}