{
  "ethBalance": 0.04841366454199495,
  "usdtBalance": 90113.767042,
  "usdcBalance": 0,
  "kenduBalance": 946492975.4674407,
  "ethBalanceInUsd": 117.68877713513552,
  "kenduBalanceInUsd": 105155.36957443267,
  "totalUsdBalance": 90231.45581913514
}