{
  "ethBalance": 0.04272247540230626,
  "usdtBalance": 0,
  "usdcBalance": 0,
  "kenduBalance": 517214787.4674407,
  "ethBalanceInUsd": 110.59780819772033,
  "kenduBalanceInUsd": 29822.604645372634,
  "totalUsdBalance": 110.59780819772033
}