{
  "ethBalance": 0.04459919224178026,
  "usdtBalance": 0,
  "usdcBalance": 0,
  "kenduBalance": 517214787.4674407,
  "ethBalanceInUsd": 102.087551041435,
  "kenduBalanceInUsd": 28126.140142479424,
  "totalUsdBalance": 102.087551041435
}