{
  "ethBalance": 0.5002741579676101,
  "usdtBalance": 0,
  "usdcBalance": 100,
  "kenduBalance": 4855925261.348792,
  "ethBalanceInUsd": 1265.9387539954575,
  "kenduBalanceInUsd": 121155.33527065236,
  "totalUsdBalance": 1365.9387539954575
}