{
  "ethBalance": 3.9773126053695473,
  "usdtBalance": 0,
  "usdcBalance": 0,
  "kenduBalance": 8110029020.399477,
  "ethBalanceInUsd": 10762.687456382102,
  "kenduBalanceInUsd": 107052.3830692731,
  "totalUsdBalance": 10762.687456382102
}