{
  "ethBalance": 0.3579488855246269,
  "usdtBalance": 0,
  "usdcBalance": 0,
  "kenduBalance": 3705282011.416198,
  "ethBalanceInUsd": 586.7068592857054,
  "kenduBalanceInUsd": 47686.979486926466,
  "totalUsdBalance": 586.7068592857054
}