{
  "ethBalance": 0.3579488855246269,
  "usdtBalance": 0,
  "usdcBalance": 0,
  "kenduBalance": 3705282011.416198,
  "ethBalanceInUsd": 571.1217648099632,
  "kenduBalanceInUsd": 41647.369808318064,
  "totalUsdBalance": 571.1217648099632
}