{
  "ethBalance": 0.038589031500035925,
  "usdtBalance": 0,
  "usdcBalance": 0,
  "kenduBalance": 35199894.08324558,
  "ethBalanceInUsd": 127.05824511701829,
  "kenduBalanceInUsd": 1410.811754856483,
  "totalUsdBalance": 127.05824511701829
}