{
  "ethBalance": 0.038589031500035925,
  "usdtBalance": 0,
  "usdcBalance": 0,
  "kenduBalance": 35199894.08324558,
  "ethBalanceInUsd": 109.6650109490071,
  "kenduBalanceInUsd": 1969.4340739575903,
  "totalUsdBalance": 109.6650109490071
}