{
  "ethBalance": 18.27649738337883,
  "usdtBalance": 0,
  "usdcBalance": 0,
  "kenduBalance": 10805029020.399477,
  "ethBalanceInUsd": 47050.10103890129,
  "kenduBalanceInUsd": 115829.9110986824,
  "totalUsdBalance": 47050.10103890129
}