{
  "ethBalance": 0.038589031500035925,
  "usdtBalance": 0,
  "usdcBalance": 0,
  "kenduBalance": 35199894.08324558,
  "ethBalanceInUsd": 101.71875758251969,
  "kenduBalanceInUsd": 1366.107889370761,
  "totalUsdBalance": 101.71875758251969
}