{
  "ethBalance": 0.9901682600569678,
  "usdtBalance": 0,
  "usdcBalance": null,
  "kenduBalance": 4550810118.308841,
  "ethBalanceInUsd": 4241.078789793403,
  "kenduBalanceInUsd": 59479.08824629655,
  "totalUsdBalance": null
}