{
  "ethBalance": 0.0624422229661258,
  "usdtBalance": 0,
  "usdcBalance": 0,
  "kenduBalance": 6379544426.92592,
  "ethBalanceInUsd": 137.8961563539329,
  "kenduBalanceInUsd": 53779.55951898551,
  "totalUsdBalance": 137.8961563539329
}