{
  "ethBalance": 0.04841366454199495,
  "usdtBalance": 90113.767042,
  "usdcBalance": 0,
  "kenduBalance": 946492975.4674407,
  "ethBalanceInUsd": 114.0548474746134,
  "kenduBalanceInUsd": 102798.60206551875,
  "totalUsdBalance": 90227.82188947462
}