{
  "ethBalance": 0.038589031500035925,
  "usdtBalance": 0,
  "usdcBalance": 0,
  "kenduBalance": 35199894.08324558,
  "ethBalanceInUsd": 118.6030024250454,
  "kenduBalanceInUsd": 1436.5076775372522,
  "totalUsdBalance": 118.6030024250454
}