{
  "ethBalance": 0.5002741579676101,
  "usdtBalance": 0,
  "usdcBalance": 100,
  "kenduBalance": 4855925261.348792,
  "ethBalanceInUsd": 1240.0745800285322,
  "kenduBalanceInUsd": 111977.63652670314,
  "totalUsdBalance": 1340.0745800285322
}