{
  "ethBalance": 0.045462183917402754,
  "usdtBalance": 0,
  "usdcBalance": 0,
  "kenduBalance": 307214787.46744066,
  "ethBalanceInUsd": 120.20292352129123,
  "kenduBalanceInUsd": 27544.87784433073,
  "totalUsdBalance": 120.20292352129123
}