{
  "ethBalance": 0.3196155371451788,
  "usdtBalance": 0,
  "usdcBalance": 884.463046,
  "kenduBalance": 5453954448.539579,
  "ethBalanceInUsd": 604.2299768175891,
  "kenduBalanceInUsd": 37686.82523940849,
  "totalUsdBalance": 1488.693022817589
}