{
  "ethBalance": 0.038589031500035925,
  "usdtBalance": 0,
  "usdcBalance": 0,
  "kenduBalance": 35199894.08324558,
  "ethBalanceInUsd": 121.10434344687775,
  "kenduBalanceInUsd": 1883.1943334536386,
  "totalUsdBalance": 121.10434344687775
}