{
  "ethBalance": 0.3579488855246269,
  "usdtBalance": 0,
  "usdcBalance": 0,
  "kenduBalance": 3705282011.416198,
  "ethBalanceInUsd": 528.1356831473107,
  "kenduBalanceInUsd": 39387.14778135418,
  "totalUsdBalance": 528.1356831473107
}