{
  "ethBalance": 0.5002741579676101,
  "usdtBalance": 0,
  "usdcBalance": 100,
  "kenduBalance": 4855925261.348792,
  "ethBalanceInUsd": 1239.7143826347956,
  "kenduBalanceInUsd": 160051.2966140562,
  "totalUsdBalance": 1339.7143826347956
}