{
  "ethBalance": 0.17126601123049806,
  "usdtBalance": 0,
  "usdcBalance": null,
  "kenduBalance": 4482236645.828448,
  "ethBalanceInUsd": 807.7042102439273,
  "kenduBalanceInUsd": 61585.93151368288,
  "totalUsdBalance": null
}