{
  "ethBalance": 0.3119048631851912,
  "usdtBalance": 0,
  "usdcBalance": 0.463046,
  "kenduBalance": 4175387837.757599,
  "ethBalanceInUsd": 622.1379163037097,
  "kenduBalanceInUsd": 36659.905215511724,
  "totalUsdBalance": 622.6009623037097
}