{
  "ethBalance": 0.0624422229661258,
  "usdtBalance": 0,
  "usdcBalance": 0,
  "kenduBalance": 6384544426.92592,
  "ethBalanceInUsd": 116.81378861387985,
  "kenduBalanceInUsd": 44947.19276555847,
  "totalUsdBalance": 116.81378861387985
}