{
  "ethBalance": 0.038589031500035925,
  "usdtBalance": 0,
  "usdcBalance": 0,
  "kenduBalance": 35199894.08324558,
  "ethBalanceInUsd": 96.0241742040594,
  "kenduBalanceInUsd": 1903.9622709627536,
  "totalUsdBalance": 96.0241742040594
}