{
  "ethBalance": 0.3579488855246269,
  "usdtBalance": 0,
  "usdcBalance": 0,
  "kenduBalance": 3705282011.416198,
  "ethBalanceInUsd": 590.1288506313209,
  "kenduBalanceInUsd": 47909.29640761144,
  "totalUsdBalance": 590.1288506313209
}