{
  "ethBalance": 0.35769432885289126,
  "usdtBalance": 0,
  "usdcBalance": 0,
  "kenduBalance": 4514955040.756332,
  "ethBalanceInUsd": 891.860731788645,
  "kenduBalanceInUsd": 78108.72220508456,
  "totalUsdBalance": 891.860731788645
}