{
  "ethBalance": 0.045462183917402754,
  "usdtBalance": 0,
  "usdcBalance": 0,
  "kenduBalance": 307214787.46744066,
  "ethBalanceInUsd": 118.49127229680101,
  "kenduBalanceInUsd": 26352.884468957058,
  "totalUsdBalance": 118.49127229680101
}