{
  "ethBalance": 0.038589031500035925,
  "usdtBalance": 0,
  "usdcBalance": 0,
  "kenduBalance": 35199894.08324558,
  "ethBalanceInUsd": 142.46414416277761,
  "kenduBalanceInUsd": 727.9338096415186,
  "totalUsdBalance": 142.46414416277761
}