{
  "ethBalance": 13.475892841222715,
  "usdtBalance": 3949.089252,
  "usdcBalance": 8005.206012,
  "kenduBalance": 10903927414.89931,
  "ethBalanceInUsd": 43863.087885681045,
  "kenduBalanceInUsd": 206738.46378649093,
  "totalUsdBalance": 55817.383149681045
}