{
  "ethBalance": 0.038589031500035925,
  "usdtBalance": 0,
  "usdcBalance": 0,
  "kenduBalance": 35199894.08324558,
  "ethBalanceInUsd": 135.8696645697365,
  "kenduBalanceInUsd": 1275.2921626359873,
  "totalUsdBalance": 135.8696645697365
}