{
  "ethBalance": 0.30943876692005484,
  "usdtBalance": 0,
  "usdcBalance": 0,
  "kenduBalance": 8110029020.399477,
  "ethBalanceInUsd": 833.8260788934565,
  "kenduBalanceInUsd": 85479.70587501049,
  "totalUsdBalance": 833.8260788934565
}