{
  "ethBalance": 0.04272247540230626,
  "usdtBalance": 0,
  "usdcBalance": 0,
  "kenduBalance": 517214787.4674407,
  "ethBalanceInUsd": 108.0870083183268,
  "kenduBalanceInUsd": 27293.424334656847,
  "totalUsdBalance": 108.0870083183268
}