{
  "ethBalance": 0.11064889545570843,
  "usdtBalance": 0,
  "usdcBalance": 0,
  "kenduBalance": 11696082608.223656,
  "ethBalanceInUsd": 374.7821932648937,
  "kenduBalanceInUsd": 349829.8308119695,
  "totalUsdBalance": 374.7821932648937
}