{
  "ethBalance": 0.038589031500035925,
  "usdtBalance": 0,
  "usdcBalance": 0,
  "kenduBalance": 35199894.08324558,
  "ethBalanceInUsd": 130.00760479456605,
  "kenduBalanceInUsd": 662.8140055875143,
  "totalUsdBalance": 130.00760479456605
}