{
  "ethBalance": 0.038589031500035925,
  "usdtBalance": 0,
  "usdcBalance": 0,
  "kenduBalance": 35199894.08324558,
  "ethBalanceInUsd": 125.25999624911661,
  "kenduBalanceInUsd": 743.0697640973142,
  "totalUsdBalance": 125.25999624911661
}