{
  "ethBalance": 0.5002741579676101,
  "usdtBalance": 0,
  "usdcBalance": 100,
  "kenduBalance": 4855925261.348792,
  "ethBalanceInUsd": 1312.469253428025,
  "kenduBalanceInUsd": 141064.62884218243,
  "totalUsdBalance": 1412.469253428025
}