{
  "ethBalance": 0.045462183917402754,
  "usdtBalance": 0,
  "usdcBalance": 0,
  "kenduBalance": 307214787.46744066,
  "ethBalanceInUsd": 120.47706049031318,
  "kenduBalanceInUsd": 27643.186576320313,
  "totalUsdBalance": 120.47706049031318
}