{
  "ethBalance": 3.9773126053695473,
  "usdtBalance": 0,
  "usdcBalance": 0,
  "kenduBalance": 8110029020.399477,
  "ethBalanceInUsd": 10659.834152407246,
  "kenduBalanceInUsd": 109485.39177539294,
  "totalUsdBalance": 10659.834152407246
}