{
  "ethBalance": 0.038589031500035925,
  "usdtBalance": 0,
  "usdcBalance": 0,
  "kenduBalance": 35199894.08324558,
  "ethBalanceInUsd": 101.9321549267149,
  "kenduBalanceInUsd": 1625.8831077051136,
  "totalUsdBalance": 101.9321549267149
}