{
  "ethBalance": 0.5002741579676101,
  "usdtBalance": 0,
  "usdcBalance": 100,
  "kenduBalance": 4855925261.348792,
  "ethBalanceInUsd": 1202.7391196194094,
  "kenduBalanceInUsd": 163207.6480339329,
  "totalUsdBalance": 1302.7391196194094
}