{
  "ethBalance": 0.04272247540230626,
  "usdtBalance": 0,
  "usdcBalance": 0,
  "kenduBalance": 517214787.4674407,
  "ethBalanceInUsd": 104.74781964088254,
  "kenduBalanceInUsd": 24448.74300358592,
  "totalUsdBalance": 104.74781964088254
}