{
  "ethBalance": 0.5002741579676101,
  "usdtBalance": 0,
  "usdcBalance": 100,
  "kenduBalance": 4855925261.348792,
  "ethBalanceInUsd": 1370.1508638416906,
  "kenduBalanceInUsd": 135868.7888125392,
  "totalUsdBalance": 1470.1508638416906
}