{
  "ethBalance": 0.04272247540230626,
  "usdtBalance": 0,
  "usdcBalance": 0,
  "kenduBalance": 517214787.4674407,
  "ethBalanceInUsd": 110.26756346286051,
  "kenduBalanceInUsd": 29367.455632401285,
  "totalUsdBalance": 110.26756346286051
}