{
  "ethBalance": 1.2248621787309673,
  "usdtBalance": 0,
  "usdcBalance": null,
  "kenduBalance": 4489413951.490725,
  "ethBalanceInUsd": 5336.6510210001,
  "kenduBalanceInUsd": 64961.81987807078,
  "totalUsdBalance": null
}