{
  "ethBalance": 0.3196155371451788,
  "usdtBalance": 0,
  "usdcBalance": 884.463046,
  "kenduBalance": 5453954448.539579,
  "ethBalanceInUsd": 606.0102353594878,
  "kenduBalanceInUsd": 38014.06250632087,
  "totalUsdBalance": 1490.4732813594878
}