{
  "ethBalance": 0.3579488855246269,
  "usdtBalance": 0,
  "usdcBalance": 0,
  "kenduBalance": 3705282011.416198,
  "ethBalanceInUsd": 581.2946721365731,
  "kenduBalanceInUsd": 49947.201513890344,
  "totalUsdBalance": 581.2946721365731
}