{
  "ethBalance": 0.04272247540230626,
  "usdtBalance": 0,
  "usdcBalance": 0,
  "kenduBalance": 517214787.4674407,
  "ethBalanceInUsd": 110.3269477036697,
  "kenduBalanceInUsd": 29615.718730385655,
  "totalUsdBalance": 110.3269477036697
}