{
  "ethBalance": 0.038589031500035925,
  "usdtBalance": 0,
  "usdcBalance": 0,
  "kenduBalance": 35199894.08324558,
  "ethBalanceInUsd": 129.40059932907047,
  "kenduBalanceInUsd": 581.1502513143846,
  "totalUsdBalance": 129.40059932907047
}