{
  "ethBalance": 0.0624422229661258,
  "usdtBalance": 0,
  "usdcBalance": 0,
  "kenduBalance": 6384544426.92592,
  "ethBalanceInUsd": 129.01749667037947,
  "kenduBalanceInUsd": 46607.17431655921,
  "totalUsdBalance": 129.01749667037947
}