{
  "ethBalance": 1.371271624032504,
  "usdtBalance": 0,
  "usdcBalance": null,
  "kenduBalance": 4482236645.828448,
  "ethBalanceInUsd": 6444.647527763002,
  "kenduBalanceInUsd": 60779.12891743376,
  "totalUsdBalance": null
}