{
  "ethBalance": 0.04459919224178026,
  "usdtBalance": 0,
  "usdcBalance": 0,
  "kenduBalance": 517214787.4674407,
  "ethBalanceInUsd": 101.35389432905774,
  "kenduBalanceInUsd": 22421.261036713557,
  "totalUsdBalance": 101.35389432905774
}