{
  "ethBalance": 0.038589031500035925,
  "usdtBalance": 0,
  "usdcBalance": 0,
  "kenduBalance": 35199894.08324558,
  "ethBalanceInUsd": 129.34310167213542,
  "kenduBalanceInUsd": 903.581281116914,
  "totalUsdBalance": 129.34310167213542
}