{
  "ethBalance": 0.5002741579676101,
  "usdtBalance": 0,
  "usdcBalance": 100,
  "kenduBalance": 4855925261.348792,
  "ethBalanceInUsd": 1270.2211007876606,
  "kenduBalanceInUsd": 115716.69897794172,
  "totalUsdBalance": 1370.2211007876606
}