{
  "ethBalance": 0.3119048631851912,
  "usdtBalance": 0,
  "usdcBalance": 0.463046,
  "kenduBalance": 4175387837.757599,
  "ethBalanceInUsd": 616.2647477299325,
  "kenduBalanceInUsd": 35156.765593918986,
  "totalUsdBalance": 616.7277937299325
}