{
  "ethBalance": 0.3579040556931112,
  "usdtBalance": 0,
  "usdcBalance": 0,
  "kenduBalance": 3646098337.9468102,
  "ethBalanceInUsd": 660.6622544850278,
  "kenduBalanceInUsd": 41383.2161356963,
  "totalUsdBalance": 660.6622544850278
}