{
  "ethBalance": 0.04459919224178026,
  "usdtBalance": 0,
  "usdcBalance": 0,
  "kenduBalance": 517214787.4674407,
  "ethBalanceInUsd": 112.21870355107781,
  "kenduBalanceInUsd": 31131.158057665256,
  "totalUsdBalance": 112.21870355107781
}