{
  "ethBalance": 0.038589031500035925,
  "usdtBalance": 0,
  "usdcBalance": 0,
  "kenduBalance": 35199894.08324558,
  "ethBalanceInUsd": 142.12494657589232,
  "kenduBalanceInUsd": 714.2058509490529,
  "totalUsdBalance": 142.12494657589232
}