{
  "ethBalance": 0.5002528644753425,
  "usdtBalance": 0,
  "usdcBalance": null,
  "kenduBalance": 4845166789.051858,
  "ethBalanceInUsd": 1814.7022835848181,
  "kenduBalanceInUsd": 109500.769432572,
  "totalUsdBalance": null
}