{
  "ethBalance": 0.038589031500035925,
  "usdtBalance": 0,
  "usdcBalance": 0,
  "kenduBalance": 35199894.08324558,
  "ethBalanceInUsd": 139.57112447121995,
  "kenduBalanceInUsd": 776.1576645355651,
  "totalUsdBalance": 139.57112447121995
}