{
  "ethBalance": 0.5002741579676101,
  "usdtBalance": 0,
  "usdcBalance": 100,
  "kenduBalance": 4854925261.348792,
  "ethBalanceInUsd": 1190.267284861277,
  "kenduBalanceInUsd": 158610.40828826503,
  "totalUsdBalance": 1290.267284861277
}