{
  "ethBalance": 0.3579488855246269,
  "usdtBalance": 0,
  "usdcBalance": 0,
  "kenduBalance": 3705282011.416198,
  "ethBalanceInUsd": 564.9757824455053,
  "kenduBalanceInUsd": 44574.54259733686,
  "totalUsdBalance": 564.9757824455053
}