{
  "ethBalance": 0.038589031500035925,
  "usdtBalance": 0,
  "usdcBalance": 0,
  "kenduBalance": 35199894.08324558,
  "ethBalanceInUsd": 128.91939410626503,
  "kenduBalanceInUsd": 900.0612917085896,
  "totalUsdBalance": 128.91939410626503
}