{
  "ethBalance": 0.038589031500035925,
  "usdtBalance": 0,
  "usdcBalance": 0,
  "kenduBalance": 35199894.08324558,
  "ethBalanceInUsd": 121.12286618199776,
  "kenduBalanceInUsd": 1046.1408521540586,
  "totalUsdBalance": 121.12286618199776
}