{
  "ethBalance": 0.045462183917402754,
  "usdtBalance": 0,
  "usdcBalance": 0,
  "kenduBalance": 307214787.46744066,
  "ethBalanceInUsd": 118.44308238184857,
  "kenduBalanceInUsd": 22703.172793843863,
  "totalUsdBalance": 118.44308238184857
}