{
  "ethBalance": 9.83774027698866,
  "usdtBalance": 3949.089252,
  "usdcBalance": 8005.206012,
  "kenduBalance": 11515381333.82473,
  "ethBalanceInUsd": 31312.937037238284,
  "kenduBalanceInUsd": 239750.23937023088,
  "totalUsdBalance": 43267.232301238284
}