{
  "ethBalance": 0.3579488855246269,
  "usdtBalance": 0,
  "usdcBalance": 0,
  "kenduBalance": 3705282011.416198,
  "ethBalanceInUsd": 632.6639166982123,
  "kenduBalanceInUsd": 48279.82460875306,
  "totalUsdBalance": 632.6639166982123
}