{
  "ethBalance": 0.5002741579676101,
  "usdtBalance": 0,
  "usdcBalance": 100,
  "kenduBalance": 4855925261.348792,
  "ethBalanceInUsd": 1340.489609015791,
  "kenduBalanceInUsd": 162867.7332656385,
  "totalUsdBalance": 1440.489609015791
}