{
  "ethBalance": 0.038589031500035925,
  "usdtBalance": 0,
  "usdcBalance": 0,
  "kenduBalance": 35199894.08324558,
  "ethBalanceInUsd": 101.56401556620456,
  "kenduBalanceInUsd": 1651.9310293267151,
  "totalUsdBalance": 101.56401556620456
}