{
  "ethBalance": 0.038589031500035925,
  "usdtBalance": 0,
  "usdcBalance": 0,
  "kenduBalance": 35199894.08324558,
  "ethBalanceInUsd": 153.76764326976814,
  "kenduBalanceInUsd": 1704.0268725699186,
  "totalUsdBalance": 153.76764326976814
}