{
  "ethBalance": 0.038589031500035925,
  "usdtBalance": 0,
  "usdcBalance": 0,
  "kenduBalance": 35199894.08324558,
  "ethBalanceInUsd": 118.96728288240575,
  "kenduBalanceInUsd": 1191.516414717863,
  "totalUsdBalance": 118.96728288240575
}