{
  "ethBalance": 0.04272247540230626,
  "usdtBalance": 0,
  "usdcBalance": 0,
  "kenduBalance": 517214787.4674407,
  "ethBalanceInUsd": 110.53714228264906,
  "kenduBalanceInUsd": 30143.277813602443,
  "totalUsdBalance": 110.53714228264906
}