{
  "ethBalance": 0.038589031500035925,
  "usdtBalance": 0,
  "usdcBalance": 0,
  "kenduBalance": 35199894.08324558,
  "ethBalanceInUsd": 150.87308001695044,
  "kenduBalanceInUsd": 951.4531370701282,
  "totalUsdBalance": 150.87308001695044
}