{
  "ethBalance": 0.30943876692005484,
  "usdtBalance": 0,
  "usdcBalance": 0,
  "kenduBalance": 8110029020.399477,
  "ethBalanceInUsd": 827.027709184223,
  "kenduBalanceInUsd": 72503.65944237132,
  "totalUsdBalance": 827.027709184223
}