{
  "ethBalance": 0.038589031500035925,
  "usdtBalance": 0,
  "usdcBalance": 0,
  "kenduBalance": 35199894.08324558,
  "ethBalanceInUsd": 129.73246499997077,
  "kenduBalanceInUsd": 1705.4348683332485,
  "totalUsdBalance": 129.73246499997077
}