{
  "ethBalance": 0.04459919224178026,
  "usdtBalance": 0,
  "usdcBalance": 0,
  "kenduBalance": 517214787.4674407,
  "ethBalanceInUsd": 106.27675316870543,
  "kenduBalanceInUsd": 27758.917643377543,
  "totalUsdBalance": 106.27675316870543
}