{
  "ethBalance": 0.04459919224178026,
  "usdtBalance": 0,
  "usdcBalance": 0,
  "kenduBalance": 517214787.4674407,
  "ethBalanceInUsd": 110.61580858190823,
  "kenduBalanceInUsd": 32155.24333685079,
  "totalUsdBalance": 110.61580858190823
}