{
  "ethBalance": 0.04272247540230626,
  "usdtBalance": 0,
  "usdcBalance": 0,
  "kenduBalance": 517214787.4674407,
  "ethBalanceInUsd": 105.56125557254245,
  "kenduBalanceInUsd": 21764.398256629906,
  "totalUsdBalance": 105.56125557254245
}