{
  "ethBalance": 0.04272247540230626,
  "usdtBalance": 0,
  "usdcBalance": 0,
  "kenduBalance": 517214787.4674407,
  "ethBalanceInUsd": 102.90690817579716,
  "kenduBalanceInUsd": 23419.485576525716,
  "totalUsdBalance": 102.90690817579716
}