{
  "ethBalance": 0.04272247540230626,
  "usdtBalance": 0,
  "usdcBalance": 0,
  "kenduBalance": 517214787.4674407,
  "ethBalanceInUsd": 110.08300236912254,
  "kenduBalanceInUsd": 28612.32204269882,
  "totalUsdBalance": 110.08300236912254
}