{
  "ethBalance": 0.3194927667359207,
  "usdtBalance": 0,
  "usdcBalance": 884.463046,
  "kenduBalance": 4753954448.539579,
  "ethBalanceInUsd": 635.6340543487815,
  "kenduBalanceInUsd": 34276.01157397037,
  "totalUsdBalance": 1520.0971003487816
}