{
  "ethBalance": 0.04459919224178026,
  "usdtBalance": 0,
  "usdcBalance": 0,
  "kenduBalance": 517214787.4674407,
  "ethBalanceInUsd": 101.91495216745933,
  "kenduBalanceInUsd": 28074.418663732682,
  "totalUsdBalance": 101.91495216745933
}