{
  "ethBalance": 0.31977204666867826,
  "usdtBalance": 0,
  "usdcBalance": 884.463046,
  "kenduBalance": 5593814937.395827,
  "ethBalanceInUsd": 608.1712578386926,
  "kenduBalanceInUsd": 40219.529399875995,
  "totalUsdBalance": 1492.6343038386926
}