{
  "ethBalance": 0.04272247540230626,
  "usdtBalance": 0,
  "usdcBalance": 0,
  "kenduBalance": 517214787.4674407,
  "ethBalanceInUsd": 104.29538862637212,
  "kenduBalanceInUsd": 25131.466523042945,
  "totalUsdBalance": 104.29538862637212
}