{
  "ethBalance": 0.038589031500035925,
  "usdtBalance": 0,
  "usdcBalance": 0,
  "kenduBalance": 35199894.08324558,
  "ethBalanceInUsd": 140.73844267409604,
  "kenduBalanceInUsd": 1055.644823556535,
  "totalUsdBalance": 140.73844267409604
}