{
  "ethBalance": 0.5002741579676101,
  "usdtBalance": 0,
  "usdcBalance": 100,
  "kenduBalance": 4855925261.348792,
  "ethBalanceInUsd": 1337.3278763374358,
  "kenduBalanceInUsd": 169326.1138632324,
  "totalUsdBalance": 1437.3278763374358
}