{
  "ethBalance": 0.0624422229661258,
  "usdtBalance": 0,
  "usdcBalance": 0,
  "kenduBalance": 6379544426.92592,
  "ethBalanceInUsd": 147.17819279784752,
  "kenduBalanceInUsd": 65709.30759733697,
  "totalUsdBalance": 147.17819279784752
}