{
  "ethBalance": 0.0660488809860724,
  "usdtBalance": 0,
  "usdcBalance": 0,
  "kenduBalance": 7622102282.100412,
  "ethBalanceInUsd": 180.92505772990867,
  "kenduBalanceInUsd": 68446.4784932617,
  "totalUsdBalance": 180.92505772990867
}