{
  "ethBalance": 0.038589031500035925,
  "usdtBalance": 0,
  "usdcBalance": 0,
  "kenduBalance": 35199894.08324558,
  "ethBalanceInUsd": 137.8172529895433,
  "kenduBalanceInUsd": 713.1498541265555,
  "totalUsdBalance": 137.8172529895433
}