{
  "ethBalance": 0.038589031500035925,
  "usdtBalance": 0,
  "usdcBalance": 0,
  "kenduBalance": 35199894.08324558,
  "ethBalanceInUsd": 134.77798086860048,
  "kenduBalanceInUsd": 1204.5403755286638,
  "totalUsdBalance": 134.77798086860048
}