{
  "ethBalance": 0.35769432885289126,
  "usdtBalance": 0,
  "usdcBalance": 0,
  "kenduBalance": 4514955040.756332,
  "ethBalanceInUsd": 877.5744202942606,
  "kenduBalanceInUsd": 72239.28065210131,
  "totalUsdBalance": 877.5744202942606
}