{
  "ethBalance": 0.06254024854608203,
  "usdtBalance": 0,
  "usdcBalance": 0,
  "kenduBalance": 6456272656.749752,
  "ethBalanceInUsd": 155.0560382203012,
  "kenduBalanceInUsd": 67403.4865364674,
  "totalUsdBalance": 155.0560382203012
}