{
  "ethBalance": 0.038589031500035925,
  "usdtBalance": 0,
  "usdcBalance": 0,
  "kenduBalance": 35199894.08324558,
  "ethBalanceInUsd": 132.60966318861347,
  "kenduBalanceInUsd": 1213.3403490494752,
  "totalUsdBalance": 132.60966318861347
}