{
  "ethBalance": 0.038589031500035925,
  "usdtBalance": 0,
  "usdcBalance": 0,
  "kenduBalance": 35199894.08324558,
  "ethBalanceInUsd": 127.38933900728858,
  "kenduBalanceInUsd": 1634.683081225925,
  "totalUsdBalance": 127.38933900728858
}