{
  "ethBalance": 1.2248621787309673,
  "usdtBalance": 0,
  "usdcBalance": null,
  "kenduBalance": 4489413951.490725,
  "ethBalanceInUsd": 5258.982510246769,
  "kenduBalanceInUsd": 64198.619506317365,
  "totalUsdBalance": null
}