{
  "ethBalance": 0.038589031500035925,
  "usdtBalance": 0,
  "usdcBalance": 0,
  "kenduBalance": 35199894.08324558,
  "ethBalanceInUsd": 134.0536647473448,
  "kenduBalanceInUsd": 1211.2283554044805,
  "totalUsdBalance": 134.0536647473448
}