{
  "ethBalance": 0.20076893088038017,
  "usdtBalance": 0,
  "usdcBalance": 0,
  "kenduBalance": 13187362985.903593,
  "ethBalanceInUsd": 668.3898862404177,
  "kenduBalanceInUsd": 364234.9656706572,
  "totalUsdBalance": 668.3898862404177
}