{
  "ethBalance": 0.038589031500035925,
  "usdtBalance": 0,
  "usdcBalance": 0,
  "kenduBalance": 35199894.08324558,
  "ethBalanceInUsd": 129.3241930467004,
  "kenduBalanceInUsd": 1077.4687578881474,
  "totalUsdBalance": 129.3241930467004
}