{
  "ethBalance": 0.10788809429719365,
  "usdtBalance": 3946.421819,
  "usdcBalance": 0,
  "kenduBalance": 13268928669.075045,
  "ethBalanceInUsd": 335.15868045800397,
  "kenduBalanceInUsd": 303460.39866174624,
  "totalUsdBalance": 4281.580499458004
}