{
  "ethBalance": 0.3117728554842481,
  "usdtBalance": 0,
  "usdcBalance": 0.463046,
  "kenduBalance": 4113980899.4295063,
  "ethBalanceInUsd": 584.062796549971,
  "kenduBalanceInUsd": 50519.685444994335,
  "totalUsdBalance": 584.525842549971
}