{
  "ethBalance": 0.045462183917402754,
  "usdtBalance": 0,
  "usdcBalance": 0,
  "kenduBalance": 307214787.46744066,
  "ethBalanceInUsd": 121.55724198019065,
  "kenduBalanceInUsd": 27670.83590719238,
  "totalUsdBalance": 121.55724198019065
}