{
  "ethBalance": 0.0660488809860724,
  "usdtBalance": 0,
  "usdcBalance": 0,
  "kenduBalance": 7622102282.100412,
  "ethBalanceInUsd": 185.2922097407078,
  "kenduBalanceInUsd": 69208.68872147174,
  "totalUsdBalance": 185.2922097407078
}