{
  "ethBalance": 0.04272247540230626,
  "usdtBalance": 0,
  "usdcBalance": 0,
  "kenduBalance": 517214787.4674407,
  "ethBalanceInUsd": 104.34751004636291,
  "kenduBalanceInUsd": 24174.61916622818,
  "totalUsdBalance": 104.34751004636291
}