{
  "ethBalance": 0.045462183917402754,
  "usdtBalance": 0,
  "usdcBalance": 0,
  "kenduBalance": 307214787.46744066,
  "ethBalanceInUsd": 118.41671431517648,
  "kenduBalanceInUsd": 30484.923360394136,
  "totalUsdBalance": 118.41671431517648
}