{
  "ethBalance": 0.3196155371451788,
  "usdtBalance": 0,
  "usdcBalance": 884.463046,
  "kenduBalance": 5453954448.539579,
  "ethBalanceInUsd": 620.4025229971352,
  "kenduBalanceInUsd": 38068.602050806265,
  "totalUsdBalance": 1504.8655689971351
}