{
  "ethBalance": 0.038589031500035925,
  "usdtBalance": 0,
  "usdcBalance": 0,
  "kenduBalance": 35199894.08324558,
  "ethBalanceInUsd": 143.67622564219374,
  "kenduBalanceInUsd": 890.2053213652808,
  "totalUsdBalance": 143.67622564219374
}