{
  "ethBalance": 0.04459919224178026,
  "usdtBalance": 0,
  "usdcBalance": 0,
  "kenduBalance": 517214787.4674407,
  "ethBalanceInUsd": 103.6882160509925,
  "kenduBalanceInUsd": 24733.211136693015,
  "totalUsdBalance": 103.6882160509925
}