{
  "ethBalance": 0.3579040556931112,
  "usdtBalance": 0,
  "usdcBalance": 0,
  "kenduBalance": 3646098337.9468102,
  "ethBalanceInUsd": 630.7557915913114,
  "kenduBalanceInUsd": 38539.25943209779,
  "totalUsdBalance": 630.7557915913114
}