{
  "ethBalance": 13.47560135212183,
  "usdtBalance": 3949.089252,
  "usdcBalance": 8005.206012,
  "kenduBalance": 10805029020.399477,
  "ethBalanceInUsd": 41959.65371016935,
  "kenduBalanceInUsd": 148353.04845008484,
  "totalUsdBalance": 53913.94897416935
}