{
  "ethBalance": 0.3119048631851912,
  "usdtBalance": 0,
  "usdcBalance": 0.463046,
  "kenduBalance": 4175387837.757599,
  "ethBalanceInUsd": 627.9767753425365,
  "kenduBalanceInUsd": 52484.62512061302,
  "totalUsdBalance": 628.4398213425364
}