{
  "ethBalance": 0.1143504362553894,
  "usdtBalance": 0,
  "usdcBalance": 0,
  "kenduBalance": 12046082608.223656,
  "ethBalanceInUsd": 366.95626746535737,
  "kenduBalanceInUsd": 286937.6877278875,
  "totalUsdBalance": 366.95626746535737
}