{
  "ethBalance": 0.3603761199402911,
  "usdtBalance": 0,
  "usdcBalance": 154.403285,
  "kenduBalance": 4113980899.4295063,
  "ethBalanceInUsd": 572.6268433015243,
  "kenduBalanceInUsd": 38095.46312871722,
  "totalUsdBalance": 727.0301283015243
}