{
  "ethBalance": 0.038589031500035925,
  "usdtBalance": 0,
  "usdcBalance": 0,
  "kenduBalance": 35199894.08324558,
  "ethBalanceInUsd": 148.5461614174983,
  "kenduBalanceInUsd": 871.1973785603282,
  "totalUsdBalance": 148.5461614174983
}