{
  "ethBalance": 0.038589031500035925,
  "usdtBalance": 0,
  "usdcBalance": 0,
  "kenduBalance": 35199894.08324558,
  "ethBalanceInUsd": 130.6080501247066,
  "kenduBalanceInUsd": 1066.2047917815087,
  "totalUsdBalance": 130.6080501247066
}