{
  "ethBalance": 0.038589031500035925,
  "usdtBalance": 0,
  "usdcBalance": 0,
  "kenduBalance": 35199894.08324558,
  "ethBalanceInUsd": 121.84988353545845,
  "kenduBalanceInUsd": 1349.915938092468,
  "totalUsdBalance": 121.84988353545845
}