{
  "ethBalance": 0.038589031500035925,
  "usdtBalance": 0,
  "usdcBalance": 0,
  "kenduBalance": 35199894.08324558,
  "ethBalanceInUsd": 129.27132607354534,
  "kenduBalanceInUsd": 828.6055067196011,
  "totalUsdBalance": 129.27132607354534
}