{
  "ethBalance": 0.045462183917402754,
  "usdtBalance": 0,
  "usdcBalance": 0,
  "kenduBalance": 307214787.46744066,
  "ethBalanceInUsd": 118.15303364845553,
  "kenduBalanceInUsd": 26629.377777677757,
  "totalUsdBalance": 118.15303364845553
}