{
  "ethBalance": 0.3579488855246269,
  "usdtBalance": 0,
  "usdcBalance": 0,
  "kenduBalance": 3705282011.416198,
  "ethBalanceInUsd": 566.396839521038,
  "kenduBalanceInUsd": 43759.3805548253,
  "totalUsdBalance": 566.396839521038
}