{
  "ethBalance": 0.03983369884579122,
  "usdtBalance": 0,
  "usdcBalance": 0,
  "kenduBalance": 1091213805.8365645,
  "ethBalanceInUsd": 104.60408984302467,
  "kenduBalanceInUsd": 46278.377505528704,
  "totalUsdBalance": 104.60408984302467
}