{
  "ethBalance": 0.038589031500035925,
  "usdtBalance": 0,
  "usdcBalance": 0,
  "kenduBalance": 35199894.08324558,
  "ethBalanceInUsd": 127.95736955096913,
  "kenduBalanceInUsd": 755.0377280856177,
  "totalUsdBalance": 127.95736955096913
}