{
  "ethBalance": 13.475892841222715,
  "usdtBalance": 3949.089252,
  "usdcBalance": 8005.206012,
  "kenduBalance": 10903927414.89931,
  "ethBalanceInUsd": 43972.78165340861,
  "kenduBalanceInUsd": 205648.07104500095,
  "totalUsdBalance": 55927.07691740861
}