{
  "ethBalance": 0.045462183917402754,
  "usdtBalance": 0,
  "usdcBalance": 0,
  "kenduBalance": 307214787.46744066,
  "ethBalanceInUsd": 116.31954377106668,
  "kenduBalanceInUsd": 29935.00889082742,
  "totalUsdBalance": 116.31954377106668
}