{
  "ethBalance": 0.3117728554842481,
  "usdtBalance": 0,
  "usdcBalance": 0.463046,
  "kenduBalance": 4113980899.4295063,
  "ethBalanceInUsd": 566.0267368602073,
  "kenduBalanceInUsd": 44924.67142177021,
  "totalUsdBalance": 566.4897828602072
}