{
  "ethBalance": 0.045462183917402754,
  "usdtBalance": 0,
  "usdcBalance": 0,
  "kenduBalance": 307214787.46744066,
  "ethBalanceInUsd": 117.42472946209874,
  "kenduBalanceInUsd": 20770.791780673662,
  "totalUsdBalance": 117.42472946209874
}