{
  "ethBalance": 0.038589031500035925,
  "usdtBalance": 0,
  "usdcBalance": 0,
  "kenduBalance": 35199894.08324558,
  "ethBalanceInUsd": 134.39209055360013,
  "kenduBalanceInUsd": 837.4054802404124,
  "totalUsdBalance": 134.39209055360013
}