{
  "ethBalance": 0.04272247540230626,
  "usdtBalance": 0,
  "usdcBalance": 0,
  "kenduBalance": 517214787.4674407,
  "ethBalanceInUsd": 104.28342633325946,
  "kenduBalanceInUsd": 21841.980474750024,
  "totalUsdBalance": 104.28342633325946
}