{
  "ethBalance": 0.038589031500035925,
  "usdtBalance": 0,
  "usdcBalance": 0,
  "kenduBalance": 35199894.08324558,
  "ethBalanceInUsd": 94.2077884913527,
  "kenduBalanceInUsd": 1890.2343122702878,
  "totalUsdBalance": 94.2077884913527
}