{
  "ethBalance": 0.045462183917402754,
  "usdtBalance": 0,
  "usdcBalance": 0,
  "kenduBalance": 307214787.46744066,
  "ethBalanceInUsd": 121.50768819972068,
  "kenduBalanceInUsd": 25670.867640779343,
  "totalUsdBalance": 121.50768819972068
}