{
  "ethBalance": 0.04459919224178026,
  "usdtBalance": 0,
  "usdcBalance": 0,
  "kenduBalance": 517214787.4674407,
  "ethBalanceInUsd": 109.74746230896078,
  "kenduBalanceInUsd": 29434.693554772053,
  "totalUsdBalance": 109.74746230896078
}