{
  "ethBalance": 0.04272247540230626,
  "usdtBalance": 0,
  "usdcBalance": 0,
  "kenduBalance": 517214787.4674407,
  "ethBalanceInUsd": 105.0601209360734,
  "kenduBalanceInUsd": 20931.682448807325,
  "totalUsdBalance": 105.0601209360734
}