{
  "ethBalance": 0.0660488809860724,
  "usdtBalance": 0,
  "usdcBalance": 0,
  "kenduBalance": 7622102282.100412,
  "ethBalanceInUsd": 165.3474291493435,
  "kenduBalanceInUsd": 60138.38700577226,
  "totalUsdBalance": 165.3474291493435
}