{
  "ethBalance": 0.038589031500035925,
  "usdtBalance": 0,
  "usdcBalance": 0,
  "kenduBalance": 35199894.08324558,
  "ethBalanceInUsd": 154.23842945406858,
  "kenduBalanceInUsd": 1712.82684609073,
  "totalUsdBalance": 154.23842945406858
}