{
  "ethBalance": 0.35779268808449755,
  "usdtBalance": 0,
  "usdcBalance": 0,
  "kenduBalance": 3546950453.60037,
  "ethBalanceInUsd": 636.2412696593769,
  "kenduBalanceInUsd": 38094.247871667976,
  "totalUsdBalance": 636.2412696593769
}