{
  "ethBalance": 0.30943876692005484,
  "usdtBalance": 0,
  "usdcBalance": 0,
  "kenduBalance": 8110029020.399477,
  "ethBalanceInUsd": 822.1323878915476,
  "kenduBalanceInUsd": 90021.3221264342,
  "totalUsdBalance": 822.1323878915476
}