{
  "ethBalance": 0.5002741579676101,
  "usdtBalance": 0,
  "usdcBalance": 100,
  "kenduBalance": 4855925261.348792,
  "ethBalanceInUsd": 1271.0165366988288,
  "kenduBalanceInUsd": 125768.4642689337,
  "totalUsdBalance": 1371.0165366988288
}