{
  "ethBalance": 0.038589031500035925,
  "usdtBalance": 0,
  "usdcBalance": 0,
  "kenduBalance": 35199894.08324558,
  "ethBalanceInUsd": 133.68706894809446,
  "kenduBalanceInUsd": 1032.7648924024254,
  "totalUsdBalance": 133.68706894809446
}