{
  "ethBalance": 0.045462183917402754,
  "usdtBalance": 0,
  "usdcBalance": 0,
  "kenduBalance": 307214787.46744066,
  "ethBalanceInUsd": 121.04488316744153,
  "kenduBalanceInUsd": 25741.52704189685,
  "totalUsdBalance": 121.04488316744153
}