{
  "ethBalance": 0.5002741579676101,
  "usdtBalance": 0,
  "usdcBalance": 100,
  "kenduBalance": 4855925261.348792,
  "ethBalanceInUsd": 1099.0673058637815,
  "kenduBalanceInUsd": 91874.10594471914,
  "totalUsdBalance": 1199.0673058637815
}