{
  "ethBalance": 0.3117728554842481,
  "usdtBalance": 0,
  "usdcBalance": 0.463046,
  "kenduBalance": 4113980899.4295063,
  "ethBalanceInUsd": 595.7573963591851,
  "kenduBalanceInUsd": 48874.093085222536,
  "totalUsdBalance": 596.2204423591851
}