{
  "ethBalance": 0.5002741579676101,
  "usdtBalance": 0,
  "usdcBalance": 100,
  "kenduBalance": 4855925261.348792,
  "ethBalanceInUsd": 1341.790321826507,
  "kenduBalanceInUsd": 161071.04091893946,
  "totalUsdBalance": 1441.790321826507
}