{
  "ethBalance": 8.051792938400936,
  "usdtBalance": 22380.187863,
  "usdcBalance": 88.007775,
  "kenduBalance": 947823769.8171208,
  "ethBalanceInUsd": 20064.262823201294,
  "kenduBalanceInUsd": 110781.64221622508,
  "totalUsdBalance": 42532.45846120129
}