{
  "ethBalance": 0.04459919224178026,
  "usdtBalance": 0,
  "usdcBalance": 0,
  "kenduBalance": 517214787.4674407,
  "ethBalanceInUsd": 105.98596643528901,
  "kenduBalanceInUsd": 26579.667927951778,
  "totalUsdBalance": 105.98596643528901
}