{
  "ethBalance": 13.47560135212183,
  "usdtBalance": 3949.089252,
  "usdcBalance": 8005.206012,
  "kenduBalance": 10805029020.399477,
  "ethBalanceInUsd": 44684.5550595819,
  "kenduBalanceInUsd": 197299.82991249446,
  "totalUsdBalance": 56638.8503235819
}