{
  "ethBalance": 0.04459919224178026,
  "usdtBalance": 0,
  "usdcBalance": 0,
  "kenduBalance": 517214787.4674407,
  "ethBalanceInUsd": 106.61124711051878,
  "kenduBalanceInUsd": 22560.909029329763,
  "totalUsdBalance": 106.61124711051878
}