{
  "ethBalance": 0.04459919224178026,
  "usdtBalance": 0,
  "usdcBalance": 0,
  "kenduBalance": 517214787.4674407,
  "ethBalanceInUsd": 105.71569533030383,
  "kenduBalanceInUsd": 20461.016992211957,
  "totalUsdBalance": 105.71569533030383
}