{
  "ethBalance": 0.30943876692005484,
  "usdtBalance": 0,
  "usdcBalance": 0,
  "kenduBalance": 8110029020.399477,
  "ethBalanceInUsd": 825.7682934028584,
  "kenduBalanceInUsd": 89129.21893419026,
  "totalUsdBalance": 825.7682934028584
}