{
  "ethBalance": 0.038589031500035925,
  "usdtBalance": 0,
  "usdcBalance": 0,
  "kenduBalance": 35199894.08324558,
  "ethBalanceInUsd": 128.62766102812475,
  "kenduBalanceInUsd": 1119.708630788042,
  "totalUsdBalance": 128.62766102812475
}