{
  "ethBalance": 0.30943876692005484,
  "usdtBalance": 0,
  "usdcBalance": 0,
  "kenduBalance": 8110029020.399477,
  "ethBalanceInUsd": 865.5497412781006,
  "kenduBalanceInUsd": 94157.43692683794,
  "totalUsdBalance": 865.5497412781006
}