{
  "ethBalance": 0.5002528644753425,
  "usdtBalance": 0,
  "usdcBalance": null,
  "kenduBalance": 4845166789.051858,
  "ethBalanceInUsd": 1358.3966332536345,
  "kenduBalanceInUsd": 91525.2006451896,
  "totalUsdBalance": null
}