{
  "ethBalance": 0.0660488809860724,
  "usdtBalance": 0,
  "usdcBalance": 0,
  "kenduBalance": 7622102282.100412,
  "ethBalanceInUsd": 186.66536597640822,
  "kenduBalanceInUsd": 69361.13076711375,
  "totalUsdBalance": 186.66536597640822
}