{
  "ethBalance": 0.0624422229661258,
  "usdtBalance": 0,
  "usdcBalance": 0,
  "kenduBalance": 6384544426.92592,
  "ethBalanceInUsd": 125.65123643027563,
  "kenduBalanceInUsd": 44500.27465567366,
  "totalUsdBalance": 125.65123643027563
}