{
  "ethBalance": 0.038589031500035925,
  "usdtBalance": 0,
  "usdcBalance": 0,
  "kenduBalance": 35199894.08324558,
  "ethBalanceInUsd": 119.26982088936603,
  "kenduBalanceInUsd": 1151.3885354629629,
  "totalUsdBalance": 119.26982088936603
}