{
  "ethBalance": 0.04459919224178026,
  "usdtBalance": 0,
  "usdcBalance": 0,
  "kenduBalance": 517214787.4674407,
  "ethBalanceInUsd": 102.6187274210346,
  "kenduBalanceInUsd": 23998.766138489253,
  "totalUsdBalance": 102.6187274210346
}