{
  "ethBalance": 0.04459919224178026,
  "usdtBalance": 0,
  "usdcBalance": 0,
  "kenduBalance": 517214787.4674407,
  "ethBalanceInUsd": 102.68874815285422,
  "kenduBalanceInUsd": 26227.96187247392,
  "totalUsdBalance": 102.68874815285422
}