{
  "ethBalance": 0.3196945281829498,
  "usdtBalance": 0,
  "usdcBalance": 884.463046,
  "kenduBalance": 5523916791.338456,
  "ethBalanceInUsd": 598.9860618941384,
  "kenduBalanceInUsd": 39496.00505806996,
  "totalUsdBalance": 1483.4491078941383
}