{
  "ethBalance": 3.9774170719585187,
  "usdtBalance": 0,
  "usdcBalance": 0,
  "kenduBalance": 8310029020.399478,
  "ethBalanceInUsd": 10544.37130278635,
  "kenduBalanceInUsd": 99471.04737418176,
  "totalUsdBalance": 10544.37130278635
}