{
  "ethBalance": 0.038589031500035925,
  "usdtBalance": 0,
  "usdcBalance": 0,
  "kenduBalance": 35199894.08324558,
  "ethBalanceInUsd": 128.99734394989508,
  "kenduBalanceInUsd": 1716.6988344398872,
  "totalUsdBalance": 128.99734394989508
}