{
  "ethBalance": 0.0624422229661258,
  "usdtBalance": 0,
  "usdcBalance": 0,
  "kenduBalance": 6384544426.92592,
  "ethBalanceInUsd": 128.6447165992717,
  "kenduBalanceInUsd": 46607.17431655921,
  "totalUsdBalance": 128.6447165992717
}