{
  "ethBalance": 0.04459919224178026,
  "usdtBalance": 0,
  "usdcBalance": 0,
  "kenduBalance": 517214787.4674407,
  "ethBalanceInUsd": 105.48957742563802,
  "kenduBalanceInUsd": 27862.36060087103,
  "totalUsdBalance": 105.48957742563802
}