{
  "ethBalance": 4.466168341671865,
  "usdtBalance": 0,
  "usdcBalance": 0,
  "kenduBalance": 8305029020.399477,
  "ethBalanceInUsd": 12129.487952412952,
  "kenduBalanceInUsd": 119841.56876436446,
  "totalUsdBalance": 12129.487952412952
}