{
  "ethBalance": 0.35703877941042383,
  "usdtBalance": 0,
  "usdcBalance": 0,
  "kenduBalance": 4855947774.956796,
  "ethBalanceInUsd": 918.1109397027285,
  "kenduBalanceInUsd": 194869.1842090162,
  "totalUsdBalance": 918.1109397027285
}