{
  "ethBalance": 0.038589031500035925,
  "usdtBalance": 0,
  "usdcBalance": 0,
  "kenduBalance": 35199894.08324558,
  "ethBalanceInUsd": 130.3850055226364,
  "kenduBalanceInUsd": 1121.1166265513718,
  "totalUsdBalance": 130.3850055226364
}