{
  "ethBalance": 0.3117728554842481,
  "usdtBalance": 0,
  "usdcBalance": 56.231409,
  "kenduBalance": 4113980899.4295063,
  "ethBalanceInUsd": 557.4623365200549,
  "kenduBalanceInUsd": 47475.339579416504,
  "totalUsdBalance": 613.6937455200549
}