{
  "ethBalance": 13.475892841222715,
  "usdtBalance": 3949.089252,
  "usdcBalance": 8005.206012,
  "kenduBalance": 10903927414.89931,
  "ethBalanceInUsd": 43642.75703772706,
  "kenduBalanceInUsd": 207065.58160893788,
  "totalUsdBalance": 55597.05230172706
}