{
  "ethBalance": 0.038589031500035925,
  "usdtBalance": 0,
  "usdcBalance": 0,
  "kenduBalance": 35199894.08324558,
  "ethBalanceInUsd": 120.09987095693182,
  "kenduBalanceInUsd": 1132.0285937171777,
  "totalUsdBalance": 120.09987095693182
}