{
  "ethBalance": 0.038589031500035925,
  "usdtBalance": 0,
  "usdcBalance": 0,
  "kenduBalance": 35199894.08324558,
  "ethBalanceInUsd": 135.14457666785083,
  "kenduBalanceInUsd": 1227.4203066827736,
  "totalUsdBalance": 135.14457666785083
}