{
  "ethBalance": 0.04459919224178026,
  "usdtBalance": 0,
  "usdcBalance": 0,
  "kenduBalance": 517214787.4674407,
  "ethBalanceInUsd": 114.33671919063997,
  "kenduBalanceInUsd": 36034.3542428566,
  "totalUsdBalance": 114.33671919063997
}