{
  "ethBalance": 0.5002741579676101,
  "usdtBalance": 0,
  "usdcBalance": 100,
  "kenduBalance": 4855925261.348792,
  "ethBalanceInUsd": 1196.4656816784957,
  "kenduBalanceInUsd": 104111.03760331811,
  "totalUsdBalance": 1296.4656816784957
}