{
  "ethBalance": 0.10788809429719365,
  "usdtBalance": 3946.421819,
  "usdcBalance": 0,
  "kenduBalance": 13268928669.075045,
  "ethBalanceInUsd": 356.2659072263069,
  "kenduBalanceInUsd": 317392.7737642751,
  "totalUsdBalance": 4302.687726226307
}