{
  "ethBalance": 0.045462183917402754,
  "usdtBalance": 0,
  "usdcBalance": 0,
  "kenduBalance": 307214787.46744066,
  "ethBalanceInUsd": 122.1096075147871,
  "kenduBalanceInUsd": 30669.2522328746,
  "totalUsdBalance": 122.1096075147871
}