{
  "ethBalance": 0.038589031500035925,
  "usdtBalance": 0,
  "usdcBalance": 0,
  "kenduBalance": 35199894.08324558,
  "ethBalanceInUsd": 149.52092035318918,
  "kenduBalanceInUsd": 866.6213923295063,
  "totalUsdBalance": 149.52092035318918
}