{
  "ethBalance": 0.3579488855246269,
  "usdtBalance": 0,
  "usdcBalance": 0,
  "kenduBalance": 3705282011.416198,
  "ethBalanceInUsd": 564.9471465346634,
  "kenduBalanceInUsd": 43648.222094482815,
  "totalUsdBalance": 564.9471465346634
}