{
  "ethBalance": 0.3265431199402911,
  "usdtBalance": 0,
  "usdcBalance": 154.403285,
  "kenduBalance": 4113980899.4295063,
  "ethBalanceInUsd": 585.0477154098232,
  "kenduBalanceInUsd": 47105.08129846785,
  "totalUsdBalance": 739.4510004098232
}