{
  "ethBalance": 0.038589031500035925,
  "usdtBalance": 0,
  "usdcBalance": 0,
  "kenduBalance": 35199894.08324558,
  "ethBalanceInUsd": 141.4550409890517,
  "kenduBalanceInUsd": 893.373311832773,
  "totalUsdBalance": 141.4550409890517
}