{
  "ethBalance": 0.038589031500035925,
  "usdtBalance": 0,
  "usdcBalance": 0,
  "kenduBalance": 35199894.08324558,
  "ethBalanceInUsd": 133.58905280808438,
  "kenduBalanceInUsd": 898.6532959452597,
  "totalUsdBalance": 133.58905280808438
}