{
  "ethBalance": 0.04272247540230626,
  "usdtBalance": 0,
  "usdcBalance": 0,
  "kenduBalance": 517214787.4674407,
  "ethBalanceInUsd": 108.68255962543495,
  "kenduBalanceInUsd": 29770.88316662589,
  "totalUsdBalance": 108.68255962543495
}