{
  "ethBalance": 13.47560135212183,
  "usdtBalance": 3949.089252,
  "usdcBalance": 8005.206012,
  "kenduBalance": 10805029020.399477,
  "ethBalanceInUsd": 44474.20092247528,
  "kenduBalanceInUsd": 198596.4333949424,
  "totalUsdBalance": 56428.49618647528
}