{
  "ethBalance": 0.04459919224178026,
  "usdtBalance": 0,
  "usdcBalance": 0,
  "kenduBalance": 517214787.4674407,
  "ethBalanceInUsd": 101.47386615618811,
  "kenduBalanceInUsd": 27495.13810176915,
  "totalUsdBalance": 101.47386615618811
}