{
  "ethBalance": 0.5002741579676101,
  "usdtBalance": 0,
  "usdcBalance": 100,
  "kenduBalance": 4855925261.348792,
  "ethBalanceInUsd": 1315.8911286685236,
  "kenduBalanceInUsd": 148154.27972375165,
  "totalUsdBalance": 1415.8911286685236
}