{
  "ethBalance": 0.04272247540230626,
  "usdtBalance": 0,
  "usdcBalance": 0,
  "kenduBalance": 517214787.4674407,
  "ethBalanceInUsd": 104.79054211628485,
  "kenduBalanceInUsd": 27877.877044495057,
  "totalUsdBalance": 104.79054211628485
}