{
  "ethBalance": 0.038589031500035925,
  "usdtBalance": 0,
  "usdcBalance": 0,
  "kenduBalance": 35199894.08324558,
  "ethBalanceInUsd": 120.48421771067216,
  "kenduBalanceInUsd": 1291.8361128551128,
  "totalUsdBalance": 120.48421771067216
}