{
  "ethBalance": 0.045462183917402754,
  "usdtBalance": 0,
  "usdcBalance": 0,
  "kenduBalance": 307214787.46744066,
  "ethBalanceInUsd": 121.19354450885143,
  "kenduBalanceInUsd": 25618.641126909875,
  "totalUsdBalance": 121.19354450885143
}