{
  "ethBalance": 3.9773126053695473,
  "usdtBalance": 0,
  "usdcBalance": 0,
  "kenduBalance": 8110029020.399477,
  "ethBalanceInUsd": 10373.149459812208,
  "kenduBalanceInUsd": 100807.6607235655,
  "totalUsdBalance": 10373.149459812208
}