{
  "ethBalance": 0.045462183917402754,
  "usdtBalance": 0,
  "usdcBalance": 0,
  "kenduBalance": 307214787.46744066,
  "ethBalanceInUsd": 118.61265632786048,
  "kenduBalanceInUsd": 27557.166435829426,
  "totalUsdBalance": 118.61265632786048
}