{
  "ethBalance": 0.3579488855246269,
  "usdtBalance": 0,
  "usdcBalance": 0,
  "kenduBalance": 3705282011.416198,
  "ethBalanceInUsd": 526.2850874091484,
  "kenduBalanceInUsd": 38609.03855895678,
  "totalUsdBalance": 526.2850874091484
}