{
  "ethBalance": 0.04272247540230626,
  "usdtBalance": 0,
  "usdcBalance": 0,
  "kenduBalance": 517214787.4674407,
  "ethBalanceInUsd": 99.54379491212762,
  "kenduBalanceInUsd": 25783.15715525192,
  "totalUsdBalance": 99.54379491212762
}