{
  "ethBalance": 0.3579488855246269,
  "usdtBalance": 0,
  "usdcBalance": 0,
  "kenduBalance": 3705282011.416198,
  "ethBalanceInUsd": 641.104351418883,
  "kenduBalanceInUsd": 47649.9266668123,
  "totalUsdBalance": 641.104351418883
}