{
  "ethBalance": 0.04272247540230626,
  "usdtBalance": 0,
  "usdcBalance": 0,
  "kenduBalance": 517214787.4674407,
  "ethBalanceInUsd": 112.20502772235508,
  "kenduBalanceInUsd": 29512.275772892168,
  "totalUsdBalance": 112.20502772235508
}