{
  "ethBalance": 0.038589031500035925,
  "usdtBalance": 0,
  "usdcBalance": 0,
  "kenduBalance": 35199894.08324558,
  "ethBalanceInUsd": 131.12823026932708,
  "kenduBalanceInUsd": 1166.5244899187585,
  "totalUsdBalance": 131.12823026932708
}