{
  "ethBalance": 0.3196155371451788,
  "usdtBalance": 0,
  "usdcBalance": 884.463046,
  "kenduBalance": 5453954448.539579,
  "ethBalanceInUsd": 617.7656948156874,
  "kenduBalanceInUsd": 36323.336627273595,
  "totalUsdBalance": 1502.2287408156874
}