{
  "ethBalance": 0.5002741579676101,
  "usdtBalance": 0,
  "usdcBalance": 100,
  "kenduBalance": 4855925261.348792,
  "ethBalanceInUsd": 1267.479598401998,
  "kenduBalanceInUsd": 115182.54719919334,
  "totalUsdBalance": 1367.479598401998
}