{
  "ethBalance": 0.3194927667359207,
  "usdtBalance": 0,
  "usdcBalance": 884.463046,
  "kenduBalance": 4753954448.539579,
  "ethBalanceInUsd": 630.8192983540713,
  "kenduBalanceInUsd": 32897.364783893885,
  "totalUsdBalance": 1515.2823443540713
}