{
  "ethBalance": 0.3117728554842481,
  "usdtBalance": 0,
  "usdcBalance": 0.463046,
  "kenduBalance": 4113980899.4295063,
  "ethBalanceInUsd": 581.3254308788192,
  "kenduBalanceInUsd": 49573.46983812555,
  "totalUsdBalance": 581.7884768788192
}