{
  "ethBalance": 0.35769432885289126,
  "usdtBalance": 0,
  "usdcBalance": 0,
  "kenduBalance": 4514955040.756332,
  "ethBalanceInUsd": 956.1849029462604,
  "kenduBalanceInUsd": 101451.03976579479,
  "totalUsdBalance": 956.1849029462604
}