{
  "ethBalance": 0.04459919224178026,
  "usdtBalance": 0,
  "usdcBalance": 0,
  "kenduBalance": 517214787.4674407,
  "ethBalanceInUsd": 103.08523497188364,
  "kenduBalanceInUsd": 25886.600112745407,
  "totalUsdBalance": 103.08523497188364
}