{
  "ethBalance": 0.04459919224178026,
  "usdtBalance": 0,
  "usdcBalance": 0,
  "kenduBalance": 517214787.4674407,
  "ethBalanceInUsd": 104.47137786675816,
  "kenduBalanceInUsd": 27376.17870065164,
  "totalUsdBalance": 104.47137786675816
}