{
  "ethBalance": 0.038589031500035925,
  "usdtBalance": 0,
  "usdcBalance": 0,
  "kenduBalance": 35199894.08324558,
  "ethBalanceInUsd": 126.69898123375295,
  "kenduBalanceInUsd": 751.1657397364608,
  "totalUsdBalance": 126.69898123375295
}