{
  "ethBalance": 0.038589031500035925,
  "usdtBalance": 0,
  "usdcBalance": 0,
  "kenduBalance": 35199894.08324558,
  "ethBalanceInUsd": 127.32373765373853,
  "kenduBalanceInUsd": 1747.3227422923107,
  "totalUsdBalance": 127.32373765373853
}