{
  "ethBalance": 0.038589031500035925,
  "usdtBalance": 0,
  "usdcBalance": 0,
  "kenduBalance": 35199894.08324558,
  "ethBalanceInUsd": 112.37974931503462,
  "kenduBalanceInUsd": 1888.122318625293,
  "totalUsdBalance": 112.37974931503462
}