{
  "ethBalance": 0.3579488855246269,
  "usdtBalance": 0,
  "usdcBalance": 0,
  "kenduBalance": 3705282011.416198,
  "ethBalanceInUsd": 563.8124485675503,
  "kenduBalanceInUsd": 38238.51035781516,
  "totalUsdBalance": 563.8124485675503
}