{
  "ethBalance": 0.038589031500035925,
  "usdtBalance": 0,
  "usdcBalance": 0,
  "kenduBalance": 35199894.08324558,
  "ethBalanceInUsd": 152.59106369933207,
  "kenduBalanceInUsd": 1135.19658418467,
  "totalUsdBalance": 152.59106369933207
}