{
  "ethBalance": 0.038589031500035925,
  "usdtBalance": 0,
  "usdcBalance": 0,
  "kenduBalance": 35199894.08324558,
  "ethBalanceInUsd": 124.36627427957579,
  "kenduBalanceInUsd": 729.3418054048485,
  "totalUsdBalance": 124.36627427957579
}