{
  "ethBalance": 0.9901682600569678,
  "usdtBalance": 0,
  "usdcBalance": null,
  "kenduBalance": 4550810118.308841,
  "ethBalanceInUsd": 4273.279061610457,
  "kenduBalanceInUsd": 59797.644954578165,
  "totalUsdBalance": null
}