{
  "ethBalance": 0.5002741579676101,
  "usdtBalance": 0,
  "usdcBalance": 100,
  "kenduBalance": 4855925261.348792,
  "ethBalanceInUsd": 1267.8948259531112,
  "kenduBalanceInUsd": 117270.59506157333,
  "totalUsdBalance": 1367.8948259531112
}