{
  "ethBalance": 18.27649738337883,
  "usdtBalance": 0,
  "usdcBalance": 0,
  "kenduBalance": 10805029020.399477,
  "ethBalanceInUsd": 49658.522745457114,
  "kenduBalanceInUsd": 157213.17224681238,
  "totalUsdBalance": 49658.522745457114
}