{
  "ethBalance": 0.04459919224178026,
  "usdtBalance": 0,
  "usdcBalance": 0,
  "kenduBalance": 517214787.4674407,
  "ethBalanceInUsd": 107.52285459994077,
  "kenduBalanceInUsd": 28084.762959482032,
  "totalUsdBalance": 107.52285459994077
}