{
  "ethBalance": 0.045462183917402754,
  "usdtBalance": 0,
  "usdcBalance": 0,
  "kenduBalance": 307214787.46744066,
  "ethBalanceInUsd": 119.50780672919414,
  "kenduBalanceInUsd": 26979.602635390638,
  "totalUsdBalance": 119.50780672919414
}