{
  "ethBalance": 0.038589031500035925,
  "usdtBalance": 0,
  "usdcBalance": 0,
  "kenduBalance": 35199894.08324558,
  "ethBalanceInUsd": 138.38489764290884,
  "kenduBalanceInUsd": 701.8858880199169,
  "totalUsdBalance": 138.38489764290884
}