{
  "ethBalance": 0.038589031500035925,
  "usdtBalance": 0,
  "usdcBalance": 0,
  "kenduBalance": 35199894.08324558,
  "ethBalanceInUsd": 97.38791057727066,
  "kenduBalanceInUsd": 1018.6849347691272,
  "totalUsdBalance": 97.38791057727066
}