{
  "ethBalance": 0.35769432885289126,
  "usdtBalance": 0,
  "usdcBalance": 0,
  "kenduBalance": 4514955040.756332,
  "ethBalanceInUsd": 878.9980437230951,
  "kenduBalanceInUsd": 79643.8069189417,
  "totalUsdBalance": 878.9980437230951
}