{
  "ethBalance": 0.3603761199402911,
  "usdtBalance": 0,
  "usdcBalance": 154.403285,
  "kenduBalance": 4113980899.4295063,
  "ethBalanceInUsd": 555.9918816050805,
  "kenduBalanceInUsd": 37519.5058027971,
  "totalUsdBalance": 710.3951666050805
}