{
  "ethBalance": 0.038589031500035925,
  "usdtBalance": 0,
  "usdcBalance": 0,
  "kenduBalance": 35199894.08324558,
  "ethBalanceInUsd": 154.72619481222904,
  "kenduBalanceInUsd": 1781.1146406122264,
  "totalUsdBalance": 154.72619481222904
}