{
  "ethBalance": 0.045462183917402754,
  "usdtBalance": 0,
  "usdcBalance": 0,
  "kenduBalance": 307214787.46744066,
  "ethBalanceInUsd": 119.28322354064217,
  "kenduBalanceInUsd": 21280.768327869617,
  "totalUsdBalance": 119.28322354064217
}