{
  "ethBalance": 0.038589031500035925,
  "usdtBalance": 0,
  "usdcBalance": 0,
  "kenduBalance": 35199894.08324558,
  "ethBalanceInUsd": 118.93448220563072,
  "kenduBalanceInUsd": 1336.891977281667,
  "totalUsdBalance": 118.93448220563072
}