{
  "ethBalance": 0.35703877941042383,
  "usdtBalance": 0,
  "usdcBalance": 0,
  "kenduBalance": 4855947774.956796,
  "ethBalanceInUsd": 925.5659094168182,
  "kenduBalanceInUsd": 185885.68082534615,
  "totalUsdBalance": 925.5659094168182
}