{
  "ethBalance": 0.11220553765466597,
  "usdtBalance": 0,
  "usdcBalance": 0,
  "kenduBalance": 11896082608.223656,
  "ethBalanceInUsd": 362.3150472530461,
  "kenduBalanceInUsd": 309655.03029206174,
  "totalUsdBalance": 362.3150472530461
}