{
  "ethBalance": 0.04459919224178026,
  "usdtBalance": 0,
  "usdcBalance": 0,
  "kenduBalance": 517214787.4674407,
  "ethBalanceInUsd": 111.50021056406274,
  "kenduBalanceInUsd": 32719.0074551903,
  "totalUsdBalance": 111.50021056406274
}