{
  "ethBalance": 0.045462183917402754,
  "usdtBalance": 0,
  "usdcBalance": 0,
  "kenduBalance": 307214787.46744066,
  "ethBalanceInUsd": 121.27128484335019,
  "kenduBalanceInUsd": 30030.245474942327,
  "totalUsdBalance": 121.27128484335019
}