{
  "ethBalance": 0.5002741579676101,
  "usdtBalance": 0,
  "usdcBalance": 100,
  "kenduBalance": 4855925261.348792,
  "ethBalanceInUsd": 1261.146127562128,
  "kenduBalanceInUsd": 125574.22725847976,
  "totalUsdBalance": 1361.146127562128
}