{
  "ethBalance": 0.3579040556931112,
  "usdtBalance": 0,
  "usdcBalance": 0,
  "kenduBalance": 3646098337.9468102,
  "ethBalanceInUsd": 643.3289610678104,
  "kenduBalanceInUsd": 39086.17418278981,
  "totalUsdBalance": 643.3289610678104
}