{
  "ethBalance": 0.038589031500035925,
  "usdtBalance": 0,
  "usdcBalance": 0,
  "kenduBalance": 35199894.08324558,
  "ethBalanceInUsd": 100.0077199258081,
  "kenduBalanceInUsd": 1806.8105632929958,
  "totalUsdBalance": 100.0077199258081
}