{
  "ethBalance": 0.3119048631851912,
  "usdtBalance": 0,
  "usdcBalance": 0.463046,
  "kenduBalance": 4175387837.757599,
  "ethBalanceInUsd": 611.3927937669799,
  "kenduBalanceInUsd": 34572.21129663292,
  "totalUsdBalance": 611.8558397669799
}