{
  "ethBalance": 0.04459919224178026,
  "usdtBalance": 0,
  "usdcBalance": 0,
  "kenduBalance": 517214787.4674407,
  "ethBalanceInUsd": 113.3127217367687,
  "kenduBalanceInUsd": 36629.151248444155,
  "totalUsdBalance": 113.3127217367687
}