{
  "ethBalance": 0.045462183917402754,
  "usdtBalance": 0,
  "usdcBalance": 0,
  "kenduBalance": 307214787.46744066,
  "ethBalanceInUsd": 119.84786386489631,
  "kenduBalanceInUsd": 31090.136491704994,
  "totalUsdBalance": 119.84786386489631
}