{
  "ethBalance": 0.5002741579676101,
  "usdtBalance": 0,
  "usdcBalance": 100,
  "kenduBalance": 4855925261.348792,
  "ethBalanceInUsd": 1217.7773608079158,
  "kenduBalanceInUsd": 106150.5262130846,
  "totalUsdBalance": 1317.7773608079158
}