{
  "ethBalance": 0.06254024854608203,
  "usdtBalance": 0,
  "usdcBalance": 0,
  "kenduBalance": 6456272656.749752,
  "ethBalanceInUsd": 145.60995907990096,
  "kenduBalanceInUsd": 55459.382121480376,
  "totalUsdBalance": 145.60995907990096
}