{
  "ethBalance": 0.5002528644753425,
  "usdtBalance": 0,
  "usdcBalance": null,
  "kenduBalance": 4845166789.051858,
  "ethBalanceInUsd": 1825.6778314314072,
  "kenduBalanceInUsd": 115896.38959412045,
  "totalUsdBalance": null
}