{
  "ethBalance": 0.0624422229661258,
  "usdtBalance": 0,
  "usdcBalance": 0,
  "kenduBalance": 6384544426.92592,
  "ethBalanceInUsd": 132.98632436210642,
  "kenduBalanceInUsd": 52544.80063360032,
  "totalUsdBalance": 132.98632436210642
}