{
  "ethBalance": 0.038589031500035925,
  "usdtBalance": 0,
  "usdcBalance": 0,
  "kenduBalance": 35199894.08324558,
  "ethBalanceInUsd": 138.19967029170866,
  "kenduBalanceInUsd": 734.2697905765028,
  "totalUsdBalance": 138.19967029170866
}