{
  "ethBalance": 0.35703877941042383,
  "usdtBalance": 0,
  "usdcBalance": 0,
  "kenduBalance": 4855947774.956796,
  "ethBalanceInUsd": 884.6813987865305,
  "kenduBalanceInUsd": 158595.25433008897,
  "totalUsdBalance": 884.6813987865305
}