{
  "ethBalance": 0.30943876692005484,
  "usdtBalance": 0,
  "usdcBalance": 0,
  "kenduBalance": 8110029020.399477,
  "ethBalanceInUsd": 835.4351604814409,
  "kenduBalanceInUsd": 90507.92386765816,
  "totalUsdBalance": 835.4351604814409
}