{
  "ethBalance": 0.3119048631851912,
  "usdtBalance": 0,
  "usdcBalance": 0.463046,
  "kenduBalance": 4175387837.757599,
  "ethBalanceInUsd": 619.5491059392726,
  "kenduBalanceInUsd": 36242.36643173596,
  "totalUsdBalance": 620.0121519392726
}