{
  "ethBalance": 0.04459919224178026,
  "usdtBalance": 0,
  "usdcBalance": 0,
  "kenduBalance": 517214787.4674407,
  "ethBalanceInUsd": 102.60713163105176,
  "kenduBalanceInUsd": 25633.164866886364,
  "totalUsdBalance": 102.60713163105176
}