{
  "ethBalance": 0.038589031500035925,
  "usdtBalance": 0,
  "usdcBalance": 0,
  "kenduBalance": 35199894.08324558,
  "ethBalanceInUsd": 154.71230276088903,
  "kenduBalanceInUsd": 1376.6678575957349,
  "totalUsdBalance": 154.71230276088903
}