{
  "ethBalance": 0.038589031500035925,
  "usdtBalance": 0,
  "usdcBalance": 0,
  "kenduBalance": 35199894.08324558,
  "ethBalanceInUsd": 126.8660717401481,
  "kenduBalanceInUsd": 593.1182153026881,
  "totalUsdBalance": 126.8660717401481
}