{
  "ethBalance": 0.038589031500035925,
  "usdtBalance": 0,
  "usdcBalance": 0,
  "kenduBalance": 35199894.08324558,
  "ethBalanceInUsd": 130.75082954125673,
  "kenduBalanceInUsd": 1237.9802749077471,
  "totalUsdBalance": 130.75082954125673
}