{
  "ethBalance": 0.5002741579676101,
  "usdtBalance": 0,
  "usdcBalance": 100,
  "kenduBalance": 4855925261.348792,
  "ethBalanceInUsd": 1305.1752562048573,
  "kenduBalanceInUsd": 123971.77192223466,
  "totalUsdBalance": 1405.1752562048573
}