{
  "ethBalance": 0.0624422229661258,
  "usdtBalance": 0,
  "usdcBalance": 0,
  "kenduBalance": 6384544426.92592,
  "ethBalanceInUsd": 117.69235069101323,
  "kenduBalanceInUsd": 44308.73832286588,
  "totalUsdBalance": 117.69235069101323
}