{
  "ethBalance": 0.038589031500035925,
  "usdtBalance": 0,
  "usdcBalance": 0,
  "kenduBalance": 35199894.08324558,
  "ethBalanceInUsd": 155.1259771785694,
  "kenduBalanceInUsd": 1370.3318766607506,
  "totalUsdBalance": 155.1259771785694
}