{
  "ethBalance": 0.06254024854608203,
  "usdtBalance": 0,
  "usdcBalance": 0,
  "kenduBalance": 6456272656.749752,
  "ethBalanceInUsd": 138.50913925997878,
  "kenduBalanceInUsd": 61528.27841882514,
  "totalUsdBalance": 138.50913925997878
}