{
  "ethBalance": 0.5002528644753425,
  "usdtBalance": 0,
  "usdcBalance": null,
  "kenduBalance": 4845166789.051858,
  "ethBalanceInUsd": 1617.582644866954,
  "kenduBalanceInUsd": 108289.47773530903,
  "totalUsdBalance": null
}