{
  "ethBalance": 0.038589031500035925,
  "usdtBalance": 0,
  "usdcBalance": 0,
  "kenduBalance": 35199894.08324558,
  "ethBalanceInUsd": 129.39326741308545,
  "kenduBalanceInUsd": 828.2535077787686,
  "totalUsdBalance": 129.39326741308545
}