{
  "ethBalance": 3.9773126053695473,
  "usdtBalance": 0,
  "usdcBalance": 0,
  "kenduBalance": 8110029020.399477,
  "ethBalanceInUsd": 10662.180766844414,
  "kenduBalanceInUsd": 108025.58655172103,
  "totalUsdBalance": 10662.180766844414
}