{
  "ethBalance": 0.038589031500035925,
  "usdtBalance": 0,
  "usdcBalance": 0,
  "kenduBalance": 35199894.08324558,
  "ethBalanceInUsd": 138.60562690308905,
  "kenduBalanceInUsd": 787.4216306422037,
  "totalUsdBalance": 138.60562690308905
}