{
  "ethBalance": 0.038589031500035925,
  "usdtBalance": 0,
  "usdcBalance": 0,
  "kenduBalance": 35199894.08324558,
  "ethBalanceInUsd": 114.942446896952,
  "kenduBalanceInUsd": 1854.6824192462097,
  "totalUsdBalance": 114.942446896952
}