{
  "ethBalance": 0.35703877941042383,
  "usdtBalance": 0,
  "usdcBalance": 0,
  "kenduBalance": 4855947774.956796,
  "ethBalanceInUsd": 922.716739957123,
  "kenduBalanceInUsd": 200841.99997221306,
  "totalUsdBalance": 922.716739957123
}