{
  "ethBalance": 0.0624422229661258,
  "usdtBalance": 0,
  "usdcBalance": 0,
  "kenduBalance": 6384544426.92592,
  "ethBalanceInUsd": 136.69476798406464,
  "kenduBalanceInUsd": 51331.73719248439,
  "totalUsdBalance": 136.69476798406464
}