{
  "ethBalance": 0.038589031500035925,
  "usdtBalance": 0,
  "usdcBalance": 0,
  "kenduBalance": 35199894.08324558,
  "ethBalanceInUsd": 130.0670319030761,
  "kenduBalanceInUsd": 1104.924675273079,
  "totalUsdBalance": 130.0670319030761
}