{
  "ethBalance": 0.06254024854608203,
  "usdtBalance": 0,
  "usdcBalance": 0,
  "kenduBalance": 6456272656.749752,
  "ethBalanceInUsd": 155.4850643253273,
  "kenduBalanceInUsd": 59849.6475280702,
  "totalUsdBalance": 155.4850643253273
}