{
  "ethBalance": 0.038589031500035925,
  "usdtBalance": 0,
  "usdcBalance": 0,
  "kenduBalance": 35199894.08324558,
  "ethBalanceInUsd": 116.49681308577345,
  "kenduBalanceInUsd": 701.5338890790845,
  "totalUsdBalance": 116.49681308577345
}