{
  "ethBalance": 0.3579488855246269,
  "usdtBalance": 0,
  "usdcBalance": 0,
  "kenduBalance": 3705282011.416198,
  "ethBalanceInUsd": 576.512475025964,
  "kenduBalanceInUsd": 40980.41904626315,
  "totalUsdBalance": 576.512475025964
}