{
  "ethBalance": 0.038589031500035925,
  "usdtBalance": 0,
  "usdcBalance": 0,
  "kenduBalance": 35199894.08324558,
  "ethBalanceInUsd": 129.83241059155586,
  "kenduBalanceInUsd": 597.69420153351,
  "totalUsdBalance": 129.83241059155586
}