{
  "ethBalance": 0.038589031500035925,
  "usdtBalance": 0,
  "usdcBalance": 0,
  "kenduBalance": 35199894.08324558,
  "ethBalanceInUsd": 101.17156511584919,
  "kenduBalanceInUsd": 1183.4204390787165,
  "totalUsdBalance": 101.17156511584919
}