{
  "ethBalance": 0.038589031500035925,
  "usdtBalance": 0,
  "usdcBalance": 0,
  "kenduBalance": 35199894.08324558,
  "ethBalanceInUsd": 141.799641040347,
  "kenduBalanceInUsd": 702.2378869607494,
  "totalUsdBalance": 141.799641040347
}