{
  "ethBalance": 0.04272247540230626,
  "usdtBalance": 0,
  "usdcBalance": 0,
  "kenduBalance": 517214787.4674407,
  "ethBalanceInUsd": 113.03298929565179,
  "kenduBalanceInUsd": 30432.918094584213,
  "totalUsdBalance": 113.03298929565179
}