{
  "ethBalance": 0.3117728554842481,
  "usdtBalance": 0,
  "usdcBalance": 0.463046,
  "kenduBalance": 4113980899.4295063,
  "ethBalanceInUsd": 559.4140345953864,
  "kenduBalanceInUsd": 51136.78257990876,
  "totalUsdBalance": 559.8770805953864
}