{
  "ethBalance": 0.3579488855246269,
  "usdtBalance": 0,
  "usdcBalance": 0,
  "kenduBalance": 3705282011.416198,
  "ethBalanceInUsd": 598.6444546179517,
  "kenduBalanceInUsd": 48168.66614841057,
  "totalUsdBalance": 598.6444546179517
}