{
  "ethBalance": 0.038589031500035925,
  "usdtBalance": 0,
  "usdcBalance": 0,
  "kenduBalance": 35199894.08324558,
  "ethBalanceInUsd": 118.02763996537988,
  "kenduBalanceInUsd": 1303.1000789617515,
  "totalUsdBalance": 118.02763996537988
}