{
  "ethBalance": 0.038589031500035925,
  "usdtBalance": 0,
  "usdcBalance": 0,
  "kenduBalance": 35199894.08324558,
  "ethBalanceInUsd": 101.56131433399955,
  "kenduBalanceInUsd": 1669.8829753091704,
  "totalUsdBalance": 101.56131433399955
}