{
  "ethBalance": 0.038589031500035925,
  "usdtBalance": 0,
  "usdcBalance": 0,
  "kenduBalance": 35199894.08324558,
  "ethBalanceInUsd": 123.54162667642001,
  "kenduBalanceInUsd": 1755.7707168722895,
  "totalUsdBalance": 123.54162667642001
}