{
  "ethBalance": 0.04459919224178026,
  "usdtBalance": 0,
  "usdcBalance": 0,
  "kenduBalance": 517214787.4674407,
  "ethBalanceInUsd": 103.43444664713677,
  "kenduBalanceInUsd": 26336.576977842084,
  "totalUsdBalance": 103.43444664713677
}