{
  "ethBalance": 0.3579040556931112,
  "usdtBalance": 0,
  "usdcBalance": 0,
  "kenduBalance": 3646098337.9468102,
  "ethBalanceInUsd": 653.1247950721308,
  "kenduBalanceInUsd": 41711.36498611151,
  "totalUsdBalance": 653.1247950721308
}