{
  "ethBalance": 0.038589031500035925,
  "usdtBalance": 0,
  "usdcBalance": 0,
  "kenduBalance": 35199894.08324558,
  "ethBalanceInUsd": 152.20285804244168,
  "kenduBalanceInUsd": 1143.644558764649,
  "totalUsdBalance": 152.20285804244168
}