{
  "ethBalance": 0.045462183917402754,
  "usdtBalance": 0,
  "usdcBalance": 0,
  "kenduBalance": 307214787.46744066,
  "ethBalanceInUsd": 117.12877064479646,
  "kenduBalanceInUsd": 25501.899507672253,
  "totalUsdBalance": 117.12877064479646
}