{
  "ethBalance": 0.038589031500035925,
  "usdtBalance": 0,
  "usdcBalance": 0,
  "kenduBalance": 35199894.08324558,
  "ethBalanceInUsd": 119.75527090563648,
  "kenduBalanceInUsd": 1284.4441350976313,
  "totalUsdBalance": 119.75527090563648
}