{
  "ethBalance": 0.3196155371451788,
  "usdtBalance": 0,
  "usdcBalance": 884.463046,
  "kenduBalance": 5453954448.539579,
  "ethBalanceInUsd": 632.67575962351,
  "kenduBalanceInUsd": 37632.2856949231,
  "totalUsdBalance": 1517.13880562351
}