{
  "ethBalance": 0.3579488855246269,
  "usdtBalance": 0,
  "usdcBalance": 0,
  "kenduBalance": 3705282011.416198,
  "ethBalanceInUsd": 545.4997835841104,
  "kenduBalanceInUsd": 38016.19343713019,
  "totalUsdBalance": 545.4997835841104
}