{
  "ethBalance": 0.04272247540230626,
  "usdtBalance": 0,
  "usdcBalance": 0,
  "kenduBalance": 517214787.4674407,
  "ethBalanceInUsd": 104.56881246894687,
  "kenduBalanceInUsd": 25772.812859502574,
  "totalUsdBalance": 104.56881246894687
}