{
  "ethBalance": 0.06254024854608203,
  "usdtBalance": 0,
  "usdcBalance": 0,
  "kenduBalance": 6456272656.749752,
  "ethBalanceInUsd": 144.17028255837013,
  "kenduBalanceInUsd": 54361.815769832916,
  "totalUsdBalance": 144.17028255837013
}