{
  "ethBalance": 0.06254024854608203,
  "usdtBalance": 0,
  "usdcBalance": 0,
  "kenduBalance": 6456272656.749752,
  "ethBalanceInUsd": 157.27684244617257,
  "kenduBalanceInUsd": 71406.37558365226,
  "totalUsdBalance": 157.27684244617257
}