{
  "ethBalance": 0.038589031500035925,
  "usdtBalance": 0,
  "usdcBalance": 0,
  "kenduBalance": 35199894.08324558,
  "ethBalanceInUsd": 112.37859164408962,
  "kenduBalanceInUsd": 1913.8182413060624,
  "totalUsdBalance": 112.37859164408962
}