{
  "ethBalance": 0.0624422229661258,
  "usdtBalance": 0,
  "usdcBalance": 0,
  "kenduBalance": 6379544426.92592,
  "ethBalanceInUsd": 135.22300478875306,
  "kenduBalanceInUsd": 52695.0369664081,
  "totalUsdBalance": 135.22300478875306
}