{
  "ethBalance": 0.04272247540230626,
  "usdtBalance": 0,
  "usdcBalance": 0,
  "kenduBalance": 517214787.4674407,
  "ethBalanceInUsd": 111.83975055766538,
  "kenduBalanceInUsd": 29724.333835753816,
  "totalUsdBalance": 111.83975055766538
}