{
  "ethBalance": 0.5002741579676101,
  "usdtBalance": 0,
  "usdcBalance": 100,
  "kenduBalance": 4855925261.348792,
  "ethBalanceInUsd": 1289.9719245442218,
  "kenduBalanceInUsd": 115862.37673578218,
  "totalUsdBalance": 1389.9719245442218
}