{
  "ethBalance": 0.038589031500035925,
  "usdtBalance": 0,
  "usdcBalance": 0,
  "kenduBalance": 35199894.08324558,
  "ethBalanceInUsd": 142.6431972689378,
  "kenduBalanceInUsd": 681.117950510802,
  "totalUsdBalance": 142.6431972689378
}