{
  "ethBalance": 0.5002741579676101,
  "usdtBalance": 0,
  "usdcBalance": 100,
  "kenduBalance": 4855925261.348792,
  "ethBalanceInUsd": 1243.0011838526427,
  "kenduBalanceInUsd": 123971.77192223466,
  "totalUsdBalance": 1343.0011838526427
}