{
  "ethBalance": 0.038589031500035925,
  "usdtBalance": 0,
  "usdcBalance": 0,
  "kenduBalance": 35199894.08324558,
  "ethBalanceInUsd": 131.7946628433327,
  "kenduBalanceInUsd": 755.3897270264503,
  "totalUsdBalance": 131.7946628433327
}