{
  "ethBalance": 0.038589031500035925,
  "usdtBalance": 0,
  "usdcBalance": 0,
  "kenduBalance": 35199894.08324558,
  "ethBalanceInUsd": 153.88418214489826,
  "kenduBalanceInUsd": 1784.2826310797186,
  "totalUsdBalance": 153.88418214489826
}