{
  "ethBalance": 0.04459919224178026,
  "usdtBalance": 0,
  "usdcBalance": 0,
  "kenduBalance": 517214787.4674407,
  "ethBalanceInUsd": 103.37825166491213,
  "kenduBalanceInUsd": 28281.304578719657,
  "totalUsdBalance": 103.37825166491213
}