{
  "ethBalance": 0.04272247540230626,
  "usdtBalance": 0,
  "usdcBalance": 0,
  "kenduBalance": 517214787.4674407,
  "ethBalanceInUsd": 101.65599409601762,
  "kenduBalanceInUsd": 26558.97933645308,
  "totalUsdBalance": 101.65599409601762
}