{
  "ethBalance": 0.3117728554842481,
  "usdtBalance": 0,
  "usdcBalance": 0.463046,
  "kenduBalance": 4113980899.4295063,
  "ethBalanceInUsd": 573.3191039499839,
  "kenduBalanceInUsd": 44718.97237679873,
  "totalUsdBalance": 573.7821499499838
}