{
  "ethBalance": 0.038589031500035925,
  "usdtBalance": 0,
  "usdcBalance": 0,
  "kenduBalance": 35199894.08324558,
  "ethBalanceInUsd": 146.46235371649635,
  "kenduBalanceInUsd": 1344.9879529208138,
  "totalUsdBalance": 146.46235371649635
}