{
  "ethBalance": 0.35769432885289126,
  "usdtBalance": 0,
  "usdcBalance": 0,
  "kenduBalance": 4514955040.756332,
  "ethBalanceInUsd": 887.2607827195968,
  "kenduBalanceInUsd": 73142.27166025259,
  "totalUsdBalance": 887.2607827195968
}