{
  "ethBalance": 0.038589031500035925,
  "usdtBalance": 0,
  "usdcBalance": 0,
  "kenduBalance": 35199894.08324558,
  "ethBalanceInUsd": 97.07070873834037,
  "kenduBalanceInUsd": 1061.6288055506868,
  "totalUsdBalance": 97.07070873834037
}