{
  "ethBalance": 0.5002741579676101,
  "usdtBalance": 0,
  "usdcBalance": 100,
  "kenduBalance": 4855925261.348792,
  "ethBalanceInUsd": 1259.6753215377032,
  "kenduBalanceInUsd": 123437.6201434863,
  "totalUsdBalance": 1359.6753215377032
}