{
  "ethBalance": 0.038589031500035925,
  "usdtBalance": 0,
  "usdcBalance": 0,
  "kenduBalance": 35199894.08324558,
  "ethBalanceInUsd": 126.69396465965794,
  "kenduBalanceInUsd": 456.19062731886277,
  "totalUsdBalance": 126.69396465965794
}