{
  "ethBalance": 0.04459919224178026,
  "usdtBalance": 0,
  "usdcBalance": 0,
  "kenduBalance": 517214787.4674407,
  "ethBalanceInUsd": 109.88884174836721,
  "kenduBalanceInUsd": 31627.684253633997,
  "totalUsdBalance": 109.88884174836721
}