{
  "ethBalance": 0.038589031500035925,
  "usdtBalance": 0,
  "usdcBalance": 0,
  "kenduBalance": 35199894.08324558,
  "ethBalanceInUsd": 134.3585180961951,
  "kenduBalanceInUsd": 1240.4442674935744,
  "totalUsdBalance": 134.3585180961951
}