{
  "ethBalance": 0.7404211583199757,
  "usdtBalance": 0,
  "usdcBalance": null,
  "kenduBalance": 4745282940.56362,
  "ethBalanceInUsd": 3103.6159651182584,
  "kenduBalanceInUsd": 98227.35686966692,
  "totalUsdBalance": null
}