{
  "ethBalance": 0.038589031500035925,
  "usdtBalance": 0,
  "usdcBalance": 0,
  "kenduBalance": 35199894.08324558,
  "ethBalanceInUsd": 119.233547199756,
  "kenduBalanceInUsd": 1360.1239073766094,
  "totalUsdBalance": 119.233547199756
}