{
  "ethBalance": 8.051792938400936,
  "usdtBalance": 22356.072978,
  "usdcBalance": 88.007775,
  "kenduBalance": 947823769.8171208,
  "ethBalanceInUsd": 19694.927081116843,
  "kenduBalanceInUsd": 96099.85202175788,
  "totalUsdBalance": 42139.00783411684
}