{
  "ethBalance": 0.045462183917402754,
  "usdtBalance": 0,
  "usdcBalance": 0,
  "kenduBalance": 307214787.46744066,
  "ethBalanceInUsd": 117.801610966774,
  "kenduBalanceInUsd": 23280.73659428265,
  "totalUsdBalance": 117.801610966774
}