{
  "ethBalance": 0.038589031500035925,
  "usdtBalance": 0,
  "usdcBalance": 0,
  "kenduBalance": 35199894.08324558,
  "ethBalanceInUsd": 127.16282139238338,
  "kenduBalanceInUsd": 1761.0507009847765,
  "totalUsdBalance": 127.16282139238338
}