{
  "ethBalance": 0.046325213179724774,
  "usdtBalance": 50113.767042,
  "usdcBalance": 0,
  "kenduBalance": 946492975.4674407,
  "ethBalanceInUsd": 119.62281848121249,
  "kenduBalanceInUsd": 103110.944747423,
  "totalUsdBalance": 50233.38986048121
}