{
  "ethBalance": 0.5002741579676101,
  "usdtBalance": 0,
  "usdcBalance": 100,
  "kenduBalance": 4855925261.348792,
  "ethBalanceInUsd": 1320.9689113718946,
  "kenduBalanceInUsd": 122369.31658598955,
  "totalUsdBalance": 1420.9689113718946
}