{
  "ethBalance": 0.0624422229661258,
  "usdtBalance": 0,
  "usdcBalance": 0,
  "kenduBalance": 6379544426.92592,
  "ethBalanceInUsd": 129.52702520978306,
  "kenduBalanceInUsd": 57990.0588407566,
  "totalUsdBalance": 129.52702520978306
}