{
  "ethBalance": 0.038589031500035925,
  "usdtBalance": 0,
  "usdcBalance": 0,
  "kenduBalance": 35199894.08324558,
  "ethBalanceInUsd": 94.31583777955281,
  "kenduBalanceInUsd": 1857.8504097137018,
  "totalUsdBalance": 94.31583777955281
}