{
  "ethBalance": 0.038589031500035925,
  "usdtBalance": 0,
  "usdcBalance": 0,
  "kenduBalance": 35199894.08324558,
  "ethBalanceInUsd": 140.8337575819011,
  "kenduBalanceInUsd": 1086.2687314089587,
  "totalUsdBalance": 140.8337575819011
}