{
  "ethBalance": 0.038589031500035925,
  "usdtBalance": 0,
  "usdcBalance": 0,
  "kenduBalance": 35199894.08324558,
  "ethBalanceInUsd": 142.93994692117306,
  "kenduBalanceInUsd": 1371.3878734832479,
  "totalUsdBalance": 142.93994692117306
}