{
  "ethBalance": 0.3119048631851912,
  "usdtBalance": 0,
  "usdcBalance": 0.463046,
  "kenduBalance": 4175387837.757599,
  "ethBalanceInUsd": 644.626256939362,
  "kenduBalanceInUsd": 58872.96851238215,
  "totalUsdBalance": 645.0893029393619
}