{
  "ethBalance": 0.04272247540230626,
  "usdtBalance": 0,
  "usdcBalance": 0,
  "kenduBalance": 517214787.4674407,
  "ethBalanceInUsd": 111.19250505532044,
  "kenduBalanceInUsd": 29667.4402091324,
  "totalUsdBalance": 111.19250505532044
}