{
  "ethBalance": 0.038589031500035925,
  "usdtBalance": 0,
  "usdcBalance": 0,
  "kenduBalance": 35199894.08324558,
  "ethBalanceInUsd": 104.56932933942736,
  "kenduBalanceInUsd": 1247.1322473693908,
  "totalUsdBalance": 104.56932933942736
}