{
  "ethBalance": 0.3196155371451788,
  "usdtBalance": 0,
  "usdcBalance": 884.463046,
  "kenduBalance": 5453954448.539579,
  "ethBalanceInUsd": 605.0194271943377,
  "kenduBalanceInUsd": 37741.364783893885,
  "totalUsdBalance": 1489.4824731943377
}