{
  "ethBalance": 0.038589031500035925,
  "usdtBalance": 0,
  "usdcBalance": 0,
  "kenduBalance": 35199894.08324558,
  "ethBalanceInUsd": 97.67732831352093,
  "kenduBalanceInUsd": 1070.4287790714982,
  "totalUsdBalance": 97.67732831352093
}