{
  "ethBalance": 0.038589031500035925,
  "usdtBalance": 0,
  "usdcBalance": 0,
  "kenduBalance": 35199894.08324558,
  "ethBalanceInUsd": 120.291658443487,
  "kenduBalanceInUsd": 1285.852130860961,
  "totalUsdBalance": 120.291658443487
}