{
  "ethBalance": 0.038589031500035925,
  "usdtBalance": 0,
  "usdcBalance": 0,
  "kenduBalance": 35199894.08324558,
  "ethBalanceInUsd": 100.89912655345894,
  "kenduBalanceInUsd": 1226.7163088011087,
  "totalUsdBalance": 100.89912655345894
}