{
  "ethBalance": 0.038589031500035925,
  "usdtBalance": 0,
  "usdcBalance": 0,
  "kenduBalance": 35199894.08324558,
  "ethBalanceInUsd": 96.22175004533958,
  "kenduBalanceInUsd": 1737.1147730081695,
  "totalUsdBalance": 96.22175004533958
}