{
  "ethBalance": 0.03983369884579122,
  "usdtBalance": 0,
  "usdcBalance": 0,
  "kenduBalance": 1091213805.8365645,
  "ethBalanceInUsd": 103.65684448447175,
  "kenduBalanceInUsd": 45536.35211755984,
  "totalUsdBalance": 103.65684448447175
}