{
  "ethBalance": 0.038589031500035925,
  "usdtBalance": 0,
  "usdcBalance": 0,
  "kenduBalance": 35199894.08324558,
  "ethBalanceInUsd": 152.2024721521267,
  "kenduBalanceInUsd": 1693.8189032857774,
  "totalUsdBalance": 152.2024721521267
}