{
  "ethBalance": 0.038589031500035925,
  "usdtBalance": 0,
  "usdcBalance": 0,
  "kenduBalance": 35199894.08324558,
  "ethBalanceInUsd": 128.33052548557447,
  "kenduBalanceInUsd": 1164.7644952145965,
  "totalUsdBalance": 128.33052548557447
}