{
  "ethBalance": 0.038589031500035925,
  "usdtBalance": 0,
  "usdcBalance": 0,
  "kenduBalance": 35199894.08324558,
  "ethBalanceInUsd": 96.71144485507504,
  "kenduBalanceInUsd": 1692.4109075224476,
  "totalUsdBalance": 96.71144485507504
}