{
  "ethBalance": 0.5002741579676101,
  "usdtBalance": 0,
  "usdcBalance": 100,
  "kenduBalance": 4855925261.348792,
  "ethBalanceInUsd": 1229.9340228465287,
  "kenduBalanceInUsd": 166169.76244335566,
  "totalUsdBalance": 1329.9340228465287
}