{
  "ethBalance": 0.5002741579676101,
  "usdtBalance": 0,
  "usdcBalance": 100,
  "kenduBalance": 4855925261.348792,
  "ethBalanceInUsd": 1389.5414902045152,
  "kenduBalanceInUsd": 124894.39772189094,
  "totalUsdBalance": 1489.5414902045152
}