{
  "ethBalance": 0.038589031500035925,
  "usdtBalance": 0,
  "usdcBalance": 0,
  "kenduBalance": 35199894.08324558,
  "ethBalanceInUsd": 149.01771938242874,
  "kenduBalanceInUsd": 1171.452475090413,
  "totalUsdBalance": 149.01771938242874
}