{
  "ethBalance": 0.3579488855246269,
  "usdtBalance": 0,
  "usdcBalance": 0,
  "kenduBalance": 3705282011.416198,
  "ethBalanceInUsd": 628.7443764017177,
  "kenduBalanceInUsd": 48205.718968524736,
  "totalUsdBalance": 628.7443764017177
}