{
  "ethBalance": 0.35703877941042383,
  "usdtBalance": 0,
  "usdcBalance": 0,
  "kenduBalance": 4855947774.956796,
  "ethBalanceInUsd": 917.3290247758197,
  "kenduBalanceInUsd": 191615.69919979514,
  "totalUsdBalance": 917.3290247758197
}