{
  "ethBalance": 0.5002741579676101,
  "usdtBalance": 0,
  "usdcBalance": 100,
  "kenduBalance": 4855925261.348792,
  "ethBalanceInUsd": 1255.798196813454,
  "kenduBalanceInUsd": 123534.73864871328,
  "totalUsdBalance": 1355.798196813454
}