{
  "ethBalance": 0.04272247540230626,
  "usdtBalance": 0,
  "usdcBalance": 0,
  "kenduBalance": 517214787.4674407,
  "ethBalanceInUsd": 113.73363789224962,
  "kenduBalanceInUsd": 27267.563595283475,
  "totalUsdBalance": 113.73363789224962
}