{
  "ethBalance": 0.9902157498683816,
  "usdtBalance": 0,
  "usdcBalance": null,
  "kenduBalance": 4558502396.376256,
  "ethBalanceInUsd": 4262.700564348406,
  "kenduBalanceInUsd": 61813.292494862035,
  "totalUsdBalance": null
}