{
  "ethBalance": 0.045462183917402754,
  "usdtBalance": 0,
  "usdcBalance": 0,
  "kenduBalance": 307214787.46744066,
  "ethBalanceInUsd": 118.68266809109328,
  "kenduBalanceInUsd": 20088.774952495944,
  "totalUsdBalance": 118.68266809109328
}