{
  "ethBalance": 0.3119048631851912,
  "usdtBalance": 0,
  "usdcBalance": 0.463046,
  "kenduBalance": 4175387837.757599,
  "ethBalanceInUsd": 622.4155116319446,
  "kenduBalanceInUsd": 38413.56810736991,
  "totalUsdBalance": 622.8785576319445
}