{
  "ethBalance": 0.30943876692005484,
  "usdtBalance": 0,
  "usdcBalance": 0,
  "kenduBalance": 8110029020.399477,
  "ethBalanceInUsd": 820.7337246650691,
  "kenduBalanceInUsd": 93022.032863982,
  "totalUsdBalance": 820.7337246650691
}