{
  "ethBalance": 0.3579040556931112,
  "usdtBalance": 0,
  "usdcBalance": 0,
  "kenduBalance": 3646098337.9468102,
  "ethBalanceInUsd": 646.9080016247415,
  "kenduBalanceInUsd": 41529.06006921417,
  "totalUsdBalance": 646.9080016247415
}