{
  "ethBalance": 0.3117728554842481,
  "usdtBalance": 0,
  "usdcBalance": 0.463046,
  "kenduBalance": 4113980899.4295063,
  "ethBalanceInUsd": 556.6548448243508,
  "kenduBalanceInUsd": 47598.759006399385,
  "totalUsdBalance": 557.1178908243508
}