{
  "ethBalance": 0.5002741579676101,
  "usdtBalance": 0,
  "usdcBalance": 100,
  "kenduBalance": 4855925261.348792,
  "ethBalanceInUsd": 1213.1448221051357,
  "kenduBalanceInUsd": 108432.81108591854,
  "totalUsdBalance": 1313.1448221051357
}