{
  "ethBalance": 0.038589031500035925,
  "usdtBalance": 0,
  "usdcBalance": 0,
  "kenduBalance": 35199894.08324558,
  "ethBalanceInUsd": 128.99580038863508,
  "kenduBalanceInUsd": 872.9573732644905,
  "totalUsdBalance": 128.99580038863508
}