{
  "ethBalance": 0.045462183917402754,
  "usdtBalance": 0,
  "usdcBalance": 0,
  "kenduBalance": 307214787.46744066,
  "ethBalanceInUsd": 119.74330084188628,
  "kenduBalanceInUsd": 33406.5359892095,
  "totalUsdBalance": 119.74330084188628
}