{
  "ethBalance": 0.5002741579676101,
  "usdtBalance": 0,
  "usdcBalance": 100,
  "kenduBalance": 4855925261.348792,
  "ethBalanceInUsd": 1293.4138107510387,
  "kenduBalanceInUsd": 133635.06319231878,
  "totalUsdBalance": 1393.4138107510387
}