{
  "ethBalance": 0.038589031500035925,
  "usdtBalance": 0,
  "usdcBalance": 0,
  "kenduBalance": 35199894.08324558,
  "ethBalanceInUsd": 123.11521787834462,
  "kenduBalanceInUsd": 1805.7545664704985,
  "totalUsdBalance": 123.11521787834462
}