{
  "ethBalance": 8.056063080971311,
  "usdtBalance": 22313.097842,
  "usdcBalance": 88.007775,
  "kenduBalance": 319721753.5049916,
  "ethBalanceInUsd": 25470.29071869133,
  "kenduBalanceInUsd": 43849.838493209594,
  "totalUsdBalance": 47871.39633569132
}