{
  "ethBalance": 0.038589031500035925,
  "usdtBalance": 0,
  "usdcBalance": 0,
  "kenduBalance": 35199894.08324558,
  "ethBalanceInUsd": 127.10339428387333,
  "kenduBalanceInUsd": 1517.1154349878846,
  "totalUsdBalance": 127.10339428387333
}