{
  "ethBalance": 0.3579488855246269,
  "usdtBalance": 0,
  "usdcBalance": 0,
  "kenduBalance": 3705282011.416198,
  "ethBalanceInUsd": 646.1908050821879,
  "kenduBalanceInUsd": 48353.930248981385,
  "totalUsdBalance": 646.1908050821879
}