{
  "ethBalance": 0.04272247540230626,
  "usdtBalance": 0,
  "usdcBalance": 0,
  "kenduBalance": 517214787.4674407,
  "ethBalanceInUsd": 106.89077900706222,
  "kenduBalanceInUsd": 26217.61757672457,
  "totalUsdBalance": 106.89077900706222
}