{
  "ethBalance": 0.30943876692005484,
  "usdtBalance": 0,
  "usdcBalance": 0,
  "kenduBalance": 8110029020.399477,
  "ethBalanceInUsd": 840.0767419852417,
  "kenduBalanceInUsd": 85236.4050043985,
  "totalUsdBalance": 840.0767419852417
}