{
  "ethBalance": 0.045462183917402754,
  "usdtBalance": 0,
  "usdcBalance": 0,
  "kenduBalance": 307214787.46744066,
  "ethBalanceInUsd": 117.8352529828729,
  "kenduBalanceInUsd": 19084.18259747741,
  "totalUsdBalance": 117.8352529828729
}