{
  "ethBalance": 0.04272247540230626,
  "usdtBalance": 0,
  "usdcBalance": 0,
  "kenduBalance": 517214787.4674407,
  "ethBalanceInUsd": 98.88245099289992,
  "kenduBalanceInUsd": 23647.06008301139,
  "totalUsdBalance": 98.88245099289992
}