{
  "ethBalance": 0.3119048631851912,
  "usdtBalance": 0,
  "usdcBalance": 0.463046,
  "kenduBalance": 4175387837.757599,
  "ethBalanceInUsd": 621.5764875499764,
  "kenduBalanceInUsd": 37661.99829657354,
  "totalUsdBalance": 622.0395335499763
}