{
  "ethBalance": 8.051792938400936,
  "usdtBalance": 22356.072978,
  "usdcBalance": 88.007775,
  "kenduBalance": 947823769.8171208,
  "ethBalanceInUsd": 18221.287937530706,
  "kenduBalanceInUsd": 85910.74649622383,
  "totalUsdBalance": 40665.368690530704
}