{
  "ethBalance": 0.038589031500035925,
  "usdtBalance": 0,
  "usdcBalance": 0,
  "kenduBalance": 35199894.08324558,
  "ethBalanceInUsd": 130.17006461718117,
  "kenduBalanceInUsd": 977.1490597508973,
  "totalUsdBalance": 130.17006461718117
}