{
  "ethBalance": 0.5002741579676101,
  "usdtBalance": 0,
  "usdcBalance": 100,
  "kenduBalance": 4855925261.348792,
  "ethBalanceInUsd": 1256.4685641851308,
  "kenduBalanceInUsd": 114357.03990476405,
  "totalUsdBalance": 1356.4685641851308
}