{
  "ethBalance": 0.5002741579676101,
  "usdtBalance": 0,
  "usdcBalance": 100,
  "kenduBalance": 4855925261.348792,
  "ethBalanceInUsd": 1306.6810814203398,
  "kenduBalanceInUsd": 143881.0654937647,
  "totalUsdBalance": 1406.6810814203398
}