{
  "ethBalance": 0.045462183917402754,
  "usdtBalance": 0,
  "usdcBalance": 0,
  "kenduBalance": 307214787.46744066,
  "ethBalanceInUsd": 118.20486053812138,
  "kenduBalanceInUsd": 27415.847633594407,
  "totalUsdBalance": 118.20486053812138
}