{
  "ethBalance": 0.038589031500035925,
  "usdtBalance": 0,
  "usdcBalance": 0,
  "kenduBalance": 35199894.08324558,
  "ethBalanceInUsd": 150.43007793533005,
  "kenduBalanceInUsd": 1161.2445058062717,
  "totalUsdBalance": 150.43007793533005
}