{
  "ethBalance": 0.038589031500035925,
  "usdtBalance": 0,
  "usdcBalance": 0,
  "kenduBalance": 35199894.08324558,
  "ethBalanceInUsd": 120.86895035472753,
  "kenduBalanceInUsd": 1367.515885134091,
  "totalUsdBalance": 120.86895035472753
}