{
  "ethBalance": 0.038589031500035925,
  "usdtBalance": 0,
  "usdcBalance": 0,
  "kenduBalance": 35199894.08324558,
  "ethBalanceInUsd": 137.15004863490768,
  "kenduBalanceInUsd": 690.6219219132782,
  "totalUsdBalance": 137.15004863490768
}