{
  "ethBalance": 0.5002741579676101,
  "usdtBalance": 0,
  "usdcBalance": 100,
  "kenduBalance": 4855925261.348792,
  "ethBalanceInUsd": 1384.7888857038229,
  "kenduBalanceInUsd": 139753.52902161822,
  "totalUsdBalance": 1484.7888857038229
}