{
  "ethBalance": 0.3119048631851912,
  "usdtBalance": 0,
  "usdcBalance": 0.463046,
  "kenduBalance": 4175387837.757599,
  "ethBalanceInUsd": 643.6811852039109,
  "kenduBalanceInUsd": 75156.98107963678,
  "totalUsdBalance": 644.1442312039109
}