{
  "ethBalance": 0.35703877941042383,
  "usdtBalance": 0,
  "usdcBalance": 0,
  "kenduBalance": 4855947774.956796,
  "ethBalanceInUsd": 923.5129364352082,
  "kenduBalanceInUsd": 209825.50335588315,
  "totalUsdBalance": 923.5129364352082
}