{
  "ethBalance": 0.3579488855246269,
  "usdtBalance": 0,
  "usdcBalance": 0,
  "kenduBalance": 3705282011.416198,
  "ethBalanceInUsd": 568.1114146827011,
  "kenduBalanceInUsd": 47020.028724871554,
  "totalUsdBalance": 568.1114146827011
}