{
  "ethBalance": 0.038589031500035925,
  "usdtBalance": 0,
  "usdcBalance": 0,
  "kenduBalance": 35199894.08324558,
  "ethBalanceInUsd": 128.41503546455957,
  "kenduBalanceInUsd": 796.5736031038475,
  "totalUsdBalance": 128.41503546455957
}