{
  "ethBalance": 0.5002528644753425,
  "usdtBalance": 0,
  "usdcBalance": null,
  "kenduBalance": 4845166789.051858,
  "ethBalanceInUsd": 1328.4915170152983,
  "kenduBalanceInUsd": 91040.68396628441,
  "totalUsdBalance": null
}