{
  "ethBalance": 0.5002741579676101,
  "usdtBalance": 0,
  "usdcBalance": 100,
  "kenduBalance": 4855925261.348792,
  "ethBalanceInUsd": 1272.70246061118,
  "kenduBalanceInUsd": 163596.1220548408,
  "totalUsdBalance": 1372.70246061118
}