{
  "ethBalance": 0.30943876692005484,
  "usdtBalance": 0,
  "usdcBalance": 0,
  "kenduBalance": 8110029020.399477,
  "ethBalanceInUsd": 825.6661786097748,
  "kenduBalanceInUsd": 89291.41951459824,
  "totalUsdBalance": 825.6661786097748
}