{
  "ethBalance": 0.04459919224178026,
  "usdtBalance": 0,
  "usdcBalance": 0,
  "kenduBalance": 517214787.4674407,
  "ethBalanceInUsd": 101.80702212223422,
  "kenduBalanceInUsd": 23791.880223502274,
  "totalUsdBalance": 101.80702212223422
}