{
  "ethBalance": 0.038589031500035925,
  "usdtBalance": 0,
  "usdcBalance": 0,
  "kenduBalance": 35199894.08324558,
  "ethBalanceInUsd": 140.732268429056,
  "kenduBalanceInUsd": 837.7574791812449,
  "totalUsdBalance": 140.732268429056
}