{
  "ethBalance": 0.04459919224178026,
  "usdtBalance": 0,
  "usdcBalance": 0,
  "kenduBalance": 517214787.4674407,
  "ethBalanceInUsd": 109.57709339459716,
  "kenduBalanceInUsd": 32341.440660339067,
  "totalUsdBalance": 109.57709339459716
}