{
  "ethBalance": 0.038589031500035925,
  "usdtBalance": 0,
  "usdcBalance": 0,
  "kenduBalance": 35199894.08324558,
  "ethBalanceInUsd": 140.14880227277547,
  "kenduBalanceInUsd": 1055.2928246157026,
  "totalUsdBalance": 140.14880227277547
}