{
  "ethBalance": 0.038589031500035925,
  "usdtBalance": 0,
  "usdcBalance": 0,
  "kenduBalance": 35199894.08324558,
  "ethBalanceInUsd": 148.39759364622316,
  "kenduBalanceInUsd": 1158.0765153387797,
  "totalUsdBalance": 148.39759364622316
}