{
  "ethBalance": 0.04459919224178026,
  "usdtBalance": 0,
  "usdcBalance": 0,
  "kenduBalance": 517214787.4674407,
  "ethBalanceInUsd": 108.30378645609434,
  "kenduBalanceInUsd": 27272.735743158148,
  "totalUsdBalance": 108.30378645609434
}