{
  "ethBalance": 0.04459919224178026,
  "usdtBalance": 0,
  "usdcBalance": 0,
  "kenduBalance": 517214787.4674407,
  "ethBalanceInUsd": 104.97579473101271,
  "kenduBalanceInUsd": 27593.408911387964,
  "totalUsdBalance": 104.97579473101271
}