{
  "ethBalance": 0.35769432885289126,
  "usdtBalance": 0,
  "usdcBalance": 0,
  "kenduBalance": 4514955040.756332,
  "ethBalanceInUsd": 891.0809581517456,
  "kenduBalanceInUsd": 82668.82679624844,
  "totalUsdBalance": 891.0809581517456
}