{
  "ethBalance": 3.9774170719585187,
  "usdtBalance": 0,
  "usdcBalance": 0,
  "kenduBalance": 8310029020.399478,
  "ethBalanceInUsd": 10553.917103759051,
  "kenduBalanceInUsd": 100468.25085662969,
  "totalUsdBalance": 10553.917103759051
}