{
  "ethBalance": 4.092998430208601,
  "usdtBalance": 0,
  "usdcBalance": 0,
  "kenduBalance": 8310029020.399478,
  "ethBalanceInUsd": 10945.414542095235,
  "kenduBalanceInUsd": 122739.12863130028,
  "totalUsdBalance": 10945.414542095235
}