{
  "ethBalance": 0.0660488809860724,
  "usdtBalance": 0,
  "usdcBalance": 0,
  "kenduBalance": 7622102282.100412,
  "ethBalanceInUsd": 165.31176275361102,
  "kenduBalanceInUsd": 72791.07679405894,
  "totalUsdBalance": 165.31176275361102
}