{
  "ethBalance": 0.04459919224178026,
  "usdtBalance": 0,
  "usdcBalance": 0,
  "kenduBalance": 517214787.4674407,
  "ethBalanceInUsd": 112.60671652358131,
  "kenduBalanceInUsd": 33903.42931849074,
  "totalUsdBalance": 112.60671652358131
}