{
  "ethBalance": 0.04459919224178026,
  "usdtBalance": 0,
  "usdcBalance": 0,
  "kenduBalance": 517214787.4674407,
  "ethBalanceInUsd": 107.82345315565037,
  "kenduBalanceInUsd": 28017.525037111263,
  "totalUsdBalance": 107.82345315565037
}