{
  "ethBalance": 0.038589031500035925,
  "usdtBalance": 0,
  "usdcBalance": 0,
  "kenduBalance": 35199894.08324558,
  "ethBalanceInUsd": 133.7491972888095,
  "kenduBalanceInUsd": 1201.0203861203393,
  "totalUsdBalance": 133.7491972888095
}