{
  "ethBalance": 0.700034011230498,
  "usdtBalance": 0,
  "usdcBalance": null,
  "kenduBalance": 4482236645.828448,
  "ethBalanceInUsd": 3222.039543150501,
  "kenduBalanceInUsd": 53966.12921577452,
  "totalUsdBalance": null
}