{
  "ethBalance": 0.038589031500035925,
  "usdtBalance": 0,
  "usdcBalance": 0,
  "kenduBalance": 35199894.08324558,
  "ethBalanceInUsd": 97.33350004285562,
  "kenduBalanceInUsd": 1047.196848976556,
  "totalUsdBalance": 97.33350004285562
}