{
  "ethBalance": 0.038589031500035925,
  "usdtBalance": 0,
  "usdcBalance": 0,
  "kenduBalance": 35199894.08324558,
  "ethBalanceInUsd": 122.84740999973437,
  "kenduBalanceInUsd": 1476.2835578513198,
  "totalUsdBalance": 122.84740999973437
}