{
  "ethBalance": 0.045462183917402754,
  "usdtBalance": 0,
  "usdcBalance": 0,
  "kenduBalance": 307214787.46744066,
  "ethBalanceInUsd": 118.56401179106885,
  "kenduBalanceInUsd": 20598.751499691898,
  "totalUsdBalance": 118.56401179106885
}