{
  "ethBalance": 0.045462183917402754,
  "usdtBalance": 0,
  "usdcBalance": 0,
  "kenduBalance": 307214787.46744066,
  "ethBalanceInUsd": 124.06311755771789,
  "kenduBalanceInUsd": 30727.623042493415,
  "totalUsdBalance": 124.06311755771789
}