{
  "ethBalance": 0.04459919224178026,
  "usdtBalance": 0,
  "usdcBalance": 0,
  "kenduBalance": 517214787.4674407,
  "ethBalanceInUsd": 112.61474437818482,
  "kenduBalanceInUsd": 33582.75615026093,
  "totalUsdBalance": 112.61474437818482
}