{
  "ethBalance": 0.04459919224178026,
  "usdtBalance": 0,
  "usdcBalance": 0,
  "kenduBalance": 517214787.4674407,
  "ethBalanceInUsd": 102.44568255513651,
  "kenduBalanceInUsd": 23274.665436034833,
  "totalUsdBalance": 102.44568255513651
}