{
  "ethBalance": 0.038589031500035925,
  "usdtBalance": 0,
  "usdcBalance": 0,
  "kenduBalance": 35199894.08324558,
  "ethBalanceInUsd": 156.20917129277544,
  "kenduBalanceInUsd": 1332.3159910508452,
  "totalUsdBalance": 156.20917129277544
}