{
  "ethBalance": 8.056063080971311,
  "usdtBalance": 22313.097842,
  "usdcBalance": 88.007775,
  "kenduBalance": 319721753.5049916,
  "ethBalanceInUsd": 24954.541560247544,
  "kenduBalanceInUsd": 40454.393470986586,
  "totalUsdBalance": 47355.64717724754
}