{
  "ethBalance": 0.30943876692005484,
  "usdtBalance": 0,
  "usdcBalance": 0,
  "kenduBalance": 8110029020.399477,
  "ethBalanceInUsd": 817.7507349519598,
  "kenduBalanceInUsd": 80613.6884627708,
  "totalUsdBalance": 817.7507349519598
}