{
  "ethBalance": 0.04459919224178026,
  "usdtBalance": 0,
  "usdcBalance": 0,
  "kenduBalance": 517214787.4674407,
  "ethBalanceInUsd": 114.70600050240189,
  "kenduBalanceInUsd": 37534.27712651218,
  "totalUsdBalance": 114.70600050240189
}