{
  "ethBalance": 0.038589031500035925,
  "usdtBalance": 0,
  "usdcBalance": 0,
  "kenduBalance": 35199894.08324558,
  "ethBalanceInUsd": 128.2413848228094,
  "kenduBalanceInUsd": 866.2693933886737,
  "totalUsdBalance": 128.2413848228094
}