{
  "ethBalance": 0.038589031500035925,
  "usdtBalance": 0,
  "usdcBalance": 0,
  "kenduBalance": 35199894.08324558,
  "ethBalanceInUsd": 102.14902528374509,
  "kenduBalanceInUsd": 1247.4842463102234,
  "totalUsdBalance": 102.14902528374509
}