{
  "ethBalance": 0.038589031500035925,
  "usdtBalance": 0,
  "usdcBalance": 0,
  "kenduBalance": 35199894.08324558,
  "ethBalanceInUsd": 138.7646137128692,
  "kenduBalanceInUsd": 1046.1408521540586,
  "totalUsdBalance": 138.7646137128692
}