{
  "ethBalance": 0.0660488809860724,
  "usdtBalance": 0,
  "usdcBalance": 0,
  "kenduBalance": 7622102282.100412,
  "ethBalanceInUsd": 185.18124762065116,
  "kenduBalanceInUsd": 69894.67792686078,
  "totalUsdBalance": 185.18124762065116
}