{
  "ethBalance": 0.5002741579676101,
  "usdtBalance": 0,
  "usdcBalance": 100,
  "kenduBalance": 4855925261.348792,
  "ethBalanceInUsd": 1219.553334068701,
  "kenduBalanceInUsd": 104256.71536115857,
  "totalUsdBalance": 1319.553334068701
}