{
  "ethBalance": 0.04841366454199495,
  "usdtBalance": 90113.767042,
  "usdcBalance": 0,
  "kenduBalance": 946492975.4674407,
  "ethBalanceInUsd": 120.21354974100058,
  "kenduBalanceInUsd": 100309.32554003937,
  "totalUsdBalance": 90233.98059174101
}