{
  "ethBalance": 0.038589031500035925,
  "usdtBalance": 0,
  "usdcBalance": 0,
  "kenduBalance": 35199894.08324558,
  "ethBalanceInUsd": 130.03037232315106,
  "kenduBalanceInUsd": 862.0454060986843,
  "totalUsdBalance": 130.03037232315106
}