{
  "ethBalance": 0.04272247540230626,
  "usdtBalance": 0,
  "usdcBalance": 0,
  "kenduBalance": 517214787.4674407,
  "ethBalanceInUsd": 102.79711141401323,
  "kenduBalanceInUsd": 22271.268748347997,
  "totalUsdBalance": 102.79711141401323
}