{
  "ethBalance": 0.5002741579676101,
  "usdtBalance": 0,
  "usdcBalance": 100,
  "kenduBalance": 4855925261.348792,
  "ethBalanceInUsd": 1330.8643342164942,
  "kenduBalanceInUsd": 155438.16761577484,
  "totalUsdBalance": 1430.8643342164942
}