{
  "ethBalance": 0.3579488855246269,
  "usdtBalance": 0,
  "usdcBalance": 0,
  "kenduBalance": 3705282011.416198,
  "ethBalanceInUsd": 527.4448417982483,
  "kenduBalanceInUsd": 38979.566760098394,
  "totalUsdBalance": 527.4448417982483
}