{
  "ethBalance": 13.47560135212183,
  "usdtBalance": 3949.089252,
  "usdcBalance": 8005.206012,
  "kenduBalance": 10805029020.399477,
  "ethBalanceInUsd": 39894.78731498372,
  "kenduBalanceInUsd": 141437.82987702914,
  "totalUsdBalance": 51849.08257898372
}