{
  "ethBalance": 0.3119048631851912,
  "usdtBalance": 0,
  "usdcBalance": 0.463046,
  "kenduBalance": 4175387837.757599,
  "ethBalanceInUsd": 626.0741556771068,
  "kenduBalanceInUsd": 59290.5072961579,
  "totalUsdBalance": 626.5372016771067
}