{
  "ethBalance": 0.30943876692005484,
  "usdtBalance": 0,
  "usdcBalance": 0,
  "kenduBalance": 8110029020.399477,
  "ethBalanceInUsd": 836.7843135052123,
  "kenduBalanceInUsd": 91724.42822071808,
  "totalUsdBalance": 836.7843135052123
}