{
  "ethBalance": 8.056063080971311,
  "usdtBalance": 22313.097842,
  "usdcBalance": 88.007775,
  "kenduBalance": 319823769.8171208,
  "ethBalanceInUsd": 24185.91258169207,
  "kenduBalanceInUsd": 40428.92274258224,
  "totalUsdBalance": 46587.01819869207
}