{
  "ethBalance": 0.038589031500035925,
  "usdtBalance": 0,
  "usdcBalance": 0,
  "kenduBalance": 35199894.08324558,
  "ethBalanceInUsd": 142.873187896678,
  "kenduBalanceInUsd": 881.0533489036369,
  "totalUsdBalance": 142.873187896678
}