{
  "ethBalance": 0.3119048631851912,
  "usdtBalance": 0,
  "usdcBalance": 0.463046,
  "kenduBalance": 4175387837.757599,
  "ethBalanceInUsd": 647.4864245347702,
  "kenduBalanceInUsd": 53611.97983680757,
  "totalUsdBalance": 647.9494705347702
}