{
  "ethBalance": 0.04459919224178026,
  "usdtBalance": 0,
  "usdcBalance": 0,
  "kenduBalance": 517214787.4674407,
  "ethBalanceInUsd": 113.17937015196576,
  "kenduBalanceInUsd": 34880.9652668042,
  "totalUsdBalance": 113.17937015196576
}