{
  "ethBalance": 0.3117728554842481,
  "usdtBalance": 0,
  "usdcBalance": 0.463046,
  "kenduBalance": 4113980899.4295063,
  "ethBalanceInUsd": 585.8336663691215,
  "kenduBalanceInUsd": 48380.41537729099,
  "totalUsdBalance": 586.2967123691215
}