{
  "ethBalance": 0.5002741579676101,
  "usdtBalance": 0,
  "usdcBalance": 100,
  "kenduBalance": 4855925261.348792,
  "ethBalanceInUsd": 1268.700267347439,
  "kenduBalanceInUsd": 121349.57228110632,
  "totalUsdBalance": 1368.700267347439
}