{
  "ethBalance": 0.06254024854608203,
  "usdtBalance": 0,
  "usdcBalance": 0,
  "kenduBalance": 6456272656.749752,
  "ethBalanceInUsd": 147.8388935380833,
  "kenduBalanceInUsd": 56105.00938715535,
  "totalUsdBalance": 147.8388935380833
}