{
  "ethBalance": 13.47560135212183,
  "usdtBalance": 3949.089252,
  "usdcBalance": 8005.206012,
  "kenduBalance": 10805029020.399477,
  "ethBalanceInUsd": 43942.18418109351,
  "kenduBalanceInUsd": 173204.61519700362,
  "totalUsdBalance": 55896.47944509351
}