{
  "ethBalance": 0.04459919224178026,
  "usdtBalance": 0,
  "usdcBalance": 0,
  "kenduBalance": 517214787.4674407,
  "ethBalanceInUsd": 102.65351479098321,
  "kenduBalanceInUsd": 23771.191632003574,
  "totalUsdBalance": 102.65351479098321
}