{
  "ethBalance": 0.04459919224178026,
  "usdtBalance": 0,
  "usdcBalance": 0,
  "kenduBalance": 517214787.4674407,
  "ethBalanceInUsd": 105.09621255006552,
  "kenduBalanceInUsd": 29532.964364390864,
  "totalUsdBalance": 105.09621255006552
}