{
  "ethBalance": 0.038589031500035925,
  "usdtBalance": 0,
  "usdcBalance": 0,
  "kenduBalance": 35199894.08324558,
  "ethBalanceInUsd": 95.91998381900929,
  "kenduBalanceInUsd": 1575.5472591660723,
  "totalUsdBalance": 95.91998381900929
}