{
  "ethBalance": 0.0660488809860724,
  "usdtBalance": 0,
  "usdcBalance": 0,
  "kenduBalance": 7622102282.100412,
  "ethBalanceInUsd": 158.72536834167988,
  "kenduBalanceInUsd": 55641.346659333016,
  "totalUsdBalance": 158.72536834167988
}