{
  "ethBalance": 0.038589031500035925,
  "usdtBalance": 0,
  "usdcBalance": 0,
  "kenduBalance": 35199894.08324558,
  "ethBalanceInUsd": 130.9210071701719,
  "kenduBalanceInUsd": 324.8950223883567,
  "totalUsdBalance": 130.9210071701719
}