{
  "ethBalance": 0.045462183917402754,
  "usdtBalance": 0,
  "usdcBalance": 0,
  "kenduBalance": 307214787.46744066,
  "ethBalanceInUsd": 120.85757896970183,
  "kenduBalanceInUsd": 30205.357903798766,
  "totalUsdBalance": 120.85757896970183
}