{
  "ethBalance": 0.04459919224178026,
  "usdtBalance": 0,
  "usdcBalance": 0,
  "kenduBalance": 517214787.4674407,
  "ethBalanceInUsd": 105.54978633516441,
  "kenduBalanceInUsd": 27846.844157247007,
  "totalUsdBalance": 105.54978633516441
}