{
  "ethBalance": 0.0624422229661258,
  "usdtBalance": 0,
  "usdcBalance": 0,
  "kenduBalance": 6379544426.92592,
  "ethBalanceInUsd": 128.94381484727947,
  "kenduBalanceInUsd": 54800.28662729365,
  "totalUsdBalance": 128.94381484727947
}