{
  "ethBalance": 0.04272247540230626,
  "usdtBalance": 0,
  "usdcBalance": 0,
  "kenduBalance": 517214787.4674407,
  "ethBalanceInUsd": 113.04238824024029,
  "kenduBalanceInUsd": 29703.64524425512,
  "totalUsdBalance": 113.04238824024029
}