{
  "ethBalance": 0.038589031500035925,
  "usdtBalance": 0,
  "usdcBalance": 0,
  "kenduBalance": 35199894.08324558,
  "ethBalanceInUsd": 126.69589411123295,
  "kenduBalanceInUsd": 645.566057486724,
  "totalUsdBalance": 126.69589411123295
}