{
  "ethBalance": 0.35769432885289126,
  "usdtBalance": 0,
  "usdcBalance": 0,
  "kenduBalance": 4514955040.756332,
  "ethBalanceInUsd": 951.3417217335923,
  "kenduBalanceInUsd": 92511.42878509725,
  "totalUsdBalance": 951.3417217335923
}