{
  "ethBalance": 0.038589031500035925,
  "usdtBalance": 0,
  "usdcBalance": 0,
  "kenduBalance": 35199894.08324558,
  "ethBalanceInUsd": 128.52848721716964,
  "kenduBalanceInUsd": 643.4540638417293,
  "totalUsdBalance": 128.52848721716964
}