{
  "ethBalance": 0.35703877941042383,
  "usdtBalance": 0,
  "usdcBalance": 0,
  "kenduBalance": 4855947774.956796,
  "ethBalanceInUsd": 926.7477077766666,
  "kenduBalanceInUsd": 141647.99659548973,
  "totalUsdBalance": 926.7477077766666
}