{
  "ethBalance": 0.038589031500035925,
  "usdtBalance": 0,
  "usdcBalance": 0,
  "kenduBalance": 35199894.08324558,
  "ethBalanceInUsd": 127.11458510300834,
  "kenduBalanceInUsd": 727.5818107006862,
  "totalUsdBalance": 127.11458510300834
}