{
  "ethBalance": 0.10788809429719365,
  "usdtBalance": 3946.421819,
  "usdcBalance": 0,
  "kenduBalance": 13268928669.075045,
  "ethBalanceInUsd": 347.81826944283665,
  "kenduBalanceInUsd": 324557.9952455756,
  "totalUsdBalance": 4294.240088442837
}