{
  "ethBalance": 3.9774170719585187,
  "usdtBalance": 0,
  "usdcBalance": 0,
  "kenduBalance": 8310029020.399478,
  "ethBalanceInUsd": 10523.648959841446,
  "kenduBalanceInUsd": 106285.27117090931,
  "totalUsdBalance": 10523.648959841446
}