{
  "ethBalance": 0.038589031500035925,
  "usdtBalance": 0,
  "usdcBalance": 0,
  "kenduBalance": 35199894.08324558,
  "ethBalanceInUsd": 128.27341371895443,
  "kenduBalanceInUsd": 1167.580486741256,
  "totalUsdBalance": 128.27341371895443
}