{
  "ethBalance": 0.038589031500035925,
  "usdtBalance": 0,
  "usdcBalance": 0,
  "kenduBalance": 35199894.08324558,
  "ethBalanceInUsd": 126.47825197357275,
  "kenduBalanceInUsd": 1505.851468881246,
  "totalUsdBalance": 126.47825197357275
}