{
  "ethBalance": 0.04459919224178026,
  "usdtBalance": 0,
  "usdcBalance": 0,
  "kenduBalance": 517214787.4674407,
  "ethBalanceInUsd": 108.57450355300195,
  "kenduBalanceInUsd": 30174.310700850492,
  "totalUsdBalance": 108.57450355300195
}