{
  "ethBalance": 0.045462183917402754,
  "usdtBalance": 0,
  "usdcBalance": 0,
  "kenduBalance": 307214787.46744066,
  "ethBalanceInUsd": 118.64720758763772,
  "kenduBalanceInUsd": 26580.223411682968,
  "totalUsdBalance": 118.64720758763772
}