{
  "ethBalance": 0.5002741579676101,
  "usdtBalance": 0,
  "usdcBalance": 100,
  "kenduBalance": 4855925261.348792,
  "ethBalanceInUsd": 1334.7964890981195,
  "kenduBalanceInUsd": 144220.98026205914,
  "totalUsdBalance": 1434.7964890981195
}