{
  "ethBalance": 0.038589031500035925,
  "usdtBalance": 0,
  "usdcBalance": 0,
  "kenduBalance": 35199894.08324558,
  "ethBalanceInUsd": 149.43255147105413,
  "kenduBalanceInUsd": 1596.6671956160196,
  "totalUsdBalance": 149.43255147105413
}