{
  "ethBalance": 0.038589031500035925,
  "usdtBalance": 0,
  "usdcBalance": 0,
  "kenduBalance": 35199894.08324558,
  "ethBalanceInUsd": 149.25812904867394,
  "kenduBalanceInUsd": 1227.772305623606,
  "totalUsdBalance": 149.25812904867394
}