{
  "ethBalance": 0.038589031500035925,
  "usdtBalance": 0,
  "usdcBalance": 0,
  "kenduBalance": 35199894.08324558,
  "ethBalanceInUsd": 129.39172385182547,
  "kenduBalanceInUsd": 1116.54064032055,
  "totalUsdBalance": 129.39172385182547
}