{
  "ethBalance": 0.06254024854608203,
  "usdtBalance": 0,
  "usdcBalance": 0,
  "kenduBalance": 6456272656.749752,
  "ethBalanceInUsd": 148.40613359239626,
  "kenduBalanceInUsd": 56686.07392626283,
  "totalUsdBalance": 148.40613359239626
}