{
  "ethBalance": 0.5002741579676101,
  "usdtBalance": 0,
  "usdcBalance": 100,
  "kenduBalance": 4855925261.348792,
  "ethBalanceInUsd": 1277.6951967076964,
  "kenduBalanceInUsd": 125428.54950063929,
  "totalUsdBalance": 1377.6951967076964
}