{
  "ethBalance": 0.04459919224178026,
  "usdtBalance": 0,
  "usdcBalance": 0,
  "kenduBalance": 517214787.4674407,
  "ethBalanceInUsd": 112.2887242828974,
  "kenduBalanceInUsd": 32843.139004182485,
  "totalUsdBalance": 112.2887242828974
}