{
  "ethBalance": 0.04459919224178026,
  "usdtBalance": 0,
  "usdcBalance": 0,
  "kenduBalance": 517214787.4674407,
  "ethBalanceInUsd": 109.30771427345681,
  "kenduBalanceInUsd": 28891.618027931236,
  "totalUsdBalance": 109.30771427345681
}