{
  "ethBalance": 0.038589031500035925,
  "usdtBalance": 0,
  "usdcBalance": 0,
  "kenduBalance": 35199894.08324558,
  "ethBalanceInUsd": 130.45407988902144,
  "kenduBalanceInUsd": 1004.2529781949964,
  "totalUsdBalance": 130.45407988902144
}