{
  "ethBalance": 0.9902157498683816,
  "usdtBalance": 0,
  "usdcBalance": null,
  "kenduBalance": 4558502396.376256,
  "ethBalanceInUsd": 4358.226677738209,
  "kenduBalanceInUsd": 60673.666895767965,
  "totalUsdBalance": null
}