{
  "ethBalance": 0.038589031500035925,
  "usdtBalance": 0,
  "usdcBalance": 0,
  "kenduBalance": 35199894.08324558,
  "ethBalanceInUsd": 125.90752019768722,
  "kenduBalanceInUsd": 1560.4113047102767,
  "totalUsdBalance": 125.90752019768722
}