{
  "ethBalance": 0.038589031500035925,
  "usdtBalance": 0,
  "usdcBalance": 0,
  "kenduBalance": 35199894.08324558,
  "ethBalanceInUsd": 124.84786539269624,
  "kenduBalanceInUsd": 341.4389726074822,
  "totalUsdBalance": 124.84786539269624
}