{
  "ethBalance": 0.038589031500035925,
  "usdtBalance": 0,
  "usdcBalance": 0,
  "kenduBalance": 35199894.08324558,
  "ethBalanceInUsd": 121.21046328350285,
  "kenduBalanceInUsd": 1126.7486096046912,
  "totalUsdBalance": 121.21046328350285
}