{
  "ethBalance": 0.038589031500035925,
  "usdtBalance": 0,
  "usdcBalance": 0,
  "kenduBalance": 35199894.08324558,
  "ethBalanceInUsd": 151.14281734713572,
  "kenduBalanceInUsd": 1337.5959751633322,
  "totalUsdBalance": 151.14281734713572
}