{
  "ethBalance": 0.12545362288007134,
  "usdtBalance": 51,
  "usdcBalance": 0,
  "kenduBalance": 13187362985.903593,
  "ethBalanceInUsd": 417.6413832489015,
  "kenduBalanceInUsd": 377290.4550267018,
  "totalUsdBalance": 468.6413832489015
}