{
  "ethBalance": 0.038589031500035925,
  "usdtBalance": 0,
  "usdcBalance": 0,
  "kenduBalance": 35199894.08324558,
  "ethBalanceInUsd": 127.6065952546338,
  "kenduBalanceInUsd": 782.1416465297169,
  "totalUsdBalance": 127.6065952546338
}