{
  "ethBalance": 0.04272247540230626,
  "usdtBalance": 0,
  "usdcBalance": 0,
  "kenduBalance": 517214787.4674407,
  "ethBalanceInUsd": 108.77142237427174,
  "kenduBalanceInUsd": 29341.594893027912,
  "totalUsdBalance": 108.77142237427174
}