{
  "ethBalance": 0.3117728554842481,
  "usdtBalance": 0,
  "usdcBalance": 0.463046,
  "kenduBalance": 4113980899.4295063,
  "ethBalanceInUsd": 560.489650946807,
  "kenduBalanceInUsd": 48668.39404025106,
  "totalUsdBalance": 560.952696946807
}