{
  "ethBalance": 0.5002741579676101,
  "usdtBalance": 0,
  "usdcBalance": 100,
  "kenduBalance": 4855925261.348792,
  "ethBalanceInUsd": 1328.8332211351455,
  "kenduBalanceInUsd": 124505.92370098302,
  "totalUsdBalance": 1428.8332211351455
}