{
  "ethBalance": 9.40272155275617,
  "usdtBalance": 3949.089252,
  "usdcBalance": 8005.206012,
  "kenduBalance": 11652025441.98484,
  "ethBalanceInUsd": 29075.37766707921,
  "kenduBalanceInUsd": 256344.5597236665,
  "totalUsdBalance": 41029.672931079214
}