{
  "ethBalance": 0.5002741579676101,
  "usdtBalance": 0,
  "usdcBalance": 100,
  "kenduBalance": 4855925261.348792,
  "ethBalanceInUsd": 1285.6795722688594,
  "kenduBalanceInUsd": 127273.80109995184,
  "totalUsdBalance": 1385.6795722688594
}