{
  "ethBalance": 0.04272247540230626,
  "usdtBalance": 0,
  "usdcBalance": 0,
  "kenduBalance": 517214787.4674407,
  "ethBalanceInUsd": 111.53556653280094,
  "kenduBalanceInUsd": 29336.42274515324,
  "totalUsdBalance": 111.53556653280094
}