{
  "ethBalance": 0.35779268808449755,
  "usdtBalance": 0,
  "usdcBalance": 0,
  "kenduBalance": 3546950453.60037,
  "ethBalanceInUsd": 681.0512259150794,
  "kenduBalanceInUsd": 41605.728820732336,
  "totalUsdBalance": 681.0512259150794
}