{
  "ethBalance": 0.5002741579676101,
  "usdtBalance": 0,
  "usdcBalance": 100,
  "kenduBalance": 4855925261.348792,
  "ethBalanceInUsd": 1257.8493208611214,
  "kenduBalanceInUsd": 128099.30839438114,
  "totalUsdBalance": 1357.8493208611214
}