{
  "ethBalance": 0.038589031500035925,
  "usdtBalance": 0,
  "usdcBalance": 0,
  "kenduBalance": 35199894.08324558,
  "ethBalanceInUsd": 97.05913202889035,
  "kenduBalanceInUsd": 1135.19658418467,
  "totalUsdBalance": 97.05913202889035
}