{
  "ethBalance": 0.35779268808449755,
  "usdtBalance": 0,
  "usdcBalance": 0,
  "kenduBalance": 3546950453.60037,
  "ethBalanceInUsd": 645.5581912570972,
  "kenduBalanceInUsd": 38910.04647599606,
  "totalUsdBalance": 645.5581912570972
}