{
  "ethBalance": 0.038589031500035925,
  "usdtBalance": 0,
  "usdcBalance": 0,
  "kenduBalance": 35199894.08324558,
  "ethBalanceInUsd": 138.535008975444,
  "kenduBalanceInUsd": 1036.28488181075,
  "totalUsdBalance": 138.535008975444
}