{
  "ethBalance": 0.3579488855246269,
  "usdtBalance": 0,
  "usdcBalance": 0,
  "kenduBalance": 3705282011.416198,
  "ethBalanceInUsd": 642.7365983368752,
  "kenduBalanceInUsd": 46686.55334384409,
  "totalUsdBalance": 642.7365983368752
}