{
  "ethBalance": 0.038589031500035925,
  "usdtBalance": 0,
  "usdcBalance": 0,
  "kenduBalance": 35199894.08324558,
  "ethBalanceInUsd": 154.4645611786588,
  "kenduBalanceInUsd": 1329.1480005833532,
  "totalUsdBalance": 154.4645611786588
}