{
  "ethBalance": 0.038589031500035925,
  "usdtBalance": 0,
  "usdcBalance": 0,
  "kenduBalance": 35199894.08324558,
  "ethBalanceInUsd": 129.67844035587072,
  "kenduBalanceInUsd": 306.9430764059015,
  "totalUsdBalance": 129.67844035587072
}