{
  "ethBalance": 0.35703877941042383,
  "usdtBalance": 0,
  "usdcBalance": 0,
  "kenduBalance": 4855947774.956796,
  "ethBalanceInUsd": 898.6166223469194,
  "kenduBalanceInUsd": 180252.78140639624,
  "totalUsdBalance": 898.6166223469194
}