{
  "ethBalance": 0.038589031500035925,
  "usdtBalance": 0,
  "usdcBalance": 0,
  "kenduBalance": 35199894.08324558,
  "ethBalanceInUsd": 138.30501834770376,
  "kenduBalanceInUsd": 733.9177916356704,
  "totalUsdBalance": 138.30501834770376
}