{
  "ethBalance": 0.038589031500035925,
  "usdtBalance": 0,
  "usdcBalance": 0,
  "kenduBalance": 35199894.08324558,
  "ethBalanceInUsd": 150.4787001150201,
  "kenduBalanceInUsd": 1113.0206509122254,
  "totalUsdBalance": 150.4787001150201
}