{
  "ethBalance": 0.5002741579676101,
  "usdtBalance": 0,
  "usdcBalance": 100,
  "kenduBalance": 4855925261.348792,
  "ethBalanceInUsd": 1257.1489370399668,
  "kenduBalanceInUsd": 132032.60785607365,
  "totalUsdBalance": 1357.1489370399668
}