{
  "ethBalance": 0.04272247540230626,
  "usdtBalance": 0,
  "usdcBalance": 0,
  "kenduBalance": 517214787.4674407,
  "ethBalanceInUsd": 112.42291234690684,
  "kenduBalanceInUsd": 30717.386227691302,
  "totalUsdBalance": 112.42291234690684
}