{
  "ethBalance": 0.35703877941042383,
  "usdtBalance": 0,
  "usdcBalance": 0,
  "kenduBalance": 4855947774.956796,
  "ethBalanceInUsd": 882.9211976040372,
  "kenduBalanceInUsd": 155681.68566511487,
  "totalUsdBalance": 882.9211976040372
}