{
  "ethBalance": 0.700034011230498,
  "usdtBalance": 0,
  "usdcBalance": null,
  "kenduBalance": 4482236645.828448,
  "ethBalanceInUsd": 3156.628365141123,
  "kenduBalanceInUsd": 57551.91853243728,
  "totalUsdBalance": null
}