{
  "ethBalance": 0.04272247540230626,
  "usdtBalance": 0,
  "usdcBalance": 0,
  "kenduBalance": 517214787.4674407,
  "ethBalanceInUsd": 109.55495257315005,
  "kenduBalanceInUsd": 29269.18482278247,
  "totalUsdBalance": 109.55495257315005
}