{
  "ethBalance": 0.5002741579676101,
  "usdtBalance": 0,
  "usdcBalance": 100,
  "kenduBalance": 4855925261.348792,
  "ethBalanceInUsd": 1276.5095469533132,
  "kenduBalanceInUsd": 130672.948782896,
  "totalUsdBalance": 1376.5095469533132
}