{
  "ethBalance": 0.10788809429719365,
  "usdtBalance": 3946.421819,
  "usdcBalance": 0,
  "kenduBalance": 13268928669.075045,
  "ethBalanceInUsd": 360.32573621471033,
  "kenduBalanceInUsd": 331325.14886680385,
  "totalUsdBalance": 4306.747555214711
}