{
  "ethBalance": 0.04459919224178026,
  "usdtBalance": 0,
  "usdcBalance": 0,
  "kenduBalance": 517214787.4674407,
  "ethBalanceInUsd": 114.23592501617352,
  "kenduBalanceInUsd": 37684.26941487773,
  "totalUsdBalance": 114.23592501617352
}