{
  "ethBalance": 0.5002741579676101,
  "usdtBalance": 0,
  "usdcBalance": 100,
  "kenduBalance": 4855925261.348792,
  "ethBalanceInUsd": 1226.842328550289,
  "kenduBalanceInUsd": 167723.65852698727,
  "totalUsdBalance": 1326.842328550289
}