{
  "ethBalance": 0.3196155371451788,
  "usdtBalance": 0,
  "usdcBalance": 884.463046,
  "kenduBalance": 5453954448.539579,
  "ethBalanceInUsd": 609.1904099540823,
  "kenduBalanceInUsd": 37250.50888352533,
  "totalUsdBalance": 1493.6534559540823
}