{
  "ethBalance": 0.5002741579676101,
  "usdtBalance": 0,
  "usdcBalance": 100,
  "kenduBalance": 4855925261.348792,
  "ethBalanceInUsd": 1309.412578322843,
  "kenduBalanceInUsd": 124894.39772189094,
  "totalUsdBalance": 1409.412578322843
}