{
  "ethBalance": 0.038589031500035925,
  "usdtBalance": 0,
  "usdcBalance": 0,
  "kenduBalance": 35199894.08324558,
  "ethBalanceInUsd": 150.2788089318499,
  "kenduBalanceInUsd": 1121.4686254922044,
  "totalUsdBalance": 150.2788089318499
}