{
  "ethBalance": 0.6694672616214785,
  "usdtBalance": 0,
  "usdcBalance": 0,
  "kenduBalance": 7456272656.749752,
  "ethBalanceInUsd": 1667.73667411573,
  "kenduBalanceInUsd": 68150.33208269274,
  "totalUsdBalance": 1667.73667411573
}