{
  "ethBalance": 0.045462183917402754,
  "usdtBalance": 0,
  "usdcBalance": 0,
  "kenduBalance": 307214787.46744066,
  "ethBalanceInUsd": 118.43262607954756,
  "kenduBalanceInUsd": 32146.95536059299,
  "totalUsdBalance": 118.43262607954756
}