{
  "ethBalance": 0.5002741579676101,
  "usdtBalance": 0,
  "usdcBalance": 100,
  "kenduBalance": 4855925261.348792,
  "ethBalanceInUsd": 1241.5553915361163,
  "kenduBalanceInUsd": 129701.76373062623,
  "totalUsdBalance": 1341.5553915361163
}