{
  "ethBalance": 0.045462183917402754,
  "usdtBalance": 0,
  "usdcBalance": 0,
  "kenduBalance": 307214787.46744066,
  "ethBalanceInUsd": 122.78608481147806,
  "kenduBalanceInUsd": 29658.51558210672,
  "totalUsdBalance": 122.78608481147806
}