{
  "ethBalance": 0.038589031500035925,
  "usdtBalance": 0,
  "usdcBalance": 0,
  "kenduBalance": 35199894.08324558,
  "ethBalanceInUsd": 103.12301243880601,
  "kenduBalanceInUsd": 1170.748477208748,
  "totalUsdBalance": 103.12301243880601
}