{
  "ethBalance": 0.045462183917402754,
  "usdtBalance": 0,
  "usdcBalance": 0,
  "kenduBalance": 307214787.46744066,
  "ethBalanceInUsd": 118.56446641290803,
  "kenduBalanceInUsd": 32380.438599068246,
  "totalUsdBalance": 118.56446641290803
}