{
  "ethBalance": 1.4124715221011812,
  "usdtBalance": 0,
  "usdcBalance": 0,
  "kenduBalance": 6024495045.797036,
  "ethBalanceInUsd": 2668.963814016729,
  "kenduBalanceInUsd": 42532.935023327074,
  "totalUsdBalance": 2668.963814016729
}