{
  "ethBalance": 0.04272247540230626,
  "usdtBalance": 0,
  "usdcBalance": 0,
  "kenduBalance": 517214787.4674407,
  "ethBalanceInUsd": 110.88148543439164,
  "kenduBalanceInUsd": 25245.253776285783,
  "totalUsdBalance": 110.88148543439164
}