{
  "ethBalance": 0.5002741579676101,
  "usdtBalance": 0,
  "usdcBalance": 100,
  "kenduBalance": 4855925261.348792,
  "ethBalanceInUsd": 1327.8326728192105,
  "kenduBalanceInUsd": 150145.20908090466,
  "totalUsdBalance": 1427.8326728192105
}