{
  "ethBalance": 0.04459919224178026,
  "usdtBalance": 0,
  "usdcBalance": 0,
  "kenduBalance": 517214787.4674407,
  "ethBalanceInUsd": 106.43864823654309,
  "kenduBalanceInUsd": 27883.049192369726,
  "totalUsdBalance": 106.43864823654309
}