{
  "ethBalance": 0.04459919224178026,
  "usdtBalance": 0,
  "usdcBalance": 0,
  "kenduBalance": 517214787.4674407,
  "ethBalanceInUsd": 109.95930847210923,
  "kenduBalanceInUsd": 32072.488970855997,
  "totalUsdBalance": 109.95930847210923
}