{
  "ethBalance": 0.35769432885289126,
  "usdtBalance": 0,
  "usdcBalance": 0,
  "kenduBalance": 4514955040.756332,
  "ethBalanceInUsd": 846.2868973494981,
  "kenduBalanceInUsd": 80546.79792709296,
  "totalUsdBalance": 846.2868973494981
}