{
  "ethBalance": 0.038589031500035925,
  "usdtBalance": 0,
  "usdcBalance": 0,
  "kenduBalance": 35199894.08324558,
  "ethBalanceInUsd": 127.31679162806853,
  "kenduBalanceInUsd": 754.6857291447853,
  "totalUsdBalance": 127.31679162806853
}