{
  "ethBalance": 0.35779268808449755,
  "usdtBalance": 0,
  "usdcBalance": 0,
  "kenduBalance": 3546950453.60037,
  "ethBalanceInUsd": 812.7404026914595,
  "kenduBalanceInUsd": 55829.00013966981,
  "totalUsdBalance": 812.7404026914595
}