{
  "ethBalance": 0.3579488855246269,
  "usdtBalance": 0,
  "usdcBalance": 0,
  "kenduBalance": 3705282011.416198,
  "ethBalanceInUsd": 563.7050639018929,
  "kenduBalanceInUsd": 38312.61599804348,
  "totalUsdBalance": 563.7050639018929
}