{
  "ethBalance": 0.038589031500035925,
  "usdtBalance": 0,
  "usdcBalance": 0,
  "kenduBalance": 35199894.08324558,
  "ethBalanceInUsd": 135.1364729712358,
  "kenduBalanceInUsd": 1171.1004761495806,
  "totalUsdBalance": 135.1364729712358
}