{
  "ethBalance": 0.3117728554842481,
  "usdtBalance": 0,
  "usdcBalance": 0.463046,
  "kenduBalance": 4113980899.4295063,
  "ethBalanceInUsd": 578.3199405519512,
  "kenduBalanceInUsd": 45624.048174673226,
  "totalUsdBalance": 578.7829865519511
}