{
  "ethBalance": 0.04272247540230626,
  "usdtBalance": 0,
  "usdcBalance": 0,
  "kenduBalance": 517214787.4674407,
  "ethBalanceInUsd": 106.03077557721379,
  "kenduBalanceInUsd": 26708.971624818638,
  "totalUsdBalance": 106.03077557721379
}