{
  "ethBalance": 0.0624422229661258,
  "usdtBalance": 0,
  "usdcBalance": 0,
  "kenduBalance": 6384544426.92592,
  "ethBalanceInUsd": 118.32051945405247,
  "kenduBalanceInUsd": 45011.03820982773,
  "totalUsdBalance": 118.32051945405247
}