{
  "ethBalance": 0.038589031500035925,
  "usdtBalance": 0,
  "usdcBalance": 0,
  "kenduBalance": 35199894.08324558,
  "ethBalanceInUsd": 141.61750081166684,
  "kenduBalanceInUsd": 1316.8280376542173,
  "totalUsdBalance": 141.61750081166684
}