{
  "ethBalance": 0.038589031500035925,
  "usdtBalance": 0,
  "usdcBalance": 0,
  "kenduBalance": 35199894.08324558,
  "ethBalanceInUsd": 136.98527347040252,
  "kenduBalanceInUsd": 1310.8440556600656,
  "totalUsdBalance": 136.98527347040252
}