{
  "ethBalance": 18.27649738337883,
  "usdtBalance": 0,
  "usdcBalance": 0,
  "kenduBalance": 10805029020.399477,
  "ethBalanceInUsd": 49925.90790217594,
  "kenduBalanceInUsd": 141545.88016723315,
  "totalUsdBalance": 49925.90790217594
}