{
  "ethBalance": 0.35703877941042383,
  "usdtBalance": 0,
  "usdcBalance": 0,
  "kenduBalance": 4855947774.956796,
  "ethBalanceInUsd": 884.188685270944,
  "kenduBalanceInUsd": 156944.23208660365,
  "totalUsdBalance": 884.188685270944
}