{
  "ethBalance": 0.3117728554842481,
  "usdtBalance": 0,
  "usdcBalance": 0.463046,
  "kenduBalance": 4113980899.4295063,
  "ethBalanceInUsd": 583.648138652177,
  "kenduBalanceInUsd": 49820.30869209132,
  "totalUsdBalance": 584.1111846521769
}