{
  "ethBalance": 0.3579488855246269,
  "usdtBalance": 0,
  "usdcBalance": 0,
  "kenduBalance": 3705282011.416198,
  "ethBalanceInUsd": 640.8179923104633,
  "kenduBalanceInUsd": 46167.81386224582,
  "totalUsdBalance": 640.8179923104633
}