{
  "ethBalance": 0.04272247540230626,
  "usdtBalance": 0,
  "usdcBalance": 0,
  "kenduBalance": 517214787.4674407,
  "ethBalanceInUsd": 113.15902059808859,
  "kenduBalanceInUsd": 28865.757288557867,
  "totalUsdBalance": 113.15902059808859
}