{
  "ethBalance": 0.04459919224178026,
  "usdtBalance": 0,
  "usdcBalance": 0,
  "kenduBalance": 517214787.4674407,
  "ethBalanceInUsd": 103.0219041189003,
  "kenduBalanceInUsd": 26414.159195962195,
  "totalUsdBalance": 103.0219041189003
}