{
  "ethBalance": 0.038589031500035925,
  "usdtBalance": 0,
  "usdcBalance": 0,
  "kenduBalance": 35199894.08324558,
  "ethBalanceInUsd": 104.17031875371698,
  "kenduBalanceInUsd": 1388.283822643206,
  "totalUsdBalance": 104.17031875371698
}