{
  "ethBalance": 0.038589031500035925,
  "usdtBalance": 0,
  "usdcBalance": 0,
  "kenduBalance": 35199894.08324558,
  "ethBalanceInUsd": 130.87277088079682,
  "kenduBalanceInUsd": 1228.1243045644383,
  "totalUsdBalance": 130.87277088079682
}