{
  "ethBalance": 0.038589031500035925,
  "usdtBalance": 0,
  "usdcBalance": 0,
  "kenduBalance": 35199894.08324558,
  "ethBalanceInUsd": 151.71239145207622,
  "kenduBalanceInUsd": 1147.8685460546385,
  "totalUsdBalance": 151.71239145207622
}