{
  "ethBalance": 0.10788809429719365,
  "usdtBalance": 3946.421819,
  "usdcBalance": 0,
  "kenduBalance": 13268928669.075045,
  "ethBalanceInUsd": 339.48175639649253,
  "kenduBalanceInUsd": 309033.3487027578,
  "totalUsdBalance": 4285.903575396493
}