{
  "ethBalance": 0.04459919224178026,
  "usdtBalance": 0,
  "usdcBalance": 0,
  "kenduBalance": 517214787.4674407,
  "ethBalanceInUsd": 101.81192803338082,
  "kenduBalanceInUsd": 24060.831912985344,
  "totalUsdBalance": 101.81192803338082
}