{
  "ethBalance": 0.9903818468589797,
  "usdtBalance": 0,
  "usdcBalance": null,
  "kenduBalance": 4677192821.897994,
  "ethBalanceInUsd": 4673.988280429332,
  "kenduBalanceInUsd": 82318.5936654047,
  "totalUsdBalance": null
}