{
  "ethBalance": 0.045462183917402754,
  "usdtBalance": 0,
  "usdcBalance": 0,
  "kenduBalance": 307214787.46744066,
  "ethBalanceInUsd": 118.3166975105582,
  "kenduBalanceInUsd": 20442.0719580835,
  "totalUsdBalance": 118.3166975105582
}