{
  "ethBalance": 0.5002741579676101,
  "usdtBalance": 0,
  "usdcBalance": 100,
  "kenduBalance": 4855925261.348792,
  "ethBalanceInUsd": 1384.628797973273,
  "kenduBalanceInUsd": 135771.67030731222,
  "totalUsdBalance": 1484.628797973273
}