{
  "ethBalance": 0.3117728554842481,
  "usdtBalance": 0,
  "usdcBalance": 0.463046,
  "kenduBalance": 4113980899.4295063,
  "ethBalanceInUsd": 568.0782022492936,
  "kenduBalanceInUsd": 51054.502961920174,
  "totalUsdBalance": 568.5412482492935
}