{
  "ethBalance": 0.038589031500035925,
  "usdtBalance": 0,
  "usdcBalance": 0,
  "kenduBalance": 35199894.08324558,
  "ethBalanceInUsd": 149.48850556672917,
  "kenduBalanceInUsd": 1026.7809104082737,
  "totalUsdBalance": 149.48850556672917
}