{
  "ethBalance": 0.04272247540230626,
  "usdtBalance": 0,
  "usdcBalance": 0,
  "kenduBalance": 517214787.4674407,
  "ethBalanceInUsd": 101.15357778528652,
  "kenduBalanceInUsd": 24190.135609852205,
  "totalUsdBalance": 101.15357778528652
}