{
  "ethBalance": 0.35703877941042383,
  "usdtBalance": 0,
  "usdcBalance": 0,
  "kenduBalance": 4855947774.956796,
  "ethBalanceInUsd": 900.2982749979425,
  "kenduBalanceInUsd": 187245.34620233404,
  "totalUsdBalance": 900.2982749979425
}