{
  "ethBalance": 0.5002741579676101,
  "usdtBalance": 0,
  "usdcBalance": 100,
  "kenduBalance": 4855925261.348792,
  "ethBalanceInUsd": 1273.9431405229393,
  "kenduBalanceInUsd": 120669.74274451748,
  "totalUsdBalance": 1373.9431405229393
}