{
  "ethBalance": 0.038589031500035925,
  "usdtBalance": 0,
  "usdcBalance": 0,
  "kenduBalance": 35199894.08324558,
  "ethBalanceInUsd": 132.59577113727343,
  "kenduBalanceInUsd": 929.2772037976835,
  "totalUsdBalance": 132.59577113727343
}