{
  "ethBalance": 0.038589031500035925,
  "usdtBalance": 0,
  "usdcBalance": 0,
  "kenduBalance": 35199894.08324558,
  "ethBalanceInUsd": 101.53545968289453,
  "kenduBalanceInUsd": 1246.0762505468936,
  "totalUsdBalance": 101.53545968289453
}