{
  "ethBalance": 0.1143504362553894,
  "usdtBalance": 0,
  "usdcBalance": 0,
  "kenduBalance": 12046082608.223656,
  "ethBalanceInUsd": 368.1981132030909,
  "kenduBalanceInUsd": 287539.99185829866,
  "totalUsdBalance": 368.1981132030909
}