{
  "ethBalance": 0.038589031500035925,
  "usdtBalance": 0,
  "usdcBalance": 0,
  "kenduBalance": 35199894.08324558,
  "ethBalanceInUsd": 130.45639523091145,
  "kenduBalanceInUsd": 1013.4049506566404,
  "totalUsdBalance": 130.45639523091145
}