{
  "ethBalance": 0.35703877941042383,
  "usdtBalance": 0,
  "usdcBalance": 0,
  "kenduBalance": 4855947774.956796,
  "ethBalanceInUsd": 900.048347852355,
  "kenduBalanceInUsd": 188605.01157932196,
  "totalUsdBalance": 900.048347852355
}