{
  "ethBalance": 0.35779268808449755,
  "usdtBalance": 0,
  "usdcBalance": 0,
  "kenduBalance": 3546950453.60037,
  "ethBalanceInUsd": 794.1065594960189,
  "kenduBalanceInUsd": 55084.14054441374,
  "totalUsdBalance": 794.1065594960189
}