{
  "ethBalance": 0.3579488855246269,
  "usdtBalance": 0,
  "usdcBalance": 0,
  "kenduBalance": 3705282011.416198,
  "ethBalanceInUsd": 573.5987710977936,
  "kenduBalanceInUsd": 40461.67956466488,
  "totalUsdBalance": 573.5987710977936
}