{
  "ethBalance": 0.038589031500035925,
  "usdtBalance": 0,
  "usdcBalance": 0,
  "kenduBalance": 35199894.08324558,
  "ethBalanceInUsd": 129.48510930805554,
  "kenduBalanceInUsd": 949.6931423659657,
  "totalUsdBalance": 129.48510930805554
}