{
  "ethBalance": 0.038589031500035925,
  "usdtBalance": 0,
  "usdcBalance": 0,
  "kenduBalance": 35199894.08324558,
  "ethBalanceInUsd": 99.24056997958739,
  "kenduBalanceInUsd": 1130.9725968946805,
  "totalUsdBalance": 99.24056997958739
}