{
  "ethBalance": 0.11064889545570843,
  "usdtBalance": 0,
  "usdcBalance": 0,
  "kenduBalance": 11696082608.223656,
  "ethBalanceInUsd": 369.0251312343332,
  "kenduBalanceInUsd": 337548.94407333474,
  "totalUsdBalance": 369.0251312343332
}