{
  "ethBalance": 0.04272247540230626,
  "usdtBalance": 0,
  "usdcBalance": 0,
  "kenduBalance": 517214787.4674407,
  "ethBalanceInUsd": 104.3782702286526,
  "kenduBalanceInUsd": 22059.21068548635,
  "totalUsdBalance": 104.3782702286526
}