{
  "ethBalance": 0.0624422229661258,
  "usdtBalance": 0,
  "usdcBalance": 0,
  "kenduBalance": 6384544426.92592,
  "ethBalanceInUsd": 130.52297866609277,
  "kenduBalanceInUsd": 46798.71064936699,
  "totalUsdBalance": 130.52297866609277
}