{
  "ethBalance": 0.045462183917402754,
  "usdtBalance": 0,
  "usdcBalance": 0,
  "kenduBalance": 307214787.46744066,
  "ethBalanceInUsd": 118.39807481977034,
  "kenduBalanceInUsd": 30349.748853908462,
  "totalUsdBalance": 118.39807481977034
}