{
  "ethBalance": 0.5002741579676101,
  "usdtBalance": 0,
  "usdcBalance": 100,
  "kenduBalance": 4855925261.348792,
  "ethBalanceInUsd": 1121.1594126796315,
  "kenduBalanceInUsd": 95855.96465902517,
  "totalUsdBalance": 1221.1594126796315
}