{
  "ethBalance": 0.11420553765466597,
  "usdtBalance": 0,
  "usdcBalance": 0,
  "kenduBalance": 11896082608.223656,
  "ethBalanceInUsd": 372.01311835630895,
  "kenduBalanceInUsd": 313699.6983788578,
  "totalUsdBalance": 372.01311835630895
}