{
  "ethBalance": 0.0624422229661258,
  "usdtBalance": 0,
  "usdcBalance": 0,
  "kenduBalance": 6384544426.92592,
  "ethBalanceInUsd": 129.09055407124984,
  "kenduBalanceInUsd": 46415.63798375143,
  "totalUsdBalance": 129.09055407124984
}