{
  "ethBalance": 2.037084045317489,
  "usdtBalance": 0,
  "usdcBalance": 0,
  "kenduBalance": 8110029020.399477,
  "ethBalanceInUsd": 5432.088315243616,
  "kenduBalanceInUsd": 102916.26826886936,
  "totalUsdBalance": 5432.088315243616
}