{
  "ethBalance": 0.038589031500035925,
  "usdtBalance": 0,
  "usdcBalance": 0,
  "kenduBalance": 35199894.08324558,
  "ethBalanceInUsd": 136.88378431755743,
  "kenduBalanceInUsd": 690.2699229724459,
  "totalUsdBalance": 136.88378431755743
}