{
  "ethBalance": 0.3117728554842481,
  "usdtBalance": 0,
  "usdcBalance": 0.463046,
  "kenduBalance": 4113980899.4295063,
  "ethBalanceInUsd": 567.635484794506,
  "kenduBalanceInUsd": 47063.94148947355,
  "totalUsdBalance": 568.098530794506
}