{
  "ethBalance": 0.5002741579676101,
  "usdtBalance": 0,
  "usdcBalance": 100,
  "kenduBalance": 4855925261.348792,
  "ethBalanceInUsd": 1252.956639596198,
  "kenduBalanceInUsd": 112511.78830545151,
  "totalUsdBalance": 1352.956639596198
}