{
  "ethBalance": 0.5002741579676101,
  "usdtBalance": 0,
  "usdcBalance": 100,
  "kenduBalance": 4855925261.348792,
  "ethBalanceInUsd": 1124.5962961448688,
  "kenduBalanceInUsd": 93573.67978619122,
  "totalUsdBalance": 1224.5962961448688
}