{
  "ethBalance": 0.04459919224178026,
  "usdtBalance": 0,
  "usdcBalance": 0,
  "kenduBalance": 517214787.4674407,
  "ethBalanceInUsd": 107.85288862252995,
  "kenduBalanceInUsd": 28617.494190573496,
  "totalUsdBalance": 107.85288862252995
}