{
  "ethBalance": 0.30943876692005484,
  "usdtBalance": 0,
  "usdcBalance": 0,
  "kenduBalance": 8110029020.399477,
  "ethBalanceInUsd": 832.2819794465255,
  "kenduBalanceInUsd": 82803.39629827866,
  "totalUsdBalance": 832.2819794465255
}