{
  "ethBalance": 0.038589031500035925,
  "usdtBalance": 0,
  "usdcBalance": 0,
  "kenduBalance": 35199894.08324558,
  "ethBalanceInUsd": 95.67648703024406,
  "kenduBalanceInUsd": 1128.860603249686,
  "totalUsdBalance": 95.67648703024406
}