{
  "ethBalance": 0.04272247540230626,
  "usdtBalance": 0,
  "usdcBalance": 0,
  "kenduBalance": 517214787.4674407,
  "ethBalanceInUsd": 109.15934245092468,
  "kenduBalanceInUsd": 29134.708978040933,
  "totalUsdBalance": 109.15934245092468
}