{
  "ethBalance": 0.038589031500035925,
  "usdtBalance": 0,
  "usdcBalance": 0,
  "kenduBalance": 35199894.08324558,
  "ethBalanceInUsd": 121.64922057165825,
  "kenduBalanceInUsd": 1342.875959275819,
  "totalUsdBalance": 121.64922057165825
}