{
  "ethBalance": 0.038589031500035925,
  "usdtBalance": 0,
  "usdcBalance": 0,
  "kenduBalance": 35199894.08324558,
  "ethBalanceInUsd": 99.37254446731751,
  "kenduBalanceInUsd": 1135.5485831255025,
  "totalUsdBalance": 99.37254446731751
}