{
  "ethBalance": 3.0028890292473904,
  "usdtBalance": 3946.421819,
  "usdcBalance": 5005.206012,
  "kenduBalance": 12632979609.52522,
  "ethBalanceInUsd": 9655.339240190597,
  "kenduBalanceInUsd": 289926.8820386038,
  "totalUsdBalance": 18606.967071190596
}