{
  "ethBalance": 0.04272247540230626,
  "usdtBalance": 0,
  "usdcBalance": 0,
  "kenduBalance": 517214787.4674407,
  "ethBalanceInUsd": 105.09857116393547,
  "kenduBalanceInUsd": 24883.20342505857,
  "totalUsdBalance": 105.09857116393547
}