{
  "ethBalance": 0.5002741579676101,
  "usdtBalance": 0,
  "usdcBalance": 100,
  "kenduBalance": 4855925261.348792,
  "ethBalanceInUsd": 1277.5751309097843,
  "kenduBalanceInUsd": 132421.08187698157,
  "totalUsdBalance": 1377.5751309097843
}