{
  "ethBalance": 8.011063080971311,
  "usdtBalance": 22313.097842,
  "kenduBalance": 302835445.5049916,
  "ethBalanceInUsd": 26390.364443858933,
  "kenduBalanceInUsd": 54692.08145820148,
  "totalUsdBalance": 48703.46228585893
}