{
  "ethBalance": 13.475892841222715,
  "usdtBalance": 3949.089252,
  "usdcBalance": 8005.206012,
  "kenduBalance": 10903927414.89931,
  "ethBalanceInUsd": 44061.72254616067,
  "kenduBalanceInUsd": 209028.28854361977,
  "totalUsdBalance": 56016.01781016067
}