{
  "ethBalance": 0.3579040556931112,
  "usdtBalance": 0,
  "usdcBalance": 0,
  "kenduBalance": 3646098337.9468102,
  "ethBalanceInUsd": 653.9014468729849,
  "kenduBalanceInUsd": 39159.09614954874,
  "totalUsdBalance": 653.9014468729849
}