{
  "ethBalance": 0.04272247540230626,
  "usdtBalance": 0,
  "usdcBalance": 0,
  "kenduBalance": 517214787.4674407,
  "ethBalanceInUsd": 104.73286677449173,
  "kenduBalanceInUsd": 25234.909480536433,
  "totalUsdBalance": 104.73286677449173
}