{
  "ethBalance": 0.5002741579676101,
  "usdtBalance": 0,
  "usdcBalance": 100,
  "kenduBalance": 4855925261.348792,
  "ethBalanceInUsd": 1320.7287797760705,
  "kenduBalanceInUsd": 154321.3048056646,
  "totalUsdBalance": 1420.7287797760705
}