{
  "ethBalance": 0.038589031500035925,
  "usdtBalance": 0,
  "usdcBalance": 0,
  "kenduBalance": 13206739398.082659,
  "ethBalanceInUsd": 127.94849407372412,
  "kenduBalanceInUsd": 201006.57363881805,
  "totalUsdBalance": 127.94849407372412
}