{
  "ethBalance": 0.04272247540230626,
  "usdtBalance": 0,
  "usdcBalance": 0,
  "kenduBalance": 517214787.4674407,
  "ethBalanceInUsd": 109.81427799884203,
  "kenduBalanceInUsd": 29300.217710030516,
  "totalUsdBalance": 109.81427799884203
}