{
  "ethBalance": 8.051792938400936,
  "usdtBalance": 22356.072978,
  "usdcBalance": 88.007775,
  "kenduBalance": 947823769.8171208,
  "ethBalanceInUsd": 22049.59340802281,
  "kenduBalanceInUsd": 108288.86570160605,
  "totalUsdBalance": 44493.67416102281
}