{
  "ethBalance": 0.04459919224178026,
  "usdtBalance": 0,
  "usdcBalance": 0,
  "kenduBalance": 517214787.4674407,
  "ethBalanceInUsd": 103.56556827232761,
  "kenduBalanceInUsd": 26605.52866732515,
  "totalUsdBalance": 103.56556827232761
}