{
  "ethBalance": 0.3196155371451788,
  "usdtBalance": 0,
  "usdcBalance": 884.463046,
  "kenduBalance": 5453954448.539579,
  "ethBalanceInUsd": 610.5232067439777,
  "kenduBalanceInUsd": 38777.61612911641,
  "totalUsdBalance": 1494.9862527439777
}