{
  "ethBalance": 0.3579040556931112,
  "usdtBalance": 0,
  "usdcBalance": 0,
  "kenduBalance": 3646098337.9468102,
  "ethBalanceInUsd": 643.0820072693822,
  "kenduBalanceInUsd": 38685.10336561566,
  "totalUsdBalance": 643.0820072693822
}