{
  "ethBalance": 0.038589031500035925,
  "usdtBalance": 0,
  "usdcBalance": 0,
  "kenduBalance": 35199894.08324558,
  "ethBalanceInUsd": 124.01086929946045,
  "kenduBalanceInUsd": 756.0937249081152,
  "totalUsdBalance": 124.01086929946045
}