{
  "ethBalance": 4.092998430208601,
  "usdtBalance": 0,
  "usdcBalance": 0,
  "kenduBalance": 8310029020.399478,
  "ethBalanceInUsd": 10734.543262970888,
  "kenduBalanceInUsd": 113431.89612845288,
  "totalUsdBalance": 10734.543262970888
}