{
  "ethBalance": 0.04272247540230626,
  "usdtBalance": 0,
  "usdcBalance": 0,
  "kenduBalance": 517214787.4674407,
  "ethBalanceInUsd": 114.94695619367512,
  "kenduBalanceInUsd": 30681.181192568583,
  "totalUsdBalance": 114.94695619367512
}