{
  "ethBalance": 0.038589031500035925,
  "usdtBalance": 0,
  "usdcBalance": 0,
  "kenduBalance": 35199894.08324558,
  "ethBalanceInUsd": 138.62916621230406,
  "kenduBalanceInUsd": 694.141911321603,
  "totalUsdBalance": 138.62916621230406
}