{
  "ethBalance": 0.06254024854608203,
  "usdtBalance": 0,
  "usdcBalance": 0,
  "kenduBalance": 6456272656.749752,
  "ethBalanceInUsd": 136.5472516630882,
  "kenduBalanceInUsd": 60624.40024688017,
  "totalUsdBalance": 136.5472516630882
}