{
  "ethBalance": 0.3579488855246269,
  "usdtBalance": 0,
  "usdcBalance": 0,
  "kenduBalance": 3705282011.416198,
  "ethBalanceInUsd": 574.6189254215387,
  "kenduBalanceInUsd": 40128.20418363742,
  "totalUsdBalance": 574.6189254215387
}