{
  "ethBalance": 0.038589031500035925,
  "usdtBalance": 0,
  "usdcBalance": 0,
  "kenduBalance": 35199894.08324558,
  "ethBalanceInUsd": 134.64832172276036,
  "kenduBalanceInUsd": 1293.5961075592752,
  "totalUsdBalance": 134.64832172276036
}