{
  "ethBalance": 0.045462183917402754,
  "usdtBalance": 0,
  "usdcBalance": 0,
  "kenduBalance": 307214787.46744066,
  "ethBalanceInUsd": 121.26446551576258,
  "kenduBalanceInUsd": 30497.211951892838,
  "totalUsdBalance": 121.26446551576258
}