{
  "ethBalance": 0.04459919224178026,
  "usdtBalance": 0,
  "usdcBalance": 0,
  "kenduBalance": 517214787.4674407,
  "ethBalanceInUsd": 112.97064593227422,
  "kenduBalanceInUsd": 36272.27304509161,
  "totalUsdBalance": 112.97064593227422
}