{
  "ethBalance": 0.04272247540230626,
  "usdtBalance": 0,
  "usdcBalance": 0,
  "kenduBalance": 517214787.4674407,
  "ethBalanceInUsd": 103.49348776307083,
  "kenduBalanceInUsd": 25509.033317894176,
  "totalUsdBalance": 103.49348776307083
}