{
  "ethBalance": 0.038589031500035925,
  "usdtBalance": 0,
  "usdcBalance": 0,
  "kenduBalance": 35199894.08324558,
  "ethBalanceInUsd": 96.7797474408301,
  "kenduBalanceInUsd": 1679.386946711647,
  "totalUsdBalance": 96.7797474408301
}