{
  "ethBalance": 0.038589031500035925,
  "usdtBalance": 0,
  "usdcBalance": 0,
  "kenduBalance": 35199894.08324558,
  "ethBalanceInUsd": 120.59882713422728,
  "kenduBalanceInUsd": 980.3170502183895,
  "totalUsdBalance": 120.59882713422728
}