{
  "ethBalance": 0.5002741579676101,
  "usdtBalance": 0,
  "usdcBalance": 100,
  "kenduBalance": 4854925261.348792,
  "ethBalanceInUsd": 1194.0293465291934,
  "kenduBalanceInUsd": 175408.44969253187,
  "totalUsdBalance": 1294.0293465291934
}