{
  "ethBalance": 0.038589031500035925,
  "usdtBalance": 0,
  "usdcBalance": 0,
  "kenduBalance": 35199894.08324558,
  "ethBalanceInUsd": 122.53754007678907,
  "kenduBalanceInUsd": 1134.8445852438376,
  "totalUsdBalance": 122.53754007678907
}