{
  "ethBalance": 0.038589031500035925,
  "usdtBalance": 0,
  "usdcBalance": 0,
  "kenduBalance": 35199894.08324558,
  "ethBalanceInUsd": 126.83404284400308,
  "kenduBalanceInUsd": 320.6710350983672,
  "totalUsdBalance": 126.83404284400308
}