{
  "ethBalance": 0.727034011230498,
  "usdtBalance": 0,
  "usdcBalance": null,
  "kenduBalance": 4482236645.828448,
  "ethBalanceInUsd": 2907.634391454243,
  "kenduBalanceInUsd": 47377.2413464067,
  "totalUsdBalance": null
}