{
  "ethBalance": 0.11420553765466597,
  "usdtBalance": 0,
  "usdcBalance": 0,
  "kenduBalance": 11896082608.223656,
  "ethBalanceInUsd": 373.89522561685783,
  "kenduBalanceInUsd": 322264.87785677885,
  "totalUsdBalance": 373.89522561685783
}