{
  "ethBalance": 0.30943876692005484,
  "usdtBalance": 0,
  "usdcBalance": 0,
  "kenduBalance": 8110029020.399477,
  "ethBalanceInUsd": 819.8115971396472,
  "kenduBalanceInUsd": 76558.67395257106,
  "totalUsdBalance": 819.8115971396472
}