{
  "ethBalance": 0.35703877941042383,
  "usdtBalance": 0,
  "usdcBalance": 0,
  "kenduBalance": 4855947774.956796,
  "ethBalanceInUsd": 897.7882923786872,
  "kenduBalanceInUsd": 186274.15664734266,
  "totalUsdBalance": 897.7882923786872
}