{
  "ethBalance": 0.04459919224178026,
  "usdtBalance": 0,
  "usdcBalance": 0,
  "kenduBalance": 517214787.4674407,
  "ethBalanceInUsd": 103.11021051953902,
  "kenduBalanceInUsd": 27650.302538009382,
  "totalUsdBalance": 103.11021051953902
}