{
  "ethBalance": 0.0624422229661258,
  "usdtBalance": 0,
  "usdcBalance": 0,
  "kenduBalance": 6384544426.92592,
  "ethBalanceInUsd": 128.0046838138689,
  "kenduBalanceInUsd": 45394.110875443286,
  "totalUsdBalance": 128.0046838138689
}