{
  "ethBalance": 0.038589031500035925,
  "usdtBalance": 0,
  "usdcBalance": 0,
  "kenduBalance": 35199894.08324558,
  "ethBalanceInUsd": 149.97665681520462,
  "kenduBalanceInUsd": 1166.876488859591,
  "totalUsdBalance": 149.97665681520462
}