{
  "ethBalance": 4.092998430208601,
  "usdtBalance": 0,
  "usdcBalance": 0,
  "kenduBalance": 8305029020.399477,
  "ethBalanceInUsd": 11250.38385513008,
  "kenduBalanceInUsd": 124077.13356476818,
  "totalUsdBalance": 11250.38385513008
}