{
  "ethBalance": 0.038589031500035925,
  "usdtBalance": 0,
  "usdcBalance": 0,
  "kenduBalance": 35199894.08324558,
  "ethBalanceInUsd": 122.62243594608915,
  "kenduBalanceInUsd": 1358.7159116132796,
  "totalUsdBalance": 122.62243594608915
}