{
  "ethBalance": 0.3196155371451788,
  "usdtBalance": 0,
  "usdcBalance": 884.463046,
  "kenduBalance": 5453954448.539579,
  "ethBalanceInUsd": 589.9367699964567,
  "kenduBalanceInUsd": 37904.98341735008,
  "totalUsdBalance": 1474.3998159964567
}