{
  "ethBalance": 0.038589031500035925,
  "usdtBalance": 0,
  "usdcBalance": 0,
  "kenduBalance": 35199894.08324558,
  "ethBalanceInUsd": 99.95215172044806,
  "kenduBalanceInUsd": 1144.7005555871463,
  "totalUsdBalance": 99.95215172044806
}