{
  "ethBalance": 0.04459919224178026,
  "usdtBalance": 0,
  "usdcBalance": 0,
  "kenduBalance": 517214787.4674407,
  "ethBalanceInUsd": 112.78734325216051,
  "kenduBalanceInUsd": 36313.65022808901,
  "totalUsdBalance": 112.78734325216051
}