{
  "ethBalance": 0.038589031500035925,
  "usdtBalance": 0,
  "usdcBalance": 0,
  "kenduBalance": 35199894.08324558,
  "ethBalanceInUsd": 127.79259438646397,
  "kenduBalanceInUsd": 1651.5790303858828,
  "totalUsdBalance": 127.79259438646397
}