{
  "ethBalance": 0.05718734702235537,
  "usdtBalance": 0,
  "usdcBalance": 384.463046,
  "kenduBalance": 5593814937.395827,
  "ethBalanceInUsd": 106.98037007472018,
  "kenduBalanceInUsd": 39212.64271114475,
  "totalUsdBalance": 491.4434160747202
}