{
  "ethBalance": 0.038589031500035925,
  "usdtBalance": 0,
  "usdcBalance": 0,
  "kenduBalance": 35199894.08324558,
  "ethBalanceInUsd": 134.09881391419984,
  "kenduBalanceInUsd": 1251.708233600213,
  "totalUsdBalance": 134.09881391419984
}