{
  "ethBalance": 0.038589031500035925,
  "usdtBalance": 0,
  "usdcBalance": 0,
  "kenduBalance": 35199894.08324558,
  "ethBalanceInUsd": 94.84026271763828,
  "kenduBalanceInUsd": 1840.250462672079,
  "totalUsdBalance": 94.84026271763828
}