{
  "ethBalance": 0.038589031500035925,
  "usdtBalance": 0,
  "usdcBalance": 0,
  "kenduBalance": 35199894.08324558,
  "ethBalanceInUsd": 130.79790815968678,
  "kenduBalanceInUsd": 1135.5485831255025,
  "totalUsdBalance": 130.79790815968678
}