{
  "ethBalance": 0.3579040556931112,
  "usdtBalance": 0,
  "usdcBalance": 0,
  "kenduBalance": 3646098337.9468102,
  "ethBalanceInUsd": 655.4404343124653,
  "kenduBalanceInUsd": 44701.16562322789,
  "totalUsdBalance": 655.4404343124653
}