{
  "ethBalance": 0.5002741579676101,
  "usdtBalance": 0,
  "usdcBalance": 100,
  "kenduBalance": 4855925261.348792,
  "ethBalanceInUsd": 1306.1057661386772,
  "kenduBalanceInUsd": 127759.39362608672,
  "totalUsdBalance": 1406.1057661386772
}