{
  "ethBalance": 0.038589031500035925,
  "usdtBalance": 0,
  "usdcBalance": 0,
  "kenduBalance": 35199894.08324558,
  "ethBalanceInUsd": 95.62400594740403,
  "kenduBalanceInUsd": 1080.2847494148068,
  "totalUsdBalance": 95.62400594740403
}