{
  "ethBalance": 0.045462183917402754,
  "usdtBalance": 0,
  "usdcBalance": 0,
  "kenduBalance": 307214787.46744066,
  "ethBalanceInUsd": 119.89741764536629,
  "kenduBalanceInUsd": 29219.198436028284,
  "totalUsdBalance": 119.89741764536629
}