{
  "ethBalance": 0.11475023428653176,
  "usdtBalance": 0,
  "usdcBalance": 0,
  "kenduBalance": 12096082608.223656,
  "ethBalanceInUsd": 368.9793783483429,
  "kenduBalanceInUsd": 290789.8259016967,
  "totalUsdBalance": 368.9793783483429
}