{
  "ethBalance": 0.5002741579676101,
  "usdtBalance": 0,
  "usdcBalance": 100,
  "kenduBalance": 4855925261.348792,
  "ethBalanceInUsd": 1321.013936046112,
  "kenduBalanceInUsd": 167675.09927437382,
  "totalUsdBalance": 1421.013936046112
}