{
  "ethBalance": 0.038589031500035925,
  "usdtBalance": 0,
  "usdcBalance": 0,
  "kenduBalance": 35199894.08324558,
  "ethBalanceInUsd": 127.32759655688854,
  "kenduBalanceInUsd": 316.4470478083778,
  "totalUsdBalance": 127.32759655688854
}