{
  "ethBalance": 18.27649738337883,
  "usdtBalance": 0,
  "usdcBalance": 0,
  "kenduBalance": 10805029020.399477,
  "ethBalanceInUsd": 51774.75837747855,
  "kenduBalanceInUsd": 162723.73704721613,
  "totalUsdBalance": 51774.75837747855
}