{
  "ethBalance": 0.5002741579676101,
  "usdtBalance": 0,
  "usdcBalance": 100,
  "kenduBalance": 4855925261.348792,
  "ethBalanceInUsd": 1282.813001343705,
  "kenduBalanceInUsd": 142424.28791536007,
  "totalUsdBalance": 1382.813001343705
}