{
  "ethBalance": 0.04459919224178026,
  "usdtBalance": 0,
  "usdcBalance": 0,
  "kenduBalance": 517214787.4674407,
  "ethBalanceInUsd": 115.22602708394106,
  "kenduBalanceInUsd": 37730.8187457498,
  "totalUsdBalance": 115.22602708394106
}