{
  "ethBalance": 0.5002741579676101,
  "usdtBalance": 0,
  "usdcBalance": 100,
  "kenduBalance": 4855925261.348792,
  "ethBalanceInUsd": 1257.684230388992,
  "kenduBalanceInUsd": 116979.23954589241,
  "totalUsdBalance": 1357.684230388992
}