{
  "ethBalance": 0.3579488855246269,
  "usdtBalance": 0,
  "usdcBalance": 0,
  "kenduBalance": 3705282011.416198,
  "ethBalanceInUsd": 643.1482395552287,
  "kenduBalanceInUsd": 48279.82460875306,
  "totalUsdBalance": 643.1482395552287
}