{
  "ethBalance": 0.3117728554842481,
  "usdtBalance": 0,
  "usdcBalance": 0.463046,
  "kenduBalance": 4113980899.4295063,
  "ethBalanceInUsd": 586.3262674807867,
  "kenduBalanceInUsd": 48421.555186285295,
  "totalUsdBalance": 586.7893134807866
}