{
  "ethBalance": 0.3579488855246269,
  "usdtBalance": 0,
  "usdcBalance": 0,
  "kenduBalance": 3705282011.416198,
  "ethBalanceInUsd": 641.5625259923545,
  "kenduBalanceInUsd": 46241.91950247415,
  "totalUsdBalance": 641.5625259923545
}