{
  "ethBalance": 8.051792938400936,
  "usdtBalance": 22356.072978,
  "usdcBalance": 88.007775,
  "kenduBalance": 947823769.8171208,
  "ethBalanceInUsd": 22852.84027155769,
  "kenduBalanceInUsd": 110250.86090512748,
  "totalUsdBalance": 45296.92102455769
}