{
  "ethBalance": 0.038589031500035925,
  "usdtBalance": 0,
  "usdcBalance": 0,
  "kenduBalance": 35199894.08324558,
  "ethBalanceInUsd": 101.98733724175995,
  "kenduBalanceInUsd": 1465.019591744681,
  "totalUsdBalance": 101.98733724175995
}