{
  "ethBalance": 0.0624422229661258,
  "usdtBalance": 0,
  "usdcBalance": 0,
  "kenduBalance": 6379544426.92592,
  "ethBalanceInUsd": 134.6360478928715,
  "kenduBalanceInUsd": 59138.37683760327,
  "totalUsdBalance": 134.6360478928715
}