{
  "ethBalance": 0.3119048631851912,
  "usdtBalance": 0,
  "usdcBalance": 0.463046,
  "kenduBalance": 4175387837.757599,
  "ethBalanceInUsd": 625.9618699263602,
  "kenduBalanceInUsd": 39624.43058031962,
  "totalUsdBalance": 626.4249159263602
}