{
  "ethBalance": 0.3579040556931112,
  "usdtBalance": 0,
  "usdcBalance": 0,
  "kenduBalance": 3646098337.9468102,
  "ethBalanceInUsd": 653.2894309377497,
  "kenduBalanceInUsd": 41310.29416893736,
  "totalUsdBalance": 653.2894309377497
}