{
  "ethBalance": 0.038589031500035925,
  "usdtBalance": 0,
  "usdcBalance": 0,
  "kenduBalance": 35199894.08324558,
  "ethBalanceInUsd": 125.30360185471166,
  "kenduBalanceInUsd": 290.75112512760853,
  "totalUsdBalance": 125.30360185471166
}