{
  "ethBalance": 0.04459919224178026,
  "usdtBalance": 0,
  "usdcBalance": 0,
  "kenduBalance": 517214787.4674407,
  "ethBalanceInUsd": 108.36488734946558,
  "kenduBalanceInUsd": 28529.56767670403,
  "totalUsdBalance": 108.36488734946558
}