{
  "ethBalance": 0.5002741579676101,
  "usdtBalance": 0,
  "usdcBalance": 100,
  "kenduBalance": 4855925261.348792,
  "ethBalanceInUsd": 1270.6963612377297,
  "kenduBalanceInUsd": 118387.45787168355,
  "totalUsdBalance": 1370.6963612377297
}