{
  "ethBalance": 0.04459919224178026,
  "usdtBalance": 0,
  "usdcBalance": 0,
  "kenduBalance": 517214787.4674407,
  "ethBalanceInUsd": 102.58661600262053,
  "kenduBalanceInUsd": 23766.0194841289,
  "totalUsdBalance": 102.58661600262053
}