{
  "ethBalance": 0.038589031500035925,
  "usdtBalance": 0,
  "usdcBalance": 0,
  "kenduBalance": 35199894.08324558,
  "ethBalanceInUsd": 129.67959802681574,
  "kenduBalanceInUsd": 1700.8588821024266,
  "totalUsdBalance": 129.67959802681574
}