{
  "ethBalance": 0.038589031500035925,
  "usdtBalance": 0,
  "usdcBalance": 0,
  "kenduBalance": 35199894.08324558,
  "ethBalanceInUsd": 142.68950410673784,
  "kenduBalanceInUsd": 1135.19658418467,
  "totalUsdBalance": 142.68950410673784
}