{
  "ethBalance": 8.051792938400936,
  "usdtBalance": 22356.072978,
  "usdcBalance": 88.007775,
  "kenduBalance": 947823769.8171208,
  "ethBalanceInUsd": 19731.64325691595,
  "kenduBalanceInUsd": 90659.3435830076,
  "totalUsdBalance": 42175.724009915946
}