{
  "ethBalance": 0.038589031500035925,
  "usdtBalance": 0,
  "usdcBalance": 0,
  "kenduBalance": 35199894.08324558,
  "ethBalanceInUsd": 134.84512578341054,
  "kenduBalanceInUsd": 1235.1642833810874,
  "totalUsdBalance": 134.84512578341054
}