{
  "ethBalance": 0.30943876692005484,
  "usdtBalance": 0,
  "usdcBalance": 0,
  "kenduBalance": 8110029020.399477,
  "ethBalanceInUsd": 835.4506324197869,
  "kenduBalanceInUsd": 84749.80326317453,
  "totalUsdBalance": 835.4506324197869
}