{
  "ethBalance": 0.0660488809860724,
  "usdtBalance": 0,
  "usdcBalance": 0,
  "kenduBalance": 7622102282.100412,
  "ethBalanceInUsd": 164.4055721064821,
  "kenduBalanceInUsd": 72105.08758866989,
  "totalUsdBalance": 164.4055721064821
}