{
  "ethBalance": 0.04459919224178026,
  "usdtBalance": 0,
  "usdcBalance": 0,
  "kenduBalance": 517214787.4674407,
  "ethBalanceInUsd": 106.87259837705561,
  "kenduBalanceInUsd": 26843.447469560175,
  "totalUsdBalance": 106.87259837705561
}