{
  "ethBalance": 0.5002741579676101,
  "usdtBalance": 0,
  "usdcBalance": 100,
  "kenduBalance": 4855925261.348792,
  "ethBalanceInUsd": 1323.1851258916913,
  "kenduBalanceInUsd": 158691.63754087852,
  "totalUsdBalance": 1423.1851258916913
}