{
  "ethBalance": 0.04272247540230626,
  "usdtBalance": 0,
  "usdcBalance": 0,
  "kenduBalance": 517214787.4674407,
  "ethBalanceInUsd": 109.69380061820753,
  "kenduBalanceInUsd": 24909.064164431944,
  "totalUsdBalance": 109.69380061820753
}