{
  "ethBalance": 0.038589031500035925,
  "usdtBalance": 0,
  "usdcBalance": 0,
  "kenduBalance": 35199894.08324558,
  "ethBalanceInUsd": 98.14502737530138,
  "kenduBalanceInUsd": 1095.772702811435,
  "totalUsdBalance": 98.14502737530138
}