{
  "ethBalance": 0.038589031500035925,
  "usdtBalance": 0,
  "usdcBalance": 0,
  "kenduBalance": 35199894.08324558,
  "ethBalanceInUsd": 157.86657019570197,
  "kenduBalanceInUsd": 1309.788058837568,
  "totalUsdBalance": 157.86657019570197
}