{
  "ethBalance": 0.04272247540230626,
  "usdtBalance": 0,
  "usdcBalance": 0,
  "kenduBalance": 517214787.4674407,
  "ethBalanceInUsd": 104.0488799433008,
  "kenduBalanceInUsd": 23828.085258624993,
  "totalUsdBalance": 104.0488799433008
}