{
  "ethBalance": 13.47560135212183,
  "usdtBalance": 3949.089252,
  "usdcBalance": 8005.206012,
  "kenduBalance": 10805029020.399477,
  "ethBalanceInUsd": 43862.273865075425,
  "kenduBalanceInUsd": 169963.10649088377,
  "totalUsdBalance": 55816.569129075426
}