{
  "ethBalance": 0.04272247540230626,
  "usdtBalance": 0,
  "usdcBalance": 0,
  "kenduBalance": 517214787.4674407,
  "ethBalanceInUsd": 105.47282004845967,
  "kenduBalanceInUsd": 24071.17620873469,
  "totalUsdBalance": 105.47282004845967
}