{
  "ethBalance": 0.038589031500035925,
  "usdtBalance": 0,
  "usdcBalance": 0,
  "kenduBalance": 35199894.08324558,
  "ethBalanceInUsd": 155.30773151693458,
  "kenduBalanceInUsd": 1524.8594116861987,
  "totalUsdBalance": 155.30773151693458
}