{
  "ethBalance": 0.3579488855246269,
  "usdtBalance": 0,
  "usdcBalance": 0,
  "kenduBalance": 3705282011.416198,
  "ethBalanceInUsd": 636.8340212145741,
  "kenduBalanceInUsd": 47279.39846567068,
  "totalUsdBalance": 636.8340212145741
}