{
  "ethBalance": 0.038589031500035925,
  "usdtBalance": 0,
  "usdcBalance": 0,
  "kenduBalance": 35199894.08324558,
  "ethBalanceInUsd": 119.11083407958589,
  "kenduBalanceInUsd": 807.1335713288212,
  "totalUsdBalance": 119.11083407958589
}