{
  "ethBalance": 0.35779268808449755,
  "usdtBalance": 0,
  "usdcBalance": 0,
  "kenduBalance": 3546950453.60037,
  "ethBalanceInUsd": 655.8053738438373,
  "kenduBalanceInUsd": 39832.25359393215,
  "totalUsdBalance": 655.8053738438373
}