{
  "ethBalance": 0.038589031500035925,
  "usdtBalance": 0,
  "usdcBalance": 0,
  "kenduBalance": 35199894.08324558,
  "ethBalanceInUsd": 126.01711304714732,
  "kenduBalanceInUsd": 1072.1887737756604,
  "totalUsdBalance": 126.01711304714732
}