{
  "ethBalance": 0.3579488855246269,
  "usdtBalance": 0,
  "usdcBalance": 0,
  "kenduBalance": 3705282011.416198,
  "ethBalanceInUsd": 574.1321149372253,
  "kenduBalanceInUsd": 48057.507688068086,
  "totalUsdBalance": 574.1321149372253
}