{
  "ethBalance": 0.038589031500035925,
  "usdtBalance": 0,
  "usdcBalance": 0,
  "kenduBalance": 35199894.08324558,
  "ethBalanceInUsd": 126.68470329209794,
  "kenduBalanceInUsd": 478.014561650475,
  "totalUsdBalance": 126.68470329209794
}