{
  "ethBalance": 0.038589031500035925,
  "usdtBalance": 0,
  "usdcBalance": 0,
  "kenduBalance": 35199894.08324558,
  "ethBalanceInUsd": 139.50590900798488,
  "kenduBalanceInUsd": 814.5255490863027,
  "totalUsdBalance": 139.50590900798488
}