{
  "ethBalance": 0.038589031500035925,
  "usdtBalance": 0,
  "usdcBalance": 0,
  "kenduBalance": 35199894.08324558,
  "ethBalanceInUsd": 127.75246179370394,
  "kenduBalanceInUsd": 768.0616888964187,
  "totalUsdBalance": 127.75246179370394
}