{
  "ethBalance": 0.038589031500035925,
  "usdtBalance": 0,
  "usdcBalance": 0,
  "kenduBalance": 35199894.08324558,
  "ethBalanceInUsd": 126.55774537846283,
  "kenduBalanceInUsd": 1071.132776953163,
  "totalUsdBalance": 126.55774537846283
}