{
  "ethBalance": 0.04459919224178026,
  "usdtBalance": 0,
  "usdcBalance": 0,
  "kenduBalance": 517214787.4674407,
  "ethBalanceInUsd": 108.83050291646977,
  "kenduBalanceInUsd": 30650.148305320537,
  "totalUsdBalance": 108.83050291646977
}