{
  "ethBalance": 0.3579488855246269,
  "usdtBalance": 0,
  "usdcBalance": 0,
  "kenduBalance": 3705282011.416198,
  "ethBalanceInUsd": 577.5899011713932,
  "kenduBalanceInUsd": 49761.93741331954,
  "totalUsdBalance": 577.5899011713932
}