{
  "ethBalance": 0.04459919224178026,
  "usdtBalance": 0,
  "usdcBalance": 0,
  "kenduBalance": 517214787.4674407,
  "ethBalanceInUsd": 102.28334149537642,
  "kenduBalanceInUsd": 24950.44134742934,
  "totalUsdBalance": 102.28334149537642
}