{
  "ethBalance": 0.04272247540230626,
  "usdtBalance": 0,
  "usdcBalance": 0,
  "kenduBalance": 517214787.4674407,
  "ethBalanceInUsd": 103.66608656369614,
  "kenduBalanceInUsd": 22798.827831564788,
  "totalUsdBalance": 103.66608656369614
}