{
  "ethBalance": 0.038589031500035925,
  "usdtBalance": 0,
  "usdcBalance": 0,
  "kenduBalance": 35199894.08324558,
  "ethBalanceInUsd": 96.73768539649505,
  "kenduBalanceInUsd": 1627.2911034684435,
  "totalUsdBalance": 96.73768539649505
}