{
  "ethBalance": 0.038589031500035925,
  "usdtBalance": 0,
  "usdcBalance": 0,
  "kenduBalance": 35199894.08324558,
  "ethBalanceInUsd": 101.45249326516945,
  "kenduBalanceInUsd": 1715.6428376173897,
  "totalUsdBalance": 101.45249326516945
}