{
  "ethBalance": 0.5002741579676101,
  "usdtBalance": 0,
  "usdcBalance": 100,
  "kenduBalance": 4855925261.348792,
  "ethBalanceInUsd": 1260.2706477856846,
  "kenduBalanceInUsd": 107995.77781239714,
  "totalUsdBalance": 1360.2706477856846
}