{
  "ethBalance": 0.038589031500035925,
  "usdtBalance": 0,
  "usdcBalance": 0,
  "kenduBalance": 35199894.08324558,
  "ethBalanceInUsd": 114.41069004288151,
  "kenduBalanceInUsd": 1851.5144287787175,
  "totalUsdBalance": 114.41069004288151
}