{
  "ethBalance": 0.04272247540230626,
  "usdtBalance": 0,
  "usdcBalance": 0,
  "kenduBalance": 517214787.4674407,
  "ethBalanceInUsd": 104.28598968178362,
  "kenduBalanceInUsd": 23559.133569141926,
  "totalUsdBalance": 104.28598968178362
}