{
  "ethBalance": 13.475892841222715,
  "usdtBalance": 3949.089252,
  "usdcBalance": 8005.206012,
  "kenduBalance": 10903927414.89931,
  "ethBalanceInUsd": 43900.28134992283,
  "kenduBalanceInUsd": 207610.77797968284,
  "totalUsdBalance": 55854.57661392283
}