{
  "ethBalance": 0.038589031500035925,
  "usdtBalance": 0,
  "usdcBalance": 0,
  "kenduBalance": 35199894.08324558,
  "ethBalanceInUsd": 145.43009712387038,
  "kenduBalanceInUsd": 863.1014029211816,
  "totalUsdBalance": 145.43009712387038
}