{
  "ethBalance": 0.038589031500035925,
  "usdtBalance": 0,
  "usdcBalance": 0,
  "kenduBalance": 35199894.08324558,
  "ethBalanceInUsd": 142.53862099357272,
  "kenduBalanceInUsd": 977.8530576325624,
  "totalUsdBalance": 142.53862099357272
}