{
  "ethBalance": 0.03983369884579122,
  "usdtBalance": 0,
  "usdcBalance": 0,
  "kenduBalance": 1091213805.8365645,
  "ethBalanceInUsd": 104.77816310698077,
  "kenduBalanceInUsd": 46529.35668087111,
  "totalUsdBalance": 104.77816310698077
}