{
  "ethBalance": 0.038589031500035925,
  "usdtBalance": 0,
  "usdcBalance": 0,
  "kenduBalance": 35199894.08324558,
  "ethBalanceInUsd": 125.83844583130214,
  "kenduBalanceInUsd": 804.3175798021615,
  "totalUsdBalance": 125.83844583130214
}