{
  "ethBalance": 0.04459919224178026,
  "usdtBalance": 0,
  "usdcBalance": 0,
  "kenduBalance": 517214787.4674407,
  "ethBalanceInUsd": 112.14065496465469,
  "kenduBalanceInUsd": 34637.874316694506,
  "totalUsdBalance": 112.14065496465469
}