{
  "ethBalance": 0.046325213179724774,
  "usdtBalance": 50113.767042,
  "usdcBalance": 0,
  "kenduBalance": 946492975.4674407,
  "ethBalanceInUsd": 124.40821300267807,
  "kenduBalanceInUsd": 105846.3094465239,
  "totalUsdBalance": 50238.17525500268
}