{
  "ethBalance": 0.038589031500035925,
  "usdtBalance": 0,
  "usdcBalance": 0,
  "kenduBalance": 35199894.08324558,
  "ethBalanceInUsd": 130.0697331352811,
  "kenduBalanceInUsd": 1002.1409845500018,
  "totalUsdBalance": 130.0697331352811
}