{
  "ethBalance": 0.045462183917402754,
  "usdtBalance": 0,
  "usdcBalance": 0,
  "kenduBalance": 307214787.46744066,
  "ethBalanceInUsd": 118.5876521267059,
  "kenduBalanceInUsd": 24865.964897614645,
  "totalUsdBalance": 118.5876521267059
}