{
  "ethBalance": 0.038589031500035925,
  "usdtBalance": 0,
  "usdcBalance": 0,
  "kenduBalance": 35199894.08324558,
  "ethBalanceInUsd": 128.62534568623474,
  "kenduBalanceInUsd": 243.58326705605944,
  "totalUsdBalance": 128.62534568623474
}