{
  "ethBalance": 0.04459919224178026,
  "usdtBalance": 0,
  "usdcBalance": 0,
  "kenduBalance": 517214787.4674407,
  "ethBalanceInUsd": 101.88061078943316,
  "kenduBalanceInUsd": 23595.338604264645,
  "totalUsdBalance": 101.88061078943316
}