{
  "ethBalance": 0.0660488809860724,
  "usdtBalance": 0,
  "usdcBalance": 0,
  "kenduBalance": 7622102282.100412,
  "ethBalanceInUsd": 180.1291687140265,
  "kenduBalanceInUsd": 71037.99326917584,
  "totalUsdBalance": 180.1291687140265
}