{
  "ethBalance": 0.3579040556931112,
  "usdtBalance": 0,
  "usdcBalance": 0,
  "kenduBalance": 3646098337.9468102,
  "ethBalanceInUsd": 638.3183042881069,
  "kenduBalanceInUsd": 38758.02533237459,
  "totalUsdBalance": 638.3183042881069
}