{
  "ethBalance": 0.5002741579676101,
  "usdtBalance": 0,
  "usdcBalance": 100,
  "kenduBalance": 4855925261.348792,
  "ethBalanceInUsd": 1285.0742405377187,
  "kenduBalanceInUsd": 139267.93649548336,
  "totalUsdBalance": 1385.0742405377187
}