{
  "ethBalance": 0.038589031500035925,
  "usdtBalance": 0,
  "usdcBalance": 0,
  "kenduBalance": 35199894.08324558,
  "ethBalanceInUsd": 128.82099207593993,
  "kenduBalanceInUsd": 894.4293086552702,
  "totalUsdBalance": 128.82099207593993
}