{
  "ethBalance": 8.051792938400936,
  "usdtBalance": 22380.187863,
  "usdcBalance": 88.007775,
  "kenduBalance": 947823769.8171208,
  "ethBalanceInUsd": 20267.731630754686,
  "kenduBalanceInUsd": 112127.55196936539,
  "totalUsdBalance": 42735.92726875468
}