{
  "ethBalance": 0.0660488809860724,
  "usdtBalance": 0,
  "usdcBalance": 0,
  "kenduBalance": 7622102282.100412,
  "ethBalanceInUsd": 175.12728695695122,
  "kenduBalanceInUsd": 63034.78587297042,
  "totalUsdBalance": 175.12728695695122
}