{
  "ethBalance": 0.3579488855246269,
  "usdtBalance": 0,
  "usdcBalance": 0,
  "kenduBalance": 3705282011.416198,
  "ethBalanceInUsd": 569.4537230034184,
  "kenduBalanceInUsd": 43833.48619505362,
  "totalUsdBalance": 569.4537230034184
}