{
  "ethBalance": 0.045462183917402754,
  "usdtBalance": 0,
  "usdcBalance": 0,
  "kenduBalance": 307214787.46744066,
  "ethBalanceInUsd": 124.35771250950266,
  "kenduBalanceInUsd": 24217.741696058347,
  "totalUsdBalance": 124.35771250950266
}