{
  "ethBalance": 0.038589031500035925,
  "usdtBalance": 0,
  "usdcBalance": 0,
  "kenduBalance": 35199894.08324558,
  "ethBalanceInUsd": 135.94182605864157,
  "kenduBalanceInUsd": 845.5014558795589,
  "totalUsdBalance": 135.94182605864157
}