{
  "ethBalance": 0.038589031500035925,
  "usdtBalance": 0,
  "usdcBalance": 0,
  "kenduBalance": 35199894.08324558,
  "ethBalanceInUsd": 102.10966447161506,
  "kenduBalanceInUsd": 1436.1556785964199,
  "totalUsdBalance": 102.10966447161506
}