{
  "ethBalance": 0.0660488809860724,
  "usdtBalance": 0,
  "usdcBalance": 0,
  "kenduBalance": 7622102282.100412,
  "ethBalanceInUsd": 179.8312882607793,
  "kenduBalanceInUsd": 63339.669964254426,
  "totalUsdBalance": 179.8312882607793
}