{
  "ethBalance": 13.47560135212183,
  "usdtBalance": 3949.089252,
  "usdcBalance": 8005.206012,
  "kenduBalance": 10805029020.399477,
  "ethBalanceInUsd": 43900.409816901934,
  "kenduBalanceInUsd": 170179.20707129175,
  "totalUsdBalance": 55854.705080901935
}