{
  "ethBalance": 0.5002741579676101,
  "usdtBalance": 0,
  "usdcBalance": 100,
  "kenduBalance": 4855925261.348792,
  "ethBalanceInUsd": 1263.047169362405,
  "kenduBalanceInUsd": 110035.26642216362,
  "totalUsdBalance": 1363.047169362405
}