{
  "ethBalance": 0.0660488809860724,
  "usdtBalance": 0,
  "usdcBalance": 0,
  "kenduBalance": 7622102282.100412,
  "ethBalanceInUsd": 179.10276910350294,
  "kenduBalanceInUsd": 69970.89894968178,
  "totalUsdBalance": 179.10276910350294
}