{
  "ethBalance": 0.04272247540230626,
  "usdtBalance": 0,
  "usdcBalance": 0,
  "kenduBalance": 517214787.4674407,
  "ethBalanceInUsd": 113.75457190519674,
  "kenduBalanceInUsd": 29217.46334403573,
  "totalUsdBalance": 113.75457190519674
}