{
  "ethBalance": 0.038589031500035925,
  "usdtBalance": 0,
  "usdcBalance": 0,
  "kenduBalance": 35199894.08324558,
  "ethBalanceInUsd": 96.06314912587443,
  "kenduBalanceInUsd": 1783.2266342572211,
  "totalUsdBalance": 96.06314912587443
}