{
  "ethBalance": 18.27649738337883,
  "usdtBalance": 0,
  "usdcBalance": 0,
  "kenduBalance": 10805029020.399477,
  "ethBalanceInUsd": 51070.01663837546,
  "kenduBalanceInUsd": 130848.90143703765,
  "totalUsdBalance": 51070.01663837546
}