{
  "ethBalance": 0.038589031500035925,
  "usdtBalance": 0,
  "usdcBalance": 0,
  "kenduBalance": 35199894.08324558,
  "ethBalanceInUsd": 94.28342299309277,
  "kenduBalanceInUsd": 1935.9941745785072,
  "totalUsdBalance": 94.28342299309277
}