{
  "ethBalance": 0.038589031500035925,
  "usdtBalance": 0,
  "usdcBalance": 0,
  "kenduBalance": 35199894.08324558,
  "ethBalanceInUsd": 125.31209144164166,
  "kenduBalanceInUsd": 740.605771511487,
  "totalUsdBalance": 125.31209144164166
}