{
  "ethBalance": 0.038589031500035925,
  "usdtBalance": 0,
  "usdcBalance": 0,
  "kenduBalance": 35199894.08324558,
  "ethBalanceInUsd": 142.09446124100728,
  "kenduBalanceInUsd": 887.7413287794536,
  "totalUsdBalance": 142.09446124100728
}