{
  "ethBalance": 0.04459919224178026,
  "usdtBalance": 0,
  "usdcBalance": 0,
  "kenduBalance": 517214787.4674407,
  "ethBalanceInUsd": 105.38922924309401,
  "kenduBalanceInUsd": 27531.34313689187,
  "totalUsdBalance": 105.38922924309401
}