{
  "ethBalance": 0.5002741579676101,
  "usdtBalance": 0,
  "usdcBalance": 100,
  "kenduBalance": 4855925261.348792,
  "ethBalanceInUsd": 1244.2418637644023,
  "kenduBalanceInUsd": 109646.79240125573,
  "totalUsdBalance": 1344.2418637644023
}