{
  "ethBalance": 0.3117728554842481,
  "usdtBalance": 0,
  "usdcBalance": 0.463046,
  "kenduBalance": 4113980899.4295063,
  "ethBalanceInUsd": 553.7647104540118,
  "kenduBalanceInUsd": 46899.38225349637,
  "totalUsdBalance": 554.2277564540118
}