{
  "ethBalance": 0.045462183917402754,
  "usdtBalance": 0,
  "usdcBalance": 0,
  "kenduBalance": 307214787.46744066,
  "ethBalanceInUsd": 125.83159651210487,
  "kenduBalanceInUsd": 23953.53697883635,
  "totalUsdBalance": 125.83159651210487
}