{
  "ethBalance": 13.47560135212183,
  "usdtBalance": 3949.089252,
  "usdcBalance": 8005.206012,
  "kenduBalance": 10805029020.399477,
  "ethBalanceInUsd": 45710.72210254598,
  "kenduBalanceInUsd": 199136.6848459624,
  "totalUsdBalance": 57665.01736654598
}