{
  "ethBalance": 0.35703877941042383,
  "usdtBalance": 0,
  "usdcBalance": 0,
  "kenduBalance": 4855947774.956796,
  "ethBalanceInUsd": 892.264902461208,
  "kenduBalanceInUsd": 156361.51835360882,
  "totalUsdBalance": 892.264902461208
}