{
  "ethBalance": 0.04459919224178026,
  "usdtBalance": 0,
  "usdcBalance": 0,
  "kenduBalance": 517214787.4674407,
  "ethBalanceInUsd": 108.09863017178216,
  "kenduBalanceInUsd": 27665.8189816334,
  "totalUsdBalance": 108.09863017178216
}