{
  "ethBalance": 3.9773126053695473,
  "usdtBalance": 0,
  "usdcBalance": 0,
  "kenduBalance": 8110029020.399477,
  "ethBalanceInUsd": 10672.163821483893,
  "kenduBalanceInUsd": 109647.59235580092,
  "totalUsdBalance": 10672.163821483893
}