{
  "ethBalance": 0.04459919224178026,
  "usdtBalance": 0,
  "usdcBalance": 0,
  "kenduBalance": 517214787.4674407,
  "ethBalanceInUsd": 115.41289769943413,
  "kenduBalanceInUsd": 37803.228815995244,
  "totalUsdBalance": 115.41289769943413
}