{
  "ethBalance": 3.371722737510652,
  "usdtBalance": 3949.089252,
  "usdcBalance": 5005.206012,
  "kenduBalance": 12581268339.85095,
  "ethBalanceInUsd": 10793.6936962286,
  "kenduBalanceInUsd": 286475.48009840614,
  "totalUsdBalance": 19747.9889602286
}