{
  "ethBalance": 0.11420553765466597,
  "usdtBalance": 0,
  "usdcBalance": 0,
  "kenduBalance": 11896082608.223656,
  "ethBalanceInUsd": 380.8834624659469,
  "kenduBalanceInUsd": 313104.8942484466,
  "totalUsdBalance": 380.8834624659469
}