{
  "ethBalance": 0.3579488855246269,
  "usdtBalance": 0,
  "usdcBalance": 0,
  "kenduBalance": 3705282011.416198,
  "ethBalanceInUsd": 600.2265886919706,
  "kenduBalanceInUsd": 48242.7717886389,
  "totalUsdBalance": 600.2265886919706
}