{
  "ethBalance": 0.06254024854608203,
  "usdtBalance": 0,
  "usdcBalance": 0,
  "kenduBalance": 6456272656.749752,
  "ethBalanceInUsd": 157.61768680074871,
  "kenduBalanceInUsd": 70696.18559140978,
  "totalUsdBalance": 157.61768680074871
}