{
  "ethBalance": 0.10788809429719365,
  "usdtBalance": 3946.421819,
  "usdcBalance": 0,
  "kenduBalance": 13268928669.075045,
  "ethBalanceInUsd": 359.2328298194797,
  "kenduBalanceInUsd": 325619.50953910156,
  "totalUsdBalance": 4305.65464881948
}