{
  "ethBalance": 0.038589031500035925,
  "usdtBalance": 0,
  "usdcBalance": 0,
  "kenduBalance": 35199894.08324558,
  "ethBalanceInUsd": 103.08326573636097,
  "kenduBalanceInUsd": 1185.5324327237113,
  "totalUsdBalance": 103.08326573636097
}