{
  "ethBalance": 0.04459919224178026,
  "usdtBalance": 0,
  "usdcBalance": 0,
  "kenduBalance": 517214787.4674407,
  "ethBalanceInUsd": 111.63579210847776,
  "kenduBalanceInUsd": 31069.092283169164,
  "totalUsdBalance": 111.63579210847776
}