{
  "ethBalance": 0.5002741579676101,
  "usdtBalance": 0,
  "usdcBalance": 100,
  "kenduBalance": 4855925261.348792,
  "ethBalanceInUsd": 1298.166415251731,
  "kenduBalanceInUsd": 119698.55769224772,
  "totalUsdBalance": 1398.166415251731
}