{
  "ethBalance": 0.30943876692005484,
  "usdtBalance": 0,
  "usdcBalance": 0,
  "kenduBalance": 8110029020.399477,
  "ethBalanceInUsd": 822.0890664641789,
  "kenduBalanceInUsd": 74855.56785828718,
  "totalUsdBalance": 822.0890664641789
}