{
  "ethBalance": 0.038589031500035925,
  "usdtBalance": 0,
  "usdcBalance": 0,
  "kenduBalance": 35199894.08324558,
  "ethBalanceInUsd": 132.137333443053,
  "kenduBalanceInUsd": 610.3661634034784,
  "totalUsdBalance": 132.137333443053
}