{
  "ethBalance": 0.3579040556931112,
  "usdtBalance": 0,
  "usdcBalance": 0,
  "kenduBalance": 3646098337.9468102,
  "ethBalanceInUsd": 638.8766346149881,
  "kenduBalanceInUsd": 42841.65547087502,
  "totalUsdBalance": 638.8766346149881
}