{
  "ethBalance": 0.3579488855246269,
  "usdtBalance": 0,
  "usdcBalance": 0,
  "kenduBalance": 3705282011.416198,
  "ethBalanceInUsd": 632.6997115867647,
  "kenduBalanceInUsd": 47761.08512715479,
  "totalUsdBalance": 632.6997115867647
}