{
  "ethBalance": 0.7404211583199757,
  "usdtBalance": 0,
  "usdcBalance": null,
  "kenduBalance": 4745282940.56362,
  "ethBalanceInUsd": 3183.396344927236,
  "kenduBalanceInUsd": 85177.82878311697,
  "totalUsdBalance": null
}