{
  "ethBalance": 0.038589031500035925,
  "usdtBalance": 0,
  "usdcBalance": 0,
  "kenduBalance": 35199894.08324558,
  "ethBalanceInUsd": 124.55150163077595,
  "kenduBalanceInUsd": 727.5818107006862,
  "totalUsdBalance": 124.55150163077595
}