{
  "ethBalance": 0.04459919224178026,
  "usdtBalance": 0,
  "usdcBalance": 0,
  "kenduBalance": 517214787.4674407,
  "ethBalanceInUsd": 104.0864868377116,
  "kenduBalanceInUsd": 25312.49169865655,
  "totalUsdBalance": 104.0864868377116
}