{
  "ethBalance": 0.038589031500035925,
  "usdtBalance": 0,
  "usdcBalance": 0,
  "kenduBalance": 35199894.08324558,
  "ethBalanceInUsd": 121.08504893112773,
  "kenduBalanceInUsd": 1906.7782624894132,
  "totalUsdBalance": 121.08504893112773
}