{
  "ethBalance": 13.475892841222715,
  "usdtBalance": 3949.089252,
  "usdcBalance": 8005.206012,
  "kenduBalance": 10903927414.89931,
  "ethBalanceInUsd": 43826.433457152925,
  "kenduBalanceInUsd": 223094.35490883986,
  "totalUsdBalance": 55780.728721152926
}