{
  "ethBalance": 0.04272247540230626,
  "usdtBalance": 0,
  "usdcBalance": 0,
  "kenduBalance": 517214787.4674407,
  "ethBalanceInUsd": 102.66638063928217,
  "kenduBalanceInUsd": 24205.652053476224,
  "totalUsdBalance": 102.66638063928217
}