{
  "ethBalance": 0.038589031500035925,
  "usdtBalance": 0,
  "usdcBalance": 0,
  "kenduBalance": 35199894.08324558,
  "ethBalanceInUsd": 119.1150788730509,
  "kenduBalanceInUsd": 1187.9964253095384,
  "totalUsdBalance": 119.1150788730509
}