{
  "ethBalance": 0.5002741579676101,
  "usdtBalance": 0,
  "usdcBalance": 100,
  "kenduBalance": 4855925261.348792,
  "ethBalanceInUsd": 1172.472533062369,
  "kenduBalanceInUsd": 96487.2349430005,
  "totalUsdBalance": 1272.472533062369
}