{
  "ethBalance": 0.3579488855246269,
  "usdtBalance": 0,
  "usdcBalance": 0,
  "kenduBalance": 3705282011.416198,
  "ethBalanceInUsd": 591.5212717960117,
  "kenduBalanceInUsd": 48687.405630008834,
  "totalUsdBalance": 591.5212717960117
}