{
  "ethBalance": 0.04459919224178026,
  "usdtBalance": 0,
  "usdcBalance": 0,
  "kenduBalance": 517214787.4674407,
  "ethBalanceInUsd": 114.60030041678888,
  "kenduBalanceInUsd": 35599.89382138395,
  "totalUsdBalance": 114.60030041678888
}