{
  "ethBalance": 0.5002741579676101,
  "usdtBalance": 0,
  "usdcBalance": 100,
  "kenduBalance": 4855925261.348792,
  "ethBalanceInUsd": 1236.602677372237,
  "kenduBalanceInUsd": 106344.76322353855,
  "totalUsdBalance": 1336.602677372237
}