{
  "ethBalance": 0.5002741579676101,
  "usdtBalance": 0,
  "usdcBalance": null,
  "kenduBalance": 4855925261.348792,
  "ethBalanceInUsd": 1236.6527047880336,
  "kenduBalanceInUsd": 98041.13102663212,
  "totalUsdBalance": null
}