{
  "ethBalance": 0.038589031500035925,
  "usdtBalance": 0,
  "usdcBalance": 0,
  "kenduBalance": 35199894.08324558,
  "ethBalanceInUsd": 103.29589129992617,
  "kenduBalanceInUsd": 1104.5726763322464,
  "totalUsdBalance": 103.29589129992617
}