{
  "ethBalance": 0.038589031500035925,
  "usdtBalance": 0,
  "usdcBalance": 0,
  "kenduBalance": 35199894.08324558,
  "ethBalanceInUsd": 94.15646507945766,
  "kenduBalanceInUsd": 1885.3063270986336,
  "totalUsdBalance": 94.15646507945766
}