{
  "ethBalance": 0.04272247540230626,
  "usdtBalance": 0,
  "usdcBalance": 0,
  "kenduBalance": 517214787.4674407,
  "ethBalanceInUsd": 105.4826462178022,
  "kenduBalanceInUsd": 26455.536378959594,
  "totalUsdBalance": 105.4826462178022
}