{
  "ethBalance": 13.47560135212183,
  "usdtBalance": 3949.089252,
  "usdcBalance": 8005.206012,
  "kenduBalance": 10805029020.399477,
  "ethBalanceInUsd": 38827.92395593623,
  "kenduBalanceInUsd": 138736.57262192928,
  "totalUsdBalance": 50782.21921993623
}