{
  "ethBalance": 8.056063080971311,
  "usdtBalance": 22313.097842,
  "usdcBalance": 88.007775,
  "kenduBalance": 319823769.8171208,
  "ethBalanceInUsd": 24004.651162370214,
  "kenduBalanceInUsd": 40400.1386032987,
  "totalUsdBalance": 46405.75677937021
}