{
  "ethBalance": 0.038589031500035925,
  "usdtBalance": 0,
  "usdcBalance": 0,
  "kenduBalance": 35199894.08324558,
  "ethBalanceInUsd": 102.1389921355551,
  "kenduBalanceInUsd": 1482.2675398454714,
  "totalUsdBalance": 102.1389921355551
}