{
  "ethBalance": 4.466168341671865,
  "usdtBalance": 0,
  "usdcBalance": 0,
  "kenduBalance": 8305029020.399477,
  "ethBalanceInUsd": 12308.447317863742,
  "kenduBalanceInUsd": 123080.53008232026,
  "totalUsdBalance": 12308.447317863742
}