{
  "ethBalance": 0.3196155371451788,
  "usdtBalance": 0,
  "usdcBalance": 884.463046,
  "kenduBalance": 5453954448.539579,
  "ethBalanceInUsd": 644.4823575656529,
  "kenduBalanceInUsd": 38123.14159529166,
  "totalUsdBalance": 1528.945403565653
}