{
  "ethBalance": 0.038589031500035925,
  "usdtBalance": 0,
  "usdcBalance": 0,
  "kenduBalance": 35199894.08324558,
  "ethBalanceInUsd": 124.9169397590813,
  "kenduBalanceInUsd": 1871.9303673470001,
  "totalUsdBalance": 124.9169397590813
}