{
  "ethBalance": 0.35779268808449755,
  "usdtBalance": 0,
  "usdcBalance": 0,
  "kenduBalance": 3546950453.60037,
  "ethBalanceInUsd": 645.2182882034169,
  "kenduBalanceInUsd": 39122.86350321208,
  "totalUsdBalance": 645.2182882034169
}