{
  "ethBalance": 0.5002741579676101,
  "usdtBalance": 0,
  "usdcBalance": 100,
  "kenduBalance": 4855925261.348792,
  "ethBalanceInUsd": 1322.7198709247814,
  "kenduBalanceInUsd": 122563.55359644351,
  "totalUsdBalance": 1422.7198709247814
}