{
  "ethBalance": 0.3406431199402911,
  "usdtBalance": 0,
  "usdcBalance": 154.403285,
  "kenduBalance": 4113980899.4295063,
  "ethBalanceInUsd": 595.0558404988969,
  "kenduBalanceInUsd": 45253.78989372457,
  "totalUsdBalance": 749.4591254988969
}