{
  "ethBalance": 0.3117728554842481,
  "usdtBalance": 0,
  "usdcBalance": 0.463046,
  "kenduBalance": 4113980899.4295063,
  "ethBalanceInUsd": 586.6505112504904,
  "kenduBalanceInUsd": 45253.78989372457,
  "totalUsdBalance": 587.1135572504903
}