{
  "ethBalance": 0.038589031500035925,
  "usdtBalance": 0,
  "usdcBalance": 0,
  "kenduBalance": 35199894.08324558,
  "ethBalanceInUsd": 130.98545085277695,
  "kenduBalanceInUsd": 1107.388667858906,
  "totalUsdBalance": 130.98545085277695
}