{
  "ethBalance": 0.045462183917402754,
  "usdtBalance": 0,
  "usdcBalance": 0,
  "kenduBalance": 307214787.46744066,
  "ethBalanceInUsd": 125.56609735802722,
  "kenduBalanceInUsd": 26531.06904568818,
  "totalUsdBalance": 125.56609735802722
}