{
  "ethBalance": 0.5002741579676101,
  "usdtBalance": 0,
  "usdcBalance": 100,
  "kenduBalance": 4855925261.348792,
  "ethBalanceInUsd": 1261.796483967486,
  "kenduBalanceInUsd": 124651.6014588235,
  "totalUsdBalance": 1361.796483967486
}