{
  "ethBalance": 0.0624422229661258,
  "usdtBalance": 0,
  "usdcBalance": 0,
  "kenduBalance": 6379544426.92592,
  "ethBalanceInUsd": 141.1856126597884,
  "kenduBalanceInUsd": 53907.15040752402,
  "totalUsdBalance": 141.1856126597884
}