{
  "ethBalance": 0.038589031500035925,
  "usdtBalance": 0,
  "usdcBalance": 0,
  "kenduBalance": 35199894.08324558,
  "ethBalanceInUsd": 140.59566325754588,
  "kenduBalanceInUsd": 1051.4208362665456,
  "totalUsdBalance": 140.59566325754588
}