{
  "ethBalance": 0.038589031500035925,
  "usdtBalance": 0,
  "usdcBalance": 0,
  "kenduBalance": 35199894.08324558,
  "ethBalanceInUsd": 127.87440313324404,
  "kenduBalanceInUsd": 384.3828433890418,
  "totalUsdBalance": 127.87440313324404
}