{
  "ethBalance": 0.038589031500035925,
  "usdtBalance": 0,
  "usdcBalance": 0,
  "kenduBalance": 35199894.08324558,
  "ethBalanceInUsd": 129.47353259860554,
  "kenduBalanceInUsd": 307.29507534673394,
  "totalUsdBalance": 129.47353259860554
}