{
  "ethBalance": 0.30943876692005484,
  "usdtBalance": 0,
  "usdcBalance": 0,
  "kenduBalance": 8110029020.399477,
  "ethBalanceInUsd": 848.44396624276,
  "kenduBalanceInUsd": 89372.51980480223,
  "totalUsdBalance": 848.44396624276
}