{
  "ethBalance": 0.038589031500035925,
  "usdtBalance": 0,
  "usdcBalance": 0,
  "kenduBalance": 35199894.08324558,
  "ethBalanceInUsd": 127.6116118287288,
  "kenduBalanceInUsd": 776.86166241723,
  "totalUsdBalance": 127.6116118287288
}