{
  "ethBalance": 0.3117728554842481,
  "usdtBalance": 0,
  "usdcBalance": 0.463046,
  "kenduBalance": 4113980899.4295063,
  "ethBalanceInUsd": 565.2285983501677,
  "kenduBalanceInUsd": 43032.240208032636,
  "totalUsdBalance": 565.6916443501676
}