{
  "ethBalance": 0.3579488855246269,
  "usdtBalance": 0,
  "usdcBalance": 0,
  "kenduBalance": 3705282011.416198,
  "ethBalanceInUsd": 568.7127688103824,
  "kenduBalanceInUsd": 45686.12720076172,
  "totalUsdBalance": 568.7127688103824
}