{
  "ethBalance": 0.038589031500035925,
  "usdtBalance": 0,
  "usdcBalance": 0,
  "kenduBalance": 35199894.08324558,
  "ethBalanceInUsd": 129.1107957025052,
  "kenduBalanceInUsd": 1709.3068566824056,
  "totalUsdBalance": 129.1107957025052
}