{
  "ethBalance": 0.357215510728175,
  "usdtBalance": 0,
  "usdcBalance": 0,
  "kenduBalance": 4299933763.203477,
  "ethBalanceInUsd": 931.8430977508391,
  "kenduBalanceInUsd": 98898.47655367997,
  "totalUsdBalance": 931.8430977508391
}