{
  "ethBalance": 0.038589031500035925,
  "usdtBalance": 0,
  "usdcBalance": 0,
  "kenduBalance": 13206739398.082659,
  "ethBalanceInUsd": 128.63923773757477,
  "kenduBalanceInUsd": 442029.5676538266,
  "totalUsdBalance": 128.63923773757477
}