{
  "ethBalance": 0.5002741579676101,
  "usdtBalance": 0,
  "usdcBalance": 100,
  "kenduBalance": 4855925261.348792,
  "ethBalanceInUsd": 1292.0930869740043,
  "kenduBalanceInUsd": 120426.94648145004,
  "totalUsdBalance": 1392.0930869740043
}