{
  "ethBalance": 0.04841366454199495,
  "usdtBalance": 90113.767042,
  "usdcBalance": 0,
  "kenduBalance": 946492975.4674407,
  "ethBalanceInUsd": 115.86987575829278,
  "kenduBalanceInUsd": 97838.97887406935,
  "totalUsdBalance": 90229.6369177583
}