{
  "ethBalance": 0.5002741579676101,
  "usdtBalance": 0,
  "usdcBalance": 100,
  "kenduBalance": 4855925261.348792,
  "ethBalanceInUsd": 1289.4466366783556,
  "kenduBalanceInUsd": 126156.93828984161,
  "totalUsdBalance": 1389.4466366783556
}