{
  "ethBalance": 0.04459919224178026,
  "usdtBalance": 0,
  "usdcBalance": 0,
  "kenduBalance": 517214787.4674407,
  "ethBalanceInUsd": 112.44972736689024,
  "kenduBalanceInUsd": 30789.796297936748,
  "totalUsdBalance": 112.44972736689024
}