{
  "ethBalance": 0.3196155371451788,
  "usdtBalance": 0,
  "usdcBalance": 884.463046,
  "kenduBalance": 5453954448.539579,
  "ethBalanceInUsd": 608.2954864500758,
  "kenduBalanceInUsd": 38123.14159529166,
  "totalUsdBalance": 1492.7585324500758
}