{
  "ethBalance": 0.9904211583199757,
  "usdtBalance": 0,
  "usdcBalance": null,
  "kenduBalance": 4745282940.56362,
  "ethBalanceInUsd": 4428.945527352101,
  "kenduBalanceInUsd": 81618.86657769427,
  "totalUsdBalance": null
}