{
  "ethBalance": 0.038589031500035925,
  "usdtBalance": 0,
  "usdcBalance": 0,
  "kenduBalance": 35199894.08324558,
  "ethBalanceInUsd": 96.16695362060952,
  "kenduBalanceInUsd": 1799.7705844763466,
  "totalUsdBalance": 96.16695362060952
}