{
  "ethBalance": 0.045462183917402754,
  "usdtBalance": 0,
  "usdcBalance": 0,
  "kenduBalance": 307214787.46744066,
  "ethBalanceInUsd": 118.38352692091678,
  "kenduBalanceInUsd": 26712.325770293966,
  "totalUsdBalance": 118.38352692091678
}