{
  "ethBalance": 0.0624422229661258,
  "usdtBalance": 0,
  "usdcBalance": 0,
  "kenduBalance": 6384544426.92592,
  "ethBalanceInUsd": 127.80237101145866,
  "kenduBalanceInUsd": 45202.57454263551,
  "totalUsdBalance": 127.80237101145866
}