{
  "ethBalance": 0.35703877941042383,
  "usdtBalance": 0,
  "usdcBalance": 0,
  "kenduBalance": 4855947774.956796,
  "ethBalanceInUsd": 924.3983926081461,
  "kenduBalanceInUsd": 193703.75674302658,
  "totalUsdBalance": 924.3983926081461
}