{
  "ethBalance": 8.051792938400936,
  "usdtBalance": 22356.072978,
  "usdcBalance": 88.007775,
  "kenduBalance": 947823769.8171208,
  "ethBalanceInUsd": 19884.385768957414,
  "kenduBalanceInUsd": 97900.7171844104,
  "totalUsdBalance": 42328.466521957416
}