{
  "ethBalance": 0.5002741579676101,
  "usdtBalance": 0,
  "usdcBalance": 100,
  "kenduBalance": 4855925261.348792,
  "ethBalanceInUsd": 1381.3369940138462,
  "kenduBalanceInUsd": 124797.27921666396,
  "totalUsdBalance": 1481.3369940138462
}