{
  "ethBalance": 0.5002741579676101,
  "usdtBalance": 0,
  "usdcBalance": 100,
  "kenduBalance": 4855925261.348792,
  "ethBalanceInUsd": 1266.2639321981367,
  "kenduBalanceInUsd": 121398.1315337198,
  "totalUsdBalance": 1366.2639321981367
}