{
  "ethBalance": 0.0624422229661258,
  "usdtBalance": 0,
  "usdcBalance": 0,
  "kenduBalance": 6379544426.92592,
  "ethBalanceInUsd": 136.28577142363653,
  "kenduBalanceInUsd": 52248.46885652328,
  "totalUsdBalance": 136.28577142363653
}