{
  "ethBalance": 0.038589031500035925,
  "usdtBalance": 0,
  "usdcBalance": 0,
  "kenduBalance": 35199894.08324558,
  "ethBalanceInUsd": 130.7238172192067,
  "kenduBalanceInUsd": 1083.8047388231316,
  "totalUsdBalance": 130.7238172192067
}