{
  "ethBalance": 0.5002741579676101,
  "usdtBalance": 0,
  "usdcBalance": 100,
  "kenduBalance": 4855925261.348792,
  "ethBalanceInUsd": 1279.5912357663938,
  "kenduBalanceInUsd": 131352.77831948482,
  "totalUsdBalance": 1379.5912357663938
}