{
  "ethBalance": 0.5002741579676101,
  "usdtBalance": 0,
  "usdcBalance": 100,
  "kenduBalance": 4855925261.348792,
  "ethBalanceInUsd": 1278.3255421467356,
  "kenduBalanceInUsd": 132663.878140049,
  "totalUsdBalance": 1378.3255421467356
}