{
  "ethBalance": 0.7404211583199757,
  "usdtBalance": 0,
  "usdcBalance": null,
  "kenduBalance": 4745282940.56362,
  "ethBalanceInUsd": 2827.7942752209015,
  "kenduBalanceInUsd": 81951.0363835337,
  "totalUsdBalance": null
}