{
  "ethBalance": 0.038589031500035925,
  "usdtBalance": 0,
  "usdcBalance": 0,
  "kenduBalance": 35199894.08324558,
  "ethBalanceInUsd": 97.00240615258531,
  "kenduBalanceInUsd": 1577.659252811067,
  "totalUsdBalance": 97.00240615258531
}