{
  "ethBalance": 0.038589031500035925,
  "usdtBalance": 0,
  "usdcBalance": 0,
  "kenduBalance": 35199894.08324558,
  "ethBalanceInUsd": 149.37042313033908,
  "kenduBalanceInUsd": 1199.964389297842,
  "totalUsdBalance": 149.37042313033908
}