{
  "ethBalance": 0.038589031500035925,
  "usdtBalance": 0,
  "usdcBalance": 0,
  "kenduBalance": 35199894.08324558,
  "ethBalanceInUsd": 131.20000586791713,
  "kenduBalanceInUsd": 1158.7805132204446,
  "totalUsdBalance": 131.20000586791713
}