{
  "ethBalance": 0.038589031500035925,
  "usdtBalance": 0,
  "usdcBalance": 0,
  "kenduBalance": 35199894.08324558,
  "ethBalanceInUsd": 154.1280648239785,
  "kenduBalanceInUsd": 1668.122980605008,
  "totalUsdBalance": 154.1280648239785
}