{
  "ethBalance": 0.35779268808449755,
  "usdtBalance": 0,
  "usdcBalance": 0,
  "kenduBalance": 3546950453.60037,
  "ethBalanceInUsd": 646.4347833429042,
  "kenduBalanceInUsd": 38980.985485068064,
  "totalUsdBalance": 646.4347833429042
}