{
  "ethBalance": 0.3406431199402911,
  "usdtBalance": 0,
  "usdcBalance": 154.403285,
  "kenduBalance": 4113980899.4295063,
  "ethBalanceInUsd": 608.5044308741396,
  "kenduBalanceInUsd": 45747.46760165611,
  "totalUsdBalance": 762.9077158741396
}