{
  "ethBalance": 0.04272247540230626,
  "usdtBalance": 0,
  "usdcBalance": 0,
  "kenduBalance": 517214787.4674407,
  "ethBalanceInUsd": 104.83924573824348,
  "kenduBalanceInUsd": 27417.555883649035,
  "totalUsdBalance": 104.83924573824348
}