{
  "ethBalance": 0.04272247540230626,
  "usdtBalance": 0,
  "usdcBalance": 0,
  "kenduBalance": 517214787.4674407,
  "ethBalanceInUsd": 102.67364346010056,
  "kenduBalanceInUsd": 22219.547269601255,
  "totalUsdBalance": 102.67364346010056
}