{
  "ethBalance": 0.10788809429719365,
  "usdtBalance": 3946.421819,
  "usdcBalance": 0,
  "kenduBalance": 13268928669.075045,
  "ethBalanceInUsd": 341.12812871546765,
  "kenduBalanceInUsd": 313677.4737369341,
  "totalUsdBalance": 4287.549947715468
}