{
  "ethBalance": 0.038589031500035925,
  "usdtBalance": 0,
  "usdcBalance": 0,
  "kenduBalance": 35199894.08324558,
  "ethBalanceInUsd": 148.17956561824795,
  "kenduBalanceInUsd": 1471.707571620498,
  "totalUsdBalance": 148.17956561824795
}