{
  "ethBalance": 0.3119048631851912,
  "usdtBalance": 0,
  "usdcBalance": 0.463046,
  "kenduBalance": 4175387837.757599,
  "ethBalanceInUsd": 626.4858700965112,
  "kenduBalanceInUsd": 39206.89179654385,
  "totalUsdBalance": 626.9489160965112
}