{
  "ethBalance": 8.051792938400936,
  "usdtBalance": 22356.072978,
  "usdcBalance": 88.007775,
  "kenduBalance": 947823769.8171208,
  "ethBalanceInUsd": 20194.37979708585,
  "kenduBalanceInUsd": 113672.5047141673,
  "totalUsdBalance": 42638.46055008585
}