{
  "ethBalance": 0.04459919224178026,
  "usdtBalance": 0,
  "usdcBalance": 0,
  "kenduBalance": 517214787.4674407,
  "ethBalanceInUsd": 104.46067406062014,
  "kenduBalanceInUsd": 27908.9099317431,
  "totalUsdBalance": 104.46067406062014
}