{
  "ethBalance": 0.35779268808449755,
  "usdtBalance": 0,
  "usdcBalance": 0,
  "kenduBalance": 3546950453.60037,
  "ethBalanceInUsd": 864.2339263605804,
  "kenduBalanceInUsd": 58808.43852069414,
  "totalUsdBalance": 864.2339263605804
}