{
  "ethBalance": 0.3119048631851912,
  "usdtBalance": 0,
  "usdcBalance": 0.463046,
  "kenduBalance": 4175387837.757599,
  "ethBalanceInUsd": 641.3886844594998,
  "kenduBalanceInUsd": 58705.952998871835,
  "totalUsdBalance": 641.8517304594998
}