{
  "ethBalance": 0.5002741579676101,
  "usdtBalance": 0,
  "usdcBalance": 100,
  "kenduBalance": 4855925261.348792,
  "ethBalanceInUsd": 1255.973292768743,
  "kenduBalanceInUsd": 116105.17299884962,
  "totalUsdBalance": 1355.973292768743
}