{
  "ethBalance": 0.5002741579676101,
  "usdtBalance": 0,
  "usdcBalance": 100,
  "kenduBalance": 4855925261.348792,
  "ethBalanceInUsd": 1276.09932214378,
  "kenduBalanceInUsd": 139462.1735059373,
  "totalUsdBalance": 1376.09932214378
}