{
  "ethBalance": 0.5002741579676101,
  "usdtBalance": 0,
  "usdcBalance": 100,
  "kenduBalance": 4855925261.348792,
  "ethBalanceInUsd": 1271.571841014173,
  "kenduBalanceInUsd": 126059.81978461464,
  "totalUsdBalance": 1371.571841014173
}