{
  "ethBalance": 18.27649738337883,
  "usdtBalance": 0,
  "usdcBalance": 0,
  "kenduBalance": 10805029020.399477,
  "ethBalanceInUsd": 49431.52864795555,
  "kenduBalanceInUsd": 127499.34244071384,
  "totalUsdBalance": 49431.52864795555
}