{
  "ethBalance": 2.037084045317489,
  "usdtBalance": 0,
  "usdcBalance": 0,
  "kenduBalance": 8110029020.399477,
  "ethBalanceInUsd": 5299.22969380801,
  "kenduBalanceInUsd": 101618.66362560545,
  "totalUsdBalance": 5299.22969380801
}