{
  "ethBalance": 3.9773126053695473,
  "usdtBalance": 0,
  "usdcBalance": 0,
  "kenduBalance": 8110029020.399477,
  "ethBalanceInUsd": 10577.623100854256,
  "kenduBalanceInUsd": 106971.28277906911,
  "totalUsdBalance": 10577.623100854256
}