{
  "ethBalance": 0.35703877941042383,
  "usdtBalance": 0,
  "usdcBalance": 0,
  "kenduBalance": 4855947774.956796,
  "ethBalanceInUsd": 886.6236897465232,
  "kenduBalanceInUsd": 161508.822995063,
  "totalUsdBalance": 886.6236897465232
}