{
  "ethBalance": 0.3579488855246269,
  "usdtBalance": 0,
  "usdcBalance": 0,
  "kenduBalance": 3705282011.416198,
  "ethBalanceInUsd": 569.8725231994822,
  "kenduBalanceInUsd": 42203.16211003049,
  "totalUsdBalance": 569.8725231994822
}