{
  "ethBalance": 0.038589031500035925,
  "usdtBalance": 0,
  "usdcBalance": 0,
  "kenduBalance": 35199894.08324558,
  "ethBalanceInUsd": 154.0215590970384,
  "kenduBalanceInUsd": 1725.850806901531,
  "totalUsdBalance": 154.0215590970384
}