{
  "ethBalance": 0.3579488855246269,
  "usdtBalance": 0,
  "usdcBalance": 0,
  "kenduBalance": 3705282011.416198,
  "ethBalanceInUsd": 566.3538856547751,
  "kenduBalanceInUsd": 37423.3483153036,
  "totalUsdBalance": 566.3538856547751
}