{
  "ethBalance": 0.5002741579676101,
  "usdtBalance": 0,
  "usdcBalance": 100,
  "kenduBalance": 4855925261.348792,
  "ethBalanceInUsd": 1120.0888259815806,
  "kenduBalanceInUsd": 97215.62373220282,
  "totalUsdBalance": 1220.0888259815806
}