{
  "ethBalance": 9.83774027698866,
  "usdtBalance": 3949.089252,
  "usdcBalance": 8005.206012,
  "kenduBalance": 11515381333.82473,
  "ethBalanceInUsd": 31442.10656707515,
  "kenduBalanceInUsd": 237101.7016634512,
  "totalUsdBalance": 43396.40183107515
}