{
  "ethBalance": 0.045462183917402754,
  "usdtBalance": 0,
  "usdcBalance": 0,
  "kenduBalance": 307214787.46744066,
  "ethBalanceInUsd": 123.15478312304818,
  "kenduBalanceInUsd": 29440.393083004838,
  "totalUsdBalance": 123.15478312304818
}