{
  "ethBalance": 0.5002741579676101,
  "usdtBalance": 0,
  "usdcBalance": 100,
  "kenduBalance": 4855925261.348792,
  "ethBalanceInUsd": 1261.4362865737492,
  "kenduBalanceInUsd": 126011.26053200116,
  "totalUsdBalance": 1361.4362865737492
}