{
  "ethBalance": 0.7135340112304981,
  "usdtBalance": 0,
  "usdcBalance": null,
  "kenduBalance": 4482236645.828448,
  "ethBalanceInUsd": 2988.0735141700693,
  "kenduBalanceInUsd": 48094.399209739255,
  "totalUsdBalance": null
}