{
  "ethBalance": 0.3579040556931112,
  "usdtBalance": 0,
  "usdcBalance": 0,
  "kenduBalance": 3646098337.9468102,
  "ethBalanceInUsd": 665.272058722355,
  "kenduBalanceInUsd": 42294.740720183,
  "totalUsdBalance": 665.272058722355
}