{
  "ethBalance": 0.04272247540230626,
  "usdtBalance": 0,
  "usdcBalance": 0,
  "kenduBalance": 517214787.4674407,
  "ethBalanceInUsd": 103.60200285059268,
  "kenduBalanceInUsd": 23140.1895912933,
  "totalUsdBalance": 103.60200285059268
}