{
  "ethBalance": 0.045462183917402754,
  "usdtBalance": 0,
  "usdcBalance": 0,
  "kenduBalance": 307214787.46744066,
  "ethBalanceInUsd": 119.07727984749634,
  "kenduBalanceInUsd": 19305.37724445397,
  "totalUsdBalance": 119.07727984749634
}