{
  "ethBalance": 0.5002741579676101,
  "usdtBalance": 0,
  "usdcBalance": 100,
  "kenduBalance": 4855925261.348792,
  "ethBalanceInUsd": 1270.0159883828937,
  "kenduBalanceInUsd": 118193.22086122961,
  "totalUsdBalance": 1370.0159883828937
}