{
  "ethBalance": 0.04459919224178026,
  "usdtBalance": 0,
  "usdcBalance": 0,
  "kenduBalance": 517214787.4674407,
  "ethBalanceInUsd": 101.5064235665246,
  "kenduBalanceInUsd": 27515.826693267845,
  "totalUsdBalance": 101.5064235665246
}