{
  "ethBalance": 0.038589031500035925,
  "usdtBalance": 0,
  "usdcBalance": 0,
  "kenduBalance": 35199894.08324558,
  "ethBalanceInUsd": 142.45256745332762,
  "kenduBalanceInUsd": 828.2535077787686,
  "totalUsdBalance": 142.45256745332762
}