{
  "ethBalance": 0.038589031500035925,
  "usdtBalance": 0,
  "usdcBalance": 0,
  "kenduBalance": 35199894.08324558,
  "ethBalanceInUsd": 122.22805604415879,
  "kenduBalanceInUsd": 1447.0676457622258,
  "totalUsdBalance": 122.22805604415879
}