{
  "ethBalance": 0.04459919224178026,
  "usdtBalance": 0,
  "usdcBalance": 0,
  "kenduBalance": 517214787.4674407,
  "ethBalanceInUsd": 102.72888742587182,
  "kenduBalanceInUsd": 29098.503942918214,
  "totalUsdBalance": 102.72888742587182
}