{
  "ethBalance": 9.522868700270477,
  "usdtBalance": 3949.089252,
  "usdcBalance": 8005.206012,
  "kenduBalance": 11563789871.738667,
  "ethBalanceInUsd": 30441.468688093628,
  "kenduBalanceInUsd": 240411.19143344686,
  "totalUsdBalance": 42395.76395209363
}