{
  "ethBalance": 0.9901811623811279,
  "usdtBalance": 0,
  "usdcBalance": null,
  "kenduBalance": 4558502396.376256,
  "ethBalanceInUsd": 4302.198525183267,
  "kenduBalanceInUsd": 65049.829196289174,
  "totalUsdBalance": null
}