{
  "ethBalance": 18.27649738337883,
  "usdtBalance": 0,
  "usdcBalance": 0,
  "kenduBalance": 10805029020.399477,
  "ethBalanceInUsd": 49275.44736030149,
  "kenduBalanceInUsd": 160562.73124313622,
  "totalUsdBalance": 49275.44736030149
}