{
  "ethBalance": 0.35769432885289126,
  "usdtBalance": 0,
  "usdcBalance": 0,
  "kenduBalance": 4514955040.756332,
  "ethBalanceInUsd": 860.8808259666961,
  "kenduBalanceInUsd": 80772.54567913078,
  "totalUsdBalance": 860.8808259666961
}