{
  "ethBalance": 0.038589031500035925,
  "usdtBalance": 0,
  "usdcBalance": 0,
  "kenduBalance": 35199894.08324558,
  "ethBalanceInUsd": 139.39014191348477,
  "kenduBalanceInUsd": 790.2376221688634,
  "totalUsdBalance": 139.39014191348477
}