{
  "ethBalance": 0.3194927667359207,
  "usdtBalance": 0,
  "usdcBalance": 884.463046,
  "kenduBalance": 4753954448.539579,
  "ethBalanceInUsd": 628.2154323051735,
  "kenduBalanceInUsd": 34323.55111845576,
  "totalUsdBalance": 1512.6784783051735
}