{
  "ethBalance": 0.04272247540230626,
  "usdtBalance": 0,
  "usdcBalance": 0,
  "kenduBalance": 517214787.4674407,
  "ethBalanceInUsd": 111.33562534791817,
  "kenduBalanceInUsd": 27852.016305121684,
  "totalUsdBalance": 111.33562534791817
}