{
  "ethBalance": 0.35703877941042383,
  "usdtBalance": 0,
  "usdcBalance": 0,
  "kenduBalance": 4855947774.956796,
  "ethBalanceInUsd": 918.7893133836084,
  "kenduBalanceInUsd": 195451.89794201104,
  "totalUsdBalance": 918.7893133836084
}