{
  "ethBalance": 0.0660488809860724,
  "usdtBalance": 0,
  "usdcBalance": 0,
  "kenduBalance": 7622102282.100412,
  "ethBalanceInUsd": 176.60215846937024,
  "kenduBalanceInUsd": 62348.79666758137,
  "totalUsdBalance": 176.60215846937024
}