{
  "ethBalance": 0.038589031500035925,
  "usdtBalance": 0,
  "usdcBalance": 0,
  "kenduBalance": 35199894.08324558,
  "ethBalanceInUsd": 97.40064495766569,
  "kenduBalanceInUsd": 1071.4847758939954,
  "totalUsdBalance": 97.40064495766569
}