{
  "ethBalance": 0.045462183917402754,
  "usdtBalance": 0,
  "usdcBalance": 0,
  "kenduBalance": 307214787.46744066,
  "ethBalanceInUsd": 120.78165712255976,
  "kenduBalanceInUsd": 30819.787478733648,
  "totalUsdBalance": 120.78165712255976
}