{
  "ethBalance": 0.3117728554842481,
  "usdtBalance": 0,
  "usdcBalance": 154.403285,
  "kenduBalance": 4113980899.4295063,
  "ethBalanceInUsd": 558.5348351429208,
  "kenduBalanceInUsd": 47598.759006399385,
  "totalUsdBalance": 712.9381201429208
}