{
  "ethBalance": 0.04272247540230626,
  "usdtBalance": 0,
  "usdcBalance": 0,
  "kenduBalance": 517214787.4674407,
  "ethBalanceInUsd": 102.94364950464315,
  "kenduBalanceInUsd": 22943.64797205567,
  "totalUsdBalance": 102.94364950464315
}