{
  "ethBalance": 0.04459919224178026,
  "usdtBalance": 0,
  "usdcBalance": 0,
  "kenduBalance": 517214787.4674407,
  "ethBalanceInUsd": 112.58084899208107,
  "kenduBalanceInUsd": 34058.59375473097,
  "totalUsdBalance": 112.58084899208107
}