{
  "ethBalance": 0.5002528644753425,
  "usdtBalance": 0,
  "usdcBalance": null,
  "kenduBalance": 4845166789.051858,
  "ethBalanceInUsd": 1813.1865174054576,
  "kenduBalanceInUsd": 112456.32117389362,
  "totalUsdBalance": null
}