{
  "ethBalance": 0.038589031500035925,
  "usdtBalance": 0,
  "usdcBalance": 0,
  "kenduBalance": 35199894.08324558,
  "ethBalanceInUsd": 152.79249844376224,
  "kenduBalanceInUsd": 1709.658855623238,
  "totalUsdBalance": 152.79249844376224
}