{
  "ethBalance": 0.3119048631851912,
  "usdtBalance": 0,
  "usdcBalance": 0.463046,
  "kenduBalance": 4175387837.757599,
  "ethBalanceInUsd": 622.6494402793335,
  "kenduBalanceInUsd": 39499.16894518688,
  "totalUsdBalance": 623.1124862793334
}