{
  "ethBalance": 0.04459919224178026,
  "usdtBalance": 0,
  "usdcBalance": 0,
  "kenduBalance": 517214787.4674407,
  "ethBalanceInUsd": 107.32260422677518,
  "kenduBalanceInUsd": 23093.640260421227,
  "totalUsdBalance": 107.32260422677518
}