{
  "ethBalance": 0.038589031500035925,
  "usdtBalance": 0,
  "usdcBalance": 0,
  "kenduBalance": 35199894.08324558,
  "ethBalanceInUsd": 128.86884247499998,
  "kenduBalanceInUsd": 1170.748477208748,
  "totalUsdBalance": 128.86884247499998
}