{
  "ethBalance": 0.35779268808449755,
  "usdtBalance": 0,
  "usdcBalance": 0,
  "kenduBalance": 3546950453.60037,
  "ethBalanceInUsd": 655.719503598697,
  "kenduBalanceInUsd": 37881.43084445195,
  "totalUsdBalance": 655.719503598697
}