{
  "ethBalance": 0.038589031500035925,
  "usdtBalance": 0,
  "usdcBalance": 0,
  "kenduBalance": 35199894.08324558,
  "ethBalanceInUsd": 99.4670875944926,
  "kenduBalanceInUsd": 1649.1150378000555,
  "totalUsdBalance": 99.4670875944926
}