{
  "ethBalance": 0.3579488855246269,
  "usdtBalance": 0,
  "usdcBalance": 0,
  "kenduBalance": 3705282011.416198,
  "ethBalanceInUsd": 564.9901004009264,
  "kenduBalanceInUsd": 38238.51035781516,
  "totalUsdBalance": 564.9901004009264
}