{
  "ethBalance": 1.2384701787309673,
  "usdtBalance": 0,
  "usdcBalance": null,
  "kenduBalance": 4489413951.490725,
  "ethBalanceInUsd": 5454.148358920455,
  "kenduBalanceInUsd": 63435.41913456394,
  "totalUsdBalance": null
}