{
  "ethBalance": 0.5002741579676101,
  "usdtBalance": 0,
  "usdcBalance": 100,
  "kenduBalance": 4855925261.348792,
  "ethBalanceInUsd": 1325.4013404114878,
  "kenduBalanceInUsd": 143055.5581993354,
  "totalUsdBalance": 1425.4013404114878
}