{
  "ethBalance": 0.045462183917402754,
  "usdtBalance": 0,
  "usdcBalance": 0,
  "kenduBalance": 307214787.46744066,
  "ethBalanceInUsd": 118.4635403646114,
  "kenduBalanceInUsd": 25090.231692465877,
  "totalUsdBalance": 118.4635403646114
}