{
  "ethBalance": 0.5002741579676101,
  "usdtBalance": 0,
  "usdcBalance": null,
  "kenduBalance": 4855925261.348792,
  "ethBalanceInUsd": 1257.7542687711077,
  "kenduBalanceInUsd": 88037.92498825361,
  "totalUsdBalance": null
}