{
  "ethBalance": 0.04459919224178026,
  "usdtBalance": 0,
  "usdcBalance": 0,
  "kenduBalance": 517214787.4674407,
  "ethBalanceInUsd": 110.29870832506919,
  "kenduBalanceInUsd": 31984.562456986536,
  "totalUsdBalance": 110.29870832506919
}