{
  "ethBalance": 0.038589031500035925,
  "usdtBalance": 0,
  "usdcBalance": 0,
  "kenduBalance": 35199894.08324558,
  "ethBalanceInUsd": 120.14386245284186,
  "kenduBalanceInUsd": 1288.3161234467884,
  "totalUsdBalance": 120.14386245284186
}