{
  "ethBalance": 0.038589031500035925,
  "usdtBalance": 0,
  "usdcBalance": 0,
  "kenduBalance": 35199894.08324558,
  "ethBalanceInUsd": 132.3318221618132,
  "kenduBalanceInUsd": 846.5574527020563,
  "totalUsdBalance": 132.3318221618132
}