{
  "ethBalance": 0.04459919224178026,
  "usdtBalance": 0,
  "usdcBalance": 0,
  "kenduBalance": 517214787.4674407,
  "ethBalanceInUsd": 105.0908606469965,
  "kenduBalanceInUsd": 29584.68584313761,
  "totalUsdBalance": 105.0908606469965
}