{
  "ethBalance": 0.5002741579676101,
  "usdtBalance": 0,
  "usdcBalance": 100,
  "kenduBalance": 4855925261.348792,
  "ethBalanceInUsd": 1101.6036958446775,
  "kenduBalanceInUsd": 94302.06857539354,
  "totalUsdBalance": 1201.6036958446775
}