{
  "ethBalance": 8.051792938400936,
  "usdtBalance": 22356.072978,
  "usdcBalance": 88.007775,
  "kenduBalance": 947823769.8171208,
  "ethBalanceInUsd": 19670.127558866567,
  "kenduBalanceInUsd": 91199.60313180336,
  "totalUsdBalance": 42114.20831186657
}