{
  "ethBalance": 0.35779268808449755,
  "usdtBalance": 0,
  "usdcBalance": 0,
  "kenduBalance": 3546950453.60037,
  "ethBalanceInUsd": 634.0050653588488,
  "kenduBalanceInUsd": 38058.77836713197,
  "totalUsdBalance": 634.0050653588488
}