{
  "ethBalance": 3.0028890292473904,
  "usdtBalance": 3946.421819,
  "usdcBalance": 5005.206012,
  "kenduBalance": 12632979609.52522,
  "ethBalanceInUsd": 9584.471059100359,
  "kenduBalanceInUsd": 289042.57346593705,
  "totalUsdBalance": 18536.09889010036
}