{
  "ethBalance": 0.0624422229661258,
  "usdtBalance": 0,
  "usdcBalance": 0,
  "kenduBalance": 6384544426.92592,
  "ethBalanceInUsd": 133.577027791366,
  "kenduBalanceInUsd": 51650.96441383069,
  "totalUsdBalance": 133.577027791366
}