{
  "ethBalance": 0.04459919224178026,
  "usdtBalance": 0,
  "usdcBalance": 0,
  "kenduBalance": 517214787.4674407,
  "ethBalanceInUsd": 103.3019870461787,
  "kenduBalanceInUsd": 24909.064164431944,
  "totalUsdBalance": 103.3019870461787
}