{
  "ethBalance": 0.038589031500035925,
  "usdtBalance": 0,
  "usdcBalance": 0,
  "kenduBalance": 35199894.08324558,
  "ethBalanceInUsd": 102.08033680767504,
  "kenduBalanceInUsd": 1433.6916860105925,
  "totalUsdBalance": 102.08033680767504
}