{
  "ethBalance": 0.045462183917402754,
  "usdtBalance": 0,
  "usdcBalance": 0,
  "kenduBalance": 307214787.46744066,
  "ethBalanceInUsd": 119.15411093831673,
  "kenduBalanceInUsd": 27176.220099369802,
  "totalUsdBalance": 119.15411093831673
}