{
  "ethBalance": 0.038589031500035925,
  "usdtBalance": 0,
  "usdcBalance": 0,
  "kenduBalance": 35199894.08324558,
  "ethBalanceInUsd": 133.00211363896884,
  "kenduBalanceInUsd": 728.2858085823511,
  "totalUsdBalance": 133.00211363896884
}