{
  "ethBalance": 0.30943876692005484,
  "usdtBalance": 0,
  "usdcBalance": 0,
  "kenduBalance": 8110029020.399477,
  "ethBalanceInUsd": 836.9730711530335,
  "kenduBalanceInUsd": 90183.52270684218,
  "totalUsdBalance": 836.9730711530335
}