{
  "ethBalance": 0.04272247540230626,
  "usdtBalance": 0,
  "usdcBalance": 0,
  "kenduBalance": 517214787.4674407,
  "ethBalanceInUsd": 104.14714163672612,
  "kenduBalanceInUsd": 21723.02107363251,
  "totalUsdBalance": 104.14714163672612
}