{
  "ethBalance": 0.35779268808449755,
  "usdtBalance": 0,
  "usdcBalance": 0,
  "kenduBalance": 3546950453.60037,
  "ethBalanceInUsd": 740.0405063995705,
  "kenduBalanceInUsd": 54339.28094915766,
  "totalUsdBalance": 740.0405063995705
}