{
  "ethBalance": 2.037084045317489,
  "usdtBalance": 0,
  "usdcBalance": 0,
  "kenduBalance": 8110029020.399477,
  "ethBalanceInUsd": 5337.2009404127275,
  "kenduBalanceInUsd": 103078.46884927736,
  "totalUsdBalance": 5337.2009404127275
}