{
  "ethBalance": 0.038589031500035925,
  "usdtBalance": 0,
  "usdcBalance": 0,
  "kenduBalance": 35199894.08324558,
  "ethBalanceInUsd": 122.42601777575398,
  "kenduBalanceInUsd": 1258.748212416862,
  "totalUsdBalance": 122.42601777575398
}