{
  "ethBalance": 0.04459919224178026,
  "usdtBalance": 0,
  "usdcBalance": 0,
  "kenduBalance": 517214787.4674407,
  "ethBalanceInUsd": 107.40734269203458,
  "kenduBalanceInUsd": 28389.91968408782,
  "totalUsdBalance": 107.40734269203458
}