{
  "ethBalance": 0.038589031500035925,
  "usdtBalance": 0,
  "usdcBalance": 0,
  "kenduBalance": 35199894.08324558,
  "ethBalanceInUsd": 104.17958012127698,
  "kenduBalanceInUsd": 1420.315726258959,
  "totalUsdBalance": 104.17958012127698
}