{
  "ethBalance": 0.038589031500035925,
  "usdtBalance": 0,
  "usdcBalance": 0,
  "kenduBalance": 35199894.08324558,
  "ethBalanceInUsd": 131.8046959915227,
  "kenduBalanceInUsd": 818.0455384946274,
  "totalUsdBalance": 131.8046959915227
}