{
  "ethBalance": 0.045462183917402754,
  "usdtBalance": 0,
  "usdcBalance": 0,
  "kenduBalance": 307214787.46744066,
  "ethBalanceInUsd": 119.22366807971038,
  "kenduBalanceInUsd": 27105.56069825229,
  "totalUsdBalance": 119.22366807971038
}