{
  "ethBalance": 0.04459919224178026,
  "usdtBalance": 0,
  "usdcBalance": 0,
  "kenduBalance": 517214787.4674407,
  "ethBalanceInUsd": 100.85928928709639,
  "kenduBalanceInUsd": 23088.468112546554,
  "totalUsdBalance": 100.85928928709639
}