{
  "ethBalance": 1.01450434525215,
  "usdtBalance": 3946.421819,
  "usdcBalance": 0,
  "kenduBalance": 13135259085.960651,
  "ethBalanceInUsd": 3167.9622837885313,
  "kenduBalanceInUsd": 281488.6022121368,
  "totalUsdBalance": 7114.384102788532
}