{
  "ethBalance": 0.35703877941042383,
  "usdtBalance": 0,
  "usdcBalance": 0,
  "kenduBalance": 4855947774.956796,
  "ethBalanceInUsd": 934.9917331932533,
  "kenduBalanceInUsd": 155098.97193212007,
  "totalUsdBalance": 934.9917331932533
}