{
  "ethBalance": 0.5002741579676101,
  "usdtBalance": 0,
  "usdcBalance": 100,
  "kenduBalance": 4855925261.348792,
  "ethBalanceInUsd": 1308.4320409732263,
  "kenduBalanceInUsd": 122612.112849057,
  "totalUsdBalance": 1408.4320409732263
}