{
  "ethBalance": 0.04459919224178026,
  "usdtBalance": 0,
  "usdcBalance": 0,
  "kenduBalance": 517214787.4674407,
  "ethBalanceInUsd": 113.47417081268392,
  "kenduBalanceInUsd": 31110.46946616656,
  "totalUsdBalance": 113.47417081268392
}