{
  "ethBalance": 0.04841366454199495,
  "usdtBalance": 90113.767042,
  "usdcBalance": 0,
  "kenduBalance": 946492975.4674407,
  "ethBalanceInUsd": 117.82966089895272,
  "kenduBalanceInUsd": 105070.18520664058,
  "totalUsdBalance": 90231.59670289895
}