{
  "ethBalance": 0.3603761199402911,
  "usdtBalance": 0,
  "usdcBalance": 154.403285,
  "kenduBalance": 4113980899.4295063,
  "ethBalanceInUsd": 526.9023212035003,
  "kenduBalanceInUsd": 35873.913443025296,
  "totalUsdBalance": 681.3056062035002
}