{
  "ethBalance": 0.045462183917402754,
  "usdtBalance": 0,
  "usdcBalance": 0,
  "kenduBalance": 307214787.46744066,
  "ethBalanceInUsd": 118.84405884400007,
  "kenduBalanceInUsd": 26472.698236069362,
  "totalUsdBalance": 118.84405884400007
}