{
  "ethBalance": 0.04459919224178026,
  "usdtBalance": 0,
  "usdcBalance": 0,
  "kenduBalance": 517214787.4674407,
  "ethBalanceInUsd": 112.81544074327283,
  "kenduBalanceInUsd": 34513.74276770232,
  "totalUsdBalance": 112.81544074327283
}