{
  "ethBalance": 0.30943876692005484,
  "usdtBalance": 0,
  "usdcBalance": 0,
  "kenduBalance": 8110029020.399477,
  "ethBalanceInUsd": 834.0550635809775,
  "kenduBalanceInUsd": 91318.92676969811,
  "totalUsdBalance": 834.0550635809775
}