{
  "ethBalance": 0.3194927667359207,
  "usdtBalance": 0,
  "usdcBalance": 884.463046,
  "kenduBalance": 4753954448.539579,
  "ethBalanceInUsd": 622.7425212109872,
  "kenduBalanceInUsd": 34608.788385368134,
  "totalUsdBalance": 1507.2055672109873
}