{
  "ethBalance": 0.04459919224178026,
  "usdtBalance": 0,
  "usdcBalance": 0,
  "kenduBalance": 517214787.4674407,
  "ethBalanceInUsd": 101.78962843725992,
  "kenduBalanceInUsd": 22835.03286668751,
  "totalUsdBalance": 101.78962843725992
}