{
  "ethBalance": 0.5002741579676101,
  "usdtBalance": 0,
  "usdcBalance": 100,
  "kenduBalance": 4855925261.348792,
  "ethBalanceInUsd": 1311.5087270447273,
  "kenduBalanceInUsd": 122563.55359644351,
  "totalUsdBalance": 1411.5087270447273
}