{
  "ethBalance": 0.5002741579676101,
  "usdtBalance": 0,
  "usdcBalance": 100,
  "kenduBalance": 4855925261.348792,
  "ethBalanceInUsd": 1376.8795512663548,
  "kenduBalanceInUsd": 136645.73685435503,
  "totalUsdBalance": 1476.8795512663548
}