{
  "ethBalance": 0.06254024854608203,
  "usdtBalance": 0,
  "usdcBalance": 0,
  "kenduBalance": 6456272656.749752,
  "ethBalanceInUsd": 152.38994742478172,
  "kenduBalanceInUsd": 57848.203004477786,
  "totalUsdBalance": 152.38994742478172
}