{
  "ethBalance": 0.04459919224178026,
  "usdtBalance": 0,
  "usdcBalance": 0,
  "kenduBalance": 517214787.4674407,
  "ethBalanceInUsd": 105.47753564373274,
  "kenduBalanceInUsd": 25296.975255032525,
  "totalUsdBalance": 105.47753564373274
}