{
  "ethBalance": 0.04272247540230626,
  "usdtBalance": 0,
  "usdcBalance": 0,
  "kenduBalance": 517214787.4674407,
  "ethBalanceInUsd": 104.2154975973698,
  "kenduBalanceInUsd": 22224.719417475928,
  "totalUsdBalance": 104.2154975973698
}