{
  "ethBalance": 0.5002741579676101,
  "usdtBalance": 0,
  "usdcBalance": 100,
  "kenduBalance": 4855925261.348792,
  "ethBalanceInUsd": 1279.1159753163245,
  "kenduBalanceInUsd": 132178.2856139141,
  "totalUsdBalance": 1379.1159753163245
}