{
  "ethBalance": 0.0624422229661258,
  "usdtBalance": 0,
  "usdcBalance": 0,
  "kenduBalance": 6384544426.92592,
  "ethBalanceInUsd": 136.38692782484165,
  "kenduBalanceInUsd": 50437.90097271477,
  "totalUsdBalance": 136.38692782484165
}