{
  "ethBalance": 0.04272247540230626,
  "usdtBalance": 0,
  "usdcBalance": 0,
  "kenduBalance": 517214787.4674407,
  "ethBalanceInUsd": 100.88528063976003,
  "kenduBalanceInUsd": 26533.11859707971,
  "totalUsdBalance": 100.88528063976003
}