{
  "ethBalance": 0.10788809429719365,
  "usdtBalance": 3946.421819,
  "usdcBalance": 0,
  "kenduBalance": 13268928669.075045,
  "ethBalanceInUsd": 359.8661329330043,
  "kenduBalanceInUsd": 344859.4561092604,
  "totalUsdBalance": 4306.2879519330045
}