{
  "ethBalance": 0.30943876692005484,
  "usdtBalance": 0,
  "usdcBalance": 0,
  "kenduBalance": 8110029020.399477,
  "ethBalanceInUsd": 824.066380184798,
  "kenduBalanceInUsd": 95779.44273091783,
  "totalUsdBalance": 824.066380184798
}