{
  "ethBalance": 0.30943876692005484,
  "usdtBalance": 0,
  "usdcBalance": 0,
  "kenduBalance": 8110029020.399477,
  "ethBalanceInUsd": 822.6646225706503,
  "kenduBalanceInUsd": 91318.92676969811,
  "totalUsdBalance": 822.6646225706503
}