{
  "ethBalance": 0.1143504362553894,
  "usdtBalance": 0,
  "usdcBalance": 0,
  "kenduBalance": 12046082608.223656,
  "ethBalanceInUsd": 367.09348798886384,
  "kenduBalanceInUsd": 287178.60938005196,
  "totalUsdBalance": 367.09348798886384
}