{
  "ethBalance": 0.7404211583199757,
  "usdtBalance": 0,
  "usdcBalance": null,
  "kenduBalance": 4745282940.56362,
  "ethBalanceInUsd": 2707.8386433614824,
  "kenduBalanceInUsd": 76541.41383129118,
  "totalUsdBalance": null
}