{
  "ethBalance": 0.038589031500035925,
  "usdtBalance": 0,
  "usdcBalance": 0,
  "kenduBalance": 35199894.08324558,
  "ethBalanceInUsd": 131.02519755522198,
  "kenduBalanceInUsd": 1121.1166265513718,
  "totalUsdBalance": 131.02519755522198
}