{
  "ethBalance": 8.051792938400936,
  "usdtBalance": 22380.187863,
  "usdcBalance": 88.007775,
  "kenduBalance": 947823769.8171208,
  "ethBalanceInUsd": 20368.862150061002,
  "kenduBalanceInUsd": 111663.118322155,
  "totalUsdBalance": 42837.057788061
}