{
  "ethBalance": 3.9774170719585187,
  "usdtBalance": 0,
  "usdcBalance": 0,
  "kenduBalance": 8310029020.399478,
  "ethBalanceInUsd": 10469.63563600425,
  "kenduBalanceInUsd": 104872.56623744141,
  "totalUsdBalance": 10469.63563600425
}