{
  "ethBalance": 0.5002741579676101,
  "usdtBalance": 0,
  "usdcBalance": 100,
  "kenduBalance": 4855925261.348792,
  "ethBalanceInUsd": 1256.5486080504056,
  "kenduBalanceInUsd": 110472.29969568503,
  "totalUsdBalance": 1356.5486080504056
}