{
  "ethBalance": 0.35769432885289126,
  "usdtBalance": 0,
  "usdcBalance": 0,
  "kenduBalance": 4514955040.756332,
  "ethBalanceInUsd": 892.543927956754,
  "kenduBalanceInUsd": 79869.55467097952,
  "totalUsdBalance": 892.543927956754
}