{
  "ethBalance": 0.3579488855246269,
  "usdtBalance": 0,
  "usdcBalance": 0,
  "kenduBalance": 3705282011.416198,
  "ethBalanceInUsd": 553.4283513984808,
  "kenduBalanceInUsd": 40535.7852048932,
  "totalUsdBalance": 553.4283513984808
}