{
  "ethBalance": 0.3579488855246269,
  "usdtBalance": 0,
  "usdcBalance": 0,
  "kenduBalance": 3705282011.416198,
  "ethBalanceInUsd": 629.7466332811865,
  "kenduBalanceInUsd": 47724.03230704063,
  "totalUsdBalance": 629.7466332811865
}