{
  "ethBalance": 0.0660488809860724,
  "usdtBalance": 0,
  "usdcBalance": 0,
  "kenduBalance": 7622102282.100412,
  "ethBalanceInUsd": 179.02020800227035,
  "kenduBalanceInUsd": 63263.448941433424,
  "totalUsdBalance": 179.02020800227035
}