{
  "ethBalance": 18.27649738337883,
  "usdtBalance": 0,
  "usdcBalance": 0,
  "kenduBalance": 10805029020.399477,
  "ethBalanceInUsd": 50373.86485304256,
  "kenduBalanceInUsd": 150838.2051247767,
  "totalUsdBalance": 50373.86485304256
}