{
  "ethBalance": 0.038589031500035925,
  "usdtBalance": 0,
  "usdcBalance": 0,
  "kenduBalance": 35199894.08324558,
  "ethBalanceInUsd": 147.44946114226727,
  "kenduBalanceInUsd": 866.9733912703387,
  "totalUsdBalance": 147.44946114226727
}