{
  "ethBalance": 0.5002741579676101,
  "usdtBalance": 0,
  "usdcBalance": 100,
  "kenduBalance": 4855925261.348792,
  "ethBalanceInUsd": 1261.1611357868671,
  "kenduBalanceInUsd": 111297.80699011432,
  "totalUsdBalance": 1361.1611357868671
}