{
  "ethBalance": 0.35779268808449755,
  "usdtBalance": 0,
  "usdcBalance": 0,
  "kenduBalance": 3546950453.60037,
  "ethBalanceInUsd": 697.2127216358562,
  "kenduBalanceInUsd": 43166.387020316506,
  "totalUsdBalance": 697.2127216358562
}