{
  "ethBalance": 0.3196155371451788,
  "usdtBalance": 0,
  "usdcBalance": 884.463046,
  "kenduBalance": 5453954448.539579,
  "ethBalanceInUsd": 637.0321193947988,
  "kenduBalanceInUsd": 37141.42979455453,
  "totalUsdBalance": 1521.4951653947987
}