{
  "ethBalance": 0.04272247540230626,
  "usdtBalance": 0,
  "usdcBalance": 0,
  "kenduBalance": 517214787.4674407,
  "ethBalanceInUsd": 111.54881050017568,
  "kenduBalanceInUsd": 27888.221340244403,
  "totalUsdBalance": 111.54881050017568
}