{
  "ethBalance": 0.10788809429719365,
  "usdtBalance": 3946.421819,
  "usdcBalance": 0,
  "kenduBalance": 13268928669.075045,
  "ethBalanceInUsd": 360.01717626502034,
  "kenduBalanceInUsd": 348309.3775632199,
  "totalUsdBalance": 4306.438995265021
}