{
  "ethBalance": 0.357215510728175,
  "usdtBalance": 0,
  "usdcBalance": 0,
  "kenduBalance": 4299933763.203477,
  "ethBalanceInUsd": 919.0976483280577,
  "kenduBalanceInUsd": 97221.50238603061,
  "totalUsdBalance": 919.0976483280577
}