{
  "ethBalance": 0.35769432885289126,
  "usdtBalance": 0,
  "usdcBalance": 0,
  "kenduBalance": 4514955040.756332,
  "ethBalanceInUsd": 854.4924052533834,
  "kenduBalanceInUsd": 79779.25557016439,
  "totalUsdBalance": 854.4924052533834
}