{
  "ethBalance": 13.47560135212183,
  "usdtBalance": 3949.089252,
  "usdcBalance": 8005.206012,
  "kenduBalance": 10805029020.399477,
  "ethBalanceInUsd": 42674.26484987237,
  "kenduBalanceInUsd": 174285.11809904355,
  "totalUsdBalance": 54628.56011387237
}