{
  "ethBalance": 3.9774170719585187,
  "usdtBalance": 0,
  "usdcBalance": 0,
  "kenduBalance": 8310029020.399478,
  "ethBalanceInUsd": 10460.248931714428,
  "kenduBalanceInUsd": 105952.87001009335,
  "totalUsdBalance": 10460.248931714428
}