{
  "ethBalance": 4.778187047312398,
  "usdtBalance": 3949.089252,
  "usdcBalance": 8005.206012,
  "kenduBalance": 12197429048.87174,
  "ethBalanceInUsd": 14886.77621899509,
  "kenduBalanceInUsd": 276759.6651188998,
  "totalUsdBalance": 26841.07148299509
}