{
  "ethBalance": 0.3119048631851912,
  "usdtBalance": 0,
  "usdcBalance": 0.463046,
  "kenduBalance": 4175387837.757599,
  "ethBalanceInUsd": 642.7454706143553,
  "kenduBalanceInUsd": 52442.871242235444,
  "totalUsdBalance": 643.2085166143553
}