{
  "ethBalance": 0.038589031500035925,
  "usdtBalance": 0,
  "usdcBalance": 0,
  "kenduBalance": 35199894.08324558,
  "ethBalanceInUsd": 149.62395306729428,
  "kenduBalanceInUsd": 1173.91646767624,
  "totalUsdBalance": 149.62395306729428
}