{
  "ethBalance": 0.04272247540230626,
  "usdtBalance": 0,
  "usdcBalance": 0,
  "kenduBalance": 517214787.4674407,
  "ethBalanceInUsd": 114.98284307301304,
  "kenduBalanceInUsd": 30929.444290552954,
  "totalUsdBalance": 114.98284307301304
}