{
  "ethBalance": 9.402493048263583,
  "usdtBalance": 3949.089252,
  "usdcBalance": 8005.206012,
  "kenduBalance": 11582096903.5471,
  "ethBalanceInUsd": 29774.028511561944,
  "kenduBalanceInUsd": 239517.763965354,
  "totalUsdBalance": 41728.32377556195
}