{
  "ethBalance": 0.038589031500035925,
  "usdtBalance": 0,
  "usdcBalance": 0,
  "kenduBalance": 35199894.08324558,
  "ethBalanceInUsd": 122.35076916432891,
  "kenduBalanceInUsd": 1862.4263959445238,
  "totalUsdBalance": 122.35076916432891
}