{
  "ethBalance": 0.9903603877171636,
  "usdtBalance": 0,
  "usdcBalance": null,
  "kenduBalance": 4565348937.707456,
  "ethBalanceInUsd": 4318.070326485606,
  "kenduBalanceInUsd": 75510.87142968133,
  "totalUsdBalance": null
}