{
  "ethBalance": 0.038589031500035925,
  "usdtBalance": 0,
  "usdcBalance": 0,
  "kenduBalance": 35199894.08324558,
  "ethBalanceInUsd": 134.8092379841155,
  "kenduBalanceInUsd": 1223.900317274449,
  "totalUsdBalance": 134.8092379841155
}