{
  "ethBalance": 0.04841366454199495,
  "usdtBalance": 90113.767042,
  "usdcBalance": 0,
  "kenduBalance": 946492975.4674407,
  "ethBalanceInUsd": 119.33145277304541,
  "kenduBalanceInUsd": 104275.13110724794,
  "totalUsdBalance": 90233.09849477305
}