{
  "ethBalance": 0.038589031500035925,
  "usdtBalance": 0,
  "usdcBalance": 0,
  "kenduBalance": 35199894.08324558,
  "ethBalanceInUsd": 153.88379625458327,
  "kenduBalanceInUsd": 1827.2265018612784,
  "totalUsdBalance": 153.88379625458327
}