{
  "ethBalance": 18.27649738337883,
  "usdtBalance": 0,
  "usdcBalance": 0,
  "kenduBalance": 10805029020.399477,
  "ethBalanceInUsd": 49393.14800345046,
  "kenduBalanceInUsd": 125446.38692683793,
  "totalUsdBalance": 49393.14800345046
}