{
  "ethBalance": 0.038589031500035925,
  "usdtBalance": 0,
  "usdcBalance": 0,
  "kenduBalance": 35199894.08324558,
  "ethBalanceInUsd": 126.41728130380268,
  "kenduBalanceInUsd": 1451.9956309338802,
  "totalUsdBalance": 126.41728130380268
}