{
  "ethBalance": 8.056063080971311,
  "usdtBalance": 22313.097842,
  "usdcBalance": 88.007775,
  "kenduBalance": 319823769.8171208,
  "ethBalanceInUsd": 23893.396931222003,
  "kenduBalanceInUsd": 39846.843481515076,
  "totalUsdBalance": 46294.502548222
}