{
  "ethBalance": 0.35769432885289126,
  "usdtBalance": 0,
  "usdcBalance": 0,
  "kenduBalance": 4514955040.756332,
  "ethBalanceInUsd": 845.5214314857528,
  "kenduBalanceInUsd": 81540.08803605936,
  "totalUsdBalance": 845.5214314857528
}