{
  "ethBalance": 0.3579488855246269,
  "usdtBalance": 0,
  "usdcBalance": 0,
  "kenduBalance": 3705282011.416198,
  "ethBalanceInUsd": 646.8888054089609,
  "kenduBalanceInUsd": 45019.1764387068,
  "totalUsdBalance": 646.8888054089609
}