{
  "ethBalance": 0.5002741579676101,
  "usdtBalance": 0,
  "usdcBalance": 100,
  "kenduBalance": 4855925261.348792,
  "ethBalanceInUsd": 1247.8038157691317,
  "kenduBalanceInUsd": 117270.59506157333,
  "totalUsdBalance": 1347.8038157691317
}