{
  "ethBalance": 0.038589031500035925,
  "usdtBalance": 0,
  "usdcBalance": 0,
  "kenduBalance": 35199894.08324558,
  "ethBalanceInUsd": 153.65573507841805,
  "kenduBalanceInUsd": 1826.8745029204458,
  "totalUsdBalance": 153.65573507841805
}