{
  "ethBalance": 12.23774027698866,
  "usdtBalance": 3949.089252,
  "usdcBalance": 8005.206012,
  "kenduBalance": 11515381333.82473,
  "ethBalanceInUsd": 39404.544672681324,
  "kenduBalanceInUsd": 241823.00801031932,
  "totalUsdBalance": 51358.839936681325
}