{
  "ethBalance": 0.03983369884579122,
  "usdtBalance": 0,
  "usdcBalance": 0,
  "kenduBalance": 1091213805.8365645,
  "ethBalanceInUsd": 104.59930979916318,
  "kenduBalanceInUsd": 45394.49432280109,
  "totalUsdBalance": 104.59930979916318
}