{
  "ethBalance": 0.5002741579676101,
  "usdtBalance": 0,
  "usdcBalance": 100,
  "kenduBalance": 4855925261.348792,
  "ethBalanceInUsd": 1097.8366314351813,
  "kenduBalanceInUsd": 89883.17658756615,
  "totalUsdBalance": 1197.8366314351813
}