{
  "ethBalance": 0.7404211583199757,
  "usdtBalance": 0,
  "usdcBalance": null,
  "kenduBalance": 4745282940.56362,
  "ethBalanceInUsd": 3467.91057922327,
  "kenduBalanceInUsd": 84608.39483024934,
  "totalUsdBalance": null
}