{
  "ethBalance": 0.04459919224178026,
  "usdtBalance": 0,
  "usdcBalance": 0,
  "kenduBalance": 517214787.4674407,
  "ethBalanceInUsd": 108.4977929423461,
  "kenduBalanceInUsd": 29155.397569539633,
  "totalUsdBalance": 108.4977929423461
}