{
  "ethBalance": 0.038589031500035925,
  "usdtBalance": 0,
  "usdcBalance": 0,
  "kenduBalance": 35199894.08324558,
  "ethBalanceInUsd": 127.86128286253403,
  "kenduBalanceInUsd": 1205.9483712919937,
  "totalUsdBalance": 127.86128286253403
}