{
  "ethBalance": 0.038589031500035925,
  "usdtBalance": 0,
  "usdcBalance": 0,
  "kenduBalance": 35199894.08324558,
  "ethBalanceInUsd": 131.8201316041227,
  "kenduBalanceInUsd": 1179.900449670392,
  "totalUsdBalance": 131.8201316041227
}