{
  "ethBalance": 0.04459919224178026,
  "usdtBalance": 0,
  "usdcBalance": 0,
  "kenduBalance": 517214787.4674407,
  "ethBalanceInUsd": 104.97668671485755,
  "kenduBalanceInUsd": 30226.032179597238,
  "totalUsdBalance": 104.97668671485755
}