{
  "ethBalance": 0.038589031500035925,
  "usdtBalance": 0,
  "usdcBalance": 0,
  "kenduBalance": 35199894.08324558,
  "ethBalanceInUsd": 94.53270813658301,
  "kenduBalanceInUsd": 1988.442016762543,
  "totalUsdBalance": 94.53270813658301
}