{
  "ethBalance": 0.038589031500035925,
  "usdtBalance": 0,
  "usdcBalance": 0,
  "kenduBalance": 35199894.08324558,
  "ethBalanceInUsd": 141.20807118745148,
  "kenduBalanceInUsd": 802.9095840388318,
  "totalUsdBalance": 141.20807118745148
}