{
  "ethBalance": 0.5002741579676101,
  "usdtBalance": 0,
  "usdcBalance": null,
  "kenduBalance": 4855925261.348792,
  "ethBalanceInUsd": 1217.542231953671,
  "kenduBalanceInUsd": 104256.71536115857,
  "totalUsdBalance": null
}