{
  "ethBalance": 0.04459919224178026,
  "usdtBalance": 0,
  "usdcBalance": 0,
  "kenduBalance": 517214787.4674407,
  "ethBalanceInUsd": 113.03665273679206,
  "kenduBalanceInUsd": 36623.97910056947,
  "totalUsdBalance": 113.03665273679206
}