{
  "ethBalance": 0.0624422229661258,
  "usdtBalance": 0,
  "usdcBalance": 0,
  "kenduBalance": 6384544426.92592,
  "ethBalanceInUsd": 116.56963952208228,
  "kenduBalanceInUsd": 42137.99321771107,
  "totalUsdBalance": 116.56963952208228
}