{
  "ethBalance": 0.3117728554842481,
  "usdtBalance": 0,
  "usdcBalance": 0.463046,
  "kenduBalance": 4113980899.4295063,
  "ethBalanceInUsd": 563.0305997190037,
  "kenduBalanceInUsd": 48215.85614131381,
  "totalUsdBalance": 563.4936457190037
}