{
  "ethBalance": 0.038589031500035925,
  "usdtBalance": 0,
  "usdcBalance": 0,
  "kenduBalance": 35199894.08324558,
  "ethBalanceInUsd": 130.88164635804185,
  "kenduBalanceInUsd": 1103.1646805689165,
  "totalUsdBalance": 130.88164635804185
}