{
  "ethBalance": 0.038589031500035925,
  "usdtBalance": 0,
  "usdcBalance": 0,
  "kenduBalance": 35199894.08324558,
  "ethBalanceInUsd": 128.04843966530922,
  "kenduBalanceInUsd": 1805.402567529666,
  "totalUsdBalance": 128.04843966530922
}