{
  "ethBalance": 0.04841366454199495,
  "usdtBalance": 90113.767042,
  "usdcBalance": 0,
  "kenduBalance": 946492975.4674407,
  "ethBalanceInUsd": 118.79648177985638,
  "kenduBalanceInUsd": 108430.23526955002,
  "totalUsdBalance": 90232.56352377986
}