{
  "ethBalance": 0.038589031500035925,
  "usdtBalance": 0,
  "usdcBalance": 0,
  "kenduBalance": 35199894.08324558,
  "ethBalanceInUsd": 112.64717130332987,
  "kenduBalanceInUsd": 1982.8100337092235,
  "totalUsdBalance": 112.64717130332987
}