{
  "ethBalance": 0.038589031500035925,
  "usdtBalance": 0,
  "usdcBalance": 0,
  "kenduBalance": 35199894.08324558,
  "ethBalanceInUsd": 95.20222783310862,
  "kenduBalanceInUsd": 1181.6604443745541,
  "totalUsdBalance": 95.20222783310862
}