{
  "ethBalance": 0.35703877941042383,
  "usdtBalance": 0,
  "usdcBalance": 0,
  "kenduBalance": 4855947774.956796,
  "ethBalanceInUsd": 931.3785007456198,
  "kenduBalanceInUsd": 144901.48160471077,
  "totalUsdBalance": 931.3785007456198
}