{
  "ethBalance": 0.038589031500035925,
  "usdtBalance": 0,
  "usdcBalance": 0,
  "kenduBalance": 35199894.08324558,
  "ethBalanceInUsd": 146.6097638168265,
  "kenduBalanceInUsd": 1314.0120461275576,
  "totalUsdBalance": 146.6097638168265
}