{
  "ethBalance": 0.038589031500035925,
  "usdtBalance": 0,
  "usdcBalance": 0,
  "kenduBalance": 35199894.08324558,
  "ethBalanceInUsd": 129.31068688567538,
  "kenduBalanceInUsd": 350.23894612829355,
  "totalUsdBalance": 129.31068688567538
}