{
  "ethBalance": 0.038589031500035925,
  "usdtBalance": 0,
  "usdcBalance": 0,
  "kenduBalance": 35199894.08324558,
  "ethBalanceInUsd": 125.13265244516649,
  "kenduBalanceInUsd": 310.1110668733936,
  "totalUsdBalance": 125.13265244516649
}