{
  "ethBalance": 0.045462183917402754,
  "usdtBalance": 0,
  "usdcBalance": 0,
  "kenduBalance": 307214787.46744066,
  "ethBalanceInUsd": 122.11415373317884,
  "kenduBalanceInUsd": 30005.66829194493,
  "totalUsdBalance": 122.11415373317884
}