{
  "ethBalance": 0.04272247540230626,
  "usdtBalance": 0,
  "usdcBalance": 0,
  "kenduBalance": 517214787.4674407,
  "ethBalanceInUsd": 103.44179356783404,
  "kenduBalanceInUsd": 24469.43159508462,
  "totalUsdBalance": 103.44179356783404
}