{
  "ethBalance": 0.038589031500035925,
  "usdtBalance": 0,
  "usdcBalance": 0,
  "kenduBalance": 35199894.08324558,
  "ethBalanceInUsd": 133.36755176727416,
  "kenduBalanceInUsd": 1048.604844739886,
  "totalUsdBalance": 133.36755176727416
}