{
  "ethBalance": 0.038589031500035925,
  "usdtBalance": 0,
  "usdcBalance": 0,
  "kenduBalance": 35199894.08324558,
  "ethBalanceInUsd": 123.8592144056653,
  "kenduBalanceInUsd": 1873.6903620511623,
  "totalUsdBalance": 123.8592144056653
}