{
  "ethBalance": 1.2350681787309672,
  "usdtBalance": 0,
  "usdcBalance": null,
  "kenduBalance": 4489413951.490725,
  "ethBalanceInUsd": 5327.602446455687,
  "kenduBalanceInUsd": 64243.51364583227,
  "totalUsdBalance": null
}