{
  "ethBalance": 0.5002741579676101,
  "usdtBalance": 0,
  "usdcBalance": 100,
  "kenduBalance": 4855925261.348792,
  "ethBalanceInUsd": 1251.6809404933806,
  "kenduBalanceInUsd": 114551.276915218,
  "totalUsdBalance": 1351.6809404933806
}