{
  "ethBalance": 0.7404211583199757,
  "usdtBalance": 0,
  "usdcBalance": null,
  "kenduBalance": 4745282940.56362,
  "ethBalanceInUsd": 3263.5099142574577,
  "kenduBalanceInUsd": 77253.20627237573,
  "totalUsdBalance": null
}