{
  "ethBalance": 0.30943876692005484,
  "usdtBalance": 0,
  "usdcBalance": 0,
  "kenduBalance": 8110029020.399477,
  "ethBalanceInUsd": 832.8668187160044,
  "kenduBalanceInUsd": 90589.02415786215,
  "totalUsdBalance": 832.8668187160044
}