{
  "ethBalance": 0.3579040556931112,
  "usdtBalance": 0,
  "usdcBalance": 0,
  "kenduBalance": 3646098337.9468102,
  "ethBalanceInUsd": 647.5772822088876,
  "kenduBalanceInUsd": 40982.14531852215,
  "totalUsdBalance": 647.5772822088876
}