{
  "ethBalance": 0.5002528644753425,
  "usdtBalance": 0,
  "usdcBalance": null,
  "kenduBalance": 4845166789.051858,
  "ethBalanceInUsd": 1804.9523552561936,
  "kenduBalanceInUsd": 105140.11932242531,
  "totalUsdBalance": null
}