{
  "ethBalance": 0.30943876692005484,
  "usdtBalance": 0,
  "usdcBalance": 0,
  "kenduBalance": 8110029020.399477,
  "ethBalanceInUsd": 823.2680281661443,
  "kenduBalanceInUsd": 89859.12154602622,
  "totalUsdBalance": 823.2680281661443
}