{
  "ethBalance": 0.04459919224178026,
  "usdtBalance": 0,
  "usdcBalance": 0,
  "kenduBalance": 517214787.4674407,
  "ethBalanceInUsd": 108.95181271936741,
  "kenduBalanceInUsd": 29088.159647168864,
  "totalUsdBalance": 108.95181271936741
}