{
  "ethBalance": 0.35798968333076975,
  "usdtBalance": 0,
  "usdcBalance": 4004.403285,
  "kenduBalance": 3705282011.416198,
  "ethBalanceInUsd": 553.9997746448661,
  "kenduBalanceInUsd": 37015.767294047815,
  "totalUsdBalance": 4558.403059644866
}