{
  "ethBalance": 0.04459919224178026,
  "usdtBalance": 0,
  "usdcBalance": 0,
  "kenduBalance": 517214787.4674407,
  "ethBalanceInUsd": 102.15667978940978,
  "kenduBalanceInUsd": 26952.062574928335,
  "totalUsdBalance": 102.15667978940978
}