{
  "ethBalance": 0.5002741579676101,
  "usdtBalance": 0,
  "usdcBalance": 100,
  "kenduBalance": 4855925261.348792,
  "ethBalanceInUsd": 1137.6984763420405,
  "kenduBalanceInUsd": 94156.39081755307,
  "totalUsdBalance": 1237.6984763420405
}