{
  "ethBalance": 0.7404211583199757,
  "usdtBalance": 0,
  "usdcBalance": null,
  "kenduBalance": 4745282940.56362,
  "ethBalanceInUsd": 3410.2095583553946,
  "kenduBalanceInUsd": 80859.62130720407,
  "totalUsdBalance": null
}