{
  "ethBalance": 0.04459919224178026,
  "usdtBalance": 0,
  "usdcBalance": 0,
  "kenduBalance": 517214787.4674407,
  "ethBalanceInUsd": 104.35274401539503,
  "kenduBalanceInUsd": 24459.087299335275,
  "totalUsdBalance": 104.35274401539503
}