{
  "ethBalance": 0.038589031500035925,
  "usdtBalance": 0,
  "usdcBalance": 0,
  "kenduBalance": 13206739398.082659,
  "ethBalanceInUsd": 127.68184386605887,
  "kenduBalanceInUsd": 187931.90163471623,
  "totalUsdBalance": 127.68184386605887
}