{
  "ethBalance": 0.038589031500035925,
  "usdtBalance": 0,
  "usdcBalance": 0,
  "kenduBalance": 35199894.08324558,
  "ethBalanceInUsd": 128.10979622539426,
  "kenduBalanceInUsd": 1149.628540758801,
  "totalUsdBalance": 128.10979622539426
}