{
  "ethBalance": 4.778379203455415,
  "usdtBalance": 3949.089252,
  "usdcBalance": 5005.206012,
  "kenduBalance": 12330098030.836285,
  "ethBalanceInUsd": 14958.524961249039,
  "kenduBalanceInUsd": 289387.4007837276,
  "totalUsdBalance": 23912.820225249037
}