{
  "ethBalance": 3.9773126053695473,
  "usdtBalance": 0,
  "usdcBalance": 0,
  "kenduBalance": 8110029020.399477,
  "ethBalanceInUsd": 10430.144349447153,
  "kenduBalanceInUsd": 104376.07349254127,
  "totalUsdBalance": 10430.144349447153
}