{
  "ethBalance": 0.5002741579676101,
  "usdtBalance": 0,
  "usdcBalance": 100,
  "kenduBalance": 4855925261.348792,
  "ethBalanceInUsd": 1359.6851284570082,
  "kenduBalanceInUsd": 145434.96157739632,
  "totalUsdBalance": 1459.6851284570082
}