{
  "ethBalance": 8.056063080971311,
  "usdtBalance": 22356.072978,
  "usdcBalance": 88.007775,
  "kenduBalance": 319823769.8171208,
  "ethBalanceInUsd": 24236.746339733003,
  "kenduBalanceInUsd": 39120.84352403022,
  "totalUsdBalance": 46680.827092733
}