{
  "ethBalance": 0.038589031500035925,
  "usdtBalance": 0,
  "usdcBalance": 0,
  "kenduBalance": 35199894.08324558,
  "ethBalanceInUsd": 128.9768917632001,
  "kenduBalanceInUsd": 1046.4928510948912,
  "totalUsdBalance": 128.9768917632001
}