{
  "ethBalance": 0.3196155371451788,
  "usdtBalance": 0,
  "usdcBalance": 884.463046,
  "kenduBalance": 5453954448.539579,
  "ethBalanceInUsd": 602.9930646888372,
  "kenduBalanceInUsd": 35996.09936036122,
  "totalUsdBalance": 1487.4561106888373
}