{
  "ethBalance": 8.051792938400936,
  "usdtBalance": 22356.072978,
  "usdcBalance": 88.007775,
  "kenduBalance": 947823769.8171208,
  "ethBalanceInUsd": 18936.206632531324,
  "kenduBalanceInUsd": 96365.24267730667,
  "totalUsdBalance": 41380.28738553132
}