{
  "ethBalance": 1.5619054443825804,
  "usdtBalance": 3946.421819,
  "usdcBalance": 0,
  "kenduBalance": 13053495101.864979,
  "ethBalanceInUsd": 4818.290867266935,
  "kenduBalanceInUsd": 277517.3058656494,
  "totalUsdBalance": 8764.712686266936
}