{
  "ethBalance": 8.051792938400936,
  "usdtBalance": 22356.072978,
  "usdcBalance": 88.007775,
  "kenduBalance": 947823769.8171208,
  "ethBalanceInUsd": 19734.541902373774,
  "kenduBalanceInUsd": 111738.94422374037,
  "totalUsdBalance": 42178.62265537377
}