{
  "ethBalance": 0.06254024854608203,
  "usdtBalance": 0,
  "usdcBalance": 0,
  "kenduBalance": 6456272656.749752,
  "ethBalanceInUsd": 137.12262194971217,
  "kenduBalanceInUsd": 60818.08842658266,
  "totalUsdBalance": 137.12262194971217
}