{
  "ethBalance": 0.5002741579676101,
  "usdtBalance": 0,
  "usdcBalance": 100,
  "kenduBalance": 4855925261.348792,
  "ethBalanceInUsd": 1273.8230747250273,
  "kenduBalanceInUsd": 121252.45377587933,
  "totalUsdBalance": 1373.8230747250273
}