{
  "ethBalance": 0.038589031500035925,
  "usdtBalance": 0,
  "usdcBalance": 0,
  "kenduBalance": 35199894.08324558,
  "ethBalanceInUsd": 128.40461642605453,
  "kenduBalanceInUsd": 767.7096899555861,
  "totalUsdBalance": 128.40461642605453
}