{
  "ethBalance": 0.038589031500035925,
  "usdtBalance": 0,
  "usdcBalance": 0,
  "kenduBalance": 35199894.08324558,
  "ethBalanceInUsd": 118.91827481240071,
  "kenduBalanceInUsd": 1703.674873629086,
  "totalUsdBalance": 118.91827481240071
}