{
  "ethBalance": 0.04459919224178026,
  "usdtBalance": 0,
  "usdcBalance": 0,
  "kenduBalance": 517214787.4674407,
  "ethBalanceInUsd": 106.05152724788445,
  "kenduBalanceInUsd": 21629.922411888372,
  "totalUsdBalance": 106.05152724788445
}