{
  "ethBalance": 0.06262558795641449,
  "usdtBalance": 0,
  "usdcBalance": 0,
  "kenduBalance": 7456272656.749752,
  "ethBalanceInUsd": 155.41541660791557,
  "kenduBalanceInUsd": 69343.3357077727,
  "totalUsdBalance": 155.41541660791557
}