{
  "ethBalance": 0.04459919224178026,
  "usdtBalance": 0,
  "usdcBalance": 0,
  "kenduBalance": 517214787.4674407,
  "ethBalanceInUsd": 113.81000273026454,
  "kenduBalanceInUsd": 29946.736194364817,
  "totalUsdBalance": 113.81000273026454
}