{
  "ethBalance": 0.04272247540230626,
  "usdtBalance": 0,
  "usdcBalance": 0,
  "kenduBalance": 517214787.4674407,
  "ethBalanceInUsd": 110.24278442712716,
  "kenduBalanceInUsd": 25860.73937337204,
  "totalUsdBalance": 110.24278442712716
}