{
  "ethBalance": 0.5002528644753425,
  "usdtBalance": 0,
  "usdcBalance": null,
  "kenduBalance": 4845166789.051858,
  "ethBalanceInUsd": 1499.2178146034432,
  "kenduBalanceInUsd": 117107.68129138341,
  "totalUsdBalance": null
}