{
  "ethBalance": 0.3119048631851912,
  "usdtBalance": 0,
  "usdcBalance": 0.463046,
  "kenduBalance": 4175387837.757599,
  "ethBalanceInUsd": 645.5120667508079,
  "kenduBalanceInUsd": 73612.08757966646,
  "totalUsdBalance": 645.9751127508079
}