{
  "ethBalance": 0.045462183917402754,
  "usdtBalance": 0,
  "usdcBalance": 0,
  "kenduBalance": 307214787.46744066,
  "ethBalanceInUsd": 126.79675867667132,
  "kenduBalanceInUsd": 27080.983515254895,
  "totalUsdBalance": 126.79675867667132
}