{
  "ethBalance": 0.3117728554842481,
  "usdtBalance": 0,
  "usdcBalance": 0.463046,
  "kenduBalance": 4113980899.4295063,
  "ethBalanceInUsd": 556.7171993954477,
  "kenduBalanceInUsd": 40399.29243239775,
  "totalUsdBalance": 557.1802453954476
}