{
  "ethBalance": 0.3579040556931112,
  "usdtBalance": 0,
  "usdcBalance": 0,
  "kenduBalance": 3646098337.9468102,
  "ethBalanceInUsd": 663.661490471736,
  "kenduBalanceInUsd": 41055.06728528108,
  "totalUsdBalance": 663.661490471736
}