{
  "ethBalance": 0.5002741579676101,
  "usdtBalance": 0,
  "usdcBalance": 100,
  "kenduBalance": 4855925261.348792,
  "ethBalanceInUsd": 1323.8955151960054,
  "kenduBalanceInUsd": 152573.17171157905,
  "totalUsdBalance": 1423.8955151960054
}