{
  "ethBalance": 0.03983369884579122,
  "usdtBalance": 0,
  "usdcBalance": 0,
  "kenduBalance": 1091213805.8365645,
  "ethBalanceInUsd": 104.65826367345494,
  "kenduBalanceInUsd": 47184.08496437305,
  "totalUsdBalance": 104.65826367345494
}