{
  "ethBalance": 0.0624422229661258,
  "usdtBalance": 0,
  "usdcBalance": 0,
  "kenduBalance": 6384544426.92592,
  "ethBalanceInUsd": 115.9957954930236,
  "kenduBalanceInUsd": 42840.29310467292,
  "totalUsdBalance": 115.9957954930236
}