{
  "ethBalance": 0.5002741579676101,
  "usdtBalance": 0,
  "usdcBalance": 100,
  "kenduBalance": 4855925261.348792,
  "ethBalanceInUsd": 1212.8846795429927,
  "kenduBalanceInUsd": 113677.21036817523,
  "totalUsdBalance": 1312.8846795429927
}