{
  "ethBalance": 0.038589031500035925,
  "usdtBalance": 0,
  "usdcBalance": 0,
  "kenduBalance": 35199894.08324558,
  "ethBalanceInUsd": 140.88276565190614,
  "kenduBalanceInUsd": 835.6454855362501,
  "totalUsdBalance": 140.88276565190614
}