{
  "ethBalance": 0.5002741579676101,
  "usdtBalance": 0,
  "usdcBalance": 100,
  "kenduBalance": 4855925261.348792,
  "ethBalanceInUsd": 1232.465410085845,
  "kenduBalanceInUsd": 112171.8735371571,
  "totalUsdBalance": 1332.465410085845
}