{
  "ethBalance": 0.3579488855246269,
  "usdtBalance": 0,
  "usdcBalance": 0,
  "kenduBalance": 3705282011.416198,
  "ethBalanceInUsd": 632.3596601455163,
  "kenduBalanceInUsd": 47649.9266668123,
  "totalUsdBalance": 632.3596601455163
}