{
  "ethBalance": 0.0624422229661258,
  "usdtBalance": 0,
  "usdcBalance": 0,
  "kenduBalance": 6384544426.92592,
  "ethBalanceInUsd": 118.04390040631253,
  "kenduBalanceInUsd": 44755.65643275069,
  "totalUsdBalance": 118.04390040631253
}