{
  "ethBalance": 0.35779268808449755,
  "usdtBalance": 0,
  "usdcBalance": 0,
  "kenduBalance": 3546950453.60037,
  "ethBalanceInUsd": 648.7353903272876,
  "kenduBalanceInUsd": 38590.82093517202,
  "totalUsdBalance": 648.7353903272876
}