{
  "ethBalance": 0.038589031500035925,
  "usdtBalance": 0,
  "usdcBalance": 0,
  "kenduBalance": 35199894.08324558,
  "ethBalanceInUsd": 124.7050859761461,
  "kenduBalanceInUsd": 737.0857821031625,
  "totalUsdBalance": 124.7050859761461
}