{
  "ethBalance": 0.04459919224178026,
  "usdtBalance": 0,
  "usdcBalance": 0,
  "kenduBalance": 517214787.4674407,
  "ethBalanceInUsd": 110.12031155610205,
  "kenduBalanceInUsd": 30567.393939325746,
  "totalUsdBalance": 110.12031155610205
}