{
  "ethBalance": 0.5002741579676101,
  "usdtBalance": 0,
  "usdcBalance": 100,
  "kenduBalance": 4855925261.348792,
  "ethBalanceInUsd": 1246.5131084415752,
  "kenduBalanceInUsd": 109403.99613818829,
  "totalUsdBalance": 1346.5131084415752
}