{
  "ethBalance": 0.3579488855246269,
  "usdtBalance": 0,
  "usdcBalance": 0,
  "kenduBalance": 3705282011.416198,
  "ethBalanceInUsd": 635.7422771137241,
  "kenduBalanceInUsd": 47131.18718521404,
  "totalUsdBalance": 635.7422771137241
}