{
  "ethBalance": 13.47560135212183,
  "usdtBalance": 3949.089252,
  "usdcBalance": 8005.206012,
  "kenduBalance": 10805029020.399477,
  "ethBalanceInUsd": 39639.694181388055,
  "kenduBalanceInUsd": 133226.00782152556,
  "totalUsdBalance": 51593.989445388055
}