{
  "ethBalance": 0.038589031500035925,
  "usdtBalance": 0,
  "usdcBalance": 0,
  "kenduBalance": 35199894.08324558,
  "ethBalanceInUsd": 142.88206337392302,
  "kenduBalanceInUsd": 1319.2920302400444,
  "totalUsdBalance": 142.88206337392302
}