{
  "ethBalance": 0.0660488809860724,
  "usdtBalance": 0,
  "usdcBalance": 0,
  "kenduBalance": 7622102282.100412,
  "ethBalanceInUsd": 176.8967364785681,
  "kenduBalanceInUsd": 61739.02848501335,
  "totalUsdBalance": 176.8967364785681
}