{
  "ethBalance": 0.3579040556931112,
  "usdtBalance": 0,
  "usdcBalance": 0,
  "kenduBalance": 3646098337.9468102,
  "ethBalanceInUsd": 658.5434624753245,
  "kenduBalanceInUsd": 41930.13088638832,
  "totalUsdBalance": 658.5434624753245
}