{
  "ethBalance": 0.038589031500035925,
  "usdtBalance": 0,
  "usdcBalance": 0,
  "kenduBalance": 35199894.08324558,
  "ethBalanceInUsd": 119.40526838993117,
  "kenduBalanceInUsd": 749.4057450322985,
  "totalUsdBalance": 119.40526838993117
}