{
  "ethBalance": 0.038589031500035925,
  "usdtBalance": 0,
  "usdcBalance": 0,
  "kenduBalance": 35199894.08324558,
  "ethBalanceInUsd": 95.63326731496403,
  "kenduBalanceInUsd": 1168.9884825045858,
  "totalUsdBalance": 95.63326731496403
}