{
  "ethBalance": 0.30943876692005484,
  "usdtBalance": 0,
  "usdcBalance": 0,
  "kenduBalance": 8110029020.399477,
  "ethBalanceInUsd": 836.6110277957371,
  "kenduBalanceInUsd": 90670.12444806616,
  "totalUsdBalance": 836.6110277957371
}