{
  "ethBalance": 0.04459919224178026,
  "usdtBalance": 0,
  "usdcBalance": 0,
  "kenduBalance": 517214787.4674407,
  "ethBalanceInUsd": 105.86644060008105,
  "kenduBalanceInUsd": 25565.926944515595,
  "totalUsdBalance": 105.86644060008105
}