{
  "ethBalance": 0.35769432885289126,
  "usdtBalance": 0,
  "usdcBalance": 0,
  "kenduBalance": 4514955040.756332,
  "ethBalanceInUsd": 835.5811060869311,
  "kenduBalanceInUsd": 83887.86465725266,
  "totalUsdBalance": 835.5811060869311
}