{
  "ethBalance": 0.04459919224178026,
  "usdtBalance": 0,
  "usdcBalance": 0,
  "kenduBalance": 517214787.4674407,
  "ethBalanceInUsd": 113.25697274646646,
  "kenduBalanceInUsd": 29481.242885644122,
  "totalUsdBalance": 113.25697274646646
}