{
  "ethBalance": 0.30943876692005484,
  "usdtBalance": 0,
  "usdcBalance": 0,
  "kenduBalance": 8110029020.399477,
  "ethBalanceInUsd": 836.0664155659578,
  "kenduBalanceInUsd": 92697.63170316603,
  "totalUsdBalance": 836.0664155659578
}