{
  "ethBalance": 0.038589031500035925,
  "usdtBalance": 0,
  "usdcBalance": 0,
  "kenduBalance": 35199894.08324558,
  "ethBalanceInUsd": 139.28325029622968,
  "kenduBalanceInUsd": 726.1738149373564,
  "totalUsdBalance": 139.28325029622968
}