{
  "ethBalance": 0.038589031500035925,
  "usdtBalance": 0,
  "usdcBalance": 0,
  "kenduBalance": 35199894.08324558,
  "ethBalanceInUsd": 139.25392263228963,
  "kenduBalanceInUsd": 841.6294675304018,
  "totalUsdBalance": 139.25392263228963
}