{
  "ethBalance": 0.5002741579676101,
  "usdtBalance": 0,
  "usdcBalance": 100,
  "kenduBalance": 4855925261.348792,
  "ethBalanceInUsd": 1265.9737731865155,
  "kenduBalanceInUsd": 115036.86944135287,
  "totalUsdBalance": 1365.9737731865155
}