{
  "ethBalance": 0.9903818468589797,
  "usdtBalance": 0,
  "usdcBalance": null,
  "kenduBalance": 4677192821.897994,
  "ethBalanceInUsd": 4692.577747694874,
  "kenduBalanceInUsd": 80588.03232130244,
  "totalUsdBalance": null
}