{
  "ethBalance": 0.04272247540230626,
  "usdtBalance": 0,
  "usdcBalance": 0,
  "kenduBalance": 517214787.4674407,
  "ethBalanceInUsd": 105.09088111836306,
  "kenduBalanceInUsd": 22317.818079220066,
  "totalUsdBalance": 105.09088111836306
}