{
  "ethBalance": 0.0624422229661258,
  "usdtBalance": 0,
  "usdcBalance": 0,
  "kenduBalance": 6379544426.92592,
  "ethBalanceInUsd": 140.2627166043491,
  "kenduBalanceInUsd": 51674.30985809995,
  "totalUsdBalance": 140.2627166043491
}