{
  "ethBalance": 0.04459919224178026,
  "usdtBalance": 0,
  "usdcBalance": 0,
  "kenduBalance": 517214787.4674407,
  "ethBalanceInUsd": 101.13312832746091,
  "kenduBalanceInUsd": 22819.516423063484,
  "totalUsdBalance": 101.13312832746091
}