{
  "ethBalance": 0.038589031500035925,
  "usdtBalance": 0,
  "usdcBalance": 0,
  "kenduBalance": 35199894.08324558,
  "ethBalanceInUsd": 128.84916206893496,
  "kenduBalanceInUsd": 816.9895416721299,
  "totalUsdBalance": 128.84916206893496
}