{
  "ethBalance": 0.038589031500035925,
  "usdtBalance": 0,
  "usdcBalance": 0,
  "kenduBalance": 35199894.08324558,
  "ethBalanceInUsd": 128.54044981693468,
  "kenduBalanceInUsd": 524.8304207811916,
  "totalUsdBalance": 128.54044981693468
}