{
  "ethBalance": 0.04272247540230626,
  "usdtBalance": 0,
  "usdcBalance": 0,
  "kenduBalance": 517214787.4674407,
  "ethBalanceInUsd": 101.3979503445877,
  "kenduBalanceInUsd": 27593.408911387964,
  "totalUsdBalance": 101.3979503445877
}