{
  "ethBalance": 0.04459919224178026,
  "usdtBalance": 0,
  "usdcBalance": 0,
  "kenduBalance": 517214787.4674407,
  "ethBalanceInUsd": 107.02289765491041,
  "kenduBalanceInUsd": 25700.40278925713,
  "totalUsdBalance": 107.02289765491041
}