{
  "ethBalance": 0.30943876692005484,
  "usdtBalance": 0,
  "usdcBalance": 0,
  "kenduBalance": 8110029020.399477,
  "ethBalanceInUsd": 825.9261071739876,
  "kenduBalanceInUsd": 74774.46756808317,
  "totalUsdBalance": 825.9261071739876
}