{
  "ethBalance": 0.038589031500035925,
  "usdtBalance": 0,
  "usdcBalance": 0,
  "kenduBalance": 35199894.08324558,
  "ethBalanceInUsd": 131.56930289937247,
  "kenduBalanceInUsd": 376.28686774989524,
  "totalUsdBalance": 131.56930289937247
}