{
  "ethBalance": 0.3579488855246269,
  "usdtBalance": 0,
  "usdcBalance": 0,
  "kenduBalance": 3705282011.416198,
  "ethBalanceInUsd": 560.8056779291435,
  "kenduBalanceInUsd": 40091.15136352326,
  "totalUsdBalance": 560.8056779291435
}