{
  "ethBalance": 0.3579488855246269,
  "usdtBalance": 0,
  "usdcBalance": 0,
  "kenduBalance": 3705282011.416198,
  "ethBalanceInUsd": 591.7360411273265,
  "kenduBalanceInUsd": 47205.29282544236,
  "totalUsdBalance": 591.7360411273265
}