{
  "ethBalance": 9.40272155275617,
  "usdtBalance": 3949.089252,
  "usdcBalance": 8005.206012,
  "kenduBalance": 11652025441.98484,
  "ethBalanceInUsd": 29547.39428902757,
  "kenduBalanceInUsd": 243643.85199190304,
  "totalUsdBalance": 41501.68955302757
}