{
  "ethBalance": 0.35703877941042383,
  "usdtBalance": 0,
  "usdcBalance": 0,
  "kenduBalance": 4855947774.956796,
  "ethBalanceInUsd": 883.7959426135926,
  "kenduBalanceInUsd": 159615.00336282988,
  "totalUsdBalance": 883.7959426135926
}