{
  "ethBalance": 0.04459919224178026,
  "usdtBalance": 0,
  "usdcBalance": 0,
  "kenduBalance": 517214787.4674407,
  "ethBalanceInUsd": 110.49271481132092,
  "kenduBalanceInUsd": 32667.285976443556,
  "totalUsdBalance": 110.49271481132092
}