{
  "ethBalance": 0.038589031500035925,
  "usdtBalance": 0,
  "usdcBalance": 0,
  "kenduBalance": 35199894.08324558,
  "ethBalanceInUsd": 102.1540418578401,
  "kenduBalanceInUsd": 1405.531770743996,
  "totalUsdBalance": 102.1540418578401
}