{
  "ethBalance": 0.038589031500035925,
  "usdtBalance": 0,
  "usdcBalance": 0,
  "kenduBalance": 35199894.08324558,
  "ethBalanceInUsd": 99.83792818720795,
  "kenduBalanceInUsd": 1159.836510042942,
  "totalUsdBalance": 99.83792818720795
}