{
  "ethBalance": 13.47560135212183,
  "usdtBalance": 3949.089252,
  "usdcBalance": 8005.206012,
  "kenduBalance": 10805029020.399477,
  "ethBalanceInUsd": 41230.623677019554,
  "kenduBalanceInUsd": 144247.137422333,
  "totalUsdBalance": 53184.918941019554
}