{
  "ethBalance": 0.727034011230498,
  "usdtBalance": 0,
  "usdcBalance": null,
  "kenduBalance": 4482236645.828448,
  "ethBalanceInUsd": 2870.7156043639584,
  "kenduBalanceInUsd": 45091.30065703419,
  "totalUsdBalance": null
}