{
  "ethBalance": 0.5002741579676101,
  "usdtBalance": 0,
  "usdcBalance": 100,
  "kenduBalance": 4855925261.348792,
  "ethBalanceInUsd": 1319.6031629206434,
  "kenduBalanceInUsd": 124117.44968007512,
  "totalUsdBalance": 1419.6031629206434
}