{
  "ethBalance": 0.038589031500035925,
  "usdtBalance": 0,
  "usdcBalance": 0,
  "kenduBalance": 35199894.08324558,
  "ethBalanceInUsd": 149.11342018054881,
  "kenduBalanceInUsd": 1075.3567642431524,
  "totalUsdBalance": 149.11342018054881
}