{
  "ethBalance": 0.04272247540230626,
  "usdtBalance": 0,
  "usdcBalance": 0,
  "kenduBalance": 517214787.4674407,
  "ethBalanceInUsd": 105.33696257668035,
  "kenduBalanceInUsd": 24697.006101570296,
  "totalUsdBalance": 105.33696257668035
}