{
  "ethBalance": 0.045462183917402754,
  "usdtBalance": 0,
  "usdcBalance": 0,
  "kenduBalance": 307214787.46744066,
  "ethBalanceInUsd": 125.94934356845094,
  "kenduBalanceInUsd": 26140.906265604528,
  "totalUsdBalance": 125.94934356845094
}