{
  "ethBalance": 0.038589031500035925,
  "usdtBalance": 0,
  "usdcBalance": 0,
  "kenduBalance": 35199894.08324558,
  "ethBalanceInUsd": 141.9038314253971,
  "kenduBalanceInUsd": 706.4618742507388,
  "totalUsdBalance": 141.9038314253971
}