{
  "ethBalance": 0.038589031500035925,
  "usdtBalance": 0,
  "usdcBalance": 0,
  "kenduBalance": 35199894.08324558,
  "ethBalanceInUsd": 151.49629287567603,
  "kenduBalanceInUsd": 1331.6119931691806,
  "totalUsdBalance": 151.49629287567603
}