{
  "ethBalance": 0.038589031500035925,
  "usdtBalance": 0,
  "usdcBalance": 0,
  "kenduBalance": 35199894.08324558,
  "ethBalanceInUsd": 145.90474221132084,
  "kenduBalanceInUsd": 862.7494039803493,
  "totalUsdBalance": 145.90474221132084
}