{
  "ethBalance": 0.3196155371451788,
  "usdtBalance": 0,
  "usdcBalance": 884.463046,
  "kenduBalance": 5453954448.539579,
  "ethBalanceInUsd": 617.33101768517,
  "kenduBalanceInUsd": 38286.760228747844,
  "totalUsdBalance": 1501.79406368517
}