{
  "ethBalance": 0.0624422229661258,
  "usdtBalance": 0,
  "usdcBalance": 0,
  "kenduBalance": 6384544426.92592,
  "ethBalanceInUsd": 136.68477722839006,
  "kenduBalanceInUsd": 54396.318517408836,
  "totalUsdBalance": 136.68477722839006
}