{
  "ethBalance": 0.04272247540230626,
  "usdtBalance": 0,
  "usdcBalance": 0,
  "kenduBalance": 517214787.4674407,
  "ethBalanceInUsd": 113.91948066024965,
  "kenduBalanceInUsd": 27236.53070803543,
  "totalUsdBalance": 113.91948066024965
}