{
  "ethBalance": 0.038589031500035925,
  "usdtBalance": 0,
  "usdcBalance": 0,
  "kenduBalance": 35199894.08324558,
  "ethBalanceInUsd": 130.0813098447311,
  "kenduBalanceInUsd": 1208.0603649369882,
  "totalUsdBalance": 130.0813098447311
}