{
  "ethBalance": 0.3579040556931112,
  "usdtBalance": 0,
  "usdcBalance": 0,
  "kenduBalance": 3646098337.9468102,
  "ethBalanceInUsd": 652.8742622331457,
  "kenduBalanceInUsd": 43607.33612184385,
  "totalUsdBalance": 652.8742622331457
}