{
  "ethBalance": 0.038589031500035925,
  "usdtBalance": 0,
  "usdcBalance": 0,
  "kenduBalance": 35199894.08324558,
  "ethBalanceInUsd": 101.99081025459495,
  "kenduBalanceInUsd": 1479.8035472596441,
  "totalUsdBalance": 101.99081025459495
}