{
  "ethBalance": 0.35769432885289126,
  "usdtBalance": 0,
  "usdcBalance": 0,
  "kenduBalance": 4514955040.756332,
  "ethBalanceInUsd": 836.0174931681315,
  "kenduBalanceInUsd": 79553.50781812659,
  "totalUsdBalance": 836.0174931681315
}