{
  "ethBalance": 0.04459919224178026,
  "usdtBalance": 0,
  "usdcBalance": 0,
  "kenduBalance": 517214787.4674407,
  "ethBalanceInUsd": 103.50446737895636,
  "kenduBalanceInUsd": 26641.733702447873,
  "totalUsdBalance": 103.50446737895636
}