{
  "ethBalance": 0.06254024854608203,
  "usdtBalance": 0,
  "usdcBalance": 0,
  "kenduBalance": 6456272656.749752,
  "ethBalanceInUsd": 136.1526226947624,
  "kenduBalanceInUsd": 55007.44303550789,
  "totalUsdBalance": 136.1526226947624
}