{
  "ethBalance": 0.038589031500035925,
  "usdtBalance": 0,
  "usdcBalance": 0,
  "kenduBalance": 35199894.08324558,
  "ethBalanceInUsd": 102.59781572009052,
  "kenduBalanceInUsd": 1912.762244483565,
  "totalUsdBalance": 102.59781572009052
}