{
  "ethBalance": 0.0660488809860724,
  "usdtBalance": 0,
  "usdcBalance": 0,
  "kenduBalance": 7622102282.100412,
  "ethBalanceInUsd": 185.836452520033,
  "kenduBalanceInUsd": 67150.72110530463,
  "totalUsdBalance": 185.836452520033
}