{
  "ethBalance": 0.03983369884579122,
  "usdtBalance": 0,
  "usdcBalance": 0,
  "kenduBalance": 1091213805.8365645,
  "ethBalanceInUsd": 104.52163408641387,
  "kenduBalanceInUsd": 48930.02705371155,
  "totalUsdBalance": 104.52163408641387
}