{
  "ethBalance": 0.3579488855246269,
  "usdtBalance": 0,
  "usdcBalance": 0,
  "kenduBalance": 3705282011.416198,
  "ethBalanceInUsd": 578.3594912752711,
  "kenduBalanceInUsd": 49354.35639206375,
  "totalUsdBalance": 578.3594912752711
}