{
  "ethBalance": 0.038589031500035925,
  "usdtBalance": 0,
  "usdcBalance": 0,
  "kenduBalance": 35199894.08324558,
  "ethBalanceInUsd": 133.27841110450908,
  "kenduBalanceInUsd": 730.7498011681784,
  "totalUsdBalance": 133.27841110450908
}