{
  "ethBalance": 0.04272247540230626,
  "usdtBalance": 0,
  "usdcBalance": 0,
  "kenduBalance": 517214787.4674407,
  "ethBalanceInUsd": 112.13069061515509,
  "kenduBalanceInUsd": 27779.606234876243,
  "totalUsdBalance": 112.13069061515509
}