{
  "ethBalance": 0.038589031500035925,
  "usdtBalance": 0,
  "usdcBalance": 0,
  "kenduBalance": 35199894.08324558,
  "ethBalanceInUsd": 129.18257130109527,
  "kenduBalanceInUsd": 914.8452472235527,
  "totalUsdBalance": 129.18257130109527
}