{
  "ethBalance": 0.30943876692005484,
  "usdtBalance": 0,
  "usdcBalance": 0,
  "kenduBalance": 8110029020.399477,
  "ethBalanceInUsd": 830.3851198053055,
  "kenduBalanceInUsd": 81830.19281583073,
  "totalUsdBalance": 830.3851198053055
}