{
  "ethBalance": 0.038589031500035925,
  "usdtBalance": 0,
  "usdcBalance": 0,
  "kenduBalance": 35199894.08324558,
  "ethBalanceInUsd": 137.81609531859831,
  "kenduBalanceInUsd": 733.2137937540055,
  "totalUsdBalance": 137.81609531859831
}