{
  "ethBalance": 0.5002741579676101,
  "usdtBalance": 0,
  "usdcBalance": 100,
  "kenduBalance": 4855925261.348792,
  "ethBalanceInUsd": 1297.8362343074725,
  "kenduBalanceInUsd": 139753.52902161822,
  "totalUsdBalance": 1397.8362343074725
}