{
  "ethBalance": 0.038589031500035925,
  "usdtBalance": 0,
  "usdcBalance": 0,
  "kenduBalance": 35199894.08324558,
  "ethBalanceInUsd": 134.268991543115,
  "kenduBalanceInUsd": 1212.284352226978,
  "totalUsdBalance": 134.268991543115
}