{
  "ethBalance": 0.5002741579676101,
  "usdtBalance": 0,
  "usdcBalance": 100,
  "kenduBalance": 4855925261.348792,
  "ethBalanceInUsd": 1270.971512024612,
  "kenduBalanceInUsd": 118581.6948821375,
  "totalUsdBalance": 1370.971512024612
}