{
  "ethBalance": 0.04459919224178026,
  "usdtBalance": 0,
  "usdcBalance": 0,
  "kenduBalance": 517214787.4674407,
  "ethBalanceInUsd": 99.50570380255836,
  "kenduBalanceInUsd": 20564.459949705444,
  "totalUsdBalance": 99.50570380255836
}