{
  "ethBalance": 0.04459919224178026,
  "usdtBalance": 0,
  "usdcBalance": 0,
  "kenduBalance": 517214787.4674407,
  "ethBalanceInUsd": 108.8010674495902,
  "kenduBalanceInUsd": 31141.502353414606,
  "totalUsdBalance": 108.8010674495902
}