{
  "ethBalance": 0.35703877941042383,
  "usdtBalance": 0,
  "usdcBalance": 0,
  "kenduBalance": 4855947774.956796,
  "ethBalanceInUsd": 892.95398730547,
  "kenduBalanceInUsd": 176319.46370868126,
  "totalUsdBalance": 892.95398730547
}