{
  "ethBalance": 0.04459919224178026,
  "usdtBalance": 0,
  "usdcBalance": 0,
  "kenduBalance": 517214787.4674407,
  "ethBalanceInUsd": 102.56654636611172,
  "kenduBalanceInUsd": 25022.85141767478,
  "totalUsdBalance": 102.56654636611172
}