{
  "ethBalance": 0.038589031500035925,
  "usdtBalance": 0,
  "usdcBalance": 0,
  "kenduBalance": 35199894.08324558,
  "ethBalanceInUsd": 142.5393927742027,
  "kenduBalanceInUsd": 975.3890650467351,
  "totalUsdBalance": 142.5393927742027
}