{
  "ethBalance": 0.7404211583199757,
  "usdtBalance": 0,
  "usdcBalance": null,
  "kenduBalance": 4745282940.56362,
  "ethBalanceInUsd": 3478.0543490922537,
  "kenduBalanceInUsd": 80812.16847779845,
  "totalUsdBalance": null
}