{
  "ethBalance": 0.04459919224178026,
  "usdtBalance": 0,
  "usdcBalance": 0,
  "kenduBalance": 517214787.4674407,
  "ethBalanceInUsd": 112.10051569163711,
  "kenduBalanceInUsd": 31958.701717613163,
  "totalUsdBalance": 112.10051569163711
}