{
  "ethBalance": 0.038589031500035925,
  "usdtBalance": 0,
  "usdcBalance": 0,
  "kenduBalance": 35199894.08324558,
  "ethBalanceInUsd": 124.21191815357564,
  "kenduBalanceInUsd": 1450.939634111383,
  "totalUsdBalance": 124.21191815357564
}