{
  "ethBalance": 0.038589031500035925,
  "usdtBalance": 0,
  "usdcBalance": 0,
  "kenduBalance": 35199894.08324558,
  "ethBalanceInUsd": 142.50852154900267,
  "kenduBalanceInUsd": 1324.5720143525311,
  "totalUsdBalance": 142.50852154900267
}