{
  "ethBalance": 0.04272247540230626,
  "usdtBalance": 0,
  "usdcBalance": 0,
  "kenduBalance": 517214787.4674407,
  "ethBalanceInUsd": 104.50131095781124,
  "kenduBalanceInUsd": 24309.09501096971,
  "totalUsdBalance": 104.50131095781124
}