{
  "ethBalance": 0.3119048631851912,
  "usdtBalance": 0,
  "usdcBalance": 0.463046,
  "kenduBalance": 4175387837.757599,
  "ethBalanceInUsd": 626.5451320205165,
  "kenduBalanceInUsd": 41962.64776946387,
  "totalUsdBalance": 627.0081780205164
}