{
  "ethBalance": 0.038589031500035925,
  "usdtBalance": 0,
  "usdcBalance": 0,
  "kenduBalance": 35199894.08324558,
  "ethBalanceInUsd": 129.987924388501,
  "kenduBalanceInUsd": 800.0935925121721,
  "totalUsdBalance": 129.987924388501
}