{
  "ethBalance": 0.3579488855246269,
  "usdtBalance": 0,
  "usdcBalance": 0,
  "kenduBalance": 3705282011.416198,
  "ethBalanceInUsd": 644.3724247437228,
  "kenduBalanceInUsd": 45204.44053927761,
  "totalUsdBalance": 644.3724247437228
}