{
  "ethBalance": 0.038589031500035925,
  "usdtBalance": 0,
  "usdcBalance": 0,
  "kenduBalance": 35199894.08324558,
  "ethBalanceInUsd": 127.70615495590388,
  "kenduBalanceInUsd": 1050.0128405032158,
  "totalUsdBalance": 127.70615495590388
}