{
  "ethBalance": 0.038589031500035925,
  "usdtBalance": 0,
  "usdcBalance": 0,
  "kenduBalance": 35199894.08324558,
  "ethBalanceInUsd": 131.95943800783786,
  "kenduBalanceInUsd": 1163.3564994512665,
  "totalUsdBalance": 131.95943800783786
}