{
  "ethBalance": 0.35798968333076975,
  "usdtBalance": 0,
  "usdcBalance": 4004.403285,
  "kenduBalance": 3705282011.416198,
  "ethBalanceInUsd": 562.3946327189726,
  "kenduBalanceInUsd": 39201.88368078337,
  "totalUsdBalance": 4566.797917718973
}