{
  "ethBalance": 0.3579488855246269,
  "usdtBalance": 0,
  "usdcBalance": 0,
  "kenduBalance": 3705282011.416198,
  "ethBalanceInUsd": 543.6205519351062,
  "kenduBalanceInUsd": 37682.71805610273,
  "totalUsdBalance": 543.6205519351062
}