{
  "ethBalance": 0.038589031500035925,
  "usdtBalance": 0,
  "usdcBalance": 0,
  "kenduBalance": 35199894.08324558,
  "ethBalanceInUsd": 95.39787422281381,
  "kenduBalanceInUsd": 1173.2124697945753,
  "totalUsdBalance": 95.39787422281381
}