{
  "ethBalance": 0.5002741579676101,
  "usdtBalance": 0,
  "usdcBalance": 100,
  "kenduBalance": 4855925261.348792,
  "ethBalanceInUsd": 1218.4877501122298,
  "kenduBalanceInUsd": 107413.06678103529,
  "totalUsdBalance": 1318.4877501122298
}