{
  "ethBalance": 0.04459919224178026,
  "usdtBalance": 0,
  "usdcBalance": 0,
  "kenduBalance": 517214787.4674407,
  "ethBalanceInUsd": 107.05188712986757,
  "kenduBalanceInUsd": 28798.5193661871,
  "totalUsdBalance": 107.05188712986757
}