{
  "ethBalance": 0.04272247540230626,
  "usdtBalance": 0,
  "usdcBalance": 0,
  "kenduBalance": 517214787.4674407,
  "ethBalanceInUsd": 103.57380601682716,
  "kenduBalanceInUsd": 24665.973214322246,
  "totalUsdBalance": 103.57380601682716
}