{
  "ethBalance": 0.038589031500035925,
  "usdtBalance": 0,
  "usdcBalance": 0,
  "kenduBalance": 35199894.08324558,
  "ethBalanceInUsd": 128.28846344123943,
  "kenduBalanceInUsd": 647.3260521908862,
  "totalUsdBalance": 128.28846344123943
}