{
  "ethBalance": 0.038589031500035925,
  "usdtBalance": 0,
  "usdcBalance": 0,
  "kenduBalance": 35199894.08324558,
  "ethBalanceInUsd": 101.85073207024982,
  "kenduBalanceInUsd": 1477.339554673817,
  "totalUsdBalance": 101.85073207024982
}