{
  "ethBalance": 0.038589031500035925,
  "usdtBalance": 0,
  "usdcBalance": 0,
  "kenduBalance": 35199894.08324558,
  "ethBalanceInUsd": 95.34616492060377,
  "kenduBalanceInUsd": 1145.4045534688112,
  "totalUsdBalance": 95.34616492060377
}