{
  "ethBalance": 0.038589031500035925,
  "usdtBalance": 0,
  "usdcBalance": 0,
  "kenduBalance": 35199894.08324558,
  "ethBalanceInUsd": 130.7211159870017,
  "kenduBalanceInUsd": 859.5814135128571,
  "totalUsdBalance": 130.7211159870017
}