{
  "ethBalance": 0.038589031500035925,
  "usdtBalance": 0,
  "usdcBalance": 0,
  "kenduBalance": 35199894.08324558,
  "ethBalanceInUsd": 122.66835689357421,
  "kenduBalanceInUsd": 1130.6205979538481,
  "totalUsdBalance": 122.66835689357421
}