{
  "ethBalance": 0.0660488809860724,
  "usdtBalance": 0,
  "usdcBalance": 0,
  "kenduBalance": 7622102282.100412,
  "ethBalanceInUsd": 159.98161805803497,
  "kenduBalanceInUsd": 57699.314275500124,
  "totalUsdBalance": 159.98161805803497
}