{
  "ethBalance": 0.038589031500035925,
  "usdtBalance": 0,
  "usdcBalance": 0,
  "kenduBalance": 35199894.08324558,
  "ethBalanceInUsd": 127.88597984269407,
  "kenduBalanceInUsd": 1142.940560882984,
  "totalUsdBalance": 127.88597984269407
}