{
  "ethBalance": 0.5002741579676101,
  "usdtBalance": 0,
  "usdcBalance": 100,
  "kenduBalance": 4855925261.348792,
  "ethBalanceInUsd": 1242.7510467736588,
  "kenduBalanceInUsd": 109501.11464341526,
  "totalUsdBalance": 1342.7510467736588
}