{
  "ethBalance": 0.045462183917402754,
  "usdtBalance": 0,
  "usdcBalance": 0,
  "kenduBalance": 307214787.46744066,
  "ethBalanceInUsd": 120.83757560877817,
  "kenduBalanceInUsd": 27182.36439511915,
  "totalUsdBalance": 120.83757560877817
}