{
  "ethBalance": 0.038589031500035925,
  "usdtBalance": 0,
  "usdcBalance": 0,
  "kenduBalance": 35199894.08324558,
  "ethBalanceInUsd": 127.68068619511386,
  "kenduBalanceInUsd": 618.8141379834574,
  "totalUsdBalance": 127.68068619511386
}