{
  "ethBalance": 0.045462183917402754,
  "usdtBalance": 0,
  "usdcBalance": 0,
  "kenduBalance": 307214787.46744066,
  "ethBalanceInUsd": 118.3289723002159,
  "kenduBalanceInUsd": 26727.68650966734,
  "totalUsdBalance": 118.3289723002159
}