{
  "ethBalance": 0.0624422229661258,
  "usdtBalance": 0,
  "usdcBalance": 0,
  "kenduBalance": 6384544426.92592,
  "ethBalanceInUsd": 133.75686139350844,
  "kenduBalanceInUsd": 52736.3369664081,
  "totalUsdBalance": 133.75686139350844
}