{
  "ethBalance": 0.5002741579676101,
  "usdtBalance": 0,
  "usdcBalance": 100,
  "kenduBalance": 4855925261.348792,
  "ethBalanceInUsd": 1253.3418506978333,
  "kenduBalanceInUsd": 133974.97796061318,
  "totalUsdBalance": 1353.3418506978333
}