{
  "ethBalance": 0.038589031500035925,
  "usdtBalance": 0,
  "usdcBalance": 0,
  "kenduBalance": 35199894.08324558,
  "ethBalanceInUsd": 97.29413923072558,
  "kenduBalanceInUsd": 1185.5324327237113,
  "totalUsdBalance": 97.29413923072558
}