{
  "ethBalance": 0.04459919224178026,
  "usdtBalance": 0,
  "usdcBalance": 0,
  "kenduBalance": 517214787.4674407,
  "ethBalanceInUsd": 101.55637466183542,
  "kenduBalanceInUsd": 22028.1777982383,
  "totalUsdBalance": 101.55637466183542
}