{
  "ethBalance": 0.038589031500035925,
  "usdtBalance": 0,
  "usdcBalance": 0,
  "kenduBalance": 35199894.08324558,
  "ethBalanceInUsd": 101.78320126512476,
  "kenduBalanceInUsd": 1472.7635684429952,
  "totalUsdBalance": 101.78320126512476
}