{
  "ethBalance": 0.045462183917402754,
  "usdtBalance": 0,
  "usdcBalance": 0,
  "kenduBalance": 307214787.46744066,
  "ethBalanceInUsd": 118.43990002897434,
  "kenduBalanceInUsd": 20924.399174407383,
  "totalUsdBalance": 118.43990002897434
}