{
  "ethBalance": 0.038589031500035925,
  "usdtBalance": 0,
  "usdcBalance": 0,
  "kenduBalance": 35199894.08324558,
  "ethBalanceInUsd": 149.9430843577996,
  "kenduBalanceInUsd": 1169.6924803862507,
  "totalUsdBalance": 149.9430843577996
}