{
  "ethBalance": 0.038589031500035925,
  "usdtBalance": 0,
  "usdcBalance": 0,
  "kenduBalance": 35199894.08324558,
  "ethBalanceInUsd": 94.69593973982816,
  "kenduBalanceInUsd": 1974.7140580700773,
  "totalUsdBalance": 94.69593973982816
}