{
  "ethBalance": 0.038589031500035925,
  "usdtBalance": 0,
  "usdcBalance": 0,
  "kenduBalance": 35199894.08324558,
  "ethBalanceInUsd": 150.2683898933449,
  "kenduBalanceInUsd": 1072.540772716493,
  "totalUsdBalance": 150.2683898933449
}