{
  "ethBalance": 0.5002741579676101,
  "usdtBalance": 0,
  "usdcBalance": 100,
  "kenduBalance": 4855925261.348792,
  "ethBalanceInUsd": 1207.4867213785221,
  "kenduBalanceInUsd": 108190.0148228511,
  "totalUsdBalance": 1307.4867213785221
}