{
  "ethBalance": 0.10788809429719365,
  "usdtBalance": 3946.421819,
  "usdcBalance": 0,
  "kenduBalance": 13268928669.075045,
  "ethBalanceInUsd": 359.9513645274991,
  "kenduBalanceInUsd": 322833.03451859584,
  "totalUsdBalance": 4306.373183527499
}