{
  "ethBalance": 0.038589031500035925,
  "usdtBalance": 0,
  "usdcBalance": 0,
  "kenduBalance": 35199894.08324558,
  "ethBalanceInUsd": 110.77907628841312,
  "kenduBalanceInUsd": 1862.0743970036913,
  "totalUsdBalance": 110.77907628841312
}