{
  "ethBalance": 0.038589031500035925,
  "usdtBalance": 0,
  "usdcBalance": 0,
  "kenduBalance": 35199894.08324558,
  "ethBalanceInUsd": 129.94663412479596,
  "kenduBalanceInUsd": 620.5741326876196,
  "totalUsdBalance": 129.94663412479596
}