{
  "ethBalance": 0.35769432885289126,
  "usdtBalance": 0,
  "usdcBalance": 0,
  "kenduBalance": 4514955040.756332,
  "ethBalanceInUsd": 956.4066734301492,
  "kenduBalanceInUsd": 91698.73687776111,
  "totalUsdBalance": 956.4066734301492
}