{
  "ethBalance": 0.3579040556931112,
  "usdtBalance": 0,
  "usdcBalance": 0,
  "kenduBalance": 3646098337.9468102,
  "ethBalanceInUsd": 646.8578950569445,
  "kenduBalanceInUsd": 42622.889570598214,
  "totalUsdBalance": 646.8578950569445
}