{
  "ethBalance": 13.47560135212183,
  "usdtBalance": 3949.089252,
  "usdcBalance": 8005.206012,
  "kenduBalance": 10805029020.399477,
  "ethBalanceInUsd": 42659.8459564256,
  "kenduBalanceInUsd": 167802.10068680387,
  "totalUsdBalance": 54614.1412204256
}