{
  "ethBalance": 0.04272247540230626,
  "usdtBalance": 0,
  "usdcBalance": 0,
  "kenduBalance": 517214787.4674407,
  "ethBalanceInUsd": 113.55249459654382,
  "kenduBalanceInUsd": 27815.81126999896,
  "totalUsdBalance": 113.55249459654382
}