{
  "ethBalance": 0.038589031500035925,
  "usdtBalance": 0,
  "usdcBalance": 0,
  "kenduBalance": 35199894.08324558,
  "ethBalanceInUsd": 148.95944994486368,
  "kenduBalanceInUsd": 1068.668784367336,
  "totalUsdBalance": 148.95944994486368
}