{
  "ethBalance": 0.3579488855246269,
  "usdtBalance": 0,
  "usdcBalance": 0,
  "kenduBalance": 3705282011.416198,
  "ethBalanceInUsd": 564.4853924723366,
  "kenduBalanceInUsd": 45574.96874041924,
  "totalUsdBalance": 564.4853924723366
}