{
  "ethBalance": 0.3196155371451788,
  "usdtBalance": 0,
  "usdcBalance": 884.463046,
  "kenduBalance": 5453954448.539579,
  "ethBalanceInUsd": 611.4245225587271,
  "kenduBalanceInUsd": 38777.61612911641,
  "totalUsdBalance": 1495.887568558727
}