{
  "ethBalance": 0.04459919224178026,
  "usdtBalance": 0,
  "usdcBalance": 0,
  "kenduBalance": 517214787.4674407,
  "ethBalanceInUsd": 103.75912876665694,
  "kenduBalanceInUsd": 23253.976844536137,
  "totalUsdBalance": 103.75912876665694
}