{
  "ethBalance": 0.038589031500035925,
  "usdtBalance": 0,
  "usdcBalance": 0,
  "kenduBalance": 35199894.08324558,
  "ethBalanceInUsd": 150.53195297849015,
  "kenduBalanceInUsd": 1275.64416157682,
  "totalUsdBalance": 150.53195297849015
}