{
  "ethBalance": 0.04841366454199495,
  "usdtBalance": 90113.767042,
  "usdcBalance": 0,
  "kenduBalance": 946492975.4674407,
  "ethBalanceInUsd": 120.49338072205329,
  "kenduBalanceInUsd": 119333.83434693493,
  "totalUsdBalance": 90234.26042272206
}