{
  "ethBalance": 0.5002741579676101,
  "usdtBalance": 0,
  "usdcBalance": 100,
  "kenduBalance": 4854925261.348792,
  "ethBalanceInUsd": 1200.3227954364258,
  "kenduBalanceInUsd": 166232.64094858262,
  "totalUsdBalance": 1300.3227954364258
}