{
  "ethBalance": 8.056063080971311,
  "usdtBalance": 22356.072978,
  "usdcBalance": 88.007775,
  "kenduBalance": 319823769.8171208,
  "ethBalanceInUsd": 23971.137939953376,
  "kenduBalanceInUsd": 42107.99753412212,
  "totalUsdBalance": 46415.21869295337
}