{
  "ethBalance": 0.038589031500035925,
  "usdtBalance": 0,
  "usdcBalance": 0,
  "kenduBalance": 35199894.08324558,
  "ethBalanceInUsd": 120.43598142129711,
  "kenduBalanceInUsd": 974.3330682242378,
  "totalUsdBalance": 120.43598142129711
}