{
  "ethBalance": 0.04272247540230626,
  "usdtBalance": 0,
  "usdcBalance": 0,
  "kenduBalance": 517214787.4674407,
  "ethBalanceInUsd": 106.29266435142993,
  "kenduBalanceInUsd": 24805.621206938456,
  "totalUsdBalance": 106.29266435142993
}