{
  "ethBalance": 0.06254024854608203,
  "usdtBalance": 0,
  "usdcBalance": 0,
  "kenduBalance": 6456272656.749752,
  "ethBalanceInUsd": 152.83836100685713,
  "kenduBalanceInUsd": 69082.11742722234,
  "totalUsdBalance": 152.83836100685713
}