{
  "ethBalance": 18.27649738337883,
  "usdtBalance": 0,
  "usdcBalance": 0,
  "kenduBalance": 10805029020.399477,
  "ethBalanceInUsd": 46644.36279699028,
  "kenduBalanceInUsd": 115829.9110986824,
  "totalUsdBalance": 46644.36279699028
}