{
  "ethBalance": 0.038589031500035925,
  "usdtBalance": 0,
  "usdcBalance": 0,
  "kenduBalance": 35199894.08324558,
  "ethBalanceInUsd": 150.0353121430847,
  "kenduBalanceInUsd": 1204.1883765878313,
  "totalUsdBalance": 150.0353121430847
}