{
  "ethBalance": 0.038589031500035925,
  "usdtBalance": 0,
  "usdcBalance": 0,
  "kenduBalance": 35199894.08324558,
  "ethBalanceInUsd": 142.3410451522925,
  "kenduBalanceInUsd": 1359.4199094949445,
  "totalUsdBalance": 142.3410451522925
}