{
  "ethBalance": 0.3579488855246269,
  "usdtBalance": 0,
  "usdcBalance": 0,
  "kenduBalance": 3705282011.416198,
  "ethBalanceInUsd": 640.4027716032547,
  "kenduBalanceInUsd": 48353.930248981385,
  "totalUsdBalance": 640.4027716032547
}