{
  "ethBalance": 0.727034011230498,
  "usdtBalance": 0,
  "usdcBalance": null,
  "kenduBalance": 4482236645.828448,
  "ethBalanceInUsd": 2917.4129989052935,
  "kenduBalanceInUsd": 48363.33340848896,
  "totalUsdBalance": null
}