{
  "ethBalance": 0.038589031500035925,
  "usdtBalance": 0,
  "usdcBalance": 0,
  "kenduBalance": 35199894.08324558,
  "ethBalanceInUsd": 128.80710002459992,
  "kenduBalanceInUsd": 901.1172885310868,
  "totalUsdBalance": 128.80710002459992
}