{
  "ethBalance": 8.94393574387413,
  "usdtBalance": 3949.089252,
  "usdcBalance": 8005.206012,
  "kenduBalance": 11696089876.58079,
  "ethBalanceInUsd": 28274.91126389648,
  "kenduBalanceInUsd": 263395.9440205994,
  "totalUsdBalance": 40229.20652789648
}