{
  "ethBalance": 0.038589031500035925,
  "usdtBalance": 0,
  "usdcBalance": 0,
  "kenduBalance": 35199894.08324558,
  "ethBalanceInUsd": 132.38198790276323,
  "kenduBalanceInUsd": 1219.324331043627,
  "totalUsdBalance": 132.38198790276323
}