{
  "ethBalance": 0.03983369884579122,
  "usdtBalance": 0,
  "usdcBalance": 0,
  "kenduBalance": 1091213805.8365645,
  "ethBalanceInUsd": 104.96777151348674,
  "kenduBalanceInUsd": 46703.95088980496,
  "totalUsdBalance": 104.96777151348674
}