{
  "ethBalance": 0.3117728554842481,
  "usdtBalance": 0,
  "usdcBalance": 0.463046,
  "kenduBalance": 4113980899.4295063,
  "ethBalanceInUsd": 566.1670346451752,
  "kenduBalanceInUsd": 45006.9510397588,
  "totalUsdBalance": 566.6300806451752
}