{
  "ethBalance": 0.045462183917402754,
  "usdtBalance": 0,
  "usdcBalance": 0,
  "kenduBalance": 307214787.46744066,
  "ethBalanceInUsd": 115.68716479277562,
  "kenduBalanceInUsd": 28362.069178994123,
  "totalUsdBalance": 115.68716479277562
}