{
  "ethBalance": 0.5002741579676101,
  "usdtBalance": 0,
  "usdcBalance": 100,
  "kenduBalance": 4855925261.348792,
  "ethBalanceInUsd": 1296.7756530925813,
  "kenduBalanceInUsd": 112900.26232635941,
  "totalUsdBalance": 1396.7756530925813
}