{
  "ethBalance": 0.04459919224178026,
  "usdtBalance": 0,
  "usdcBalance": 0,
  "kenduBalance": 517214787.4674407,
  "ethBalanceInUsd": 110.59350898578734,
  "kenduBalanceInUsd": 36210.20727059553,
  "totalUsdBalance": 110.59350898578734
}