{
  "ethBalance": 0.038589031500035925,
  "usdtBalance": 0,
  "usdcBalance": 0,
  "kenduBalance": 35199894.08324558,
  "ethBalanceInUsd": 120.58223385068227,
  "kenduBalanceInUsd": 770.5256814822458,
  "totalUsdBalance": 120.58223385068227
}