{
  "ethBalance": 0.04459919224178026,
  "usdtBalance": 0,
  "usdcBalance": 0,
  "kenduBalance": 517214787.4674407,
  "ethBalanceInUsd": 104.6404088053545,
  "kenduBalanceInUsd": 27722.712608254824,
  "totalUsdBalance": 104.6404088053545
}