{
  "ethBalance": 16.694826867762213,
  "usdtBalance": 3949.089252,
  "usdcBalance": 0,
  "kenduBalance": 10805029020.399477,
  "ethBalanceInUsd": 41449.58225074267,
  "kenduBalanceInUsd": 118098.96719296629,
  "totalUsdBalance": 45398.67150274267
}