{
  "ethBalance": 0.3119048631851912,
  "usdtBalance": 0,
  "usdcBalance": 0.463046,
  "kenduBalance": 4175387837.757599,
  "ethBalanceInUsd": 628.3947278592046,
  "kenduBalanceInUsd": 39707.93833707477,
  "totalUsdBalance": 628.8577738592046
}