{
  "ethBalance": 13.47560135212183,
  "usdtBalance": 3949.089252,
  "usdcBalance": 8005.206012,
  "kenduBalance": 10805029020.399477,
  "ethBalanceInUsd": 33757.59419118688,
  "kenduBalanceInUsd": 114965.50877705043,
  "totalUsdBalance": 45711.88945518688
}