{
  "ethBalance": 0.038589031500035925,
  "usdtBalance": 0,
  "usdcBalance": 0,
  "kenduBalance": 35199894.08324558,
  "ethBalanceInUsd": 143.21431493513833,
  "kenduBalanceInUsd": 682.8779452149644,
  "totalUsdBalance": 143.21431493513833
}