{
  "ethBalance": 0.04272247540230626,
  "usdtBalance": 0,
  "usdcBalance": 0,
  "kenduBalance": 517214787.4674407,
  "ethBalanceInUsd": 112.01704883058494,
  "kenduBalanceInUsd": 30588.082530824446,
  "totalUsdBalance": 112.01704883058494
}