{
  "ethBalance": 0.04459919224178026,
  "usdtBalance": 0,
  "usdcBalance": 0,
  "kenduBalance": 517214787.4674407,
  "ethBalanceInUsd": 102.01663832577057,
  "kenduBalanceInUsd": 23502.239942520508,
  "totalUsdBalance": 102.01663832577057
}