{
  "ethBalance": 0.038589031500035925,
  "usdtBalance": 0,
  "usdcBalance": 0,
  "kenduBalance": 35199894.08324558,
  "ethBalanceInUsd": 119.14517831762092,
  "kenduBalanceInUsd": 934.9091868510027,
  "totalUsdBalance": 119.14517831762092
}