{
  "ethBalance": 0.04459919224178026,
  "usdtBalance": 0,
  "usdcBalance": 0,
  "kenduBalance": 517214787.4674407,
  "ethBalanceInUsd": 112.1758883265257,
  "kenduBalanceInUsd": 32481.088652955274,
  "totalUsdBalance": 112.1758883265257
}