{
  "ethBalance": 0.038589031500035925,
  "usdtBalance": 0,
  "usdcBalance": 0,
  "kenduBalance": 35199894.08324558,
  "ethBalanceInUsd": 95.4958903628239,
  "kenduBalanceInUsd": 1076.0607621248175,
  "totalUsdBalance": 95.4958903628239
}