{
  "ethBalance": 0.3579040556931112,
  "usdtBalance": 0,
  "usdcBalance": 0,
  "kenduBalance": 3646098337.9468102,
  "ethBalanceInUsd": 646.5071490823652,
  "kenduBalanceInUsd": 36096.37354567342,
  "totalUsdBalance": 646.5071490823652
}