{
  "ethBalance": 0.038589031500035925,
  "usdtBalance": 0,
  "usdcBalance": 0,
  "kenduBalance": 35199894.08324558,
  "ethBalanceInUsd": 139.35734123670974,
  "kenduBalanceInUsd": 721.9498276473669,
  "totalUsdBalance": 139.35734123670974
}