{
  "ethBalance": 0.038589031500035925,
  "usdtBalance": 0,
  "usdcBalance": 0,
  "kenduBalance": 35199894.08324558,
  "ethBalanceInUsd": 103.99126564755682,
  "kenduBalanceInUsd": 1352.0279317374627,
  "totalUsdBalance": 103.99126564755682
}