{
  "ethBalance": 0.35779268808449755,
  "usdtBalance": 0,
  "usdcBalance": 0,
  "kenduBalance": 3546950453.60037,
  "ethBalanceInUsd": 644.4883911197246,
  "kenduBalanceInUsd": 36994.69323105186,
  "totalUsdBalance": 644.4883911197246
}