{
  "ethBalance": 0.5002741579676101,
  "usdtBalance": 0,
  "usdcBalance": 100,
  "kenduBalance": 4855925261.348792,
  "ethBalanceInUsd": 1305.1102205643215,
  "kenduBalanceInUsd": 126933.88633165743,
  "totalUsdBalance": 1405.1102205643215
}