{
  "ethBalance": 0.04841366454199495,
  "usdtBalance": 90113.767042,
  "usdcBalance": 0,
  "kenduBalance": 946492975.4674407,
  "ethBalanceInUsd": 118.43870479889102,
  "kenduBalanceInUsd": 106603.50382689785,
  "totalUsdBalance": 90232.20574679889
}