{
  "ethBalance": 0.04272247540230626,
  "usdtBalance": 0,
  "usdcBalance": 0,
  "kenduBalance": 517214787.4674407,
  "ethBalanceInUsd": 105.57962623696544,
  "kenduBalanceInUsd": 21769.57040450458,
  "totalUsdBalance": 105.57962623696544
}