{
  "ethBalance": 0.045462183917402754,
  "usdtBalance": 0,
  "usdcBalance": 0,
  "kenduBalance": 307214787.46744066,
  "ethBalanceInUsd": 124.66230914174928,
  "kenduBalanceInUsd": 24555.677962272533,
  "totalUsdBalance": 124.66230914174928
}