{
  "ethBalance": 0.038589031500035925,
  "usdtBalance": 0,
  "usdcBalance": 0,
  "kenduBalance": 35199894.08324558,
  "ethBalanceInUsd": 128.97804943414508,
  "kenduBalanceInUsd": 963.0691021175991,
  "totalUsdBalance": 128.97804943414508
}