{
  "ethBalance": 0.3603761199402911,
  "usdtBalance": 0,
  "usdcBalance": 154.403285,
  "kenduBalance": 4113980899.4295063,
  "ethBalanceInUsd": 562.9939896155204,
  "kenduBalanceInUsd": 37313.80675782562,
  "totalUsdBalance": 717.3972746155204
}