{
  "ethBalance": 0.038589031500035925,
  "usdtBalance": 0,
  "usdcBalance": 0,
  "kenduBalance": 35199894.08324558,
  "ethBalanceInUsd": 137.07904481694763,
  "kenduBalanceInUsd": 800.797590393837,
  "totalUsdBalance": 137.07904481694763
}