{
  "ethBalance": 0.038589031500035925,
  "usdtBalance": 0,
  "usdcBalance": 0,
  "kenduBalance": 35199894.08324558,
  "ethBalanceInUsd": 130.4147190768914,
  "kenduBalanceInUsd": 785.6616359380414,
  "totalUsdBalance": 130.4147190768914
}