{
  "ethBalance": 0.038589031500035925,
  "usdtBalance": 0,
  "usdcBalance": 0,
  "kenduBalance": 35199894.08324558,
  "ethBalanceInUsd": 108.25496773799578,
  "kenduBalanceInUsd": 1956.058114205957,
  "totalUsdBalance": 108.25496773799578
}