{
  "ethBalance": 0.038589031500035925,
  "usdtBalance": 0,
  "usdcBalance": 0,
  "kenduBalance": 35199894.08324558,
  "ethBalanceInUsd": 125.81259118019713,
  "kenduBalanceInUsd": 1498.811490064597,
  "totalUsdBalance": 125.81259118019713
}