{
  "ethBalance": 0.04459919224178026,
  "usdtBalance": 0,
  "usdcBalance": 0,
  "kenduBalance": 517214787.4674407,
  "ethBalanceInUsd": 103.62087127070743,
  "kenduBalanceInUsd": 26124.518914980432,
  "totalUsdBalance": 103.62087127070743
}