{
  "ethBalance": 0.038589031500035925,
  "usdtBalance": 0,
  "usdcBalance": 0,
  "kenduBalance": 35199894.08324558,
  "ethBalanceInUsd": 126.48674156050275,
  "kenduBalanceInUsd": 506.17447691707144,
  "totalUsdBalance": 126.48674156050275
}