{
  "ethBalance": 0.3117728554842481,
  "usdtBalance": 0,
  "usdcBalance": 0.463046,
  "kenduBalance": 4113980899.4295063,
  "ethBalanceInUsd": 594.909374192268,
  "kenduBalanceInUsd": 54386.827490458076,
  "totalUsdBalance": 595.372420192268
}