{
  "ethBalance": 0.0624422229661258,
  "usdtBalance": 0,
  "usdcBalance": 0,
  "kenduBalance": 6384544426.92592,
  "ethBalanceInUsd": 132.7371798924716,
  "kenduBalanceInUsd": 49480.21930867588,
  "totalUsdBalance": 132.7371798924716
}