{
  "ethBalance": 0.35703877941042383,
  "usdtBalance": 0,
  "usdcBalance": 0,
  "kenduBalance": 4855947774.956796,
  "ethBalanceInUsd": 883.3853480172705,
  "kenduBalanceInUsd": 159323.64649633245,
  "totalUsdBalance": 883.3853480172705
}