{
  "ethBalance": 0.04272247540230626,
  "usdtBalance": 0,
  "usdcBalance": 0,
  "kenduBalance": 517214787.4674407,
  "ethBalanceInUsd": 112.78135391553221,
  "kenduBalanceInUsd": 30112.2449263544,
  "totalUsdBalance": 112.78135391553221
}