{
  "ethBalance": 0.5002741579676101,
  "usdtBalance": 0,
  "usdcBalance": 100,
  "kenduBalance": 4855925261.348792,
  "ethBalanceInUsd": 1270.7764051030044,
  "kenduBalanceInUsd": 126933.88633165743,
  "totalUsdBalance": 1370.7764051030044
}