{
  "ethBalance": 0.3579488855246269,
  "usdtBalance": 0,
  "usdcBalance": 0,
  "kenduBalance": 3705282011.416198,
  "ethBalanceInUsd": 584.8347866144117,
  "kenduBalanceInUsd": 38053.24625724435,
  "totalUsdBalance": 584.8347866144117
}