{
  "ethBalance": 0.038589031500035925,
  "usdtBalance": 0,
  "usdcBalance": 0,
  "kenduBalance": 35199894.08324558,
  "ethBalanceInUsd": 125.90327540422221,
  "kenduBalanceInUsd": 322.43102980252957,
  "totalUsdBalance": 125.90327540422221
}