{
  "ethBalance": 8.056063080971311,
  "usdtBalance": 22356.072978,
  "usdcBalance": 88.007775,
  "kenduBalance": 319823769.8171208,
  "ethBalanceInUsd": 23360.40779778494,
  "kenduBalanceInUsd": 37153.92733965492,
  "totalUsdBalance": 45804.48855078494
}