{
  "ethBalance": 8.056063080971311,
  "usdtBalance": 22356.072978,
  "usdcBalance": 88.007775,
  "kenduBalance": 319823769.8171208,
  "ethBalanceInUsd": 23446.76879401295,
  "kenduBalanceInUsd": 38650.70258239905,
  "totalUsdBalance": 45890.84954701295
}