{
  "ethBalance": 0.038589031500035925,
  "usdtBalance": 0,
  "usdcBalance": 0,
  "kenduBalance": 35199894.08324558,
  "ethBalanceInUsd": 95.55184445849895,
  "kenduBalanceInUsd": 2032.7938833074325,
  "totalUsdBalance": 95.55184445849895
}