{
  "ethBalance": 13.47560135212183,
  "usdtBalance": 3949.089252,
  "usdcBalance": 8005.206012,
  "kenduBalance": 10805029020.399477,
  "ethBalanceInUsd": 44436.33448267582,
  "kenduBalanceInUsd": 195571.02526923054,
  "totalUsdBalance": 56390.62974667582
}