{
  "ethBalance": 0.3579040556931112,
  "usdtBalance": 0,
  "usdcBalance": 0,
  "kenduBalance": 3646098337.9468102,
  "ethBalanceInUsd": 657.6665975388764,
  "kenduBalanceInUsd": 38976.7912326514,
  "totalUsdBalance": 657.6665975388764
}