{
  "ethBalance": 0.038589031500035925,
  "usdtBalance": 0,
  "usdcBalance": 0,
  "kenduBalance": 35199894.08324558,
  "ethBalanceInUsd": 93.49157606671204,
  "kenduBalanceInUsd": 1970.1380718392554,
  "totalUsdBalance": 93.49157606671204
}