{
  "ethBalance": 0.35779268808449755,
  "usdtBalance": 0,
  "usdcBalance": 0,
  "kenduBalance": 3546950453.60037,
  "ethBalanceInUsd": 792.8363954533189,
  "kenduBalanceInUsd": 55509.77459884579,
  "totalUsdBalance": 792.8363954533189
}