{
  "ethBalance": 0.06254024854608203,
  "usdtBalance": 0,
  "usdcBalance": 0,
  "kenduBalance": 6456272656.749752,
  "ethBalanceInUsd": 141.19524293503304,
  "kenduBalanceInUsd": 63336.03476271506,
  "totalUsdBalance": 141.19524293503304
}