{
  "ethBalance": 0.038589031500035925,
  "usdtBalance": 0,
  "usdcBalance": 0,
  "kenduBalance": 35199894.08324558,
  "ethBalanceInUsd": 108.97040838200644,
  "kenduBalanceInUsd": 1949.722133270973,
  "totalUsdBalance": 108.97040838200644
}