{
  "ethBalance": 0.038589031500035925,
  "usdtBalance": 0,
  "usdcBalance": 0,
  "kenduBalance": 35199894.08324558,
  "ethBalanceInUsd": 130.90441388662686,
  "kenduBalanceInUsd": 800.0935925121721,
  "totalUsdBalance": 130.90441388662686
}