{
  "ethBalance": 0.04272247540230626,
  "usdtBalance": 0,
  "usdcBalance": 0,
  "kenduBalance": 517214787.4674407,
  "ethBalanceInUsd": 115.39725108441543,
  "kenduBalanceInUsd": 30913.92784692893,
  "totalUsdBalance": 115.39725108441543
}