{
  "ethBalance": 0.0624422229661258,
  "usdtBalance": 0,
  "usdcBalance": 0,
  "kenduBalance": 6384544426.92592,
  "ethBalanceInUsd": 131.3478404314753,
  "kenduBalanceInUsd": 48267.15586755995,
  "totalUsdBalance": 131.3478404314753
}