{
  "ethBalance": 0.038589031500035925,
  "usdtBalance": 0,
  "usdcBalance": 0,
  "kenduBalance": 35199894.08324558,
  "ethBalanceInUsd": 94.7376158938482,
  "kenduBalanceInUsd": 1819.8345241037966,
  "totalUsdBalance": 94.7376158938482
}