{
  "ethBalance": 3.9773126053695473,
  "usdtBalance": 0,
  "usdcBalance": 0,
  "kenduBalance": 8110029020.399477,
  "ethBalanceInUsd": 10568.51505498796,
  "kenduBalanceInUsd": 107457.88452029307,
  "totalUsdBalance": 10568.51505498796
}