{
  "ethBalance": 0.35703877941042383,
  "usdtBalance": 0,
  "usdcBalance": 0,
  "kenduBalance": 4855947774.956796,
  "ethBalanceInUsd": 929.4576321123917,
  "kenduBalanceInUsd": 139851.2959187557,
  "totalUsdBalance": 929.4576321123917
}