{
  "ethBalance": 0.5002741579676101,
  "usdtBalance": 0,
  "usdcBalance": 100,
  "kenduBalance": 4855925261.348792,
  "ethBalanceInUsd": 1270.6213201140345,
  "kenduBalanceInUsd": 116105.17299884962,
  "totalUsdBalance": 1370.6213201140345
}