{
  "ethBalance": 0.5002741579676101,
  "usdtBalance": 0,
  "usdcBalance": 100,
  "kenduBalance": 4855925261.348792,
  "ethBalanceInUsd": 1254.9777471943873,
  "kenduBalanceInUsd": 132906.67440311646,
  "totalUsdBalance": 1354.9777471943873
}