{
  "ethBalance": 0.038589031500035925,
  "usdtBalance": 0,
  "usdcBalance": 0,
  "kenduBalance": 35199894.08324558,
  "ethBalanceInUsd": 133.08893895984392,
  "kenduBalanceInUsd": 1265.7881912335113,
  "totalUsdBalance": 133.08893895984392
}