{
  "ethBalance": 0.5002741579676101,
  "usdtBalance": 0,
  "usdcBalance": null,
  "kenduBalance": 4855925261.348792,
  "ethBalanceInUsd": 1254.3474017553483,
  "kenduBalanceInUsd": 97021.38672174886,
  "totalUsdBalance": null
}