{
  "ethBalance": 0.038589031500035925,
  "usdtBalance": 0,
  "usdcBalance": 0,
  "kenduBalance": 35199894.08324558,
  "ethBalanceInUsd": 97.15830583984545,
  "kenduBalanceInUsd": 1055.644823556535,
  "totalUsdBalance": 97.15830583984545
}