{
  "ethBalance": 0.5002741579676101,
  "usdtBalance": 0,
  "usdcBalance": 100,
  "kenduBalance": 4855925261.348792,
  "ethBalanceInUsd": 1330.5041368227576,
  "kenduBalanceInUsd": 147328.77242932236,
  "totalUsdBalance": 1430.5041368227576
}