{
  "ethBalance": 0.3579488855246269,
  "usdtBalance": 0,
  "usdcBalance": 0,
  "kenduBalance": 3705282011.416198,
  "ethBalanceInUsd": 597.8820234917843,
  "kenduBalanceInUsd": 48242.7717886389,
  "totalUsdBalance": 597.8820234917843
}