{
  "ethBalance": 0.03983369884579122,
  "usdtBalance": 0,
  "usdcBalance": 0,
  "kenduBalance": 1091213805.8365645,
  "ethBalanceInUsd": 104.44196668872229,
  "kenduBalanceInUsd": 46180.16826300341,
  "totalUsdBalance": 104.44196668872229
}