{
  "ethBalance": 0.038589031500035925,
  "usdtBalance": 0,
  "usdcBalance": 0,
  "kenduBalance": 35199894.08324558,
  "ethBalanceInUsd": 101.90745794655489,
  "kenduBalanceInUsd": 1908.890256134408,
  "totalUsdBalance": 101.90745794655489
}