{
  "ethBalance": 0.038589031500035925,
  "usdtBalance": 0,
  "usdcBalance": 0,
  "kenduBalance": 35199894.08324558,
  "ethBalanceInUsd": 93.58303207136711,
  "kenduBalanceInUsd": 2031.3858875441026,
  "totalUsdBalance": 93.58303207136711
}