{
  "ethBalance": 4.092998430208601,
  "usdtBalance": 0,
  "usdcBalance": 0,
  "kenduBalance": 8310029020.399478,
  "ethBalanceInUsd": 10918.891912267483,
  "kenduBalanceInUsd": 122489.8277606883,
  "totalUsdBalance": 10918.891912267483
}