{
  "ethBalance": 0.038589031500035925,
  "usdtBalance": 0,
  "usdcBalance": 0,
  "kenduBalance": 35199894.08324558,
  "ethBalanceInUsd": 143.32197833302342,
  "kenduBalanceInUsd": 984.541037508379,
  "totalUsdBalance": 143.32197833302342
}