{
  "ethBalance": 0.038589031500035925,
  "usdtBalance": 0,
  "usdcBalance": 0,
  "kenduBalance": 35199894.08324558,
  "ethBalanceInUsd": 128.82330741782994,
  "kenduBalanceInUsd": 1071.836774834828,
  "totalUsdBalance": 128.82330741782994
}