{
  "ethBalance": 0.038589031500035925,
  "usdtBalance": 0,
  "usdcBalance": 0,
  "kenduBalance": 35199894.08324558,
  "ethBalanceInUsd": 128.50301845637964,
  "kenduBalanceInUsd": 1720.2188238482115,
  "totalUsdBalance": 128.50301845637964
}