{
  "ethBalance": 0.5002741579676101,
  "usdtBalance": 0,
  "usdcBalance": 100,
  "kenduBalance": 4855925261.348792,
  "ethBalanceInUsd": 1369.5855540431871,
  "kenduBalanceInUsd": 128147.86764699462,
  "totalUsdBalance": 1469.5855540431871
}