{
  "ethBalance": 0.5002528644753425,
  "usdtBalance": 0,
  "usdcBalance": null,
  "kenduBalance": 4845166789.051858,
  "ethBalanceInUsd": 1512.394475053724,
  "kenduBalanceInUsd": 102814.43926368043,
  "totalUsdBalance": null
}