{
  "ethBalance": 0.038589031500035925,
  "usdtBalance": 0,
  "usdcBalance": 0,
  "kenduBalance": 35199894.08324558,
  "ethBalanceInUsd": 133.87654109275962,
  "kenduBalanceInUsd": 1208.7643628186534,
  "totalUsdBalance": 133.87654109275962
}