{
  "ethBalance": 0.04272247540230626,
  "usdtBalance": 0,
  "usdcBalance": 0,
  "kenduBalance": 517214787.4674407,
  "ethBalanceInUsd": 114.46120164835088,
  "kenduBalanceInUsd": 30463.95098183226,
  "totalUsdBalance": 114.46120164835088
}