{
  "ethBalance": 0.3579488855246269,
  "usdtBalance": 0,
  "usdcBalance": 0,
  "kenduBalance": 3705282011.416198,
  "ethBalanceInUsd": 564.8648182909927,
  "kenduBalanceInUsd": 38757.24983941343,
  "totalUsdBalance": 564.8648182909927
}