{
  "ethBalance": 0.3579488855246269,
  "usdtBalance": 0,
  "usdcBalance": 0,
  "kenduBalance": 3705282011.416198,
  "ethBalanceInUsd": 592.4089850321127,
  "kenduBalanceInUsd": 45945.49694156085,
  "totalUsdBalance": 592.4089850321127
}