{
  "ethBalance": 0.04272247540230626,
  "usdtBalance": 0,
  "usdcBalance": 0,
  "kenduBalance": 517214787.4674407,
  "ethBalanceInUsd": 103.75708543630306,
  "kenduBalanceInUsd": 23993.593990614576,
  "totalUsdBalance": 103.75708543630306
}