{
  "ethBalance": 0.038589031500035925,
  "usdtBalance": 0,
  "usdcBalance": 0,
  "kenduBalance": 35199894.08324558,
  "ethBalanceInUsd": 112.0251161155493,
  "kenduBalanceInUsd": 1906.426263548581,
  "totalUsdBalance": 112.0251161155493
}