{
  "ethBalance": 0.045462183917402754,
  "usdtBalance": 0,
  "usdcBalance": 0,
  "kenduBalance": 307214787.46744066,
  "ethBalanceInUsd": 119.10683026704264,
  "kenduBalanceInUsd": 26273.008624215523,
  "totalUsdBalance": 119.10683026704264
}