{
  "ethBalance": 0.11828269992644785,
  "usdtBalance": 0,
  "usdcBalance": 0,
  "kenduBalance": 12696082608.223658,
  "ethBalanceInUsd": 390.5682923301315,
  "kenduBalanceInUsd": 306483.43416251906,
  "totalUsdBalance": 390.5682923301315
}