{
  "ethBalance": 0.5002741579676101,
  "usdtBalance": 0,
  "usdcBalance": null,
  "kenduBalance": 4855925261.348792,
  "ethBalanceInUsd": 1214.16037864581,
  "kenduBalanceInUsd": 98672.40131060744,
  "totalUsdBalance": null
}