{
  "ethBalance": 0.3579488855246269,
  "usdtBalance": 0,
  "usdcBalance": 0,
  "kenduBalance": 3705282011.416198,
  "ethBalanceInUsd": 562.0406015842034,
  "kenduBalanceInUsd": 42833.060051971246,
  "totalUsdBalance": 562.0406015842034
}