{
  "ethBalance": 0.5002741579676101,
  "usdtBalance": 0,
  "usdcBalance": 100,
  "kenduBalance": 4855925261.348792,
  "ethBalanceInUsd": 1119.1983379803983,
  "kenduBalanceInUsd": 95855.96465902517,
  "totalUsdBalance": 1219.1983379803983
}