{
  "ethBalance": 0.3119048631851912,
  "usdtBalance": 0,
  "usdcBalance": 0.463046,
  "kenduBalance": 4175387837.757599,
  "ethBalanceInUsd": 651.4788067835407,
  "kenduBalanceInUsd": 47766.43686394693,
  "totalUsdBalance": 651.9418527835406
}