{
  "ethBalance": 0.04459919224178026,
  "usdtBalance": 0,
  "usdcBalance": 0,
  "kenduBalance": 517214787.4674407,
  "ethBalanceInUsd": 106.22947802492914,
  "kenduBalanceInUsd": 27805.466974249615,
  "totalUsdBalance": 106.22947802492914
}