{
  "ethBalance": 0.04272247540230626,
  "usdtBalance": 0,
  "usdcBalance": 0,
  "kenduBalance": 517214787.4674407,
  "ethBalanceInUsd": 113.41962769804267,
  "kenduBalanceInUsd": 30862.20636818219,
  "totalUsdBalance": 113.41962769804267
}