{
  "ethBalance": 0.038589031500035925,
  "usdtBalance": 0,
  "usdcBalance": 0,
  "kenduBalance": 35199894.08324558,
  "ethBalanceInUsd": 130.87547211300185,
  "kenduBalanceInUsd": 1116.54064032055,
  "totalUsdBalance": 130.87547211300185
}