{
  "ethBalance": 0.038589031500035925,
  "usdtBalance": 0,
  "usdcBalance": 0,
  "kenduBalance": 35199894.08324558,
  "ethBalanceInUsd": 123.71875033100518,
  "kenduBalanceInUsd": 1823.3545135121212,
  "totalUsdBalance": 123.71875033100518
}