{
  "ethBalance": 0.045462183917402754,
  "usdtBalance": 0,
  "usdcBalance": 0,
  "kenduBalance": 307214787.46744066,
  "ethBalanceInUsd": 117.96072861048492,
  "kenduBalanceInUsd": 20030.40414287713,
  "totalUsdBalance": 117.96072861048492
}