{
  "ethBalance": 0.04272247540230626,
  "usdtBalance": 0,
  "usdcBalance": 0,
  "kenduBalance": 517214787.4674407,
  "ethBalanceInUsd": 104.48678531617445,
  "kenduBalanceInUsd": 24293.578567345692,
  "totalUsdBalance": 104.48678531617445
}