{
  "ethBalance": 0.038589031500035925,
  "usdtBalance": 0,
  "usdcBalance": 0,
  "kenduBalance": 35199894.08324558,
  "ethBalanceInUsd": 118.74578184159554,
  "kenduBalanceInUsd": 1719.8668249073794,
  "totalUsdBalance": 118.74578184159554
}