{
  "ethBalance": 0.5002741579676101,
  "usdtBalance": 0,
  "usdcBalance": 100,
  "kenduBalance": 4855925261.348792,
  "ethBalanceInUsd": 1324.2457071065826,
  "kenduBalanceInUsd": 158740.196793492,
  "totalUsdBalance": 1424.2457071065826
}