{
  "ethBalance": 0.0624422229661258,
  "usdtBalance": 0,
  "usdcBalance": 0,
  "kenduBalance": 6379544426.92592,
  "ethBalanceInUsd": 130.49737735467664,
  "kenduBalanceInUsd": 56650.35451110217,
  "totalUsdBalance": 130.49737735467664
}