{
  "ethBalance": 0.038589031500035925,
  "usdtBalance": 0,
  "usdcBalance": 0,
  "kenduBalance": 35199894.08324558,
  "ethBalanceInUsd": 117.03744541708896,
  "kenduBalanceInUsd": 1724.0908121973687,
  "totalUsdBalance": 117.03744541708896
}