{
  "ethBalance": 0.04272247540230626,
  "usdtBalance": 0,
  "usdcBalance": 0,
  "kenduBalance": 517214787.4674407,
  "ethBalanceInUsd": 105.29509455078609,
  "kenduBalanceInUsd": 24717.694693068992,
  "totalUsdBalance": 105.29509455078609
}