{
  "ethBalance": 0.04459919224178026,
  "usdtBalance": 0,
  "usdcBalance": 0,
  "kenduBalance": 517214787.4674407,
  "ethBalanceInUsd": 105.60553532546665,
  "kenduBalanceInUsd": 27826.15556574831,
  "totalUsdBalance": 105.60553532546665
}