{
  "ethBalance": 0.3603761199402911,
  "usdtBalance": 0,
  "usdcBalance": 154.403285,
  "kenduBalance": 4113980899.4295063,
  "ethBalanceInUsd": 541.2272719711268,
  "kenduBalanceInUsd": 36532.150386934016,
  "totalUsdBalance": 695.6305569711268
}