{
  "ethBalance": 0.045462183917402754,
  "usdtBalance": 0,
  "usdcBalance": 0,
  "kenduBalance": 307214787.46744066,
  "ethBalanceInUsd": 119.19775463487746,
  "kenduBalanceInUsd": 22187.051950898564,
  "totalUsdBalance": 119.19775463487746
}