{
  "ethBalance": 0.11327750927784742,
  "usdtBalance": 0,
  "usdcBalance": 0,
  "kenduBalance": 11796082608.223656,
  "ethBalanceInUsd": 375.4163918229925,
  "kenduBalanceInUsd": 296199.63429249596,
  "totalUsdBalance": 375.4163918229925
}