{
  "ethBalance": 0.5002741579676101,
  "usdtBalance": 0,
  "usdcBalance": 100,
  "kenduBalance": 4855925261.348792,
  "ethBalanceInUsd": 1255.2979226554864,
  "kenduBalanceInUsd": 115036.86944135287,
  "totalUsdBalance": 1355.2979226554864
}