{
  "ethBalance": 0.038589031500035925,
  "usdtBalance": 0,
  "usdcBalance": 0,
  "kenduBalance": 35199894.08324558,
  "ethBalanceInUsd": 140.53700792966583,
  "kenduBalanceInUsd": 1025.0209157041113,
  "totalUsdBalance": 140.53700792966583
}