{
  "ethBalance": 0.038589031500035925,
  "usdtBalance": 0,
  "usdcBalance": 0,
  "kenduBalance": 13206739398.082659,
  "ethBalanceInUsd": 128.54237926850968,
  "kenduBalanceInUsd": 434633.7935909003,
  "totalUsdBalance": 128.54237926850968
}