{
  "ethBalance": 0.7404211583199757,
  "usdtBalance": 0,
  "usdcBalance": null,
  "kenduBalance": 4745282940.56362,
  "ethBalanceInUsd": 3273.364919874696,
  "kenduBalanceInUsd": 77300.65910178138,
  "totalUsdBalance": null
}