{
  "ethBalance": 0.038589031500035925,
  "usdtBalance": 0,
  "usdcBalance": 0,
  "kenduBalance": 35199894.08324558,
  "ethBalanceInUsd": 101.78088592323475,
  "kenduBalanceInUsd": 1211.9323532861454,
  "totalUsdBalance": 101.78088592323475
}