{
  "ethBalance": 0.038589031500035925,
  "usdtBalance": 0,
  "usdcBalance": 0,
  "kenduBalance": 35199894.08324558,
  "ethBalanceInUsd": 103.16777571534604,
  "kenduBalanceInUsd": 1870.170372642838,
  "totalUsdBalance": 103.16777571534604
}