{
  "ethBalance": 0.038589031500035925,
  "usdtBalance": 0,
  "usdcBalance": 0,
  "kenduBalance": 35199894.08324558,
  "ethBalanceInUsd": 151.0212618979106,
  "kenduBalanceInUsd": 1145.0525545279788,
  "totalUsdBalance": 151.0212618979106
}