{
  "ethBalance": 0.10788809429719365,
  "usdtBalance": 3946.421819,
  "usdcBalance": 0,
  "kenduBalance": 13268928669.075045,
  "ethBalanceInUsd": 358.301755565695,
  "kenduBalanceInUsd": 327609.84883946285,
  "totalUsdBalance": 4304.723574565695
}