{
  "ethBalance": 0.045462183917402754,
  "usdtBalance": 0,
  "usdcBalance": 0,
  "kenduBalance": 307214787.46744066,
  "ethBalanceInUsd": 120.43478065926998,
  "kenduBalanceInUsd": 28829.03565594463,
  "totalUsdBalance": 120.43478065926998
}