{
  "ethBalance": 0.038589031500035925,
  "usdtBalance": 0,
  "usdcBalance": 0,
  "kenduBalance": 35199894.08324558,
  "ethBalanceInUsd": 134.19798772515492,
  "kenduBalanceInUsd": 1207.708365996156,
  "totalUsdBalance": 134.19798772515492
}