{
  "ethBalance": 0.3579488855246269,
  "usdtBalance": 0,
  "usdcBalance": 0,
  "kenduBalance": 3705282011.416198,
  "ethBalanceInUsd": 586.9789004387042,
  "kenduBalanceInUsd": 49687.83177309122,
  "totalUsdBalance": 586.9789004387042
}