{
  "ethBalance": 0.3117728554842481,
  "usdtBalance": 0,
  "usdcBalance": 0.463046,
  "kenduBalance": 4113980899.4295063,
  "ethBalanceInUsd": 574.4321330440627,
  "kenduBalanceInUsd": 43320.21887099271,
  "totalUsdBalance": 574.8951790440626
}