{
  "ethBalance": 0.3406431199402911,
  "usdtBalance": 0,
  "usdcBalance": 154.403285,
  "kenduBalance": 4113980899.4295063,
  "ethBalanceInUsd": 611.3045173200488,
  "kenduBalanceInUsd": 46817.10263550778,
  "totalUsdBalance": 765.7078023200488
}