{
  "ethBalance": 0.04272247540230626,
  "usdtBalance": 0,
  "usdcBalance": 0,
  "kenduBalance": 517214787.4674407,
  "ethBalanceInUsd": 112.50622117394136,
  "kenduBalanceInUsd": 29000.2331332994,
  "totalUsdBalance": 112.50622117394136
}