{
  "ethBalance": 0.038589031500035925,
  "usdtBalance": 0,
  "usdcBalance": 0,
  "kenduBalance": 35199894.08324558,
  "ethBalanceInUsd": 132.72311494122357,
  "kenduBalanceInUsd": 827.1975109562711,
  "totalUsdBalance": 132.72311494122357
}