{
  "ethBalance": 0.038589031500035925,
  "usdtBalance": 0,
  "usdcBalance": 0,
  "kenduBalance": 35199894.08324558,
  "ethBalanceInUsd": 96.76045292508009,
  "kenduBalanceInUsd": 1603.3551754918365,
  "totalUsdBalance": 96.76045292508009
}