{
  "ethBalance": 0.038589031500035925,
  "usdtBalance": 0,
  "usdcBalance": 0,
  "kenduBalance": 35199894.08324558,
  "ethBalanceInUsd": 129.05059681336513,
  "kenduBalanceInUsd": 1105.6286731547436,
  "totalUsdBalance": 129.05059681336513
}