{
  "ethBalance": 0.5002741579676101,
  "usdtBalance": 0,
  "usdcBalance": 100,
  "kenduBalance": 4855925261.348792,
  "ethBalanceInUsd": 1268.7402892800765,
  "kenduBalanceInUsd": 113871.44737862918,
  "totalUsdBalance": 1368.7402892800765
}