{
  "ethBalance": 0.7404211583199757,
  "usdtBalance": 0,
  "usdcBalance": null,
  "kenduBalance": 4745282940.56362,
  "ethBalanceInUsd": 3121.038074973528,
  "kenduBalanceInUsd": 97705.37574620494,
  "totalUsdBalance": null
}