{
  "ethBalance": 18.27649738337883,
  "usdtBalance": 0,
  "usdcBalance": 0,
  "kenduBalance": 10805029020.399477,
  "ethBalanceInUsd": 49418.91786476102,
  "kenduBalanceInUsd": 135603.11420601344,
  "totalUsdBalance": 49418.91786476102
}