{
  "ethBalance": 0.04272247540230626,
  "usdtBalance": 0,
  "usdcBalance": 0,
  "kenduBalance": 517214787.4674407,
  "ethBalanceInUsd": 112.59679282179424,
  "kenduBalanceInUsd": 29082.98749929419,
  "totalUsdBalance": 112.59679282179424
}