{
  "ethBalance": 0.0660488809860724,
  "usdtBalance": 0,
  "usdcBalance": 0,
  "kenduBalance": 7622102282.100412,
  "ethBalanceInUsd": 185.1422787808694,
  "kenduBalanceInUsd": 66540.9529227366,
  "totalUsdBalance": 185.1422787808694
}