{
  "ethBalance": 0.038589031500035925,
  "usdtBalance": 0,
  "usdcBalance": 0,
  "kenduBalance": 35199894.08324558,
  "ethBalanceInUsd": 129.07027721943015,
  "kenduBalanceInUsd": 1072.1887737756604,
  "totalUsdBalance": 129.07027721943015
}