{
  "ethBalance": 0.3117728554842481,
  "usdtBalance": 0,
  "usdcBalance": 0.463046,
  "kenduBalance": 4113980899.4295063,
  "ethBalanceInUsd": 564.3774584546956,
  "kenduBalanceInUsd": 40358.15262340345,
  "totalUsdBalance": 564.8405044546955
}