{
  "ethBalance": 0.04272247540230626,
  "usdtBalance": 0,
  "usdcBalance": 0,
  "kenduBalance": 517214787.4674407,
  "ethBalanceInUsd": 112.20716384612521,
  "kenduBalanceInUsd": 29595.030138886956,
  "totalUsdBalance": 112.20716384612521
}