{
  "ethBalance": 0.3119048631851912,
  "usdtBalance": 0,
  "usdcBalance": 0.463046,
  "kenduBalance": 4175387837.757599,
  "ethBalanceInUsd": 631.7040384575995,
  "kenduBalanceInUsd": 55950.19702595183,
  "totalUsdBalance": 632.1670844575995
}