{
  "ethBalance": 0.06254024854608203,
  "usdtBalance": 0,
  "usdcBalance": 0,
  "kenduBalance": 6456272656.749752,
  "ethBalanceInUsd": 154.27428511347517,
  "kenduBalanceInUsd": 59010.33208269274,
  "totalUsdBalance": 154.27428511347517
}