{
  "ethBalance": 8.051792938400936,
  "usdtBalance": 22356.072978,
  "usdcBalance": 88.007775,
  "kenduBalance": 947823769.8171208,
  "ethBalanceInUsd": 20089.948042674794,
  "kenduBalanceInUsd": 104137.39758980706,
  "totalUsdBalance": 42534.02879567479
}