{
  "ethBalance": 0.04272247540230626,
  "usdtBalance": 0,
  "usdcBalance": 0,
  "kenduBalance": 517214787.4674407,
  "ethBalanceInUsd": 112.16145079744474,
  "kenduBalanceInUsd": 29858.809680495353,
  "totalUsdBalance": 112.16145079744474
}