{
  "ethBalance": 0.3117728554842481,
  "usdtBalance": 0,
  "usdcBalance": 0.463046,
  "kenduBalance": 4113980899.4295063,
  "ethBalanceInUsd": 626.320489382306,
  "kenduBalanceInUsd": 52700.09532169197,
  "totalUsdBalance": 626.783535382306
}