{
  "ethBalance": 0.5002741579676101,
  "usdtBalance": 0,
  "usdcBalance": 100,
  "kenduBalance": 4855925261.348792,
  "ethBalanceInUsd": 1313.7099333397848,
  "kenduBalanceInUsd": 125428.54950063929,
  "totalUsdBalance": 1413.7099333397848
}