{
  "ethBalance": 0.3579488855246269,
  "usdtBalance": 0,
  "usdcBalance": 0,
  "kenduBalance": 3705282011.416198,
  "ethBalanceInUsd": 635.2483076517001,
  "kenduBalanceInUsd": 47057.08154498571,
  "totalUsdBalance": 635.2483076517001
}