{
  "ethBalance": 0.038589031500035925,
  "usdtBalance": 0,
  "usdcBalance": 0,
  "kenduBalance": 35199894.08324558,
  "ethBalanceInUsd": 123.83104441267028,
  "kenduBalanceInUsd": 1824.0585113937861,
  "totalUsdBalance": 123.83104441267028
}