{
  "ethBalance": 0.35769432885289126,
  "usdtBalance": 0,
  "usdcBalance": 0,
  "kenduBalance": 4514955040.756332,
  "ethBalanceInUsd": 946.9706970350098,
  "kenduBalanceInUsd": 82262.48084258036,
  "totalUsdBalance": 946.9706970350098
}