{
  "ethBalance": 0.04459919224178026,
  "usdtBalance": 0,
  "usdcBalance": 0,
  "kenduBalance": 517214787.4674407,
  "ethBalanceInUsd": 104.2091346163765,
  "kenduBalanceInUsd": 27345.145813403593,
  "totalUsdBalance": 104.2091346163765
}