{
  "ethBalance": 0.5002741579676101,
  "usdtBalance": 0,
  "usdcBalance": 100,
  "kenduBalance": 4855925261.348792,
  "ethBalanceInUsd": 1330.4841258564388,
  "kenduBalanceInUsd": 137859.7181696922,
  "totalUsdBalance": 1430.4841258564388
}