{
  "ethBalance": 0.0624422229661258,
  "usdtBalance": 0,
  "usdcBalance": 0,
  "kenduBalance": 6379544426.92592,
  "ethBalanceInUsd": 136.2202070895221,
  "kenduBalanceInUsd": 54226.127628870316,
  "totalUsdBalance": 136.2202070895221
}