{
  "ethBalance": 0.04272247540230626,
  "usdtBalance": 0,
  "usdcBalance": 0,
  "kenduBalance": 517214787.4674407,
  "ethBalanceInUsd": 111.66245228474581,
  "kenduBalanceInUsd": 29512.275772892168,
  "totalUsdBalance": 111.66245228474581
}