{
  "ethBalance": 0.5002741579676101,
  "usdtBalance": 0,
  "usdcBalance": 100,
  "kenduBalance": 4855925261.348792,
  "ethBalanceInUsd": 1272.977611398062,
  "kenduBalanceInUsd": 135625.99254947176,
  "totalUsdBalance": 1372.977611398062
}