{
  "ethBalance": 0.04272247540230626,
  "usdtBalance": 0,
  "usdcBalance": 0,
  "kenduBalance": 517214787.4674407,
  "ethBalanceInUsd": 100.06244576351162,
  "kenduBalanceInUsd": 23057.435225298505,
  "totalUsdBalance": 100.06244576351162
}