{
  "ethBalance": 2.037084045317489,
  "usdtBalance": 0,
  "usdcBalance": 0,
  "kenduBalance": 8110029020.399477,
  "ethBalanceInUsd": 5336.8953778059295,
  "kenduBalanceInUsd": 100807.6607235655,
  "totalUsdBalance": 5336.8953778059295
}