{
  "ethBalance": 0.038589031500035925,
  "usdtBalance": 0,
  "usdcBalance": 0,
  "kenduBalance": 35199894.08324558,
  "ethBalanceInUsd": 105.33763695659307,
  "kenduBalanceInUsd": 1884.954328157801,
  "totalUsdBalance": 105.33763695659307
}