{
  "ethBalance": 4.778379203455415,
  "usdtBalance": 3949.089252,
  "usdcBalance": 5005.206012,
  "kenduBalance": 12330098030.836285,
  "ethBalanceInUsd": 14995.270697323613,
  "kenduBalanceInUsd": 290373.8086261945,
  "totalUsdBalance": 23949.565961323613
}