{
  "ethBalance": 0.038589031500035925,
  "usdtBalance": 0,
  "usdcBalance": 0,
  "kenduBalance": 35199894.08324558,
  "ethBalanceInUsd": 118.77896840868559,
  "kenduBalanceInUsd": 1714.5868407948924,
  "totalUsdBalance": 118.77896840868559
}