{
  "ethBalance": 0.045462183917402754,
  "usdtBalance": 0,
  "usdcBalance": 0,
  "kenduBalance": 307214787.46744066,
  "ethBalanceInUsd": 119.57463613955271,
  "kenduBalanceInUsd": 19803.065200151224,
  "totalUsdBalance": 119.57463613955271
}