{
  "ethBalance": 0.3117728554842481,
  "usdtBalance": 0,
  "usdcBalance": 0.463046,
  "kenduBalance": 4113980899.4295063,
  "ethBalanceInUsd": 626.657204066229,
  "kenduBalanceInUsd": 53522.891501577884,
  "totalUsdBalance": 627.120250066229
}