{
  "ethBalance": 0.04272247540230626,
  "usdtBalance": 0,
  "usdcBalance": 0,
  "kenduBalance": 517214787.4674407,
  "ethBalanceInUsd": 101.40393149114404,
  "kenduBalanceInUsd": 22405.74459308953,
  "totalUsdBalance": 101.40393149114404
}