{
  "ethBalance": 0.5002741579676101,
  "usdtBalance": 0,
  "usdcBalance": 100,
  "kenduBalance": 4855925261.348792,
  "ethBalanceInUsd": 1265.0432632526956,
  "kenduBalanceInUsd": 109355.4368855748,
  "totalUsdBalance": 1365.0432632526956
}