{
  "ethBalance": 0.038589031500035925,
  "usdtBalance": 0,
  "usdcBalance": 0,
  "kenduBalance": 35199894.08324558,
  "ethBalanceInUsd": 137.02849318568255,
  "kenduBalanceInUsd": 691.3259197949432,
  "totalUsdBalance": 137.02849318568255
}