{
  "ethBalance": 0.04272247540230626,
  "usdtBalance": 0,
  "usdcBalance": 0,
  "kenduBalance": 517214787.4674407,
  "ethBalanceInUsd": 103.53877358699727,
  "kenduBalanceInUsd": 25674.542049883756,
  "totalUsdBalance": 103.53877358699727
}