{
  "ethBalance": 0.5002741579676101,
  "usdtBalance": 0,
  "usdcBalance": 100,
  "kenduBalance": 4855925261.348792,
  "ethBalanceInUsd": 1319.267979234805,
  "kenduBalanceInUsd": 144755.13204080748,
  "totalUsdBalance": 1419.267979234805
}