{
  "ethBalance": 0.10788809429719365,
  "usdtBalance": 3946.421819,
  "usdcBalance": 0,
  "kenduBalance": 13268928669.075045,
  "ethBalanceInUsd": 357.9122795452821,
  "kenduBalanceInUsd": 329732.87742651487,
  "totalUsdBalance": 4304.334098545282
}