{
  "ethBalance": 0.045462183917402754,
  "usdtBalance": 0,
  "usdcBalance": 0,
  "kenduBalance": 307214787.46744066,
  "ethBalanceInUsd": 125.63292676838581,
  "kenduBalanceInUsd": 26951.95330451857,
  "totalUsdBalance": 125.63292676838581
}