{
  "ethBalance": 0.038589031500035925,
  "usdtBalance": 0,
  "usdcBalance": 0,
  "kenduBalance": 35199894.08324558,
  "ethBalanceInUsd": 153.83787530709822,
  "kenduBalanceInUsd": 1655.0990197942074,
  "totalUsdBalance": 153.83787530709822
}