{
  "ethBalance": 0.04459919224178026,
  "usdtBalance": 0,
  "usdcBalance": 0,
  "kenduBalance": 517214787.4674407,
  "ethBalanceInUsd": 105.82585533514104,
  "kenduBalanceInUsd": 26440.019935335567,
  "totalUsdBalance": 105.82585533514104
}