{
  "ethBalance": 0.35779268808449755,
  "usdtBalance": 0,
  "usdcBalance": 0,
  "kenduBalance": 3546950453.60037,
  "ethBalanceInUsd": 656.11307555559,
  "kenduBalanceInUsd": 38803.63796238805,
  "totalUsdBalance": 656.11307555559
}