{
  "ethBalance": 0.3579488855246269,
  "usdtBalance": 0,
  "usdcBalance": 0,
  "kenduBalance": 3705282011.416198,
  "ethBalanceInUsd": 581.0297899612849,
  "kenduBalanceInUsd": 48205.718968524736,
  "totalUsdBalance": 581.0297899612849
}