{
  "ethBalance": 0.038589031500035925,
  "usdtBalance": 0,
  "usdcBalance": 0,
  "kenduBalance": 35199894.08324558,
  "ethBalanceInUsd": 138.53963965922398,
  "kenduBalanceInUsd": 876.4773626728149,
  "totalUsdBalance": 138.53963965922398
}