{
  "ethBalance": 0.038589031500035925,
  "usdtBalance": 0,
  "usdcBalance": 0,
  "kenduBalance": 35199894.08324558,
  "ethBalanceInUsd": 138.79857206058924,
  "kenduBalanceInUsd": 1127.8046064271884,
  "totalUsdBalance": 138.79857206058924
}