{
  "ethBalance": 0.04272247540230626,
  "usdtBalance": 0,
  "usdcBalance": 0,
  "kenduBalance": 517214787.4674407,
  "ethBalanceInUsd": 108.82439824377059,
  "kenduBalanceInUsd": 29641.579469759028,
  "totalUsdBalance": 108.82439824377059
}