{
  "ethBalance": 0.038589031500035925,
  "usdtBalance": 0,
  "usdcBalance": 0,
  "kenduBalance": 35199894.08324558,
  "ethBalanceInUsd": 128.08857225806926,
  "kenduBalanceInUsd": 1433.3396870697602,
  "totalUsdBalance": 128.08857225806926
}