{
  "ethBalance": 0.038589031500035925,
  "usdtBalance": 0,
  "usdcBalance": 0,
  "kenduBalance": 35199894.08324558,
  "ethBalanceInUsd": 120.9665806044226,
  "kenduBalanceInUsd": 1178.8444528478944,
  "totalUsdBalance": 120.9665806044226
}