{
  "ethBalance": 0.9903818468589797,
  "usdtBalance": 0,
  "usdcBalance": null,
  "kenduBalance": 4677192821.897994,
  "ethBalanceInUsd": 4682.277776487541,
  "kenduBalanceInUsd": 82037.96209609082,
  "totalUsdBalance": null
}