{
  "ethBalance": 0.038589031500035925,
  "usdtBalance": 0,
  "usdcBalance": 0,
  "kenduBalance": 35199894.08324558,
  "ethBalanceInUsd": 128.10825266413426,
  "kenduBalanceInUsd": 780.0296528847222,
  "totalUsdBalance": 128.10825266413426
}