{
  "ethBalance": 0.038589031500035925,
  "usdtBalance": 0,
  "usdcBalance": 0,
  "kenduBalance": 35199894.08324558,
  "ethBalanceInUsd": 130.71995831605668,
  "kenduBalanceInUsd": 1082.748742000634,
  "totalUsdBalance": 130.71995831605668
}