{
  "ethBalance": 0.3119048631851912,
  "usdtBalance": 0,
  "usdcBalance": 0.463046,
  "kenduBalance": 4175387837.757599,
  "ethBalanceInUsd": 632.1344671687951,
  "kenduBalanceInUsd": 56158.96641783971,
  "totalUsdBalance": 632.5975131687951
}