{
  "ethBalance": 0.038589031500035925,
  "usdtBalance": 0,
  "usdcBalance": 0,
  "kenduBalance": 35199894.08324558,
  "ethBalanceInUsd": 122.87326465083939,
  "kenduBalanceInUsd": 1438.2676722414144,
  "totalUsdBalance": 122.87326465083939
}