{
  "ethBalance": 0.045462183917402754,
  "usdtBalance": 0,
  "usdcBalance": 0,
  "kenduBalance": 307214787.46744066,
  "ethBalanceInUsd": 120.56252939607788,
  "kenduBalanceInUsd": 28727.654776080377,
  "totalUsdBalance": 120.56252939607788
}