{
  "ethBalance": 0.04459919224178026,
  "usdtBalance": 0,
  "usdcBalance": 0,
  "kenduBalance": 517214787.4674407,
  "ethBalanceInUsd": 101.41677919011863,
  "kenduBalanceInUsd": 21433.380792650743,
  "totalUsdBalance": 101.41677919011863
}