{
  "ethBalance": 13.475892841222715,
  "usdtBalance": 3949.089252,
  "usdcBalance": 8005.206012,
  "kenduBalance": 10903927414.89931,
  "ethBalanceInUsd": 43333.62005594941,
  "kenduBalanceInUsd": 223857.62982788283,
  "totalUsdBalance": 55287.91531994941
}