{
  "ethBalance": 0.04459919224178026,
  "usdtBalance": 0,
  "usdcBalance": 0,
  "kenduBalance": 517214787.4674407,
  "ethBalanceInUsd": 110.74247028787488,
  "kenduBalanceInUsd": 31844.914464370322,
  "totalUsdBalance": 110.74247028787488
}