{
  "ethBalance": 0.09959930940546294,
  "usdtBalance": 0,
  "usdcBalance": 2800,
  "kenduBalance": 5981415733.861656,
  "ethBalanceInUsd": 189.53947778478408,
  "kenduBalanceInUsd": 42408.23755307914,
  "totalUsdBalance": 2989.539477784784
}