{
  "ethBalance": 0.5002741579676101,
  "usdtBalance": 0,
  "usdcBalance": 100,
  "kenduBalance": 4855925261.348792,
  "ethBalanceInUsd": 1280.9269677681673,
  "kenduBalanceInUsd": 134751.92600242898,
  "totalUsdBalance": 1380.9269677681673
}