{
  "ethBalance": 0.04459919224178026,
  "usdtBalance": 0,
  "usdcBalance": 0,
  "kenduBalance": 517214787.4674407,
  "ethBalanceInUsd": 101.9796209962099,
  "kenduBalanceInUsd": 26553.80718857841,
  "totalUsdBalance": 101.9796209962099
}