{
  "ethBalance": 4.092998430208601,
  "usdtBalance": 0,
  "usdcBalance": 0,
  "kenduBalance": 8310029020.399478,
  "ethBalanceInUsd": 10724.187976942461,
  "kenduBalanceInUsd": 113348.79583824887,
  "totalUsdBalance": 10724.187976942461
}