{
  "ethBalance": 0.04272247540230626,
  "usdtBalance": 0,
  "usdcBalance": 0,
  "kenduBalance": 517214787.4674407,
  "ethBalanceInUsd": 112.20417327284704,
  "kenduBalanceInUsd": 28286.476726594334,
  "totalUsdBalance": 112.20417327284704
}