{
  "ethBalance": 0.04272247540230626,
  "usdtBalance": 0,
  "usdcBalance": 0,
  "kenduBalance": 517214787.4674407,
  "ethBalanceInUsd": 111.91024264207917,
  "kenduBalanceInUsd": 28607.149894824146,
  "totalUsdBalance": 111.91024264207917
}