{
  "ethBalance": 0.37198401123049807,
  "usdtBalance": 0,
  "usdcBalance": 25.002104,
  "kenduBalance": null,
  "ethBalanceInUsd": 1667.1244629718356,
  "kenduBalanceInUsd": null,
  "totalUsdBalance": 1692.1265669718355
}