{
  "ethBalance": 0.04459919224178026,
  "usdtBalance": 0,
  "usdcBalance": 0,
  "kenduBalance": 517214787.4674407,
  "ethBalanceInUsd": 100.78347066028536,
  "kenduBalanceInUsd": 22695.3848740713,
  "totalUsdBalance": 100.78347066028536
}