{
  "ethBalance": 0.038589031500035925,
  "usdtBalance": 0,
  "usdcBalance": 0,
  "kenduBalance": 35199894.08324558,
  "ethBalanceInUsd": 97.5299182131908,
  "kenduBalanceInUsd": 1030.6528987574306,
  "totalUsdBalance": 97.5299182131908
}