{
  "ethBalance": 0.038589031500035925,
  "usdtBalance": 0,
  "usdcBalance": 0,
  "kenduBalance": 35199894.08324558,
  "ethBalanceInUsd": 130.88241813867185,
  "kenduBalanceInUsd": 1228.4763035052708,
  "totalUsdBalance": 130.88241813867185
}