{
  "ethBalance": 0.038589031500035925,
  "usdtBalance": 0,
  "usdcBalance": 0,
  "kenduBalance": 35199894.08324558,
  "ethBalanceInUsd": 149.9600635316596,
  "kenduBalanceInUsd": 1545.2753502544813,
  "totalUsdBalance": 149.9600635316596
}