{
  "ethBalance": 0.038589031500035925,
  "usdtBalance": 0,
  "usdcBalance": 0,
  "kenduBalance": 35199894.08324558,
  "ethBalanceInUsd": 129.33847098835543,
  "kenduBalanceInUsd": 527.9984112486837,
  "totalUsdBalance": 129.33847098835543
}