{
  "ethBalance": 0.038589031500035925,
  "usdtBalance": 0,
  "usdcBalance": 0,
  "kenduBalance": 35199894.08324558,
  "ethBalanceInUsd": 102.13706268398009,
  "kenduBalanceInUsd": 1486.8435260762935,
  "totalUsdBalance": 102.13706268398009
}