{
  "ethBalance": 0.5002741579676101,
  "usdtBalance": 0,
  "usdcBalance": 100,
  "kenduBalance": 4855925261.348792,
  "ethBalanceInUsd": 1209.817998954651,
  "kenduBalanceInUsd": 108675.60734898596,
  "totalUsdBalance": 1309.817998954651
}