{
  "ethBalance": 0.3603761199402911,
  "usdtBalance": 0,
  "usdcBalance": 154.403285,
  "kenduBalance": 4113980899.4295063,
  "ethBalanceInUsd": 569.797890759993,
  "kenduBalanceInUsd": 37231.52713983703,
  "totalUsdBalance": 724.201175759993
}