{
  "ethBalance": 0.04272247540230626,
  "usdtBalance": 0,
  "usdcBalance": 0,
  "kenduBalance": 517214787.4674407,
  "ethBalanceInUsd": 113.33375552248403,
  "kenduBalanceInUsd": 29626.063026135005,
  "totalUsdBalance": 113.33375552248403
}