{
  "ethBalance": 0.03983369884579122,
  "usdtBalance": 0,
  "usdcBalance": 0,
  "kenduBalance": 1091213805.8365645,
  "ethBalanceInUsd": 104.06633490860648,
  "kenduBalanceInUsd": 47107.69999796449,
  "totalUsdBalance": 104.06633490860648
}