{
  "ethBalance": 0.0660488809860724,
  "usdtBalance": 0,
  "usdcBalance": 0,
  "kenduBalance": 7622102282.100412,
  "ethBalanceInUsd": 164.64863198851083,
  "kenduBalanceInUsd": 60062.16598295126,
  "totalUsdBalance": 164.64863198851083
}