{
  "ethBalance": 0.038589031500035925,
  "usdtBalance": 0,
  "usdcBalance": 0,
  "kenduBalance": 35199894.08324558,
  "ethBalanceInUsd": 144.4892965358995,
  "kenduBalanceInUsd": 1394.9718025190225,
  "totalUsdBalance": 144.4892965358995
}