{
  "ethBalance": 0.3579488855246269,
  "usdtBalance": 0,
  "usdcBalance": 0,
  "kenduBalance": 3705282011.416198,
  "ethBalanceInUsd": 566.1033214349079,
  "kenduBalanceInUsd": 42240.214930144655,
  "totalUsdBalance": 566.1033214349079
}