{
  "ethBalance": 0.5002741579676101,
  "usdtBalance": 0,
  "usdcBalance": 100,
  "kenduBalance": 4855925261.348792,
  "ethBalanceInUsd": 1273.3077923423205,
  "kenduBalanceInUsd": 116008.05449362264,
  "totalUsdBalance": 1373.3077923423205
}