{
  "ethBalance": 0.038589031500035925,
  "usdtBalance": 0,
  "usdcBalance": 0,
  "kenduBalance": 35199894.08324558,
  "ethBalanceInUsd": 132.7636334242986,
  "kenduBalanceInUsd": 790.5896211096957,
  "totalUsdBalance": 132.7636334242986
}