{
  "ethBalance": 7.102812771415156,
  "usdtBalance": 22218.494633,
  "kenduBalance": 512835445.5049916,
  "ethBalanceInUsd": 23600.72907996428,
  "kenduBalanceInUsd": 91094.96018505165,
  "totalUsdBalance": 45819.223712964274
}