{
  "ethBalance": 0.3117728554842481,
  "usdtBalance": 0,
  "usdcBalance": 0.463046,
  "kenduBalance": 4113980899.4295063,
  "ethBalanceInUsd": 585.450185756876,
  "kenduBalanceInUsd": 47639.89881539368,
  "totalUsdBalance": 585.9132317568759
}