{
  "ethBalance": 0.038589031500035925,
  "usdtBalance": 0,
  "usdcBalance": 0,
  "kenduBalance": 35199894.08324558,
  "ethBalanceInUsd": 119.46353782749621,
  "kenduBalanceInUsd": 701.8858880199169,
  "totalUsdBalance": 119.46353782749621
}