{
  "ethBalance": 0.045462183917402754,
  "usdtBalance": 0,
  "usdcBalance": 0,
  "kenduBalance": 307214787.46744066,
  "ethBalanceInUsd": 125.41470828558228,
  "kenduBalanceInUsd": 27277.600979234056,
  "totalUsdBalance": 125.41470828558228
}