{
  "ethBalance": 0.038589031500035925,
  "usdtBalance": 0,
  "usdcBalance": 0,
  "kenduBalance": 35199894.08324558,
  "ethBalanceInUsd": 105.35924681423309,
  "kenduBalanceInUsd": 1343.2279582166514,
  "totalUsdBalance": 105.35924681423309
}