{
  "ethBalance": 0.3119048631851912,
  "usdtBalance": 0,
  "usdcBalance": 0.463046,
  "kenduBalance": 4175387837.757599,
  "ethBalanceInUsd": 646.4571384862592,
  "kenduBalanceInUsd": 52985.67166114393,
  "totalUsdBalance": 646.9201844862591
}