{
  "ethBalance": 0.038589031500035925,
  "usdtBalance": 0,
  "usdcBalance": 0,
  "kenduBalance": 13206739398.082659,
  "ethBalanceInUsd": 129.0282151750951,
  "kenduBalanceInUsd": 374278.99454166257,
  "totalUsdBalance": 129.0282151750951
}