{
  "ethBalance": 0.038589031500035925,
  "usdtBalance": 0,
  "usdcBalance": 0,
  "kenduBalance": 35199894.08324558,
  "ethBalanceInUsd": 102.2512862172202,
  "kenduBalanceInUsd": 1435.4516807147547,
  "totalUsdBalance": 102.2512862172202
}