{
  "ethBalance": 0.3119048631851912,
  "usdtBalance": 0,
  "usdcBalance": 0.463046,
  "kenduBalance": 4175387837.757599,
  "ethBalanceInUsd": 626.6355844308401,
  "kenduBalanceInUsd": 39290.399553299,
  "totalUsdBalance": 627.0986304308401
}