{
  "ethBalance": 0.5002741579676101,
  "usdtBalance": 0,
  "usdcBalance": 100,
  "kenduBalance": 4855925261.348792,
  "ethBalanceInUsd": 1315.7660601290318,
  "kenduBalanceInUsd": 127516.59736301927,
  "totalUsdBalance": 1415.7660601290318
}