{
  "ethBalance": 0.038589031500035925,
  "usdtBalance": 0,
  "usdcBalance": 0,
  "kenduBalance": 35199894.08324558,
  "ethBalanceInUsd": 109.05298890941653,
  "kenduBalanceInUsd": 2004.633968040836,
  "totalUsdBalance": 109.05298890941653
}