{
  "ethBalance": 0.10788809429719365,
  "usdtBalance": 3946.421819,
  "usdcBalance": 0,
  "kenduBalance": 13268928669.075045,
  "ethBalanceInUsd": 356.28101155950856,
  "kenduBalanceInUsd": 319117.7344912548,
  "totalUsdBalance": 4302.702830559509
}