{
  "ethBalance": 0.038589031500035925,
  "usdtBalance": 0,
  "usdcBalance": 0,
  "kenduBalance": 35199894.08324558,
  "ethBalanceInUsd": 129.78108717966083,
  "kenduBalanceInUsd": 335.45499061333044,
  "totalUsdBalance": 129.78108717966083
}