{
  "ethBalance": 0.038589031500035925,
  "usdtBalance": 0,
  "usdcBalance": 0,
  "kenduBalance": 35199894.08324558,
  "ethBalanceInUsd": 147.73000340127254,
  "kenduBalanceInUsd": 1238.3322738485795,
  "totalUsdBalance": 147.73000340127254
}