{
  "ethBalance": 0.038589031500035925,
  "usdtBalance": 0,
  "usdcBalance": 0,
  "kenduBalance": 35199894.08324558,
  "ethBalanceInUsd": 117.16556100166908,
  "kenduBalanceInUsd": 699.4218954340897,
  "totalUsdBalance": 117.16556100166908
}