{
  "ethBalance": 0.35769432885289126,
  "usdtBalance": 0,
  "usdcBalance": 0,
  "kenduBalance": 4514955040.756332,
  "ethBalanceInUsd": 895.8526004986433,
  "kenduBalanceInUsd": 78199.02130589967,
  "totalUsdBalance": 895.8526004986433
}