{
  "ethBalance": 0.038589031500035925,
  "usdtBalance": 0,
  "usdcBalance": 0,
  "kenduBalance": 35199894.08324558,
  "ethBalanceInUsd": 132.4572365141883,
  "kenduBalanceInUsd": 1040.156870159907,
  "totalUsdBalance": 132.4572365141883
}