{
  "ethBalance": 0.038589031500035925,
  "usdtBalance": 0,
  "usdcBalance": 0,
  "kenduBalance": 35199894.08324558,
  "ethBalanceInUsd": 101.95530834561491,
  "kenduBalanceInUsd": 1481.915540904639,
  "totalUsdBalance": 101.95530834561491
}