{
  "ethBalance": 0.35779268808449755,
  "usdtBalance": 0,
  "usdcBalance": 0,
  "kenduBalance": 3546950453.60037,
  "ethBalanceInUsd": 653.6264163734027,
  "kenduBalanceInUsd": 39867.72309846816,
  "totalUsdBalance": 653.6264163734027
}