{
  "ethBalance": 13.475892841222715,
  "usdtBalance": 3949.089252,
  "usdcBalance": 8005.206012,
  "kenduBalance": 10903927414.89931,
  "ethBalanceInUsd": 43826.837733938155,
  "kenduBalanceInUsd": 223421.47273128683,
  "totalUsdBalance": 55781.132997938155
}