{
  "ethBalance": 0.038589031500035925,
  "usdtBalance": 0,
  "usdcBalance": 0,
  "kenduBalance": 35199894.08324558,
  "ethBalanceInUsd": 120.20753435481691,
  "kenduBalanceInUsd": 1857.8504097137018,
  "totalUsdBalance": 120.20753435481691
}