{
  "ethBalance": 0.04272247540230626,
  "usdtBalance": 0,
  "usdcBalance": 0,
  "kenduBalance": 517214787.4674407,
  "ethBalanceInUsd": 101.93411741088664,
  "kenduBalanceInUsd": 22731.58990919402,
  "totalUsdBalance": 101.93411741088664
}