{
  "ethBalance": 0.04459919224178026,
  "usdtBalance": 0,
  "usdcBalance": 0,
  "kenduBalance": 517214787.4674407,
  "ethBalanceInUsd": 110.16446475642141,
  "kenduBalanceInUsd": 33060.36921491881,
  "totalUsdBalance": 110.16446475642141
}