{
  "ethBalance": 0.0624422229661258,
  "usdtBalance": 0,
  "usdcBalance": 0,
  "kenduBalance": 6384544426.92592,
  "ethBalanceInUsd": 126.93941949006681,
  "kenduBalanceInUsd": 44947.19276555847,
  "totalUsdBalance": 126.93941949006681
}