{
  "ethBalance": 0.038589031500035925,
  "usdtBalance": 0,
  "usdcBalance": 0,
  "kenduBalance": 35199894.08324558,
  "ethBalanceInUsd": 130.59029917021658,
  "kenduBalanceInUsd": 887.3893298386212,
  "totalUsdBalance": 130.59029917021658
}