{
  "ethBalance": 0.038589031500035925,
  "usdtBalance": 0,
  "usdcBalance": 0,
  "kenduBalance": 35199894.08324558,
  "ethBalanceInUsd": 101.17619579962918,
  "kenduBalanceInUsd": 1247.836245251056,
  "totalUsdBalance": 101.17619579962918
}