{
  "ethBalance": 0.038589031500035925,
  "usdtBalance": 0,
  "usdcBalance": 0,
  "kenduBalance": 35199894.08324558,
  "ethBalanceInUsd": 128.86652713310997,
  "kenduBalanceInUsd": 893.373311832773,
  "totalUsdBalance": 128.86652713310997
}