{
  "ethBalance": 0.045462183917402754,
  "usdtBalance": 0,
  "usdcBalance": 0,
  "kenduBalance": 307214787.46744066,
  "ethBalanceInUsd": 119.81422184879743,
  "kenduBalanceInUsd": 18709.380556767137,
  "totalUsdBalance": 119.81422184879743
}