{
  "ethBalance": 0.3579040556931112,
  "usdtBalance": 0,
  "usdcBalance": 0,
  "kenduBalance": 3646098337.9468102,
  "ethBalanceInUsd": 660.2256115370822,
  "kenduBalanceInUsd": 39851.85483375864,
  "totalUsdBalance": 660.2256115370822
}