{
  "ethBalance": 0.04272247540230626,
  "usdtBalance": 0,
  "usdcBalance": 0,
  "kenduBalance": 517214787.4674407,
  "ethBalanceInUsd": 115.57540380684304,
  "kenduBalanceInUsd": 31032.887248046445,
  "totalUsdBalance": 115.57540380684304
}