{
  "ethBalance": 0.038589031500035925,
  "usdtBalance": 0,
  "usdcBalance": 0,
  "kenduBalance": 35199894.08324558,
  "ethBalanceInUsd": 141.95592661792216,
  "kenduBalanceInUsd": 947.9331476618036,
  "totalUsdBalance": 141.95592661792216
}