{
  "ethBalance": 0.1143504362553894,
  "usdtBalance": 0,
  "usdcBalance": 0,
  "kenduBalance": 12046082608.223656,
  "ethBalanceInUsd": 367.46741391541894,
  "kenduBalanceInUsd": 291635.6599450947,
  "totalUsdBalance": 367.46741391541894
}