{
  "ethBalance": 0.038589031500035925,
  "usdtBalance": 0,
  "usdcBalance": 0,
  "kenduBalance": 35199894.08324558,
  "ethBalanceInUsd": 153.30766201428773,
  "kenduBalanceInUsd": 1251.3562346593803,
  "totalUsdBalance": 153.30766201428773
}