{
  "ethBalance": 6.7707671114151555,
  "usdtBalance": 22011.945382,
  "kenduBalance": 507285445.5049916,
  "ethBalanceInUsd": 22320.240028806744,
  "kenduBalanceInUsd": 91636.04287602169,
  "totalUsdBalance": 44332.18541080675
}