{
  "ethBalance": 0.30943876692005484,
  "usdtBalance": 0,
  "usdcBalance": 0,
  "kenduBalance": 8110029020.399477,
  "ethBalanceInUsd": 837.1989614528852,
  "kenduBalanceInUsd": 90589.02415786215,
  "totalUsdBalance": 837.1989614528852
}