{
  "ethBalance": 0.038589031500035925,
  "usdtBalance": 0,
  "usdcBalance": 0,
  "kenduBalance": 35199894.08324558,
  "ethBalanceInUsd": 127.22726507498845,
  "kenduBalanceInUsd": 1122.172623373869,
  "totalUsdBalance": 127.22726507498845
}