{
  "ethBalance": 0.04459919224178026,
  "usdtBalance": 0,
  "usdcBalance": 0,
  "kenduBalance": 517214787.4674407,
  "ethBalanceInUsd": 109.77422182430584,
  "kenduBalanceInUsd": 28529.56767670403,
  "totalUsdBalance": 109.77422182430584
}