{
  "ethBalance": 0.3119048631851912,
  "usdtBalance": 0,
  "usdcBalance": 0.463046,
  "kenduBalance": 4175387837.757599,
  "ethBalanceInUsd": 624.9013933915305,
  "kenduBalanceInUsd": 60083.83098533184,
  "totalUsdBalance": 625.3644393915305
}