{
  "ethBalance": 0.04459919224178026,
  "usdtBalance": 0,
  "usdcBalance": 0,
  "kenduBalance": 517214787.4674407,
  "ethBalanceInUsd": 104.04545558084916,
  "kenduBalanceInUsd": 27583.064615638614,
  "totalUsdBalance": 104.04545558084916
}