{
  "ethBalance": 0.038589031500035925,
  "usdtBalance": 0,
  "usdcBalance": 0,
  "kenduBalance": 35199894.08324558,
  "ethBalanceInUsd": 119.75488501532149,
  "kenduBalanceInUsd": 774.7496687722353,
  "totalUsdBalance": 119.75488501532149
}