{
  "ethBalance": 0.038589031500035925,
  "usdtBalance": 0,
  "usdcBalance": 0,
  "kenduBalance": 35199894.08324558,
  "ethBalanceInUsd": 150.68090664008028,
  "kenduBalanceInUsd": 1145.4045534688112,
  "totalUsdBalance": 150.68090664008028
}