{
  "ethBalance": 0.038589031500035925,
  "usdtBalance": 0,
  "usdcBalance": 0,
  "kenduBalance": 35199894.08324558,
  "ethBalanceInUsd": 123.1082718526746,
  "kenduBalanceInUsd": 765.5976963105915,
  "totalUsdBalance": 123.1082718526746
}