{
  "ethBalance": 0.04272247540230626,
  "usdtBalance": 0,
  "usdcBalance": 0,
  "kenduBalance": 517214787.4674407,
  "ethBalanceInUsd": 105.78426689414248,
  "kenduBalanceInUsd": 26502.085709831663,
  "totalUsdBalance": 105.78426689414248
}