{
  "ethBalance": 0.04272247540230626,
  "usdtBalance": 0,
  "usdcBalance": 0,
  "kenduBalance": 517214787.4674407,
  "ethBalanceInUsd": 102.71465703648678,
  "kenduBalanceInUsd": 22881.58219755958,
  "totalUsdBalance": 102.71465703648678
}