{
  "ethBalance": 0.045462183917402754,
  "usdtBalance": 0,
  "usdcBalance": 0,
  "kenduBalance": 307214787.46744066,
  "ethBalanceInUsd": 118.82269161755887,
  "kenduBalanceInUsd": 17757.014715618072,
  "totalUsdBalance": 118.82269161755887
}