{
  "ethBalance": 0.3196155371451788,
  "usdtBalance": 0,
  "usdcBalance": 884.463046,
  "kenduBalance": 5453954448.539579,
  "ethBalanceInUsd": 609.3278446350547,
  "kenduBalanceInUsd": 38068.602050806265,
  "totalUsdBalance": 1493.7908906350547
}