{
  "ethBalance": 0.045462183917402754,
  "usdtBalance": 0,
  "usdcBalance": 0,
  "kenduBalance": 307214787.46744066,
  "ethBalanceInUsd": 125.22240324761167,
  "kenduBalanceInUsd": 29971.87466532351,
  "totalUsdBalance": 125.22240324761167
}