{
  "ethBalance": 0.5002741579676101,
  "usdtBalance": 0,
  "usdcBalance": 100,
  "kenduBalance": 4855925261.348792,
  "ethBalanceInUsd": 1333.3106748489556,
  "kenduBalanceInUsd": 142909.88044149496,
  "totalUsdBalance": 1433.3106748489556
}