{
  "ethBalance": 0.038589031500035925,
  "usdtBalance": 0,
  "usdcBalance": 0,
  "kenduBalance": 35199894.08324558,
  "ethBalanceInUsd": 139.82696975006516,
  "kenduBalanceInUsd": 1007.772967603321,
  "totalUsdBalance": 139.82696975006516
}