{
  "ethBalance": 0.038589031500035925,
  "usdtBalance": 0,
  "usdcBalance": 0,
  "kenduBalance": 35199894.08324558,
  "ethBalanceInUsd": 143.10472208567822,
  "kenduBalanceInUsd": 775.1016677130677,
  "totalUsdBalance": 143.10472208567822
}