{
  "ethBalance": 0.045462183917402754,
  "usdtBalance": 0,
  "usdcBalance": 0,
  "kenduBalance": 307214787.46744066,
  "ethBalanceInUsd": 121.8227411342683,
  "kenduBalanceInUsd": 23034.9647643087,
  "totalUsdBalance": 121.8227411342683
}