{
  "ethBalance": 0.04459919224178026,
  "usdtBalance": 0,
  "usdcBalance": 0,
  "kenduBalance": 517214787.4674407,
  "ethBalanceInUsd": 109.93567090022107,
  "kenduBalanceInUsd": 31591.479218511282,
  "totalUsdBalance": 109.93567090022107
}