{
  "ethBalance": 0.038589031500035925,
  "usdtBalance": 0,
  "usdcBalance": 0,
  "kenduBalance": 35199894.08324558,
  "ethBalanceInUsd": 148.56854305576832,
  "kenduBalanceInUsd": 1212.9883501086426,
  "totalUsdBalance": 148.56854305576832
}