{
  "ethBalance": 8.056063080971311,
  "usdtBalance": 22313.097842,
  "usdcBalance": 88.007775,
  "kenduBalance": 319823769.8171208,
  "ethBalanceInUsd": 24197.916115682718,
  "kenduBalanceInUsd": 41519.52179765862,
  "totalUsdBalance": 46599.02173268272
}