{
  "ethBalance": 0.038589031500035925,
  "usdtBalance": 0,
  "usdcBalance": 0,
  "kenduBalance": 35199894.08324558,
  "ethBalanceInUsd": 129.30914332441537,
  "kenduBalanceInUsd": 1122.8766212555342,
  "totalUsdBalance": 129.30914332441537
}