{
  "ethBalance": 0.038589031500035925,
  "usdtBalance": 0,
  "usdcBalance": 0,
  "kenduBalance": 35199894.08324558,
  "ethBalanceInUsd": 96.672855823575,
  "kenduBalanceInUsd": 1641.3710611017416,
  "totalUsdBalance": 96.672855823575
}