{
  "ethBalance": 13.47560135212183,
  "usdtBalance": 3949.089252,
  "usdcBalance": 8005.206012,
  "kenduBalance": 10805029020.399477,
  "ethBalanceInUsd": 44869.44031013301,
  "kenduBalanceInUsd": 196219.3270104545,
  "totalUsdBalance": 56823.73557413301
}