{
  "ethBalance": 0.038589031500035925,
  "usdtBalance": 0,
  "usdcBalance": 0,
  "kenduBalance": 35199894.08324558,
  "ethBalanceInUsd": 139.99135902425533,
  "kenduBalanceInUsd": 1298.5240927309296,
  "totalUsdBalance": 139.99135902425533
}