{
  "ethBalance": 0.038589031500035925,
  "usdtBalance": 0,
  "usdcBalance": 0,
  "kenduBalance": 13206739398.082659,
  "ethBalanceInUsd": 128.20511113319935,
  "kenduBalanceInUsd": 369656.6357523336,
  "totalUsdBalance": 128.20511113319935
}