{
  "ethBalance": 0.038589031500035925,
  "usdtBalance": 0,
  "usdcBalance": 0,
  "kenduBalance": 35199894.08324558,
  "ethBalanceInUsd": 129.27672853795536,
  "kenduBalanceInUsd": 1739.2267666531643,
  "totalUsdBalance": 129.27672853795536
}