{
  "ethBalance": 0.04459919224178026,
  "usdtBalance": 0,
  "usdcBalance": 0,
  "kenduBalance": 517214787.4674407,
  "ethBalanceInUsd": 101.91807411091624,
  "kenduBalanceInUsd": 26708.971624818638,
  "totalUsdBalance": 101.91807411091624
}