{
  "ethBalance": 0.17126601123049806,
  "usdtBalance": 0,
  "usdcBalance": null,
  "kenduBalance": 4482236645.828448,
  "ethBalanceInUsd": 795.7515553201508,
  "kenduBalanceInUsd": 60689.48418451719,
  "totalUsdBalance": null
}