{
  "ethBalance": 0.5002741579676101,
  "usdtBalance": 0,
  "usdcBalance": 100,
  "kenduBalance": 4855925261.348792,
  "ethBalanceInUsd": 1251.6559267854825,
  "kenduBalanceInUsd": 113385.85485249429,
  "totalUsdBalance": 1351.6559267854825
}