{
  "ethBalance": 0.04272247540230626,
  "usdtBalance": 0,
  "usdcBalance": 0,
  "kenduBalance": 517214787.4674407,
  "ethBalanceInUsd": 110.76143527851116,
  "kenduBalanceInUsd": 27919.254227492453,
  "totalUsdBalance": 110.76143527851116
}