{
  "ethBalance": 0.35779268808449755,
  "usdtBalance": 0,
  "usdcBalance": 0,
  "kenduBalance": 3546950453.60037,
  "ethBalanceInUsd": 777.855615603221,
  "kenduBalanceInUsd": 55545.24410338179,
  "totalUsdBalance": 777.855615603221
}