{
  "ethBalance": 0.7404211583199757,
  "usdtBalance": 0,
  "usdcBalance": null,
  "kenduBalance": 4745282940.56362,
  "ethBalanceInUsd": 3192.074080902746,
  "kenduBalanceInUsd": 85509.99858895643,
  "totalUsdBalance": null
}