{
  "ethBalance": 0.5002741579676101,
  "usdtBalance": 0,
  "usdcBalance": 100,
  "kenduBalance": 4855925261.348792,
  "ethBalanceInUsd": 1231.4348453204316,
  "kenduBalanceInUsd": 110715.09595875246,
  "totalUsdBalance": 1331.4348453204316
}