{
  "ethBalance": 0.038589031500035925,
  "usdtBalance": 0,
  "usdcBalance": 0,
  "kenduBalance": 35199894.08324558,
  "ethBalanceInUsd": 131.76957997285768,
  "kenduBalanceInUsd": 343.90296519330934,
  "totalUsdBalance": 131.76957997285768
}