{
  "ethBalance": 0.5002741579676101,
  "usdtBalance": 0,
  "usdcBalance": 100,
  "kenduBalance": 4855925261.348792,
  "ethBalanceInUsd": 1331.3596056328822,
  "kenduBalanceInUsd": 168452.0473161896,
  "totalUsdBalance": 1431.3596056328822
}