{
  "ethBalance": 0.038589031500035925,
  "usdtBalance": 0,
  "usdcBalance": 0,
  "kenduBalance": 35199894.08324558,
  "ethBalanceInUsd": 155.94869533015017,
  "kenduBalanceInUsd": 1537.8833724969993,
  "totalUsdBalance": 155.94869533015017
}