{
  "ethBalance": 0.038589031500035925,
  "usdtBalance": 0,
  "usdcBalance": 0,
  "kenduBalance": 35199894.08324558,
  "ethBalanceInUsd": 105.55064841047326,
  "kenduBalanceInUsd": 1217.5643363394647,
  "totalUsdBalance": 105.55064841047326
}