{
  "ethBalance": 0.038589031500035925,
  "usdtBalance": 0,
  "usdcBalance": 0,
  "kenduBalance": 35199894.08324558,
  "ethBalanceInUsd": 128.71448634899983,
  "kenduBalanceInUsd": 1028.540905112436,
  "totalUsdBalance": 128.71448634899983
}