{
  "ethBalance": 0.5002528644753425,
  "usdtBalance": 0,
  "usdcBalance": 100,
  "kenduBalance": 4845166789.051858,
  "ethBalanceInUsd": 1315.1947958775438,
  "kenduBalanceInUsd": 87019.19553137137,
  "totalUsdBalance": 1415.1947958775438
}