{
  "ethBalance": 0.5002741579676101,
  "usdtBalance": 0,
  "usdcBalance": 100,
  "kenduBalance": 4855925261.348792,
  "ethBalanceInUsd": 1259.6603133129643,
  "kenduBalanceInUsd": 160585.44839280457,
  "totalUsdBalance": 1359.6603133129643
}