{
  "ethBalance": 0.038589031500035925,
  "usdtBalance": 0,
  "usdcBalance": 0,
  "kenduBalance": 35199894.08324558,
  "ethBalanceInUsd": 128.11056800602427,
  "kenduBalanceInUsd": 736.73378316233,
  "totalUsdBalance": 128.11056800602427
}