{
  "ethBalance": 0.038589031500035925,
  "usdtBalance": 0,
  "usdcBalance": 0,
  "kenduBalance": 35199894.08324558,
  "ethBalanceInUsd": 134.70736294095542,
  "kenduBalanceInUsd": 1242.9082600794015,
  "totalUsdBalance": 134.70736294095542
}