{
  "ethBalance": 0.3579488855246269,
  "usdtBalance": 0,
  "usdcBalance": 0,
  "kenduBalance": 3705282011.416198,
  "ethBalanceInUsd": 573.1620734574535,
  "kenduBalanceInUsd": 38794.30265952759,
  "totalUsdBalance": 573.1620734574535
}