{
  "ethBalance": 0.038589031500035925,
  "usdtBalance": 0,
  "usdcBalance": 0,
  "kenduBalance": 35199894.08324558,
  "ethBalanceInUsd": 122.0185176031136,
  "kenduBalanceInUsd": 1083.452739882299,
  "totalUsdBalance": 122.0185176031136
}