{
  "ethBalance": 0.038589031500035925,
  "usdtBalance": 0,
  "usdcBalance": 0,
  "kenduBalance": 35199894.08324558,
  "ethBalanceInUsd": 125.2484195396666,
  "kenduBalanceInUsd": 774.3976698314028,
  "totalUsdBalance": 125.2484195396666
}