{
  "ethBalance": 0.5002741579676101,
  "usdtBalance": 0,
  "usdcBalance": 100,
  "kenduBalance": 4855925261.348792,
  "ethBalanceInUsd": 1278.3455531130544,
  "kenduBalanceInUsd": 124068.89042746164,
  "totalUsdBalance": 1378.3455531130544
}