{
  "ethBalance": 0.038589031500035925,
  "usdtBalance": 0,
  "usdcBalance": 0,
  "kenduBalance": 35199894.08324558,
  "ethBalanceInUsd": 125.62041780332696,
  "kenduBalanceInUsd": 652.9580352442056,
  "totalUsdBalance": 125.62041780332696
}