{
  "ethBalance": 0.04459919224178026,
  "usdtBalance": 0,
  "usdcBalance": 0,
  "kenduBalance": 517214787.4674407,
  "ethBalanceInUsd": 112.03896880634345,
  "kenduBalanceInUsd": 32667.285976443556,
  "totalUsdBalance": 112.03896880634345
}