{
  "ethBalance": 0.04459919224178026,
  "usdtBalance": 0,
  "usdcBalance": 0,
  "kenduBalance": 517214787.4674407,
  "ethBalanceInUsd": 112.71018664958223,
  "kenduBalanceInUsd": 34017.21657173358,
  "totalUsdBalance": 112.71018664958223
}