{
  "ethBalance": 0.038589031500035925,
  "usdtBalance": 0,
  "usdcBalance": 0,
  "kenduBalance": 35199894.08324558,
  "ethBalanceInUsd": 96.69562335216003,
  "kenduBalanceInUsd": 1595.2591998526898,
  "totalUsdBalance": 96.69562335216003
}