{
  "ethBalance": 0.04272247540230626,
  "usdtBalance": 0,
  "usdcBalance": 0,
  "kenduBalance": 517214787.4674407,
  "ethBalanceInUsd": 101.60301822651877,
  "kenduBalanceInUsd": 26564.15148432776,
  "totalUsdBalance": 101.60301822651877
}