{
  "ethBalance": 0.5002741579676101,
  "usdtBalance": 0,
  "usdcBalance": 100,
  "kenduBalance": 4855925261.348792,
  "ethBalanceInUsd": 1263.217262576114,
  "kenduBalanceInUsd": 160488.32988757757,
  "totalUsdBalance": 1363.217262576114
}