{
  "ethBalance": 0.3117728554842481,
  "usdtBalance": 0,
  "usdcBalance": 0.463046,
  "kenduBalance": 4113980899.4295063,
  "ethBalanceInUsd": 565.7897894900392,
  "kenduBalanceInUsd": 44430.99371383867,
  "totalUsdBalance": 566.2528354900392
}