{
  "ethBalance": 0.0660488809860724,
  "usdtBalance": 0,
  "usdcBalance": 0,
  "kenduBalance": 7622102282.100412,
  "ethBalanceInUsd": 184.1033298829585,
  "kenduBalanceInUsd": 70352.00406378681,
  "totalUsdBalance": 184.1033298829585
}