{
  "ethBalance": 0.04272247540230626,
  "usdtBalance": 0,
  "usdcBalance": 0,
  "kenduBalance": 517214787.4674407,
  "ethBalanceInUsd": 104.76063638350323,
  "kenduBalanceInUsd": 23657.404378760737,
  "totalUsdBalance": 104.76063638350323
}