{
  "ethBalance": 0.038589031500035925,
  "usdtBalance": 0,
  "usdcBalance": 0,
  "kenduBalance": 35199894.08324558,
  "ethBalanceInUsd": 131.21235435799716,
  "kenduBalanceInUsd": 1099.2926922197594,
  "totalUsdBalance": 131.21235435799716
}