{
  "ethBalance": 0.04459919224178026,
  "usdtBalance": 0,
  "usdcBalance": 0,
  "kenduBalance": 517214787.4674407,
  "ethBalanceInUsd": 109.86252822494455,
  "kenduBalanceInUsd": 29155.397569539633,
  "totalUsdBalance": 109.86252822494455
}