{
  "ethBalance": 0.0624422229661258,
  "usdtBalance": 0,
  "usdcBalance": 0,
  "kenduBalance": 6379544426.92592,
  "ethBalanceInUsd": 142.7042075223246,
  "kenduBalanceInUsd": 54226.127628870316,
  "totalUsdBalance": 142.7042075223246
}