{
  "ethBalance": 0.038589031500035925,
  "usdtBalance": 0,
  "usdcBalance": 0,
  "kenduBalance": 35199894.08324558,
  "ethBalanceInUsd": 127.01888430488825,
  "kenduBalanceInUsd": 513.9184536153855,
  "totalUsdBalance": 127.01888430488825
}