{
  "ethBalance": 0.038589031500035925,
  "usdtBalance": 0,
  "usdcBalance": 0,
  "kenduBalance": 35199894.08324558,
  "ethBalanceInUsd": 129.51405108168058,
  "kenduBalanceInUsd": 1177.7884560253972,
  "totalUsdBalance": 129.51405108168058
}