{
  "ethBalance": 0.3579488855246269,
  "usdtBalance": 0,
  "usdcBalance": 0,
  "kenduBalance": 3705282011.416198,
  "ethBalanceInUsd": 644.3044144554732,
  "kenduBalanceInUsd": 46056.655401903336,
  "totalUsdBalance": 644.3044144554732
}