{
  "ethBalance": 0.045462183917402754,
  "usdtBalance": 0,
  "usdcBalance": 0,
  "kenduBalance": 307214787.46744066,
  "ethBalanceInUsd": 118.099388271433,
  "kenduBalanceInUsd": 31621.61807402367,
  "totalUsdBalance": 118.099388271433
}