{
  "ethBalance": 0.04272247540230626,
  "usdtBalance": 0,
  "usdcBalance": 0,
  "kenduBalance": 517214787.4674407,
  "ethBalanceInUsd": 113.20302474775296,
  "kenduBalanceInUsd": 29072.64320354484,
  "totalUsdBalance": 113.20302474775296
}