{
  "ethBalance": 0.04272247540230626,
  "usdtBalance": 0,
  "usdcBalance": 0,
  "kenduBalance": 517214787.4674407,
  "ethBalanceInUsd": 103.00858766725466,
  "kenduBalanceInUsd": 25281.4588114085,
  "totalUsdBalance": 103.00858766725466
}