{
  "ethBalance": 0.0624422229661258,
  "usdtBalance": 0,
  "usdcBalance": 0,
  "kenduBalance": 6384544426.92592,
  "ethBalanceInUsd": 120.19753267641421,
  "kenduBalanceInUsd": 45904.87442959736,
  "totalUsdBalance": 120.19753267641421
}