{
  "ethBalance": 0.038589031500035925,
  "usdtBalance": 0,
  "usdcBalance": 0,
  "kenduBalance": 35199894.08324558,
  "ethBalanceInUsd": 132.16743288762305,
  "kenduBalanceInUsd": 736.73378316233,
  "totalUsdBalance": 132.16743288762305
}