{
  "ethBalance": 0.04272247540230626,
  "usdtBalance": 0,
  "usdcBalance": 0,
  "kenduBalance": 517214787.4674407,
  "ethBalanceInUsd": 105.2899678537378,
  "kenduBalanceInUsd": 25131.466523042945,
  "totalUsdBalance": 105.2899678537378
}