{
  "ethBalance": 0.06262558795641449,
  "usdtBalance": 0,
  "usdcBalance": 0,
  "kenduBalance": 7456272656.749752,
  "ethBalanceInUsd": 156.28779104814845,
  "kenduBalanceInUsd": 68374.02026239524,
  "totalUsdBalance": 156.28779104814845
}