{
  "ethBalance": 0.3579488855246269,
  "usdtBalance": 0,
  "usdcBalance": 0,
  "kenduBalance": 3705282011.416198,
  "ethBalanceInUsd": 644.3187324108941,
  "kenduBalanceInUsd": 45574.96874041924,
  "totalUsdBalance": 644.3187324108941
}