{
  "ethBalance": 0.04459919224178026,
  "usdtBalance": 0,
  "usdcBalance": 0,
  "kenduBalance": 517214787.4674407,
  "ethBalanceInUsd": 112.66246551388353,
  "kenduBalanceInUsd": 33743.09273437584,
  "totalUsdBalance": 112.66246551388353
}