{
  "ethBalance": 0.038589031500035925,
  "usdtBalance": 0,
  "usdcBalance": 0,
  "kenduBalance": 35199894.08324558,
  "ethBalanceInUsd": 101.14223745190917,
  "kenduBalanceInUsd": 1141.5325651196542,
  "totalUsdBalance": 101.14223745190917
}