{
  "ethBalance": 0.5002741579676101,
  "usdtBalance": 0,
  "usdcBalance": 100,
  "kenduBalance": 4855925261.348792,
  "ethBalanceInUsd": 1209.497823493552,
  "kenduBalanceInUsd": 109112.64062250736,
  "totalUsdBalance": 1309.497823493552
}