{
  "ethBalance": 0.04459919224178026,
  "usdtBalance": 0,
  "usdcBalance": 0,
  "kenduBalance": 517214787.4674407,
  "ethBalanceInUsd": 100.03197427101135,
  "kenduBalanceInUsd": 21009.264666927444,
  "totalUsdBalance": 100.03197427101135
}