{
  "ethBalance": 13.47560135212183,
  "usdtBalance": 3949.089252,
  "usdcBalance": 8005.206012,
  "kenduBalance": 10805029020.399477,
  "ethBalanceInUsd": 39296.06634690895,
  "kenduBalanceInUsd": 141113.67900641717,
  "totalUsdBalance": 51250.36161090895
}