{
  "ethBalance": 0.0624422229661258,
  "usdtBalance": 0,
  "usdcBalance": 0,
  "kenduBalance": 6384544426.92592,
  "ethBalanceInUsd": 135.32603445664714,
  "kenduBalanceInUsd": 54204.782184601056,
  "totalUsdBalance": 135.32603445664714
}