{
  "ethBalance": 0.5002741579676101,
  "usdtBalance": 0,
  "usdcBalance": null,
  "kenduBalance": 4855925261.348792,
  "ethBalanceInUsd": 1224.4610235583632,
  "kenduBalanceInUsd": 104499.51162422601,
  "totalUsdBalance": null
}