{
  "ethBalance": 0.038589031500035925,
  "usdtBalance": 0,
  "usdcBalance": 0,
  "kenduBalance": 35199894.08324558,
  "ethBalanceInUsd": 97.33041292033562,
  "kenduBalanceInUsd": 1115.4846434980527,
  "totalUsdBalance": 97.33041292033562
}