{
  "ethBalance": 0.3579040556931112,
  "usdtBalance": 0,
  "usdcBalance": 0,
  "kenduBalance": 3646098337.9468102,
  "ethBalanceInUsd": 652.806260462564,
  "kenduBalanceInUsd": 39232.01811630768,
  "totalUsdBalance": 652.806260462564
}