{
  "ethBalance": 0.04272247540230626,
  "usdtBalance": 0,
  "usdcBalance": 0,
  "kenduBalance": 517214787.4674407,
  "ethBalanceInUsd": 115.2208072610039,
  "kenduBalanceInUsd": 29584.68584313761,
  "totalUsdBalance": 115.2208072610039
}