{
  "ethBalance": 0.5002741579676101,
  "usdtBalance": 0,
  "usdcBalance": 100,
  "kenduBalance": 4855925261.348792,
  "ethBalanceInUsd": 1276.374472930662,
  "kenduBalanceInUsd": 128244.9861522216,
  "totalUsdBalance": 1376.374472930662
}