{
  "ethBalance": 0.5002741579676101,
  "usdtBalance": 0,
  "usdcBalance": 100,
  "kenduBalance": 4855925261.348792,
  "ethBalanceInUsd": 1098.9172236163915,
  "kenduBalanceInUsd": 95127.57586982285,
  "totalUsdBalance": 1198.9172236163915
}