{
  "ethBalance": 0.04459919224178026,
  "usdtBalance": 0,
  "usdcBalance": 0,
  "kenduBalance": 517214787.4674407,
  "ethBalanceInUsd": 105.84369501203774,
  "kenduBalanceInUsd": 27453.760918771753,
  "totalUsdBalance": 105.84369501203774
}