{
  "ethBalance": 0.04459919224178026,
  "usdtBalance": 0,
  "usdcBalance": 0,
  "kenduBalance": 517214787.4674407,
  "ethBalanceInUsd": 105.23090211063568,
  "kenduBalanceInUsd": 27495.13810176915,
  "totalUsdBalance": 105.23090211063568
}