{
  "ethBalance": 0.3196945281829498,
  "usdtBalance": 0,
  "usdcBalance": 884.463046,
  "kenduBalance": 5523916791.338456,
  "ethBalanceInUsd": 600.3319758577886,
  "kenduBalanceInUsd": 39606.48339389673,
  "totalUsdBalance": 1484.7950218577885
}