{
  "ethBalance": 0.038589031500035925,
  "usdtBalance": 0,
  "usdcBalance": 0,
  "kenduBalance": 35199894.08324558,
  "ethBalanceInUsd": 117.33072205648924,
  "kenduBalanceInUsd": 727.9338096415186,
  "totalUsdBalance": 117.33072205648924
}