{
  "ethBalance": 0.7404211583199757,
  "usdtBalance": 0,
  "usdcBalance": null,
  "kenduBalance": 4745282940.56362,
  "ethBalanceInUsd": 3385.0278347609324,
  "kenduBalanceInUsd": 80574.90433077027,
  "totalUsdBalance": null
}