{
  "ethBalance": 0.5002741579676101,
  "usdtBalance": 0,
  "usdcBalance": 100,
  "kenduBalance": 4855925261.348792,
  "ethBalanceInUsd": 1255.943276319265,
  "kenduBalanceInUsd": 113531.53261033476,
  "totalUsdBalance": 1355.943276319265
}