{
  "ethBalance": 0.038589031500035925,
  "usdtBalance": 0,
  "usdcBalance": 0,
  "kenduBalance": 35199894.08324558,
  "ethBalanceInUsd": 151.3326753821159,
  "kenduBalanceInUsd": 1136.9565788888324,
  "totalUsdBalance": 151.3326753821159
}