{
  "ethBalance": 4.466168341671865,
  "usdtBalance": 0,
  "usdcBalance": 0,
  "kenduBalance": 8305029020.399477,
  "ethBalanceInUsd": 12299.514981180399,
  "kenduBalanceInUsd": 122250.0271802803,
  "totalUsdBalance": 12299.514981180399
}