{
  "ethBalance": 0.038589031500035925,
  "usdtBalance": 0,
  "usdcBalance": 0,
  "kenduBalance": 35199894.08324558,
  "ethBalanceInUsd": 93.78408092548231,
  "kenduBalanceInUsd": 1968.378077135093,
  "totalUsdBalance": 93.78408092548231
}