{
  "ethBalance": 0.35798968333076975,
  "usdtBalance": 0,
  "usdcBalance": 4004.403285,
  "kenduBalance": 3705282011.416198,
  "ethBalanceInUsd": 548.3363778545734,
  "kenduBalanceInUsd": 40572.83802500737,
  "totalUsdBalance": 4552.739662854573
}