{
  "ethBalance": 0.04459919224178026,
  "usdtBalance": 0,
  "usdcBalance": 0,
  "kenduBalance": 517214787.4674407,
  "ethBalanceInUsd": 108.13297154980833,
  "kenduBalanceInUsd": 27831.327713622984,
  "totalUsdBalance": 108.13297154980833
}