{
  "ethBalance": 0.04272247540230626,
  "usdtBalance": 0,
  "usdcBalance": 0,
  "kenduBalance": 517214787.4674407,
  "ethBalanceInUsd": 104.97424876051475,
  "kenduBalanceInUsd": 22333.334522844092,
  "totalUsdBalance": 104.97424876051475
}