{
  "ethBalance": 0.3579040556931112,
  "usdtBalance": 0,
  "usdcBalance": 0,
  "kenduBalance": 3646098337.9468102,
  "ethBalanceInUsd": 657.5341730382701,
  "kenduBalanceInUsd": 41747.82596949098,
  "totalUsdBalance": 657.5341730382701
}