{
  "ethBalance": 0.038589031500035925,
  "usdtBalance": 0,
  "usdcBalance": 0,
  "kenduBalance": 35199894.08324558,
  "ethBalanceInUsd": 112.17831457060443,
  "kenduBalanceInUsd": 1960.9860993776115,
  "totalUsdBalance": 112.17831457060443
}