{
  "ethBalance": 0.038589031500035925,
  "usdtBalance": 0,
  "usdcBalance": 0,
  "kenduBalance": 35199894.08324558,
  "ethBalanceInUsd": 129.91499111896596,
  "kenduBalanceInUsd": 768.7656867780836,
  "totalUsdBalance": 129.91499111896596
}