{
  "ethBalance": 0.04459919224178026,
  "usdtBalance": 0,
  "usdcBalance": 0,
  "kenduBalance": 517214787.4674407,
  "ethBalanceInUsd": 115.00303112273217,
  "kenduBalanceInUsd": 34891.30956255355,
  "totalUsdBalance": 115.00303112273217
}