{
  "ethBalance": 0.35769432885289126,
  "usdtBalance": 0,
  "usdcBalance": 0,
  "kenduBalance": 4514955040.756332,
  "ethBalanceInUsd": 911.3622265977046,
  "kenduBalanceInUsd": 81133.74208239128,
  "totalUsdBalance": 911.3622265977046
}