{
  "ethBalance": 0.5002741579676101,
  "usdtBalance": 0,
  "usdcBalance": 100,
  "kenduBalance": 4855925261.348792,
  "ethBalanceInUsd": 1246.9033222847902,
  "kenduBalanceInUsd": 106733.23724444644,
  "totalUsdBalance": 1346.9033222847902
}