{
  "ethBalance": 0.038589031500035925,
  "usdtBalance": 0,
  "usdcBalance": 0,
  "kenduBalance": 35199894.08324558,
  "ethBalanceInUsd": 119.20036063266596,
  "kenduBalanceInUsd": 955.3251254192852,
  "totalUsdBalance": 119.20036063266596
}