{
  "ethBalance": 0.357215510728175,
  "usdtBalance": 0,
  "usdcBalance": 0,
  "kenduBalance": 4299933763.203477,
  "ethBalanceInUsd": 908.8419910150518,
  "kenduBalanceInUsd": 96920.50702260637,
  "totalUsdBalance": 908.8419910150518
}