{
  "ethBalance": 0.17126601123049806,
  "usdtBalance": 0,
  "usdcBalance": null,
  "kenduBalance": 4482236645.828448,
  "ethBalanceInUsd": 808.488608575363,
  "kenduBalanceInUsd": 59837.859221809784,
  "totalUsdBalance": null
}