{
  "ethBalance": 0.038589031500035925,
  "usdtBalance": 0,
  "usdcBalance": 0,
  "kenduBalance": 35199894.08324558,
  "ethBalanceInUsd": 96.90516179320522,
  "kenduBalanceInUsd": 1057.0528193198647,
  "totalUsdBalance": 96.90516179320522
}