{
  "ethBalance": 0.3119048631851912,
  "usdtBalance": 0,
  "usdcBalance": 0.463046,
  "kenduBalance": 4175387837.757599,
  "ethBalanceInUsd": 646.8189481275539,
  "kenduBalanceInUsd": 74029.62636344224,
  "totalUsdBalance": 647.2819941275538
}