{
  "ethBalance": 0.038589031500035925,
  "usdtBalance": 0,
  "usdcBalance": 0,
  "kenduBalance": 35199894.08324558,
  "ethBalanceInUsd": 132.70382042547354,
  "kenduBalanceInUsd": 1224.6043151561137,
  "totalUsdBalance": 132.70382042547354
}