{
  "ethBalance": 0.03983369884579122,
  "usdtBalance": 0,
  "usdcBalance": 0,
  "kenduBalance": 1091213805.8365645,
  "ethBalanceInUsd": 104.20097281070527,
  "kenduBalanceInUsd": 45601.82494591003,
  "totalUsdBalance": 104.20097281070527
}