{
  "ethBalance": 9.40272155275617,
  "usdtBalance": 3949.089252,
  "usdcBalance": 8005.206012,
  "kenduBalance": 11652025441.98484,
  "ethBalanceInUsd": 29591.68110754105,
  "kenduBalanceInUsd": 246906.41911565876,
  "totalUsdBalance": 41545.97637154105
}