{
  "ethBalance": 0.5002741579676101,
  "usdtBalance": 0,
  "usdcBalance": 100,
  "kenduBalance": 4855925261.348792,
  "ethBalanceInUsd": 1215.8613107828999,
  "kenduBalanceInUsd": 103334.08956150229,
  "totalUsdBalance": 1315.8613107828999
}