{
  "ethBalance": 0.5002741579676101,
  "usdtBalance": 0,
  "usdcBalance": 100,
  "kenduBalance": 4855925261.348792,
  "ethBalanceInUsd": 1308.807246591702,
  "kenduBalanceInUsd": 133246.58917141086,
  "totalUsdBalance": 1408.807246591702
}