{
  "ethBalance": 0.04272247540230626,
  "usdtBalance": 0,
  "usdcBalance": 0,
  "kenduBalance": 517214787.4674407,
  "ethBalanceInUsd": 104.41842935553076,
  "kenduBalanceInUsd": 22017.833502488953,
  "totalUsdBalance": 104.41842935553076
}