{
  "ethBalance": 0.038589031500035925,
  "usdtBalance": 0,
  "usdcBalance": 0,
  "kenduBalance": 35199894.08324558,
  "ethBalanceInUsd": 124.49979232856592,
  "kenduBalanceInUsd": 1859.6104044178642,
  "totalUsdBalance": 124.49979232856592
}