{
  "ethBalance": 0.04272247540230626,
  "usdtBalance": 0,
  "usdcBalance": 0,
  "kenduBalance": 517214787.4674407,
  "ethBalanceInUsd": 113.28077965298517,
  "kenduBalanceInUsd": 28027.869332860613,
  "totalUsdBalance": 113.28077965298517
}