{
  "ethBalance": 0.10788809429719365,
  "usdtBalance": 3946.421819,
  "usdcBalance": 0,
  "kenduBalance": 13268928669.075045,
  "ethBalanceInUsd": 355.99942363339284,
  "kenduBalanceInUsd": 324956.06310564786,
  "totalUsdBalance": 4302.421242633393
}