{
  "ethBalance": 0.3579488855246269,
  "usdtBalance": 0,
  "usdcBalance": 0,
  "kenduBalance": 3705282011.416198,
  "ethBalanceInUsd": 566.919444893904,
  "kenduBalanceInUsd": 38238.51035781516,
  "totalUsdBalance": 566.919444893904
}