{
  "ethBalance": 0.5002741579676101,
  "usdtBalance": 0,
  "usdcBalance": 100,
  "kenduBalance": 4855925261.348792,
  "ethBalanceInUsd": 1272.512356431152,
  "kenduBalanceInUsd": 127370.91960517882,
  "totalUsdBalance": 1372.512356431152
}