{
  "ethBalance": 0.04272247540230626,
  "usdtBalance": 0,
  "usdcBalance": 0,
  "kenduBalance": 517214787.4674407,
  "ethBalanceInUsd": 112.57115933655287,
  "kenduBalanceInUsd": 30412.229503085513,
  "totalUsdBalance": 112.57115933655287
}