{
  "ethBalance": 0.5002741579676101,
  "usdtBalance": 0,
  "usdcBalance": 100,
  "kenduBalance": 4855925261.348792,
  "ethBalanceInUsd": 1205.5706713535062,
  "kenduBalanceInUsd": 103868.24134025066,
  "totalUsdBalance": 1305.5706713535062
}