{
  "ethBalance": 0.3196155371451788,
  "usdtBalance": 0,
  "usdcBalance": 884.463046,
  "kenduBalance": 5453954448.539579,
  "ethBalanceInUsd": 609.7305602118577,
  "kenduBalanceInUsd": 36977.81116109835,
  "totalUsdBalance": 1494.1936062118575
}