{
  "ethBalance": 0.04272247540230626,
  "usdtBalance": 0,
  "usdcBalance": 0,
  "kenduBalance": 517214787.4674407,
  "ethBalanceInUsd": 101.59660985520843,
  "kenduBalanceInUsd": 22260.92445259865,
  "totalUsdBalance": 101.59660985520843
}