{
  "ethBalance": 0.038589031500035925,
  "usdtBalance": 0,
  "usdcBalance": 0,
  "kenduBalance": 35199894.08324558,
  "ethBalanceInUsd": 131.82939297168272,
  "kenduBalanceInUsd": 933.1491921468404,
  "totalUsdBalance": 131.82939297168272
}