{
  "ethBalance": 0.04272247540230626,
  "usdtBalance": 0,
  "usdcBalance": 0,
  "kenduBalance": 517214787.4674407,
  "ethBalanceInUsd": 114.62867375192792,
  "kenduBalanceInUsd": 28115.795846730078,
  "totalUsdBalance": 114.62867375192792
}