{
  "ethBalance": 0.038589031500035925,
  "usdtBalance": 0,
  "usdcBalance": 0,
  "kenduBalance": 35199894.08324558,
  "ethBalanceInUsd": 128.73995510978983,
  "kenduBalanceInUsd": 916.9572408685474,
  "totalUsdBalance": 128.73995510978983
}