{
  "ethBalance": 0.045462183917402754,
  "usdtBalance": 0,
  "usdcBalance": 0,
  "kenduBalance": 307214787.46744066,
  "ethBalanceInUsd": 115.90038243534823,
  "kenduBalanceInUsd": 26174.699892225944,
  "totalUsdBalance": 115.90038243534823
}