{
  "ethBalance": 0.5002528644753425,
  "usdtBalance": 0,
  "usdcBalance": null,
  "kenduBalance": 4845166789.051858,
  "ethBalanceInUsd": 1531.4941294193925,
  "kenduBalanceInUsd": 104607.15097562961,
  "totalUsdBalance": null
}