{
  "ethBalance": 0.038589031500035925,
  "usdtBalance": 0,
  "usdcBalance": 0,
  "kenduBalance": 35199894.08324558,
  "ethBalanceInUsd": 130.75198721220173,
  "kenduBalanceInUsd": 309.05507005089623,
  "totalUsdBalance": 130.75198721220173
}