{
  "ethBalance": 0.3579488855246269,
  "usdtBalance": 0,
  "usdcBalance": 0,
  "kenduBalance": 3705282011.416198,
  "ethBalanceInUsd": 569.3964511817345,
  "kenduBalanceInUsd": 42870.1128720854,
  "totalUsdBalance": 569.3964511817345
}