{
  "ethBalance": 8.051792938400936,
  "usdtBalance": 22356.072978,
  "usdcBalance": 88.007775,
  "kenduBalance": 947823769.8171208,
  "ethBalanceInUsd": 18884.192050149253,
  "kenduBalanceInUsd": 89787.34571477585,
  "totalUsdBalance": 41328.27280314925
}