{
  "ethBalance": 0.04459919224178026,
  "usdtBalance": 0,
  "usdcBalance": 0,
  "kenduBalance": 517214787.4674407,
  "ethBalanceInUsd": 106.5867175547858,
  "kenduBalanceInUsd": 26579.667927951778,
  "totalUsdBalance": 106.5867175547858
}