{
  "ethBalance": 0.0660488809860724,
  "usdtBalance": 0,
  "usdcBalance": 0,
  "kenduBalance": 7622102282.100412,
  "ethBalanceInUsd": 180.36562370795664,
  "kenduBalanceInUsd": 70885.55122353384,
  "totalUsdBalance": 180.36562370795664
}