{
  "ethBalance": 0.038589031500035925,
  "usdtBalance": 0,
  "usdcBalance": 0,
  "kenduBalance": 35199894.08324558,
  "ethBalanceInUsd": 126.69512233060296,
  "kenduBalanceInUsd": 742.7177651564818,
  "totalUsdBalance": 126.69512233060296
}