{
  "ethBalance": 0.038589031500035925,
  "usdtBalance": 0,
  "usdcBalance": 0,
  "kenduBalance": 35199894.08324558,
  "ethBalanceInUsd": 126.07769782660237,
  "kenduBalanceInUsd": 788.8296264055335,
  "totalUsdBalance": 126.07769782660237
}