{
  "ethBalance": 0.038589031500035925,
  "usdtBalance": 0,
  "usdcBalance": 0,
  "kenduBalance": 35199894.08324558,
  "ethBalanceInUsd": 148.51143128914825,
  "kenduBalanceInUsd": 1242.556261138569,
  "totalUsdBalance": 148.51143128914825
}