{
  "ethBalance": 0.038589031500035925,
  "usdtBalance": 0,
  "usdcBalance": 0,
  "kenduBalance": 35199894.08324558,
  "ethBalanceInUsd": 132.50007033915335,
  "kenduBalanceInUsd": 732.8617948131731,
  "totalUsdBalance": 132.50007033915335
}