{
  "ethBalance": 0.038589031500035925,
  "usdtBalance": 0,
  "usdcBalance": 0,
  "kenduBalance": 35199894.08324558,
  "ethBalanceInUsd": 96.82219537548013,
  "kenduBalanceInUsd": 1069.7247811898333,
  "totalUsdBalance": 96.82219537548013
}