{
  "ethBalance": 0.04459919224178026,
  "usdtBalance": 0,
  "usdcBalance": 0,
  "kenduBalance": 517214787.4674407,
  "ethBalanceInUsd": 108.67663570323562,
  "kenduBalanceInUsd": 29605.37443463631,
  "totalUsdBalance": 108.67663570323562
}