{
  "ethBalance": 0.038589031500035925,
  "usdtBalance": 0,
  "usdcBalance": 0,
  "kenduBalance": 35199894.08324558,
  "ethBalanceInUsd": 139.17790224023457,
  "kenduBalanceInUsd": 1011.9969548933105,
  "totalUsdBalance": 139.17790224023457
}