{
  "ethBalance": 0.045462183917402754,
  "usdtBalance": 0,
  "usdcBalance": 0,
  "kenduBalance": 307214787.46744066,
  "ethBalanceInUsd": 124.58593267276802,
  "kenduBalanceInUsd": 24604.832328267323,
  "totalUsdBalance": 124.58593267276802
}