{
  "ethBalance": 0.04459919224178026,
  "usdtBalance": 0,
  "usdcBalance": 0,
  "kenduBalance": 517214787.4674407,
  "ethBalanceInUsd": 112.6593435704266,
  "kenduBalanceInUsd": 32129.382597477415,
  "totalUsdBalance": 112.6593435704266
}