{
  "ethBalance": 0.35769432885289126,
  "usdtBalance": 0,
  "usdcBalance": 0,
  "kenduBalance": 4514955040.756332,
  "ethBalanceInUsd": 890.8842262708766,
  "kenduBalanceInUsd": 77612.07715060136,
  "totalUsdBalance": 890.8842262708766
}