{
  "ethBalance": 0.5002741579676101,
  "usdtBalance": 0,
  "usdcBalance": 100,
  "kenduBalance": 4855925261.348792,
  "ethBalanceInUsd": 1314.2102074977524,
  "kenduBalanceInUsd": 126982.4455842709,
  "totalUsdBalance": 1414.2102074977524
}