{
  "ethBalance": 0.038589031500035925,
  "usdtBalance": 0,
  "usdcBalance": 0,
  "kenduBalance": 35199894.08324558,
  "ethBalanceInUsd": 97.19110651662048,
  "kenduBalanceInUsd": 1069.7247811898333,
  "totalUsdBalance": 97.19110651662048
}