{
  "ethBalance": 0.5002347289702855,
  "usdtBalance": 0,
  "usdcBalance": null,
  "kenduBalance": 4809031095.836518,
  "ethBalanceInUsd": 1888.6162098381542,
  "kenduBalanceInUsd": 98488.9568427319,
  "totalUsdBalance": null
}