{
  "ethBalance": 0.038589031500035925,
  "usdtBalance": 0,
  "usdcBalance": 0,
  "kenduBalance": 35199894.08324558,
  "ethBalanceInUsd": 132.16048686195305,
  "kenduBalanceInUsd": 632.5420966759231,
  "totalUsdBalance": 132.16048686195305
}