{
  "ethBalance": 0.04272247540230626,
  "usdtBalance": 0,
  "usdcBalance": 0,
  "kenduBalance": 517214787.4674407,
  "ethBalanceInUsd": 109.8061607285156,
  "kenduBalanceInUsd": 29305.389857905193,
  "totalUsdBalance": 109.8061607285156
}