{
  "ethBalance": 0.0624422229661258,
  "usdtBalance": 0,
  "usdcBalance": 0,
  "kenduBalance": 6379544426.92592,
  "ethBalanceInUsd": 148.83166286199054,
  "kenduBalanceInUsd": 67304.19370406846,
  "totalUsdBalance": 148.83166286199054
}