{
  "ethBalance": 0.038589031500035925,
  "usdtBalance": 0,
  "usdcBalance": 0,
  "kenduBalance": 35199894.08324558,
  "ethBalanceInUsd": 97.14750091102543,
  "kenduBalanceInUsd": 1086.2687314089587,
  "totalUsdBalance": 97.14750091102543
}