{
  "ethBalance": 0.038589031500035925,
  "usdtBalance": 0,
  "usdcBalance": 0,
  "kenduBalance": 35199894.08324558,
  "ethBalanceInUsd": 150.57440091314018,
  "kenduBalanceInUsd": 1282.6841403934689,
  "totalUsdBalance": 150.57440091314018
}