{
  "ethBalance": 0.7135340112304981,
  "usdtBalance": 0,
  "usdcBalance": null,
  "kenduBalance": 4482236645.828448,
  "ethBalanceInUsd": 3071.6640235857217,
  "kenduBalanceInUsd": 49259.78073765465,
  "totalUsdBalance": null
}