{
  "ethBalance": 0.03983369884579122,
  "usdtBalance": 0,
  "usdcBalance": 0,
  "kenduBalance": 1091213805.8365645,
  "ethBalanceInUsd": 105.00202849449413,
  "kenduBalanceInUsd": 46562.09309504621,
  "totalUsdBalance": 105.00202849449413
}