{
  "ethBalance": 0.3117728554842481,
  "usdtBalance": 0,
  "usdcBalance": 0.463046,
  "kenduBalance": 4113980899.4295063,
  "ethBalanceInUsd": 573.4936967490551,
  "kenduBalanceInUsd": 45418.349129701746,
  "totalUsdBalance": 573.956742749055
}