{
  "ethBalance": 0.04459919224178026,
  "usdtBalance": 0,
  "usdcBalance": 0,
  "kenduBalance": 517214787.4674407,
  "ethBalanceInUsd": 109.81837502462521,
  "kenduBalanceInUsd": 29165.741865288983,
  "totalUsdBalance": 109.81837502462521
}