{
  "ethBalance": 0.04459919224178026,
  "usdtBalance": 0,
  "usdcBalance": 0,
  "kenduBalance": 517214787.4674407,
  "ethBalanceInUsd": 110.0716984365585,
  "kenduBalanceInUsd": 32501.777244453977,
  "totalUsdBalance": 110.0716984365585
}