{
  "ethBalance": 0.3119048631851912,
  "usdtBalance": 0,
  "usdcBalance": 0.463046,
  "kenduBalance": 4175387837.757599,
  "ethBalanceInUsd": 651.0889257045592,
  "kenduBalanceInUsd": 44217.357201852974,
  "totalUsdBalance": 651.5519717045592
}