{
  "ethBalance": 0.3119048631851912,
  "usdtBalance": 0,
  "usdcBalance": 0.463046,
  "kenduBalance": 4175387837.757599,
  "ethBalanceInUsd": 647.4770673888747,
  "kenduBalanceInUsd": 55073.365580022735,
  "totalUsdBalance": 647.9401133888747
}