{
  "ethBalance": 0.5002741579676101,
  "usdtBalance": 0,
  "usdcBalance": 100,
  "kenduBalance": 4855925261.348792,
  "ethBalanceInUsd": 1280.5517621496915,
  "kenduBalanceInUsd": 131935.48935084668,
  "totalUsdBalance": 1380.5517621496915
}