{
  "ethBalance": 0.045462183917402754,
  "usdtBalance": 0,
  "usdcBalance": 0,
  "kenduBalance": 307214787.46744066,
  "ethBalanceInUsd": 120.84575880188329,
  "kenduBalanceInUsd": 30457.27402952207,
  "totalUsdBalance": 120.84575880188329
}