{
  "ethBalance": 4.092998430208601,
  "usdtBalance": 0,
  "usdcBalance": 0,
  "kenduBalance": 8310029020.399478,
  "ethBalanceInUsd": 10801.463787304801,
  "kenduBalanceInUsd": 118584.11412110056,
  "totalUsdBalance": 10801.463787304801
}