{
  "ethBalance": 0.5002741579676101,
  "usdtBalance": 0,
  "usdcBalance": 100,
  "kenduBalance": 4855925261.348792,
  "ethBalanceInUsd": 1249.3846821083096,
  "kenduBalanceInUsd": 128099.30839438114,
  "totalUsdBalance": 1349.3846821083096
}