{
  "ethBalance": 0.3119048631851912,
  "usdtBalance": 0,
  "usdcBalance": 0.463046,
  "kenduBalance": 4175387837.757599,
  "ethBalanceInUsd": 621.6295113767178,
  "kenduBalanceInUsd": 42755.97145863781,
  "totalUsdBalance": 622.0925573767178
}