{
  "ethBalance": 0.038589031500035925,
  "usdtBalance": 0,
  "usdcBalance": 0,
  "kenduBalance": 35199894.08324558,
  "ethBalanceInUsd": 101.61032240400459,
  "kenduBalanceInUsd": 1673.0509657766627,
  "totalUsdBalance": 101.61032240400459
}