{
  "ethBalance": 0.038589031500035925,
  "usdtBalance": 0,
  "usdcBalance": 0,
  "kenduBalance": 35199894.08324558,
  "ethBalanceInUsd": 152.79867268880224,
  "kenduBalanceInUsd": 1306.9720673109084,
  "totalUsdBalance": 152.79867268880224
}