{
  "ethBalance": 0.045462183917402754,
  "usdtBalance": 0,
  "usdcBalance": 0,
  "kenduBalance": 307214787.46744066,
  "ethBalanceInUsd": 126.68946792262625,
  "kenduBalanceInUsd": 27145.498620623057,
  "totalUsdBalance": 126.68946792262625
}