{
  "ethBalance": 0.038589031500035925,
  "usdtBalance": 0,
  "usdcBalance": 0,
  "kenduBalance": 35199894.08324558,
  "ethBalanceInUsd": 119.89303374809163,
  "kenduBalanceInUsd": 1270.0121785235006,
  "totalUsdBalance": 119.89303374809163
}