{
  "ethBalance": 0.04459919224178026,
  "usdtBalance": 0,
  "usdcBalance": 0,
  "kenduBalance": 517214787.4674407,
  "ethBalanceInUsd": 112.12905917467184,
  "kenduBalanceInUsd": 33965.495092986836,
  "totalUsdBalance": 112.12905917467184
}