{
  "ethBalance": 8.056063080971311,
  "usdtBalance": 22313.097842,
  "usdcBalance": 88.007775,
  "kenduBalance": 319823769.8171208,
  "ethBalanceInUsd": 24113.408013963326,
  "kenduBalanceInUsd": 40486.49102114932,
  "totalUsdBalance": 46514.51363096332
}