{
  "ethBalance": 0.038589031500035925,
  "usdtBalance": 0,
  "usdcBalance": 0,
  "kenduBalance": 35199894.08324558,
  "ethBalanceInUsd": 150.11480554797475,
  "kenduBalanceInUsd": 1078.1727557698123,
  "totalUsdBalance": 150.11480554797475
}