{
  "ethBalance": 0.045462183917402754,
  "usdtBalance": 0,
  "usdcBalance": 0,
  "kenduBalance": 307214787.46744066,
  "ethBalanceInUsd": 120.12836553966669,
  "kenduBalanceInUsd": 25403.590775682667,
  "totalUsdBalance": 120.12836553966669
}