{
  "ethBalance": 0.04272247540230626,
  "usdtBalance": 0,
  "usdcBalance": 0,
  "kenduBalance": 517214787.4674407,
  "ethBalanceInUsd": 113.40040258411162,
  "kenduBalanceInUsd": 29196.774752537032,
  "totalUsdBalance": 113.40040258411162
}