{
  "ethBalance": 0.045462183917402754,
  "usdtBalance": 0,
  "usdcBalance": 0,
  "kenduBalance": 307214787.46744066,
  "ethBalanceInUsd": 121.63725542388529,
  "kenduBalanceInUsd": 25683.15623227804,
  "totalUsdBalance": 121.63725542388529
}