{
  "ethBalance": 0.5002741579676101,
  "usdtBalance": 0,
  "usdcBalance": 100,
  "kenduBalance": 4855925261.348792,
  "ethBalanceInUsd": 1246.3430152278665,
  "kenduBalanceInUsd": 114939.7509361259,
  "totalUsdBalance": 1346.3430152278665
}