{
  "ethBalance": 0.9902157498683816,
  "usdtBalance": 0,
  "usdcBalance": null,
  "kenduBalance": 4558502396.376256,
  "ethBalanceInUsd": 4255.640326051845,
  "kenduBalanceInUsd": 60536.91182387668,
  "totalUsdBalance": null
}