{
  "ethBalance": 18.27649738337883,
  "usdtBalance": 0,
  "usdcBalance": 0,
  "kenduBalance": 10805029020.399477,
  "ethBalanceInUsd": 49340.32892601249,
  "kenduBalanceInUsd": 144787.388873353,
  "totalUsdBalance": 49340.32892601249
}