{
  "ethBalance": 0.045462183917402754,
  "usdtBalance": 0,
  "usdcBalance": 0,
  "kenduBalance": 307214787.46744066,
  "ethBalanceInUsd": 120.21337982359223,
  "kenduBalanceInUsd": 27769.14463918196,
  "totalUsdBalance": 120.21337982359223
}