{
  "ethBalance": 0.038589031500035925,
  "usdtBalance": 0,
  "usdcBalance": 0,
  "kenduBalance": 35199894.08324558,
  "ethBalanceInUsd": 126.53922264334281,
  "kenduBalanceInUsd": 694.8459092032679,
  "totalUsdBalance": 126.53922264334281
}