{
  "ethBalance": 0.038589031500035925,
  "usdtBalance": 0,
  "usdcBalance": 0,
  "kenduBalance": 35199894.08324558,
  "ethBalanceInUsd": 127.55488595242375,
  "kenduBalanceInUsd": 742.3657662156494,
  "totalUsdBalance": 127.55488595242375
}