{
  "ethBalance": 0.038589031500035925,
  "usdtBalance": 0,
  "usdcBalance": 0,
  "kenduBalance": 35199894.08324558,
  "ethBalanceInUsd": 133.9525614848147,
  "kenduBalanceInUsd": 1218.9723321027946,
  "totalUsdBalance": 133.9525614848147
}