{
  "ethBalance": 0.04459919224178026,
  "usdtBalance": 0,
  "usdcBalance": 0,
  "kenduBalance": 517214787.4674407,
  "ethBalanceInUsd": 102.69499203976805,
  "kenduBalanceInUsd": 27717.540460380147,
  "totalUsdBalance": 102.69499203976805
}