{
  "ethBalance": 0.04459919224178026,
  "usdtBalance": 0,
  "usdcBalance": 0,
  "kenduBalance": 517214787.4674407,
  "ethBalanceInUsd": 100.42979906580804,
  "kenduBalanceInUsd": 22214.375121726578,
  "totalUsdBalance": 100.42979906580804
}