{
  "ethBalance": 0.04272247540230626,
  "usdtBalance": 0,
  "usdcBalance": 0,
  "kenduBalance": 517214787.4674407,
  "ethBalanceInUsd": 104.28556245702958,
  "kenduBalanceInUsd": 26336.576977842084,
  "totalUsdBalance": 104.28556245702958
}