{
  "ethBalance": 0.5002741579676101,
  "usdtBalance": 0,
  "usdcBalance": 100,
  "kenduBalance": 4855925261.348792,
  "ethBalanceInUsd": 1234.6365999314244,
  "kenduBalanceInUsd": 103334.08956150229,
  "totalUsdBalance": 1334.6365999314244
}