{
  "ethBalance": 0.04459919224178026,
  "usdtBalance": 0,
  "usdcBalance": 0,
  "kenduBalance": 517214787.4674407,
  "ethBalanceInUsd": 112.64997774005583,
  "kenduBalanceInUsd": 34084.45449410434,
  "totalUsdBalance": 112.64997774005583
}