{
  "ethBalance": 0.5002741579676101,
  "usdtBalance": 0,
  "usdcBalance": 100,
  "kenduBalance": 4855925261.348792,
  "ethBalanceInUsd": 1282.2476915452019,
  "kenduBalanceInUsd": 121689.48704940073,
  "totalUsdBalance": 1382.2476915452019
}