{
  "ethBalance": 0.038589031500035925,
  "usdtBalance": 0,
  "usdcBalance": 0,
  "kenduBalance": 35199894.08324558,
  "ethBalanceInUsd": 93.91451185195243,
  "kenduBalanceInUsd": 2021.1779182599614,
  "totalUsdBalance": 93.91451185195243
}