{
  "ethBalance": 0.0660488809860724,
  "usdtBalance": 0,
  "usdcBalance": 0,
  "kenduBalance": 7622102282.100412,
  "ethBalanceInUsd": 175.36704439493067,
  "kenduBalanceInUsd": 67303.16315094664,
  "totalUsdBalance": 175.36704439493067
}