{
  "ethBalance": 0.04272247540230626,
  "usdtBalance": 0,
  "usdcBalance": 0,
  "kenduBalance": 517214787.4674407,
  "ethBalanceInUsd": 111.63510990048833,
  "kenduBalanceInUsd": 28183.033769100846,
  "totalUsdBalance": 111.63510990048833
}