{
  "ethBalance": 0.3196155371451788,
  "usdtBalance": 0,
  "usdcBalance": 884.463046,
  "kenduBalance": 5453954448.539579,
  "ethBalanceInUsd": 605.7066005991998,
  "kenduBalanceInUsd": 38668.53704014562,
  "totalUsdBalance": 1490.1696465991997
}