{
  "ethBalance": 0.038589031500035925,
  "usdtBalance": 0,
  "usdcBalance": 0,
  "kenduBalance": 35199894.08324558,
  "ethBalanceInUsd": 124.5098254767559,
  "kenduBalanceInUsd": 767.7096899555861,
  "totalUsdBalance": 124.5098254767559
}