{
  "ethBalance": 0.038589031500035925,
  "usdtBalance": 0,
  "usdcBalance": 0,
  "kenduBalance": 35199894.08324558,
  "ethBalanceInUsd": 102.12317063264007,
  "kenduBalanceInUsd": 1475.2275610288223,
  "totalUsdBalance": 102.12317063264007
}