{
  "ethBalance": 0.038589031500035925,
  "usdtBalance": 0,
  "usdcBalance": 0,
  "kenduBalance": 35199894.08324558,
  "ethBalanceInUsd": 95.62130471519902,
  "kenduBalanceInUsd": 1704.0268725699186,
  "totalUsdBalance": 95.62130471519902
}