{
  "ethBalance": 0.0624422229661258,
  "usdtBalance": 0,
  "usdcBalance": 0,
  "kenduBalance": 6384544426.92592,
  "ethBalanceInUsd": 127.74554858855949,
  "kenduBalanceInUsd": 47947.92864621366,
  "totalUsdBalance": 127.74554858855949
}