{
  "ethBalance": 0.0624422229661258,
  "usdtBalance": 0,
  "usdcBalance": 0,
  "kenduBalance": 6384544426.92592,
  "ethBalanceInUsd": 114.43286665218146,
  "kenduBalanceInUsd": 43095.674881749954,
  "totalUsdBalance": 114.43286665218146
}