{
  "ethBalance": 0.3579488855246269,
  "usdtBalance": 0,
  "usdcBalance": 0,
  "kenduBalance": 3705282011.416198,
  "ethBalanceInUsd": 631.743988062414,
  "kenduBalanceInUsd": 47761.08512715479,
  "totalUsdBalance": 631.743988062414
}