{
  "ethBalance": 0.04459919224178026,
  "usdtBalance": 0,
  "usdcBalance": 0,
  "kenduBalance": 517214787.4674407,
  "ethBalanceInUsd": 109.16811880174005,
  "kenduBalanceInUsd": 30427.745946709536,
  "totalUsdBalance": 109.16811880174005
}