{
  "ethBalance": 0.038589031500035925,
  "usdtBalance": 0,
  "usdcBalance": 0,
  "kenduBalance": 35199894.08324558,
  "ethBalanceInUsd": 129.63483475027567,
  "kenduBalanceInUsd": 600.5101930601696,
  "totalUsdBalance": 129.63483475027567
}