{
  "ethBalance": 0.038589031500035925,
  "usdtBalance": 0,
  "usdcBalance": 0,
  "kenduBalance": 35199894.08324558,
  "ethBalanceInUsd": 103.10603326494599,
  "kenduBalanceInUsd": 1581.8832401010566,
  "totalUsdBalance": 103.10603326494599
}