{
  "ethBalance": 0.5002741579676101,
  "usdtBalance": 0,
  "usdcBalance": 100,
  "kenduBalance": 4855925261.348792,
  "ethBalanceInUsd": 1281.4672638587724,
  "kenduBalanceInUsd": 126059.81978461464,
  "totalUsdBalance": 1381.4672638587724
}