{
  "ethBalance": 0.5002741579676101,
  "usdtBalance": 0,
  "usdcBalance": 100,
  "kenduBalance": 4855925261.348792,
  "ethBalanceInUsd": 1320.0634151459733,
  "kenduBalanceInUsd": 134703.3667498155,
  "totalUsdBalance": 1420.0634151459733
}