{
  "ethBalance": 0.5002741579676101,
  "usdtBalance": 0,
  "usdcBalance": 100,
  "kenduBalance": 4855925261.348792,
  "ethBalanceInUsd": 1268.0248972341826,
  "kenduBalanceInUsd": 108578.48884375898,
  "totalUsdBalance": 1368.0248972341826
}