{
  "ethBalance": 0.038589031500035925,
  "usdtBalance": 0,
  "usdcBalance": 0,
  "kenduBalance": 35199894.08324558,
  "ethBalanceInUsd": 129.81658908864085,
  "kenduBalanceInUsd": 1218.620333161962,
  "totalUsdBalance": 129.81658908864085
}