{
  "ethBalance": 0.0660488809860724,
  "usdtBalance": 0,
  "usdcBalance": 0,
  "kenduBalance": 7622102282.100412,
  "ethBalanceInUsd": 177.5539228443795,
  "kenduBalanceInUsd": 67150.72110530463,
  "totalUsdBalance": 177.5539228443795
}