{
  "ethBalance": 0.038589031500035925,
  "usdtBalance": 0,
  "usdcBalance": 0,
  "kenduBalance": 35199894.08324558,
  "ethBalanceInUsd": 150.56822666810018,
  "kenduBalanceInUsd": 1271.772173227663,
  "totalUsdBalance": 150.56822666810018
}