{
  "ethBalance": 18.27649738337883,
  "usdtBalance": 0,
  "usdcBalance": 0,
  "kenduBalance": 10805029020.399477,
  "ethBalanceInUsd": 49621.421455768854,
  "kenduBalanceInUsd": 157321.22253701638,
  "totalUsdBalance": 49621.421455768854
}