{
  "ethBalance": 18.27649738337883,
  "usdtBalance": 0,
  "usdcBalance": 0,
  "kenduBalance": 10805029020.399477,
  "ethBalanceInUsd": 51488.000133533336,
  "kenduBalanceInUsd": 135927.26507662542,
  "totalUsdBalance": 51488.000133533336
}