{
  "ethBalance": 0.3579040556931112,
  "usdtBalance": 0,
  "usdcBalance": 0,
  "kenduBalance": 3646098337.9468102,
  "ethBalanceInUsd": 660.1253984014882,
  "kenduBalanceInUsd": 41966.591869767784,
  "totalUsdBalance": 660.1253984014882
}