{
  "ethBalance": 0.3196155371451788,
  "usdtBalance": 0,
  "usdcBalance": 884.463046,
  "kenduBalance": 5453954448.539579,
  "ethBalanceInUsd": 652.7540076669701,
  "kenduBalanceInUsd": 36268.7970827882,
  "totalUsdBalance": 1537.21705366697
}