{
  "ethBalance": 0.35703877941042383,
  "usdtBalance": 0,
  "usdcBalance": 0,
  "kenduBalance": 4855947774.956796,
  "ethBalanceInUsd": 872.0529371587838,
  "kenduBalanceInUsd": 178990.2349849075,
  "totalUsdBalance": 872.0529371587838
}