{
  "ethBalance": 0.5002741579676101,
  "usdtBalance": 0,
  "usdcBalance": 100,
  "kenduBalance": 4855925261.348792,
  "ethBalanceInUsd": 1311.7738723484501,
  "kenduBalanceInUsd": 126836.76782643046,
  "totalUsdBalance": 1411.7738723484501
}