{
  "ethBalance": 0.5002741579676101,
  "usdtBalance": 0,
  "usdcBalance": 100,
  "kenduBalance": 4855925261.348792,
  "ethBalanceInUsd": 1328.9432814498984,
  "kenduBalanceInUsd": 151650.54591192276,
  "totalUsdBalance": 1428.9432814498984
}