{
  "ethBalance": 0.04459919224178026,
  "usdtBalance": 0,
  "usdcBalance": 0,
  "kenduBalance": 517214787.4674407,
  "ethBalanceInUsd": 100.43916489617881,
  "kenduBalanceInUsd": 22328.162374969415,
  "totalUsdBalance": 100.43916489617881
}