{
  "ethBalance": 0.038589031500035925,
  "usdtBalance": 0,
  "usdcBalance": 0,
  "kenduBalance": 35199894.08324558,
  "ethBalanceInUsd": 153.74063094771813,
  "kenduBalanceInUsd": 1779.0026469672318,
  "totalUsdBalance": 153.74063094771813
}