{
  "ethBalance": 0.038589031500035925,
  "usdtBalance": 0,
  "usdcBalance": 0,
  "kenduBalance": 35199894.08324558,
  "ethBalanceInUsd": 96.78476401492512,
  "kenduBalanceInUsd": 1699.4508863390968,
  "totalUsdBalance": 96.78476401492512
}