{
  "ethBalance": 0.04459919224178026,
  "usdtBalance": 0,
  "usdcBalance": 0,
  "kenduBalance": 517214787.4674407,
  "ethBalanceInUsd": 108.430448162061,
  "kenduBalanceInUsd": 27536.515284766545,
  "totalUsdBalance": 108.430448162061
}