{
  "ethBalance": 0.038589031500035925,
  "usdtBalance": 0,
  "usdcBalance": 0,
  "kenduBalance": 35199894.08324558,
  "ethBalanceInUsd": 130.4008270255514,
  "kenduBalanceInUsd": 1038.3968754557447,
  "totalUsdBalance": 130.4008270255514
}