{
  "ethBalance": 0.045462183917402754,
  "usdtBalance": 0,
  "usdcBalance": 0,
  "kenduBalance": 307214787.46744066,
  "ethBalanceInUsd": 122.9306545563354,
  "kenduBalanceInUsd": 29464.970266002234,
  "totalUsdBalance": 122.9306545563354
}