{
  "ethBalance": 0.5002528644753425,
  "usdtBalance": 0,
  "usdcBalance": null,
  "kenduBalance": 4845166789.051858,
  "ethBalanceInUsd": 1881.0708311147616,
  "kenduBalanceInUsd": 113037.74118857984,
  "totalUsdBalance": null
}