{
  "ethBalance": 0.038589031500035925,
  "usdtBalance": 0,
  "usdcBalance": 0,
  "kenduBalance": 35199894.08324558,
  "ethBalanceInUsd": 101.14841169694917,
  "kenduBalanceInUsd": 1312.6040503642278,
  "totalUsdBalance": 101.14841169694917
}