{
  "ethBalance": 13.47560135212183,
  "usdtBalance": 3949.089252,
  "usdcBalance": 8005.206012,
  "kenduBalance": 10805029020.399477,
  "ethBalanceInUsd": 41980.945160305695,
  "kenduBalanceInUsd": 162939.8376276241,
  "totalUsdBalance": 53935.240424305695
}