{
  "ethBalance": 0.04272247540230626,
  "usdtBalance": 0,
  "usdcBalance": 0,
  "kenduBalance": 517214787.4674407,
  "ethBalanceInUsd": 104.39664089307557,
  "kenduBalanceInUsd": 22162.653642979833,
  "totalUsdBalance": 104.39664089307557
}