{
  "ethBalance": 0.04272247540230626,
  "usdtBalance": 0,
  "usdcBalance": 0,
  "kenduBalance": 517214787.4674407,
  "ethBalanceInUsd": 112.24006015218498,
  "kenduBalanceInUsd": 28581.289155450777,
  "totalUsdBalance": 112.24006015218498
}