{
  "ethBalance": 0.35798968333076975,
  "usdtBalance": 0,
  "usdcBalance": 4004.403285,
  "kenduBalance": 3705282011.416198,
  "ethBalanceInUsd": 561.0808105811487,
  "kenduBalanceInUsd": 35089.02064811139,
  "totalUsdBalance": 4565.484095581149
}