{
  "ethBalance": 0.04459919224178026,
  "usdtBalance": 0,
  "usdcBalance": 0,
  "kenduBalance": 517214787.4674407,
  "ethBalanceInUsd": 112.69992883536662,
  "kenduBalanceInUsd": 33877.56857911737,
  "totalUsdBalance": 112.69992883536662
}