{
  "ethBalance": 0.038589031500035925,
  "usdtBalance": 0,
  "usdcBalance": 0,
  "kenduBalance": 35199894.08324558,
  "ethBalanceInUsd": 131.83325187483274,
  "kenduBalanceInUsd": 880.7013499628046,
  "totalUsdBalance": 131.83325187483274
}