{
  "ethBalance": 0.04459919224178026,
  "usdtBalance": 0,
  "usdcBalance": 0,
  "kenduBalance": 517214787.4674407,
  "ethBalanceInUsd": 100.78079470875085,
  "kenduBalanceInUsd": 21252.35561703714,
  "totalUsdBalance": 100.78079470875085
}