{
  "ethBalance": 0.038589031500035925,
  "usdtBalance": 0,
  "usdcBalance": 0,
  "kenduBalance": 35199894.08324558,
  "ethBalanceInUsd": 119.12549791155591,
  "kenduBalanceInUsd": 1275.64416157682,
  "totalUsdBalance": 119.12549791155591
}