{
  "ethBalance": 0.3579040556931112,
  "usdtBalance": 0,
  "usdcBalance": 0,
  "kenduBalance": 3646098337.9468102,
  "ethBalanceInUsd": 658.9944215854979,
  "kenduBalanceInUsd": 38830.94729913353,
  "totalUsdBalance": 658.9944215854979
}