{
  "ethBalance": 0.04459919224178026,
  "usdtBalance": 0,
  "usdcBalance": 0,
  "kenduBalance": 517214787.4674407,
  "ethBalanceInUsd": 101.87302892675206,
  "kenduBalanceInUsd": 27779.606234876243,
  "totalUsdBalance": 101.87302892675206
}