{
  "ethBalance": 1.2384701787309673,
  "usdtBalance": 0,
  "usdcBalance": null,
  "kenduBalance": 4489413951.490725,
  "ethBalanceInUsd": 5480.812621868534,
  "kenduBalanceInUsd": 62178.38322814654,
  "totalUsdBalance": null
}