{
  "ethBalance": 0.038589031500035925,
  "usdtBalance": 0,
  "usdcBalance": 0,
  "kenduBalance": 35199894.08324558,
  "ethBalanceInUsd": 122.54757322497909,
  "kenduBalanceInUsd": 1842.3624563170738,
  "totalUsdBalance": 122.54757322497909
}