{
  "ethBalance": 0.04272247540230626,
  "usdtBalance": 0,
  "usdcBalance": 0,
  "kenduBalance": 517214787.4674407,
  "ethBalanceInUsd": 106.28241095733337,
  "kenduBalanceInUsd": 24117.72553960676,
  "totalUsdBalance": 106.28241095733337
}