{
  "ethBalance": 0.038589031500035925,
  "usdtBalance": 0,
  "usdcBalance": 0,
  "kenduBalance": 35199894.08324558,
  "ethBalanceInUsd": 122.53175172206409,
  "kenduBalanceInUsd": 1472.4115695021626,
  "totalUsdBalance": 122.53175172206409
}