{
  "ethBalance": 0.9903818468589797,
  "usdtBalance": 0,
  "usdcBalance": null,
  "kenduBalance": 4677192821.897994,
  "ethBalanceInUsd": 4685.912477865514,
  "kenduBalanceInUsd": 81944.41823965286,
  "totalUsdBalance": null
}