{
  "ethBalance": 0.038589031500035925,
  "usdtBalance": 0,
  "usdcBalance": 0,
  "kenduBalance": 35199894.08324558,
  "ethBalanceInUsd": 129.4337858961605,
  "kenduBalanceInUsd": 863.4534018620142,
  "totalUsdBalance": 129.4337858961605
}