{
  "ethBalance": 0.0660488809860724,
  "usdtBalance": 0,
  "usdcBalance": 0,
  "kenduBalance": 7622102282.100412,
  "ethBalanceInUsd": 159.8178168331895,
  "kenduBalanceInUsd": 55641.346659333016,
  "totalUsdBalance": 159.8178168331895
}