{
  "ethBalance": 4.092998430208601,
  "usdtBalance": 0,
  "usdcBalance": 0,
  "kenduBalance": 8310029020.399478,
  "ethBalanceInUsd": 10953.968908814371,
  "kenduBalanceInUsd": 122988.42950191228,
  "totalUsdBalance": 10953.968908814371
}