{
  "ethBalance": 0.045462183917402754,
  "usdtBalance": 0,
  "usdcBalance": 0,
  "kenduBalance": 307214787.46744066,
  "ethBalanceInUsd": 125.37015534534322,
  "kenduBalanceInUsd": 25139.386058460666,
  "totalUsdBalance": 125.37015534534322
}