{
  "ethBalance": 0.3117728554842481,
  "usdtBalance": 0,
  "usdcBalance": 0.463046,
  "kenduBalance": 4113980899.4295063,
  "ethBalanceInUsd": 598.4760556590078,
  "kenduBalanceInUsd": 48750.67365823965,
  "totalUsdBalance": 598.9391016590077
}