{
  "ethBalance": 0.3579488855246269,
  "usdtBalance": 0,
  "usdcBalance": 0,
  "kenduBalance": 3705282011.416198,
  "ethBalanceInUsd": 630.029412900751,
  "kenduBalanceInUsd": 47612.873846698145,
  "totalUsdBalance": 630.029412900751
}