{
  "ethBalance": 0.3579488855246269,
  "usdtBalance": 0,
  "usdcBalance": 0,
  "kenduBalance": 3705282011.416198,
  "ethBalanceInUsd": 585.2786432324622,
  "kenduBalanceInUsd": 48242.7717886389,
  "totalUsdBalance": 585.2786432324622
}