{
  "ethBalance": 0.04459919224178026,
  "usdtBalance": 0,
  "usdcBalance": 0,
  "kenduBalance": 517214787.4674407,
  "ethBalanceInUsd": 101.84582341948456,
  "kenduBalanceInUsd": 23522.928534019204,
  "totalUsdBalance": 101.84582341948456
}