{
  "ethBalance": 0.31977204666867826,
  "usdtBalance": 0,
  "usdcBalance": 884.463046,
  "kenduBalance": 5593814937.395827,
  "ethBalanceInUsd": 603.3043272883953,
  "kenduBalanceInUsd": 39939.838653006205,
  "totalUsdBalance": 1487.7673732883952
}