{
  "ethBalance": 0.038589031500035925,
  "usdtBalance": 0,
  "usdcBalance": 0,
  "kenduBalance": 35199894.08324558,
  "ethBalanceInUsd": 139.26164043858967,
  "kenduBalanceInUsd": 1022.5569231182842,
  "totalUsdBalance": 139.26164043858967
}