{
  "ethBalance": 0.5002741579676101,
  "usdtBalance": 0,
  "usdcBalance": 100,
  "kenduBalance": 4855925261.348792,
  "ethBalanceInUsd": 1270.6563393050924,
  "kenduBalanceInUsd": 114891.19168351243,
  "totalUsdBalance": 1370.6563393050924
}