{
  "ethBalance": 0.5002741579676101,
  "usdtBalance": 0,
  "usdcBalance": 100,
  "kenduBalance": 4855925261.348792,
  "ethBalanceInUsd": 1265.3434277474764,
  "kenduBalanceInUsd": 110229.50343261758,
  "totalUsdBalance": 1365.3434277474764
}