{
  "ethBalance": 0.5002741579676101,
  "usdtBalance": 0,
  "usdcBalance": 100,
  "kenduBalance": 4855925261.348792,
  "ethBalanceInUsd": 1321.6692951930495,
  "kenduBalanceInUsd": 123340.50163825932,
  "totalUsdBalance": 1421.6692951930495
}