{
  "ethBalance": 0.30943876692005484,
  "usdtBalance": 0,
  "usdcBalance": 0,
  "kenduBalance": 8110029020.399477,
  "ethBalanceInUsd": 843.0195046586514,
  "kenduBalanceInUsd": 85317.5052946025,
  "totalUsdBalance": 843.0195046586514
}