{
  "ethBalance": 0.3579040556931112,
  "usdtBalance": 0,
  "usdcBalance": 0,
  "kenduBalance": 3646098337.9468102,
  "ethBalanceInUsd": 643.8980285163624,
  "kenduBalanceInUsd": 41456.13810245523,
  "totalUsdBalance": 643.8980285163624
}