{
  "ethBalance": 0.038589031500035925,
  "usdtBalance": 0,
  "usdcBalance": 0,
  "kenduBalance": 35199894.08324558,
  "ethBalanceInUsd": 112.65141609679489,
  "kenduBalanceInUsd": 1951.1301290343029,
  "totalUsdBalance": 112.65141609679489
}