{
  "ethBalance": 0.038589031500035925,
  "usdtBalance": 0,
  "usdcBalance": 0,
  "kenduBalance": 35199894.08324558,
  "ethBalanceInUsd": 123.84802358653029,
  "kenduBalanceInUsd": 1899.3862847319315,
  "totalUsdBalance": 123.84802358653029
}