{
  "ethBalance": 0.038589031500035925,
  "usdtBalance": 0,
  "usdcBalance": 0,
  "kenduBalance": 35199894.08324558,
  "ethBalanceInUsd": 102.00778942845497,
  "kenduBalanceInUsd": 1251.004235718548,
  "totalUsdBalance": 102.00778942845497
}