{
  "ethBalance": 0.04272247540230626,
  "usdtBalance": 0,
  "usdcBalance": 0,
  "kenduBalance": 517214787.4674407,
  "ethBalanceInUsd": 114.13651083529335,
  "kenduBalanceInUsd": 30298.442249842676,
  "totalUsdBalance": 114.13651083529335
}