{
  "ethBalance": 0.3579488855246269,
  "usdtBalance": 0,
  "usdcBalance": 0,
  "kenduBalance": 3705282011.416198,
  "ethBalanceInUsd": 577.876260279813,
  "kenduBalanceInUsd": 49428.462032292075,
  "totalUsdBalance": 577.876260279813
}