{
  "ethBalance": 0.04459919224178026,
  "usdtBalance": 0,
  "usdcBalance": 0,
  "kenduBalance": 517214787.4674407,
  "ethBalanceInUsd": 102.10316075871962,
  "kenduBalanceInUsd": 23890.15103312109,
  "totalUsdBalance": 102.10316075871962
}