{
  "ethBalance": 0.038589031500035925,
  "usdtBalance": 0,
  "usdcBalance": 0,
  "kenduBalance": 35199894.08324558,
  "ethBalanceInUsd": 122.44029571740899,
  "kenduBalanceInUsd": 1471.0035737388328,
  "totalUsdBalance": 122.44029571740899
}