{
  "ethBalance": 0.038589031500035925,
  "usdtBalance": 0,
  "usdcBalance": 0,
  "kenduBalance": 35199894.08324558,
  "ethBalanceInUsd": 119.58007670262633,
  "kenduBalanceInUsd": 1338.6519719858295,
  "totalUsdBalance": 119.58007670262633
}