{
  "ethBalance": 0.3117728554842481,
  "usdtBalance": 0,
  "usdcBalance": 0.463046,
  "kenduBalance": 4113980899.4295063,
  "ethBalanceInUsd": 559.6104514943414,
  "kenduBalanceInUsd": 40440.43224139205,
  "totalUsdBalance": 560.0734974943414
}