{
  "ethBalance": 0.04459919224178026,
  "usdtBalance": 0,
  "usdcBalance": 0,
  "kenduBalance": 517214787.4674407,
  "ethBalanceInUsd": 112.19417399534484,
  "kenduBalanceInUsd": 30919.099994803608,
  "totalUsdBalance": 112.19417399534484
}