{
  "ethBalance": 0.038589031500035925,
  "usdtBalance": 0,
  "usdcBalance": 0,
  "kenduBalance": 35199894.08324558,
  "ethBalanceInUsd": 151.37087852330092,
  "kenduBalanceInUsd": 1566.747285645261,
  "totalUsdBalance": 151.37087852330092
}