{
  "ethBalance": 0.038589031500035925,
  "usdtBalance": 0,
  "usdcBalance": 0,
  "kenduBalance": 35199894.08324558,
  "ethBalanceInUsd": 149.7393342714794,
  "kenduBalanceInUsd": 1222.1403225702866,
  "totalUsdBalance": 149.7393342714794
}