{
  "ethBalance": 8.056063080971311,
  "usdtBalance": 22313.097842,
  "usdcBalance": 88.007775,
  "kenduBalance": 319823769.8171208,
  "ethBalanceInUsd": 24038.808869833534,
  "kenduBalanceInUsd": 39207.19594188084,
  "totalUsdBalance": 46439.914486833535
}