{
  "ethBalance": 0.04459919224178026,
  "usdtBalance": 0,
  "usdcBalance": 0,
  "kenduBalance": 517214787.4674407,
  "ethBalanceInUsd": 102.08665905759018,
  "kenduBalanceInUsd": 23750.50304050488,
  "totalUsdBalance": 102.08665905759018
}