{
  "ethBalance": 0.3119048631851912,
  "usdtBalance": 0,
  "usdcBalance": 0.463046,
  "kenduBalance": 4175387837.757599,
  "ethBalanceInUsd": 645.2063999848864,
  "kenduBalanceInUsd": 48142.22176934512,
  "totalUsdBalance": 645.6694459848864
}