{
  "ethBalance": 0.3579488855246269,
  "usdtBalance": 0,
  "usdcBalance": 0,
  "kenduBalance": 3705282011.416198,
  "ethBalanceInUsd": 643.2520447320308,
  "kenduBalanceInUsd": 45463.810280076745,
  "totalUsdBalance": 643.2520447320308
}