{
  "ethBalance": 0.37198401123049807,
  "usdtBalance": 0,
  "usdcBalance": null,
  "kenduBalance": 4482236645.828448,
  "ethBalanceInUsd": 1676.450102133384,
  "kenduBalanceInUsd": 55355.62257598134,
  "totalUsdBalance": null
}