{
  "ethBalance": 0.5002741579676101,
  "usdtBalance": 0,
  "usdcBalance": 100,
  "kenduBalance": 4855925261.348792,
  "ethBalanceInUsd": 1272.0020767900253,
  "kenduBalanceInUsd": 124117.44968007512,
  "totalUsdBalance": 1372.0020767900253
}