{
  "ethBalance": 0.3579488855246269,
  "usdtBalance": 0,
  "usdcBalance": 0,
  "kenduBalance": 3705282011.416198,
  "ethBalanceInUsd": 586.5887361534823,
  "kenduBalanceInUsd": 38423.774458385975,
  "totalUsdBalance": 586.5887361534823
}