{
  "ethBalance": 7.110675056018341,
  "usdtBalance": 22218.494633,
  "kenduBalance": 512835445.5049916,
  "ethBalanceInUsd": 23580.2784072669,
  "kenduBalanceInUsd": 92966.80956114488,
  "totalUsdBalance": 45798.7730402669
}