{
  "ethBalance": 0.038589031500035925,
  "usdtBalance": 0,
  "usdcBalance": 0,
  "kenduBalance": 35199894.08324558,
  "ethBalanceInUsd": 154.4657188496038,
  "kenduBalanceInUsd": 1327.7400048200234,
  "totalUsdBalance": 154.4657188496038
}