{
  "ethBalance": 0.038589031500035925,
  "usdtBalance": 0,
  "usdcBalance": 0,
  "kenduBalance": 35199894.08324558,
  "ethBalanceInUsd": 132.30172271724317,
  "kenduBalanceInUsd": 320.6710350983672,
  "totalUsdBalance": 132.30172271724317
}