{
  "ethBalance": 0.03983369884579122,
  "usdtBalance": 0,
  "usdcBalance": 0,
  "kenduBalance": 1091213805.8365645,
  "ethBalanceInUsd": 103.91058514611944,
  "kenduBalanceInUsd": 46594.82950922131,
  "totalUsdBalance": 103.91058514611944
}