{
  "ethBalance": 0.04459919224178026,
  "usdtBalance": 0,
  "usdcBalance": 0,
  "kenduBalance": 517214787.4674407,
  "ethBalanceInUsd": 111.58048911009793,
  "kenduBalanceInUsd": 32579.359462574095,
  "totalUsdBalance": 111.58048911009793
}