{
  "ethBalance": 0.038589031500035925,
  "usdtBalance": 0,
  "usdcBalance": 0,
  "kenduBalance": 35199894.08324558,
  "ethBalanceInUsd": 148.9922506216387,
  "kenduBalanceInUsd": 879.2933541994747,
  "totalUsdBalance": 148.9922506216387
}