{
  "ethBalance": 0.0660488809860724,
  "usdtBalance": 0,
  "usdcBalance": 0,
  "kenduBalance": 7622102282.100412,
  "ethBalanceInUsd": 182.4620151904546,
  "kenduBalanceInUsd": 67989.15235633567,
  "totalUsdBalance": 182.4620151904546
}