{
  "ethBalance": 0.038589031500035925,
  "usdtBalance": 0,
  "usdcBalance": 0,
  "kenduBalance": 35199894.08324558,
  "ethBalanceInUsd": 124.66070858992104,
  "kenduBalanceInUsd": 1777.9466501447346,
  "totalUsdBalance": 124.66070858992104
}