{
  "ethBalance": 0.038589031500035925,
  "usdtBalance": 0,
  "usdcBalance": 0,
  "kenduBalance": 35199894.08324558,
  "ethBalanceInUsd": 97.46431685964073,
  "kenduBalanceInUsd": 1141.5325651196542,
  "totalUsdBalance": 97.46431685964073
}