{
  "ethBalance": 18.27649738337883,
  "usdtBalance": 0,
  "usdcBalance": 0,
  "kenduBalance": 10805029020.399477,
  "ethBalanceInUsd": 49400.64136737764,
  "kenduBalanceInUsd": 137439.96913948134,
  "totalUsdBalance": 49400.64136737764
}