{
  "ethBalance": 0.038589031500035925,
  "usdtBalance": 0,
  "usdcBalance": 0,
  "kenduBalance": 35199894.08324558,
  "ethBalanceInUsd": 101.92945369450989,
  "kenduBalanceInUsd": 1413.2757474423101,
  "totalUsdBalance": 101.92945369450989
}