{
  "ethBalance": 3.0028890292473904,
  "usdtBalance": 3946.421819,
  "usdcBalance": 5005.206012,
  "kenduBalance": 12632979609.52522,
  "ethBalanceInUsd": 9626.031043265142,
  "kenduBalanceInUsd": 289168.9032620323,
  "totalUsdBalance": 18577.65887426514
}