{
  "ethBalance": 0.038589031500035925,
  "usdtBalance": 0,
  "usdcBalance": 0,
  "kenduBalance": 35199894.08324558,
  "ethBalanceInUsd": 101.07856554993411,
  "kenduBalanceInUsd": 1852.2184266603826,
  "totalUsdBalance": 101.07856554993411
}