{
  "ethBalance": 0.5002741579676101,
  "usdtBalance": 0,
  "usdcBalance": 100,
  "kenduBalance": 4855925261.348792,
  "ethBalanceInUsd": 1328.7881964609285,
  "kenduBalanceInUsd": 124408.80519575605,
  "totalUsdBalance": 1428.7881964609285
}