{
  "ethBalance": 1.3983253659562933,
  "usdtBalance": 0,
  "usdcBalance": null,
  "kenduBalance": 4482236645.828448,
  "ethBalanceInUsd": 6448.782939463574,
  "kenduBalanceInUsd": 60465.372352225764,
  "totalUsdBalance": null
}