{
  "ethBalance": 0.35769432885289126,
  "usdtBalance": 0,
  "usdcBalance": 0,
  "kenduBalance": 4514955040.756332,
  "ethBalanceInUsd": 951.6564927429829,
  "kenduBalanceInUsd": 92421.12968428212,
  "totalUsdBalance": 951.6564927429829
}