{
  "ethBalance": 0.04459919224178026,
  "usdtBalance": 0,
  "usdcBalance": 0,
  "kenduBalance": 517214787.4674407,
  "ethBalanceInUsd": 105.57788382627675,
  "kenduBalanceInUsd": 27929.5985232418,
  "totalUsdBalance": 105.57788382627675
}