{
  "ethBalance": 0.0660488809860724,
  "usdtBalance": 0,
  "usdcBalance": 0,
  "kenduBalance": 7622102282.100412,
  "ethBalanceInUsd": 177.45088659004125,
  "kenduBalanceInUsd": 66998.27905966263,
  "totalUsdBalance": 177.45088659004125
}