{
  "ethBalance": 0.35779268808449755,
  "usdtBalance": 0,
  "usdcBalance": 0,
  "kenduBalance": 3546950453.60037,
  "ethBalanceInUsd": 646.4598288310701,
  "kenduBalanceInUsd": 37704.083321771934,
  "totalUsdBalance": 646.4598288310701
}