{
  "ethBalance": 0.045462183917402754,
  "usdtBalance": 0,
  "usdcBalance": 0,
  "kenduBalance": 307214787.46744066,
  "ethBalanceInUsd": 117.6952294564073,
  "kenduBalanceInUsd": 21501.96297484617,
  "totalUsdBalance": 117.6952294564073
}