{
  "ethBalance": 0.5002741579676101,
  "usdtBalance": 0,
  "usdcBalance": 100,
  "kenduBalance": 4855925261.348792,
  "ethBalanceInUsd": 1236.8478117096413,
  "kenduBalanceInUsd": 108869.84435943991,
  "totalUsdBalance": 1336.8478117096413
}