{
  "ethBalance": 0.038589031500035925,
  "usdtBalance": 0,
  "usdcBalance": 0,
  "kenduBalance": 35199894.08324558,
  "ethBalanceInUsd": 153.68313329078308,
  "kenduBalanceInUsd": 1789.5626151922054,
  "totalUsdBalance": 153.68313329078308
}