{
  "ethBalance": 0.038589031500035925,
  "usdtBalance": 0,
  "usdcBalance": 0,
  "kenduBalance": 35199894.08324558,
  "ethBalanceInUsd": 124.8123634837162,
  "kenduBalanceInUsd": 681.8219483924669,
  "totalUsdBalance": 124.8123634837162
}