{
  "ethBalance": 0.038589031500035925,
  "usdtBalance": 0,
  "usdcBalance": 0,
  "kenduBalance": 35199894.08324558,
  "ethBalanceInUsd": 130.01802383307106,
  "kenduBalanceInUsd": 1143.644558764649,
  "totalUsdBalance": 130.01802383307106
}