{
  "ethBalance": 0.04459919224178026,
  "usdtBalance": 0,
  "usdcBalance": 0,
  "kenduBalance": 517214787.4674407,
  "ethBalanceInUsd": 100.14436423546064,
  "kenduBalanceInUsd": 19571.407557767954,
  "totalUsdBalance": 100.14436423546064
}