{
  "ethBalance": 0.038589031500035925,
  "usdtBalance": 0,
  "usdcBalance": 0,
  "kenduBalance": 35199894.08324558,
  "ethBalanceInUsd": 95.3727913523388,
  "kenduBalanceInUsd": 1897.6262900277693,
  "totalUsdBalance": 95.3727913523388
}