{
  "ethBalance": 0.045462183917402754,
  "usdtBalance": 0,
  "usdcBalance": 0,
  "kenduBalance": 307214787.46744066,
  "ethBalanceInUsd": 118.27760003238923,
  "kenduBalanceInUsd": 20076.48636099725,
  "totalUsdBalance": 118.27760003238923
}