{
  "ethBalance": 0.3406431199402911,
  "usdtBalance": 0,
  "usdcBalance": 154.403285,
  "kenduBalance": 4113980899.4295063,
  "ethBalanceInUsd": 543.162267607193,
  "kenduBalanceInUsd": 41304.368230272245,
  "totalUsdBalance": 697.565552607193
}