{
  "ethBalance": 0.038589031500035925,
  "usdtBalance": 0,
  "usdcBalance": 0,
  "kenduBalance": 35199894.08324558,
  "ethBalanceInUsd": 151.8964611323314,
  "kenduBalanceInUsd": 1313.3080482458927,
  "totalUsdBalance": 151.8964611323314
}