{
  "ethBalance": 0.3196155371451788,
  "usdtBalance": 0,
  "usdcBalance": 884.463046,
  "kenduBalance": 5453954448.539579,
  "ethBalanceInUsd": 653.12795784543,
  "kenduBalanceInUsd": 35832.480726905036,
  "totalUsdBalance": 1537.59100384543
}