{
  "ethBalance": 0.5002741579676101,
  "usdtBalance": 0,
  "usdcBalance": 100,
  "kenduBalance": 4855925261.348792,
  "ethBalanceInUsd": 1318.8877708747495,
  "kenduBalanceInUsd": 134460.57048674807,
  "totalUsdBalance": 1418.8877708747495
}