{
  "ethBalance": 0.038589031500035925,
  "usdtBalance": 0,
  "usdcBalance": 0,
  "kenduBalance": 35199894.08324558,
  "ethBalanceInUsd": 130.99471222033696,
  "kenduBalanceInUsd": 1168.284484622921,
  "totalUsdBalance": 130.99471222033696
}