{
  "ethBalance": 0.04272247540230626,
  "usdtBalance": 0,
  "usdcBalance": 0,
  "kenduBalance": 517214787.4674407,
  "ethBalanceInUsd": 108.03232354981184,
  "kenduBalanceInUsd": 27081.366271795196,
  "totalUsdBalance": 108.03232354981184
}