{
  "ethBalance": 0.045462183917402754,
  "usdtBalance": 0,
  "usdcBalance": 0,
  "kenduBalance": 307214787.46744066,
  "ethBalanceInUsd": 117.74341937135975,
  "kenduBalanceInUsd": 27197.72513449252,
  "totalUsdBalance": 117.74341937135975
}