{
  "ethBalance": 2.1906193756119956,
  "usdtBalance": 3946.421819,
  "usdcBalance": 5005.206012,
  "kenduBalance": 12833311202.734232,
  "ethBalanceInUsd": 6998.875561724033,
  "kenduBalanceInUsd": 290546.16562990303,
  "totalUsdBalance": 15950.503392724033
}