{
  "ethBalance": 0.038589031500035925,
  "usdtBalance": 0,
  "usdcBalance": 0,
  "kenduBalance": 35199894.08324558,
  "ethBalanceInUsd": 118.93641165720572,
  "kenduBalanceInUsd": 727.2298117598536,
  "totalUsdBalance": 118.93641165720572
}