{
  "ethBalance": 0.038589031500035925,
  "usdtBalance": 0,
  "usdcBalance": 0,
  "kenduBalance": 35199894.08324558,
  "ethBalanceInUsd": 130.11333874087612,
  "kenduBalanceInUsd": 1165.8204920370938,
  "totalUsdBalance": 130.11333874087612
}