{
  "ethBalance": 0.9901811623811279,
  "usdtBalance": 0,
  "usdcBalance": null,
  "kenduBalance": 4558502396.376256,
  "ethBalanceInUsd": 4320.566385745437,
  "kenduBalanceInUsd": 65095.41422025294,
  "totalUsdBalance": null
}