{
  "ethBalance": 0.04272247540230626,
  "usdtBalance": 0,
  "usdcBalance": 0,
  "kenduBalance": 517214787.4674407,
  "ethBalanceInUsd": 113.08083846810237,
  "kenduBalanceInUsd": 29941.564046490144,
  "totalUsdBalance": 113.08083846810237
}