{
  "ethBalance": 0.04459919224178026,
  "usdtBalance": 0,
  "usdcBalance": 0,
  "kenduBalance": 517214787.4674407,
  "ethBalanceInUsd": 105.96099088763363,
  "kenduBalanceInUsd": 22328.162374969415,
  "totalUsdBalance": 105.96099088763363
}