{
  "ethBalance": 0.35703877941042383,
  "usdtBalance": 0,
  "usdcBalance": 0,
  "kenduBalance": 4855947774.956796,
  "ethBalanceInUsd": 900.1590298739723,
  "kenduBalanceInUsd": 188459.33314607324,
  "totalUsdBalance": 900.1590298739723
}