{
  "ethBalance": 0.3196155371451788,
  "usdtBalance": 0,
  "usdcBalance": 884.463046,
  "kenduBalance": 5453954448.539579,
  "ethBalanceInUsd": 607.2950898188113,
  "kenduBalanceInUsd": 34796.22938168252,
  "totalUsdBalance": 1491.7581358188113
}