{
  "ethBalance": 0.04272247540230626,
  "usdtBalance": 0,
  "usdcBalance": 0,
  "kenduBalance": 517214787.4674407,
  "ethBalanceInUsd": 114.35225933607501,
  "kenduBalanceInUsd": 29398.48851964933,
  "totalUsdBalance": 114.35225933607501
}