{
  "ethBalance": 0.038589031500035925,
  "usdtBalance": 0,
  "usdcBalance": 0,
  "kenduBalance": 35199894.08324558,
  "ethBalanceInUsd": 101.15304238072918,
  "kenduBalanceInUsd": 1875.0983578144924,
  "totalUsdBalance": 101.15304238072918
}