{
  "ethBalance": 0.038589031500035925,
  "usdtBalance": 0,
  "usdcBalance": 0,
  "kenduBalance": 35199894.08324558,
  "ethBalanceInUsd": 130.96885756923194,
  "kenduBalanceInUsd": 1060.924807669022,
  "totalUsdBalance": 130.96885756923194
}