{
  "ethBalance": 0.04272247540230626,
  "usdtBalance": 0,
  "usdcBalance": 0,
  "kenduBalance": 517214787.4674407,
  "ethBalanceInUsd": 110.25602839450188,
  "kenduBalanceInUsd": 25095.261487920227,
  "totalUsdBalance": 110.25602839450188
}