{
  "ethBalance": 0.3117728554842481,
  "usdtBalance": 0,
  "usdcBalance": 0.463046,
  "kenduBalance": 4113980899.4295063,
  "ethBalanceInUsd": 567.2052382539378,
  "kenduBalanceInUsd": 49655.74945611414,
  "totalUsdBalance": 567.6682842539377
}