{
  "ethBalance": 0.03983369884579122,
  "usdtBalance": 0,
  "usdcBalance": 0,
  "kenduBalance": 1091213805.8365645,
  "ethBalanceInUsd": 104.50649728085249,
  "kenduBalanceInUsd": 46398.411024170724,
  "totalUsdBalance": 104.50649728085249
}