{
  "ethBalance": 0.045462183917402754,
  "usdtBalance": 0,
  "usdcBalance": 0,
  "kenduBalance": 307214787.46744066,
  "ethBalanceInUsd": 122.60332683213011,
  "kenduBalanceInUsd": 23179.355714418398,
  "totalUsdBalance": 122.60332683213011
}