{
  "ethBalance": 7.7918615802177955,
  "usdtBalance": 3949.089252,
  "usdcBalance": 8005.206012,
  "kenduBalance": 11854934343.855413,
  "ethBalanceInUsd": 24377.46230263779,
  "kenduBalanceInUsd": 268514.26288832515,
  "totalUsdBalance": 36331.75756663779
}