{
  "ethBalance": 0.5002741579676101,
  "usdtBalance": 0,
  "usdcBalance": 100,
  "kenduBalance": 4855925261.348792,
  "ethBalanceInUsd": 1257.1989644557634,
  "kenduBalanceInUsd": 110375.18119045805,
  "totalUsdBalance": 1357.1989644557634
}