{
  "ethBalance": 0.038589031500035925,
  "usdtBalance": 0,
  "usdcBalance": 0,
  "kenduBalance": 35199894.08324558,
  "ethBalanceInUsd": 139.92768712228028,
  "kenduBalanceInUsd": 887.0373308977887,
  "totalUsdBalance": 139.92768712228028
}