{
  "ethBalance": 0.04459919224178026,
  "usdtBalance": 0,
  "usdcBalance": 0,
  "kenduBalance": 517214787.4674407,
  "ethBalanceInUsd": 104.59357965350064,
  "kenduBalanceInUsd": 30024.318412484936,
  "totalUsdBalance": 104.59357965350064
}