{
  "ethBalance": 0.038589031500035925,
  "usdtBalance": 0,
  "usdcBalance": 0,
  "kenduBalance": 35199894.08324558,
  "ethBalanceInUsd": 113.19629322157539,
  "kenduBalanceInUsd": 1878.2663482819842,
  "totalUsdBalance": 113.19629322157539
}