{
  "ethBalance": 0.5002741579676101,
  "usdtBalance": 0,
  "usdcBalance": 100,
  "kenduBalance": 4855925261.348792,
  "ethBalanceInUsd": 1341.5952149048992,
  "kenduBalanceInUsd": 144123.86175683216,
  "totalUsdBalance": 1441.5952149048992
}