{
  "ethBalance": 0.038589031500035925,
  "usdtBalance": 0,
  "usdcBalance": 0,
  "kenduBalance": 35199894.08324558,
  "ethBalanceInUsd": 142.37230226780753,
  "kenduBalanceInUsd": 969.7570819934158,
  "totalUsdBalance": 142.37230226780753
}