{
  "ethBalance": 0.038589031500035925,
  "usdtBalance": 0,
  "usdcBalance": 0,
  "kenduBalance": 35199894.08324558,
  "ethBalanceInUsd": 103.2167837853511,
  "kenduBalanceInUsd": 1534.7153820295075,
  "totalUsdBalance": 103.2167837853511
}