{
  "ethBalance": 0.7404211583199757,
  "usdtBalance": 0,
  "usdcBalance": 100,
  "kenduBalance": null,
  "ethBalanceInUsd": 3467.273817027115,
  "kenduBalanceInUsd": null,
  "totalUsdBalance": 3567.273817027115
}