{
  "ethBalance": 0.35769432885289126,
  "usdtBalance": 0,
  "usdcBalance": 0,
  "kenduBalance": 4514955040.756332,
  "ethBalanceInUsd": 910.3392208171853,
  "kenduBalanceInUsd": 76979.98344489548,
  "totalUsdBalance": 910.3392208171853
}