{
  "ethBalance": 0.5002741579676101,
  "usdtBalance": 0,
  "usdcBalance": 100,
  "kenduBalance": 4855925261.348792,
  "ethBalanceInUsd": 1247.3285553190626,
  "kenduBalanceInUsd": 114988.3101887394,
  "totalUsdBalance": 1347.3285553190626
}