{
  "ethBalance": 0.045462183917402754,
  "usdtBalance": 0,
  "usdcBalance": 0,
  "kenduBalance": 307214787.46744066,
  "ethBalanceInUsd": 125.35378895913297,
  "kenduBalanceInUsd": 24623.265215515366,
  "totalUsdBalance": 125.35378895913297
}