{
  "ethBalance": 0.038589031500035925,
  "usdtBalance": 0,
  "usdcBalance": 0,
  "kenduBalance": 35199894.08324558,
  "ethBalanceInUsd": 123.00832626108952,
  "kenduBalanceInUsd": 1743.4507539431538,
  "totalUsdBalance": 123.00832626108952
}