{
  "ethBalance": 0.30943876692005484,
  "usdtBalance": 0,
  "usdcBalance": 0,
  "kenduBalance": 8110029020.399477,
  "ethBalanceInUsd": 825.8765969712803,
  "kenduBalanceInUsd": 93103.133154186,
  "totalUsdBalance": 825.8765969712803
}