{
  "ethBalance": 0.038589031500035925,
  "usdtBalance": 0,
  "usdcBalance": 0,
  "kenduBalance": 35199894.08324558,
  "ethBalanceInUsd": 94.11903371890263,
  "kenduBalanceInUsd": 1796.6025940088546,
  "totalUsdBalance": 94.11903371890263
}