{
  "ethBalance": 8.056063080971311,
  "usdtBalance": 22313.097842,
  "usdcBalance": 88.007775,
  "kenduBalance": 319823769.8171208,
  "ethBalanceInUsd": 24077.316851360578,
  "kenduBalanceInUsd": 38922.5527867436,
  "totalUsdBalance": 46478.42246836058
}