{
  "ethBalance": 0.3119048631851912,
  "usdtBalance": 0,
  "usdcBalance": 0.463046,
  "kenduBalance": 4175387837.757599,
  "ethBalanceInUsd": 626.4702748533521,
  "kenduBalanceInUsd": 57996.137066453055,
  "totalUsdBalance": 626.933320853352
}