{
  "ethBalance": 0.3196155371451788,
  "usdtBalance": 0,
  "usdcBalance": 884.463046,
  "kenduBalance": 5453954448.539579,
  "ethBalanceInUsd": 603.309484070611,
  "kenduBalanceInUsd": 37904.98341735008,
  "totalUsdBalance": 1487.772530070611
}