{
  "ethBalance": 0.038589031500035925,
  "usdtBalance": 0,
  "usdcBalance": 0,
  "kenduBalance": 35199894.08324558,
  "ethBalanceInUsd": 97.24821828324053,
  "kenduBalanceInUsd": 1623.7711140601189,
  "totalUsdBalance": 97.24821828324053
}