{
  "ethBalance": 13.47560135212183,
  "usdtBalance": 3949.089252,
  "usdcBalance": 8005.206012,
  "kenduBalance": 10805029020.399477,
  "ethBalanceInUsd": 45159.43525123067,
  "kenduBalanceInUsd": 201405.74094024627,
  "totalUsdBalance": 57113.73051523067
}