{
  "ethBalance": 0.5002528644753425,
  "usdtBalance": 0,
  "usdcBalance": 100,
  "kenduBalance": null,
  "ethBalanceInUsd": 1402.8641103768475,
  "kenduBalanceInUsd": null,
  "totalUsdBalance": 1502.8641103768475
}