{
  "ethBalance": 8.056063080971311,
  "usdtBalance": 22313.097842,
  "usdcBalance": 88.007775,
  "kenduBalance": 319823769.8171208,
  "ethBalanceInUsd": 24161.583271187537,
  "kenduBalanceInUsd": 40624.01524217068,
  "totalUsdBalance": 46562.688888187535
}