{
  "ethBalance": 0.8898224947418788,
  "usdtBalance": 0,
  "usdcBalance": null,
  "kenduBalance": 4756907008.721234,
  "ethBalanceInUsd": 3324.4391279302913,
  "kenduBalanceInUsd": 88240.6250117789,
  "totalUsdBalance": null
}