{
  "ethBalance": 0.12545362288007134,
  "usdtBalance": 71,
  "usdcBalance": 0,
  "kenduBalance": 13187362985.903593,
  "ethBalanceInUsd": 417.184732061618,
  "kenduBalanceInUsd": 369773.65812473674,
  "totalUsdBalance": 488.184732061618
}