{
  "ethBalance": 0.3579488855246269,
  "usdtBalance": 0,
  "usdcBalance": 0,
  "kenduBalance": 3705282011.416198,
  "ethBalanceInUsd": 632.617383343094,
  "kenduBalanceInUsd": 45093.28207893513,
  "totalUsdBalance": 632.617383343094
}