{
  "ethBalance": 0.04459919224178026,
  "usdtBalance": 0,
  "usdcBalance": 0,
  "kenduBalance": 517214787.4674407,
  "ethBalanceInUsd": 107.12369182937684,
  "kenduBalanceInUsd": 27008.956201549754,
  "totalUsdBalance": 107.12369182937684
}