{
  "ethBalance": 0.038589031500035925,
  "usdtBalance": 0,
  "usdcBalance": 0,
  "kenduBalance": 35199894.08324558,
  "ethBalanceInUsd": 119.76453227319651,
  "kenduBalanceInUsd": 1096.4767006931,
  "totalUsdBalance": 119.76453227319651
}