{
  "ethBalance": 0.038589031500035925,
  "usdtBalance": 0,
  "usdcBalance": 0,
  "kenduBalance": 35199894.08324558,
  "ethBalanceInUsd": 120.0724727445668,
  "kenduBalanceInUsd": 1070.0767801306658,
  "totalUsdBalance": 120.0724727445668
}