{
  "ethBalance": 0.038589031500035925,
  "usdtBalance": 0,
  "usdcBalance": 0,
  "kenduBalance": 35199894.08324558,
  "ethBalanceInUsd": 156.7162311666859,
  "kenduBalanceInUsd": 1253.8202272452077,
  "totalUsdBalance": 156.7162311666859
}