{
  "ethBalance": 3.0028890292473904,
  "usdtBalance": 3946.421819,
  "usdcBalance": 5005.206012,
  "kenduBalance": 12632979609.52522,
  "ethBalanceInUsd": 9655.789673544983,
  "kenduBalanceInUsd": 295864.3824550807,
  "totalUsdBalance": 18607.41750454498
}