{
  "ethBalance": 0.038589031500035925,
  "usdtBalance": 0,
  "usdcBalance": 0,
  "kenduBalance": 35199894.08324558,
  "ethBalanceInUsd": 126.05956098179735,
  "kenduBalanceInUsd": 671.2619801674932,
  "totalUsdBalance": 126.05956098179735
}