{
  "ethBalance": 0.04272247540230626,
  "usdtBalance": 0,
  "usdcBalance": 0,
  "kenduBalance": 517214787.4674407,
  "ethBalanceInUsd": 103.86090105153066,
  "kenduBalanceInUsd": 26300.37194271936,
  "totalUsdBalance": 103.86090105153066
}