{
  "ethBalance": 0.038589031500035925,
  "usdtBalance": 0,
  "usdcBalance": 0,
  "kenduBalance": 35199894.08324558,
  "ethBalanceInUsd": 130.14073695324115,
  "kenduBalanceInUsd": 863.1014029211816,
  "totalUsdBalance": 130.14073695324115
}