{
  "ethBalance": 8.056063080971311,
  "usdtBalance": 22356.072978,
  "usdcBalance": 88.007775,
  "kenduBalance": 319823769.8171208,
  "ethBalanceInUsd": 23453.69700826259,
  "kenduBalanceInUsd": 36734.958201194495,
  "totalUsdBalance": 45897.77776126259
}