{
  "ethBalance": 0.038589031500035925,
  "usdtBalance": 0,
  "usdcBalance": 0,
  "kenduBalance": 13206739398.082659,
  "ethBalanceInUsd": 128.65274389859977,
  "kenduBalanceInUsd": 372165.91623796936,
  "totalUsdBalance": 128.65274389859977
}