{
  "ethBalance": 0.5002741579676101,
  "usdtBalance": 0,
  "usdcBalance": 100,
  "kenduBalance": 4855925261.348792,
  "ethBalanceInUsd": 1263.7675641498784,
  "kenduBalanceInUsd": 116250.8507566901,
  "totalUsdBalance": 1363.7675641498784
}