{
  "ethBalance": 0.038589031500035925,
  "usdtBalance": 0,
  "usdcBalance": 0,
  "kenduBalance": 35199894.08324558,
  "ethBalanceInUsd": 122.63053964270416,
  "kenduBalanceInUsd": 1428.7637008389383,
  "totalUsdBalance": 122.63053964270416
}