{
  "ethBalance": 0.06254024854608203,
  "usdtBalance": 0,
  "usdcBalance": 0,
  "kenduBalance": 6456272656.749752,
  "ethBalanceInUsd": 139.280260524552,
  "kenduBalanceInUsd": 61334.59023912265,
  "totalUsdBalance": 139.280260524552
}