{
  "ethBalance": 0.0624422229661258,
  "usdtBalance": 0,
  "usdcBalance": 0,
  "kenduBalance": 6384544426.92592,
  "ethBalanceInUsd": 133.07124578534038,
  "kenduBalanceInUsd": 52225.573412254016,
  "totalUsdBalance": 133.07124578534038
}