{
  "ethBalance": 0.04459919224178026,
  "usdtBalance": 0,
  "usdcBalance": 0,
  "kenduBalance": 517214787.4674407,
  "ethBalanceInUsd": 106.8244312494345,
  "kenduBalanceInUsd": 21081.674737172885,
  "totalUsdBalance": 106.8244312494345
}