{
  "ethBalance": 0.04459919224178026,
  "usdtBalance": 0,
  "usdcBalance": 0,
  "kenduBalance": 517214787.4674407,
  "ethBalanceInUsd": 106.55995803944074,
  "kenduBalanceInUsd": 25979.698774489545,
  "totalUsdBalance": 106.55995803944074
}