{
  "ethBalance": 0.038589031500035925,
  "usdtBalance": 0,
  "usdcBalance": 0,
  "kenduBalance": 35199894.08324558,
  "ethBalanceInUsd": 101.48259270973948,
  "kenduBalanceInUsd": 1227.4203066827736,
  "totalUsdBalance": 101.48259270973948
}