{
  "ethBalance": 0.3579040556931112,
  "usdtBalance": 0,
  "usdcBalance": 0,
  "kenduBalance": 3646098337.9468102,
  "ethBalanceInUsd": 648.3825663341971,
  "kenduBalanceInUsd": 43060.42137115183,
  "totalUsdBalance": 648.3825663341971
}