{
  "ethBalance": 0.11420553765466597,
  "usdtBalance": 0,
  "usdcBalance": 0,
  "kenduBalance": 11896082608.223656,
  "ethBalanceInUsd": 365.4166065013754,
  "kenduBalanceInUsd": 294547.00537961774,
  "totalUsdBalance": 365.4166065013754
}