{
  "ethBalance": 0.5002741579676101,
  "usdtBalance": 0,
  "usdcBalance": 100,
  "kenduBalance": 4855925261.348792,
  "ethBalanceInUsd": 1245.1473599903238,
  "kenduBalanceInUsd": 106296.20397092505,
  "totalUsdBalance": 1345.1473599903238
}