{
  "ethBalance": 0.04272247540230626,
  "usdtBalance": 0,
  "usdcBalance": 0,
  "kenduBalance": 517214787.4674407,
  "ethBalanceInUsd": 112.04182786631829,
  "kenduBalanceInUsd": 30169.138552975815,
  "totalUsdBalance": 112.04182786631829
}