{
  "ethBalance": 8.056063080971311,
  "usdtBalance": 22356.072978,
  "usdcBalance": 88.007775,
  "kenduBalance": 319823769.8171208,
  "ethBalanceInUsd": 23465.781102884044,
  "kenduBalanceInUsd": 40224.235529899284,
  "totalUsdBalance": 45909.861855884046
}