{
  "ethBalance": 0.727034011230498,
  "usdtBalance": 0,
  "usdcBalance": null,
  "kenduBalance": 4482236645.828448,
  "ethBalanceInUsd": 2851.8345310923023,
  "kenduBalanceInUsd": 45136.12302349247,
  "totalUsdBalance": null
}