{
  "ethBalance": 0.0624422229661258,
  "usdtBalance": 0,
  "usdcBalance": 0,
  "kenduBalance": 6384544426.92592,
  "ethBalanceInUsd": 130.0921273276265,
  "kenduBalanceInUsd": 47884.0832019444,
  "totalUsdBalance": 130.0921273276265
}