{
  "ethBalance": 0.3117728554842481,
  "usdtBalance": 0,
  "usdcBalance": 0.463046,
  "kenduBalance": 4113980899.4295063,
  "ethBalanceInUsd": 584.9295250882172,
  "kenduBalanceInUsd": 45171.51027573598,
  "totalUsdBalance": 585.3925710882172
}