{
  "ethBalance": 0.5002741579676101,
  "usdtBalance": 0,
  "usdcBalance": 100,
  "kenduBalance": 4855925261.348792,
  "ethBalanceInUsd": 1263.2072570929547,
  "kenduBalanceInUsd": 112754.58456851896,
  "totalUsdBalance": 1363.2072570929547
}