{
  "ethBalance": 0.038589031500035925,
  "usdtBalance": 0,
  "usdcBalance": 0,
  "kenduBalance": 35199894.08324558,
  "ethBalanceInUsd": 126.36248487907264,
  "kenduBalanceInUsd": 768.413687837251,
  "totalUsdBalance": 126.36248487907264
}