{
  "ethBalance": 0.3579488855246269,
  "usdtBalance": 0,
  "usdcBalance": 0,
  "kenduBalance": 3705282011.416198,
  "ethBalanceInUsd": 568.5695892561727,
  "kenduBalanceInUsd": 46167.81386224582,
  "totalUsdBalance": 568.5695892561727
}