{
  "ethBalance": 0.0624422229661258,
  "usdtBalance": 0,
  "usdcBalance": 0,
  "kenduBalance": 6384544426.92592,
  "ethBalanceInUsd": 133.63697232541347,
  "kenduBalanceInUsd": 51523.27352529218,
  "totalUsdBalance": 133.63697232541347
}