{
  "ethBalance": 8.011063080971311,
  "usdtBalance": 22313.097842,
  "usdcBalance": 88.007775,
  "kenduBalance": 302835445.5049916,
  "ethBalanceInUsd": 25410.851760948568,
  "kenduBalanceInUsd": 43017.77503398406,
  "totalUsdBalance": 47811.957377948565
}