{
  "ethBalance": 0.038589031500035925,
  "usdtBalance": 0,
  "usdcBalance": 0,
  "kenduBalance": 35199894.08324558,
  "ethBalanceInUsd": 111.12020332687345,
  "kenduBalanceInUsd": 2028.569896017443,
  "totalUsdBalance": 111.12020332687345
}