{
  "ethBalance": 0.3119048631851912,
  "usdtBalance": 0,
  "usdcBalance": 0.463046,
  "kenduBalance": 4175387837.757599,
  "ethBalanceInUsd": 621.2146779086816,
  "kenduBalanceInUsd": 39874.95385058507,
  "totalUsdBalance": 621.6777239086815
}