{
  "ethBalance": 18.27649738337883,
  "usdtBalance": 0,
  "usdcBalance": 0,
  "kenduBalance": 10805029020.399477,
  "ethBalanceInUsd": 46902.42694004359,
  "kenduBalanceInUsd": 130308.64998601768,
  "totalUsdBalance": 46902.42694004359
}