{
  "ethBalance": 0.04459919224178026,
  "usdtBalance": 0,
  "usdcBalance": 0,
  "kenduBalance": 517214787.4674407,
  "ethBalanceInUsd": 112.46176914879553,
  "kenduBalanceInUsd": 31881.119499493045,
  "totalUsdBalance": 112.46176914879553
}