{
  "ethBalance": 0.04459919224178026,
  "usdtBalance": 0,
  "usdcBalance": 0,
  "kenduBalance": 517214787.4674407,
  "ethBalanceInUsd": 108.12360571943756,
  "kenduBalanceInUsd": 27826.15556574831,
  "totalUsdBalance": 108.12360571943756
}