{
  "ethBalance": 0.045462183917402754,
  "usdtBalance": 0,
  "usdcBalance": 0,
  "kenduBalance": 307214787.46744066,
  "ethBalanceInUsd": 121.13080669504541,
  "kenduBalanceInUsd": 25477.322324674853,
  "totalUsdBalance": 121.13080669504541
}