{
  "ethBalance": 13.47560135212183,
  "usdtBalance": 3949.089252,
  "usdcBalance": 8005.206012,
  "kenduBalance": 10805029020.399477,
  "ethBalanceInUsd": 44762.30927938365,
  "kenduBalanceInUsd": 196111.27672025052,
  "totalUsdBalance": 56716.60454338365
}