{
  "ethBalance": 0.35798968333076975,
  "usdtBalance": 0,
  "usdcBalance": 4004.403285,
  "kenduBalance": 3705282011.416198,
  "ethBalanceInUsd": 559.7132899908252,
  "kenduBalanceInUsd": 34792.598087198094,
  "totalUsdBalance": 4564.116574990825
}