{
  "ethBalance": 0.11220553765466597,
  "usdtBalance": 0,
  "usdcBalance": 0,
  "kenduBalance": 11896082608.223656,
  "ethBalanceInUsd": 368.31692146219416,
  "kenduBalanceInUsd": 296331.4177708513,
  "totalUsdBalance": 368.31692146219416
}