{
  "ethBalance": 0.3579488855246269,
  "usdtBalance": 0,
  "usdcBalance": 0,
  "kenduBalance": 3705282011.416198,
  "ethBalanceInUsd": 645.3353072457841,
  "kenduBalanceInUsd": 45686.12720076172,
  "totalUsdBalance": 645.3353072457841
}