{
  "ethBalance": 0.3579040556931112,
  "usdtBalance": 0,
  "usdcBalance": 0,
  "kenduBalance": 3646098337.9468102,
  "ethBalanceInUsd": 661.7001762465378,
  "kenduBalanceInUsd": 42185.35777004459,
  "totalUsdBalance": 661.7001762465378
}