{
  "ethBalance": 0.35703877941042383,
  "usdtBalance": 0,
  "usdcBalance": 0,
  "kenduBalance": 4855947774.956796,
  "ethBalanceInUsd": 921.3278591052164,
  "kenduBalanceInUsd": 133441.44485581276,
  "totalUsdBalance": 921.3278591052164
}