{
  "ethBalance": 0.038589031500035925,
  "usdtBalance": 0,
  "usdcBalance": 0,
  "kenduBalance": 35199894.08324558,
  "ethBalanceInUsd": 131.9108158281478,
  "kenduBalanceInUsd": 759.9657132572722,
  "totalUsdBalance": 131.9108158281478
}