{
  "ethBalance": 0.045462183917402754,
  "usdtBalance": 0,
  "usdcBalance": 0,
  "kenduBalance": 307214787.46744066,
  "ethBalanceInUsd": 120.72028317427127,
  "kenduBalanceInUsd": 27498.795626210613,
  "totalUsdBalance": 120.72028317427127
}