{
  "ethBalance": 0.10788809429719365,
  "usdtBalance": 3946.421819,
  "usdcBalance": 0,
  "kenduBalance": 13268928669.075045,
  "ethBalanceInUsd": 358.44956225488215,
  "kenduBalanceInUsd": 342869.11680889915,
  "totalUsdBalance": 4304.871381254882
}