{
  "ethBalance": 0.038589031500035925,
  "usdtBalance": 0,
  "usdcBalance": 0,
  "kenduBalance": 35199894.08324558,
  "ethBalanceInUsd": 140.44632370564074,
  "kenduBalanceInUsd": 1069.372782249001,
  "totalUsdBalance": 140.44632370564074
}