{
  "ethBalance": 0.038589031500035925,
  "usdtBalance": 0,
  "usdcBalance": 0,
  "kenduBalance": 35199894.08324558,
  "ethBalanceInUsd": 114.04525191457617,
  "kenduBalanceInUsd": 1836.3784743229219,
  "totalUsdBalance": 114.04525191457617
}