{
  "ethBalance": 0.038589031500035925,
  "usdtBalance": 0,
  "usdcBalance": 0,
  "kenduBalance": 35199894.08324558,
  "ethBalanceInUsd": 125.09753642650146,
  "kenduBalanceInUsd": 741.6617683339845,
  "totalUsdBalance": 125.09753642650146
}