{
  "ethBalance": 0.038589031500035925,
  "usdtBalance": 0,
  "usdcBalance": 0,
  "kenduBalance": 35199894.08324558,
  "ethBalanceInUsd": 128.96184204091506,
  "kenduBalanceInUsd": 1112.6686519713928,
  "totalUsdBalance": 128.96184204091506
}