{
  "ethBalance": 0.3579488855246269,
  "usdtBalance": 0,
  "usdcBalance": 0,
  "kenduBalance": 3705282011.416198,
  "ethBalanceInUsd": 585.2285303884887,
  "kenduBalanceInUsd": 49391.40921217792,
  "totalUsdBalance": 585.2285303884887
}