{
  "ethBalance": 0.3579488855246269,
  "usdtBalance": 0,
  "usdcBalance": 0,
  "kenduBalance": 3705282011.416198,
  "ethBalanceInUsd": 641.294064328211,
  "kenduBalanceInUsd": 46723.606163958255,
  "totalUsdBalance": 641.294064328211
}