{
  "ethBalance": 0.045462183917402754,
  "usdtBalance": 0,
  "usdcBalance": 0,
  "kenduBalance": 307214787.46744066,
  "ethBalanceInUsd": 119.28867900271226,
  "kenduBalanceInUsd": 20847.595477540526,
  "totalUsdBalance": 119.28867900271226
}