{
  "ethBalance": 0.35779268808449755,
  "usdtBalance": 0,
  "usdcBalance": 0,
  "kenduBalance": 4546950453.600369,
  "ethBalanceInUsd": 818.822878388896,
  "kenduBalanceInUsd": 74751.86545719007,
  "totalUsdBalance": 818.822878388896
}