{
  "ethBalance": 0.04459919224178026,
  "usdtBalance": 0,
  "usdcBalance": 0,
  "kenduBalance": 517214787.4674407,
  "ethBalanceInUsd": 103.99193655015902,
  "kenduBalanceInUsd": 26502.085709831663,
  "totalUsdBalance": 103.99193655015902
}