{
  "ethBalance": 0.5002741579676101,
  "usdtBalance": 0,
  "usdcBalance": 100,
  "kenduBalance": 4855925261.348792,
  "ethBalanceInUsd": 1261.2962098095184,
  "kenduBalanceInUsd": 111200.68848488735,
  "totalUsdBalance": 1361.2962098095184
}