{
  "ethBalance": 18.27649738337883,
  "usdtBalance": 0,
  "usdcBalance": 0,
  "kenduBalance": 10805029020.399477,
  "ethBalanceInUsd": 49387.66505423544,
  "kenduBalanceInUsd": 129228.14708397775,
  "totalUsdBalance": 49387.66505423544
}