{
  "ethBalance": 0.5002528644753425,
  "usdtBalance": 0,
  "usdcBalance": null,
  "kenduBalance": 4845166789.051858,
  "ethBalanceInUsd": 1471.1436238490871,
  "kenduBalanceInUsd": 109743.0277720246,
  "totalUsdBalance": null
}