{
  "ethBalance": 0.038589031500035925,
  "usdtBalance": 0,
  "usdcBalance": 0,
  "kenduBalance": 35199894.08324558,
  "ethBalanceInUsd": 129.89955550636594,
  "kenduBalanceInUsd": 921.5332270993694,
  "totalUsdBalance": 129.89955550636594
}