{
  "ethBalance": 0.038589031500035925,
  "usdtBalance": 0,
  "usdcBalance": 0,
  "kenduBalance": 35199894.08324558,
  "ethBalanceInUsd": 120.0929249312618,
  "kenduBalanceInUsd": 967.2930894075887,
  "totalUsdBalance": 120.0929249312618
}