{
  "ethBalance": 8.011063080971311,
  "usdtBalance": 22313.097842,
  "usdcBalance": 88.007775,
  "kenduBalance": 302835445.5049916,
  "ethBalanceInUsd": 25510.589496306664,
  "kenduBalanceInUsd": 46261.14265534251,
  "totalUsdBalance": 47911.69511330666
}