{
  "ethBalance": 0.3579040556931112,
  "usdtBalance": 0,
  "usdcBalance": 0,
  "kenduBalance": 3646098337.9468102,
  "ethBalanceInUsd": 653.6079655473166,
  "kenduBalanceInUsd": 39122.635166169275,
  "totalUsdBalance": 653.6079655473166
}