{
  "ethBalance": 0.04272247540230626,
  "usdtBalance": 0,
  "usdcBalance": 0,
  "kenduBalance": 517214787.4674407,
  "ethBalanceInUsd": 110.47263134479158,
  "kenduBalanceInUsd": 29346.76704090259,
  "totalUsdBalance": 110.47263134479158
}