{
  "ethBalance": 0.9901682600569678,
  "usdtBalance": 0,
  "usdcBalance": null,
  "kenduBalance": 4550810118.308841,
  "ethBalanceInUsd": 4273.081027958446,
  "kenduBalanceInUsd": 58705.450526184046,
  "totalUsdBalance": null
}