{
  "ethBalance": 0.038589031500035925,
  "usdtBalance": 0,
  "usdcBalance": 0,
  "kenduBalance": 35199894.08324558,
  "ethBalanceInUsd": 126.36904501442764,
  "kenduBalanceInUsd": 739.5497746889897,
  "totalUsdBalance": 126.36904501442764
}