{
  "ethBalance": 0.038589031500035925,
  "usdtBalance": 0,
  "usdcBalance": 0,
  "kenduBalance": 35199894.08324558,
  "ethBalanceInUsd": 95.90107519357429,
  "kenduBalanceInUsd": 1858.9064065361993,
  "totalUsdBalance": 95.90107519357429
}