{
  "ethBalance": 0.7404211583199757,
  "usdtBalance": 0,
  "usdcBalance": null,
  "kenduBalance": 4745282940.56362,
  "ethBalanceInUsd": 2641.474694941263,
  "kenduBalanceInUsd": 75829.62139020664,
  "totalUsdBalance": null
}