{
  "ethBalance": 13.47560135212183,
  "usdtBalance": 3949.089252,
  "usdcBalance": 8005.206012,
  "kenduBalance": 10805029020.399477,
  "ethBalanceInUsd": 41988.89576510345,
  "kenduBalanceInUsd": 149001.3501913088,
  "totalUsdBalance": 53943.19102910345
}