{
  "ethBalance": 0.045462183917402754,
  "usdtBalance": 0,
  "usdcBalance": 0,
  "kenduBalance": 307214787.46744066,
  "ethBalanceInUsd": 121.08761762032388,
  "kenduBalanceInUsd": 30500.28409976751,
  "totalUsdBalance": 121.08761762032388
}