{
  "ethBalance": 0.09959930940546294,
  "usdtBalance": 0,
  "usdcBalance": 2800,
  "kenduBalance": 5981415733.861656,
  "ethBalanceInUsd": 187.95485277214314,
  "kenduBalanceInUsd": 42348.42339574052,
  "totalUsdBalance": 2987.954852772143
}