{
  "ethBalance": 0.35769432885289126,
  "usdtBalance": 0,
  "usdcBalance": 0,
  "kenduBalance": 4514955040.756332,
  "ethBalanceInUsd": 878.2146931429072,
  "kenduBalanceInUsd": 70929.94369028199,
  "totalUsdBalance": 878.2146931429072
}