{
  "ethBalance": 0.038589031500035925,
  "usdtBalance": 0,
  "usdcBalance": 0,
  "kenduBalance": 35199894.08324558,
  "ethBalanceInUsd": 133.71755428297948,
  "kenduBalanceInUsd": 692.3819166174407,
  "totalUsdBalance": 133.71755428297948
}