{
  "ethBalance": 0.5002741579676101,
  "usdtBalance": 0,
  "usdcBalance": 100,
  "kenduBalance": 4855925261.348792,
  "ethBalanceInUsd": 1388.2007554611619,
  "kenduBalanceInUsd": 141355.98435786334,
  "totalUsdBalance": 1488.2007554611619
}