{
  "ethBalance": 18.27649738337883,
  "usdtBalance": 0,
  "usdcBalance": 0,
  "kenduBalance": 10805029020.399477,
  "ethBalanceInUsd": 52173.36878541004,
  "kenduBalanceInUsd": 164992.79314150003,
  "totalUsdBalance": 52173.36878541004
}