{
  "ethBalance": 0.5002741579676101,
  "usdtBalance": 0,
  "usdcBalance": 100,
  "kenduBalance": 4855925261.348792,
  "ethBalanceInUsd": 1211.829101069681,
  "kenduBalanceInUsd": 108335.69258069155,
  "totalUsdBalance": 1311.829101069681
}