{
  "ethBalance": 0.5002741579676101,
  "usdtBalance": 0,
  "usdcBalance": 100,
  "kenduBalance": 4855925261.348792,
  "ethBalanceInUsd": 1205.850824881968,
  "kenduBalanceInUsd": 107170.27051796785,
  "totalUsdBalance": 1305.850824881968
}