{
  "ethBalance": 0.038589031500035925,
  "usdtBalance": 0,
  "usdcBalance": 0,
  "kenduBalance": 35199894.08324558,
  "ethBalanceInUsd": 126.61601481602787,
  "kenduBalanceInUsd": 441.4066718038996,
  "totalUsdBalance": 126.61601481602787
}