{
  "ethBalance": 0.0660488809860724,
  "usdtBalance": 0,
  "usdcBalance": 0,
  "kenduBalance": 7622102282.100412,
  "ethBalanceInUsd": 180.406574014168,
  "kenduBalanceInUsd": 63949.43814682245,
  "totalUsdBalance": 180.406574014168
}