{
  "ethBalance": 0.04459919224178026,
  "usdtBalance": 0,
  "usdcBalance": 0,
  "kenduBalance": 517214787.4674407,
  "ethBalanceInUsd": 112.51439619564081,
  "kenduBalanceInUsd": 33867.22428336802,
  "totalUsdBalance": 112.51439619564081
}