{
  "ethBalance": 0.038589031500035925,
  "usdtBalance": 0,
  "usdcBalance": 0,
  "kenduBalance": 35199894.08324558,
  "ethBalanceInUsd": 127.15394591513838,
  "kenduBalanceInUsd": 506.87847479873636,
  "totalUsdBalance": 127.15394591513838
}