{
  "ethBalance": 0.038589031500035925,
  "usdtBalance": 0,
  "usdcBalance": 0,
  "kenduBalance": 35199894.08324558,
  "ethBalanceInUsd": 122.70540236381424,
  "kenduBalanceInUsd": 1425.9477093122784,
  "totalUsdBalance": 122.70540236381424
}