{
  "ethBalance": 0.04459919224178026,
  "usdtBalance": 0,
  "usdcBalance": 0,
  "kenduBalance": 517214787.4674407,
  "ethBalanceInUsd": 107.45283386812119,
  "kenduBalanceInUsd": 26998.611905800408,
  "totalUsdBalance": 107.45283386812119
}