{
  "ethBalance": 0.7404211583199757,
  "usdtBalance": 0,
  "usdcBalance": null,
  "kenduBalance": 4745282940.56362,
  "ethBalanceInUsd": 3431.1486687126835,
  "kenduBalanceInUsd": 81571.41374828861,
  "totalUsdBalance": null
}