{
  "ethBalance": 0.038589031500035925,
  "usdtBalance": 0,
  "usdcBalance": 0,
  "kenduBalance": 35199894.08324558,
  "ethBalanceInUsd": 134.55570804716027,
  "kenduBalanceInUsd": 1239.388270671077,
  "totalUsdBalance": 134.55570804716027
}