{
  "ethBalance": 0.038589031500035925,
  "usdtBalance": 0,
  "usdcBalance": 0,
  "kenduBalance": 35199894.08324558,
  "ethBalanceInUsd": 128.68824580757982,
  "kenduBalanceInUsd": 1104.220677391414,
  "totalUsdBalance": 128.68824580757982
}