{
  "ethBalance": 2.037084045317489,
  "usdtBalance": 0,
  "usdcBalance": 0,
  "kenduBalance": 8110029020.399477,
  "ethBalanceInUsd": 5396.480086131466,
  "kenduBalanceInUsd": 102429.66652764539,
  "totalUsdBalance": 5396.480086131466
}