{
  "ethBalance": 0.5002741579676101,
  "usdtBalance": 0,
  "usdcBalance": 100,
  "kenduBalance": 4855925261.348792,
  "ethBalanceInUsd": 1230.8545272971892,
  "kenduBalanceInUsd": 109598.23314864223,
  "totalUsdBalance": 1330.8545272971892
}