{
  "ethBalance": 0.0624422229661258,
  "usdtBalance": 0,
  "usdcBalance": 0,
  "kenduBalance": 6384544426.92592,
  "ethBalanceInUsd": 133.86051548363218,
  "kenduBalanceInUsd": 50948.66452686884,
  "totalUsdBalance": 133.86051548363218
}