{
  "ethBalance": 0.038589031500035925,
  "usdtBalance": 0,
  "usdcBalance": 0,
  "kenduBalance": 35199894.08324558,
  "ethBalanceInUsd": 127.0694359361533,
  "kenduBalanceInUsd": 817.6935395537948,
  "totalUsdBalance": 127.0694359361533
}