{
  "ethBalance": 0.5002741579676101,
  "usdtBalance": 0,
  "usdcBalance": 100,
  "kenduBalance": 4855925261.348792,
  "ethBalanceInUsd": 1345.247216258063,
  "kenduBalanceInUsd": 169180.4361053919,
  "totalUsdBalance": 1445.247216258063
}