{
  "ethBalance": 1.2350681787309672,
  "usdtBalance": 0,
  "usdcBalance": 25.002104,
  "kenduBalance": 4489413951.490725,
  "ethBalanceInUsd": 5305.741739692149,
  "kenduBalanceInUsd": 65859.70266836893,
  "totalUsdBalance": 5330.743843692149
}