{
  "ethBalance": 0.0624422229661258,
  "usdtBalance": 0,
  "usdcBalance": 0,
  "kenduBalance": 6384544426.92592,
  "ethBalanceInUsd": 119.44760157859103,
  "kenduBalanceInUsd": 45202.57454263551,
  "totalUsdBalance": 119.44760157859103
}