{
  "ethBalance": 0.3119048631851912,
  "usdtBalance": 0,
  "usdcBalance": 0.463046,
  "kenduBalance": 4175387837.757599,
  "ethBalanceInUsd": 628.4259183455232,
  "kenduBalanceInUsd": 39749.69221545234,
  "totalUsdBalance": 628.8889643455232
}