{
  "ethBalance": 0.038589031500035925,
  "usdtBalance": 0,
  "usdcBalance": 0,
  "kenduBalance": 35199894.08324558,
  "ethBalanceInUsd": 117.17134935639407,
  "kenduBalanceInUsd": 686.7499335641214,
  "totalUsdBalance": 117.17134935639407
}