{
  "ethBalance": 0.35779268808449755,
  "usdtBalance": 0,
  "usdcBalance": 0,
  "kenduBalance": 3546950453.60037,
  "ethBalanceInUsd": 653.9162284507511,
  "kenduBalanceInUsd": 39690.37557578814,
  "totalUsdBalance": 653.9162284507511
}