{
  "ethBalance": 0.3117728554842481,
  "usdtBalance": 0,
  "usdcBalance": 0.463046,
  "kenduBalance": 4113980899.4295063,
  "ethBalanceInUsd": 558.5473060571402,
  "kenduBalanceInUsd": 47146.221107462145,
  "totalUsdBalance": 559.0103520571402
}