{
  "ethBalance": 0.35703877941042383,
  "usdtBalance": 0,
  "usdcBalance": 0,
  "kenduBalance": 4855947774.956796,
  "ethBalanceInUsd": 896.3244333831044,
  "kenduBalanceInUsd": 185934.24030309572,
  "totalUsdBalance": 896.3244333831044
}