{
  "ethBalance": 0.5002741579676101,
  "usdtBalance": 0,
  "usdcBalance": 100,
  "kenduBalance": 4855925261.348792,
  "ethBalanceInUsd": 1270.9464983167134,
  "kenduBalanceInUsd": 108529.92959114551,
  "totalUsdBalance": 1370.9464983167134
}