{
  "ethBalance": 0.35779268808449755,
  "usdtBalance": 0,
  "usdcBalance": 0,
  "kenduBalance": 3546950453.60037,
  "ethBalanceInUsd": 721.034558808522,
  "kenduBalanceInUsd": 48806.03824154109,
  "totalUsdBalance": 721.034558808522
}