{
  "ethBalance": 0.04459919224178026,
  "usdtBalance": 0,
  "usdcBalance": 0,
  "kenduBalance": 517214787.4674407,
  "ethBalanceInUsd": 102.65396078290561,
  "kenduBalanceInUsd": 28503.70693733066,
  "totalUsdBalance": 102.65396078290561
}