{
  "ethBalance": 0.5002741579676101,
  "usdtBalance": 0,
  "usdcBalance": 100,
  "kenduBalance": 4855925261.348792,
  "ethBalanceInUsd": 1325.9616474684115,
  "kenduBalanceInUsd": 159711.38184576176,
  "totalUsdBalance": 1425.9616474684115
}