{
  "ethBalance": 0.04459919224178026,
  "usdtBalance": 0,
  "usdcBalance": 0,
  "kenduBalance": 517214787.4674407,
  "ethBalanceInUsd": 107.02557360644491,
  "kenduBalanceInUsd": 28436.46901495989,
  "totalUsdBalance": 107.02557360644491
}