{
  "ethBalance": 0.727034011230498,
  "usdtBalance": 0,
  "usdcBalance": null,
  "kenduBalance": 4482236645.828448,
  "ethBalanceInUsd": 2939.980134613888,
  "kenduBalanceInUsd": 46749.72821599072,
  "totalUsdBalance": null
}