{
  "ethBalance": 0.7135340112304981,
  "usdtBalance": 0,
  "usdcBalance": null,
  "kenduBalance": 4482236645.828448,
  "ethBalanceInUsd": 3195.8974302810643,
  "kenduBalanceInUsd": 52531.81348910941,
  "totalUsdBalance": null
}