{
  "ethBalance": 0.3117728554842481,
  "usdtBalance": 0,
  "usdcBalance": 0.463046,
  "kenduBalance": 4113980899.4295063,
  "ethBalanceInUsd": 565.9799709318846,
  "kenduBalanceInUsd": 47022.80168047926,
  "totalUsdBalance": 566.4430169318846
}