{
  "ethBalance": 0.038589031500035925,
  "usdtBalance": 0,
  "usdcBalance": 0,
  "kenduBalance": 35199894.08324558,
  "ethBalanceInUsd": 141.03905122948132,
  "kenduBalanceInUsd": 889.5013234836159,
  "totalUsdBalance": 141.03905122948132
}