{
  "ethBalance": 1.2350681787309672,
  "usdtBalance": 0,
  "usdcBalance": null,
  "kenduBalance": 4489413951.490725,
  "ethBalanceInUsd": 5293.971539948843,
  "kenduBalanceInUsd": 65590.3378312795,
  "totalUsdBalance": null
}