{
  "ethBalance": 4.778379203455415,
  "usdtBalance": 3949.089252,
  "usdcBalance": 5005.206012,
  "kenduBalance": 12310098030.836285,
  "ethBalanceInUsd": 15099.2482287908,
  "kenduBalanceInUsd": 288056.2939215691,
  "totalUsdBalance": 24053.5434927908
}