{
  "ethBalance": 0.06254024854608203,
  "usdtBalance": 0,
  "usdcBalance": 0,
  "kenduBalance": 6456272656.749752,
  "ethBalanceInUsd": 145.6681215110488,
  "kenduBalanceInUsd": 55201.13121521038,
  "totalUsdBalance": 145.6681215110488
}