{
  "ethBalance": 0.038589031500035925,
  "usdtBalance": 0,
  "usdcBalance": 0,
  "kenduBalance": 35199894.08324558,
  "ethBalanceInUsd": 98.21101461916643,
  "kenduBalanceInUsd": 1085.9167324681262,
  "totalUsdBalance": 98.21101461916643
}