{
  "ethBalance": 0.04459919224178026,
  "usdtBalance": 0,
  "usdcBalance": 0,
  "kenduBalance": 517214787.4674407,
  "ethBalanceInUsd": 108.21325009584352,
  "kenduBalanceInUsd": 27939.94281899115,
  "totalUsdBalance": 108.21325009584352
}