{
  "ethBalance": 0.04841366454199495,
  "usdtBalance": 90113.767042,
  "usdcBalance": 0,
  "kenduBalance": 946492975.4674407,
  "ethBalanceInUsd": 120.74319523108997,
  "kenduBalanceInUsd": 118254.83235490206,
  "totalUsdBalance": 90234.5102372311
}