{
  "ethBalance": 0.0624422229661258,
  "usdtBalance": 0,
  "usdcBalance": 0,
  "kenduBalance": 6379544426.92592,
  "ethBalanceInUsd": 138.25644798044746,
  "kenduBalanceInUsd": 52248.46885652328,
  "totalUsdBalance": 138.25644798044746
}