{
  "ethBalance": 0.038589031500035925,
  "usdtBalance": 0,
  "usdcBalance": 0,
  "kenduBalance": 35199894.08324558,
  "ethBalanceInUsd": 138.572440335999,
  "kenduBalanceInUsd": 775.1016677130677,
  "totalUsdBalance": 138.572440335999
}