{
  "ethBalance": 0.046325213179724774,
  "usdtBalance": 50113.767042,
  "usdcBalance": 0,
  "kenduBalance": 946492975.4674407,
  "ethBalanceInUsd": 124.37624860558405,
  "kenduBalanceInUsd": 104436.03491307741,
  "totalUsdBalance": 50238.143290605585
}