{
  "ethBalance": 0.038589031500035925,
  "usdtBalance": 0,
  "usdcBalance": 0,
  "kenduBalance": 35199894.08324558,
  "ethBalanceInUsd": 140.74037212567103,
  "kenduBalanceInUsd": 834.5894887137529,
  "totalUsdBalance": 140.74037212567103
}