{
  "ethBalance": 0.04459919224178026,
  "usdtBalance": 0,
  "usdcBalance": 0,
  "kenduBalance": 517214787.4674407,
  "ethBalanceInUsd": 112.52420801793401,
  "kenduBalanceInUsd": 34591.32498582244,
  "totalUsdBalance": 112.52420801793401
}