{
  "ethBalance": 0.0624422229661258,
  "usdtBalance": 0,
  "usdcBalance": 0,
  "kenduBalance": 6379544426.92592,
  "ethBalanceInUsd": 136.85087354147996,
  "kenduBalanceInUsd": 54034.74129606254,
  "totalUsdBalance": 136.85087354147996
}