{
  "ethBalance": 13.47560135212183,
  "usdtBalance": 3949.089252,
  "usdcBalance": 8005.206012,
  "kenduBalance": 10805029020.399477,
  "ethBalanceInUsd": 44703.690413501914,
  "kenduBalanceInUsd": 198920.58426555438,
  "totalUsdBalance": 56657.985677501914
}