{
  "ethBalance": 0.038589031500035925,
  "usdtBalance": 0,
  "usdcBalance": 0,
  "kenduBalance": 35199894.08324558,
  "ethBalanceInUsd": 102.07879324641505,
  "kenduBalanceInUsd": 1556.5393163611197,
  "totalUsdBalance": 102.07879324641505
}