{
  "ethBalance": 0.038589031500035925,
  "usdtBalance": 0,
  "usdcBalance": 0,
  "kenduBalance": 35199894.08324558,
  "ethBalanceInUsd": 128.900099590515,
  "kenduBalanceInUsd": 1181.6604443745541,
  "totalUsdBalance": 128.900099590515
}