{
  "ethBalance": 0.3196155371451788,
  "usdtBalance": 0,
  "usdcBalance": 884.463046,
  "kenduBalance": 5453954448.539579,
  "ethBalanceInUsd": 621.0034002069681,
  "kenduBalanceInUsd": 38613.997495660224,
  "totalUsdBalance": 1505.4664462069682
}