{
  "ethBalance": 0.038589031500035925,
  "usdtBalance": 0,
  "usdcBalance": 0,
  "kenduBalance": 35199894.08324558,
  "ethBalanceInUsd": 102.03673120207999,
  "kenduBalanceInUsd": 1480.5075451413093,
  "totalUsdBalance": 102.03673120207999
}