{
  "ethBalance": 0.038589031500035925,
  "usdtBalance": 0,
  "usdcBalance": 0,
  "kenduBalance": 35199894.08324558,
  "ethBalanceInUsd": 142.04931207415225,
  "kenduBalanceInUsd": 805.373576624659,
  "totalUsdBalance": 142.04931207415225
}