{
  "ethBalance": 0.5002741579676101,
  "usdtBalance": 0,
  "usdcBalance": 100,
  "kenduBalance": 4855925261.348792,
  "ethBalanceInUsd": 1268.0449082005011,
  "kenduBalanceInUsd": 121058.21676542539,
  "totalUsdBalance": 1368.0449082005011
}