{
  "ethBalance": 0.04459919224178026,
  "usdtBalance": 0,
  "usdcBalance": 0,
  "kenduBalance": 517214787.4674407,
  "ethBalanceInUsd": 102.79623220615689,
  "kenduBalanceInUsd": 22307.47378347072,
  "totalUsdBalance": 102.79623220615689
}