{
  "ethBalance": 0.04272247540230626,
  "usdtBalance": 0,
  "usdcBalance": 0,
  "kenduBalance": 517214787.4674407,
  "ethBalanceInUsd": 115.40707725375796,
  "kenduBalanceInUsd": 27981.320001988544,
  "totalUsdBalance": 115.40707725375796
}