{
  "ethBalance": 0.04272247540230626,
  "usdtBalance": 0,
  "usdcBalance": 0,
  "kenduBalance": 517214787.4674407,
  "ethBalanceInUsd": 113.09365521072307,
  "kenduBalanceInUsd": 30050.17915185831,
  "totalUsdBalance": 113.09365521072307
}