{
  "ethBalance": 0.3117728554842481,
  "usdtBalance": 0,
  "usdcBalance": 0.463046,
  "kenduBalance": 4113980899.4295063,
  "ethBalanceInUsd": 585.7494876981408,
  "kenduBalanceInUsd": 47598.759006399385,
  "totalUsdBalance": 586.2125336981408
}