{
  "ethBalance": 0.038589031500035925,
  "usdtBalance": 0,
  "usdcBalance": 0,
  "kenduBalance": 35199894.08324558,
  "ethBalanceInUsd": 128.39303971660453,
  "kenduBalanceInUsd": 1712.4748471498974,
  "totalUsdBalance": 128.39303971660453
}