{
  "ethBalance": 0.5002741579676101,
  "usdtBalance": 0,
  "usdcBalance": 100,
  "kenduBalance": 4855925261.348792,
  "ethBalanceInUsd": 1244.7321324392105,
  "kenduBalanceInUsd": 114065.68438908312,
  "totalUsdBalance": 1344.7321324392105
}