{
  "ethBalance": 0.3119048631851912,
  "usdtBalance": 0,
  "usdcBalance": 0.463046,
  "kenduBalance": 4175387837.757599,
  "ethBalanceInUsd": 608.2986975241828,
  "kenduBalanceInUsd": 31649.4398102026,
  "totalUsdBalance": 608.7617435241827
}