{
  "ethBalance": 0.038589031500035925,
  "usdtBalance": 0,
  "usdcBalance": 0,
  "kenduBalance": 35199894.08324558,
  "ethBalanceInUsd": 106.15765387596883,
  "kenduBalanceInUsd": 1323.8680164708665,
  "totalUsdBalance": 106.15765387596883
}