{
  "ethBalance": 0.727034011230498,
  "usdtBalance": 0,
  "usdcBalance": null,
  "kenduBalance": 4482236645.828448,
  "ethBalanceInUsd": 2905.3805860194284,
  "kenduBalanceInUsd": 44777.544091826196,
  "totalUsdBalance": null
}