{
  "ethBalance": 0.11064889545570843,
  "usdtBalance": 0,
  "usdcBalance": 0,
  "kenduBalance": 11696082608.223656,
  "ethBalanceInUsd": 376.8900547233249,
  "kenduBalanceInUsd": 320472.66346532817,
  "totalUsdBalance": 376.8900547233249
}