{
  "ethBalance": 0.0660488809860724,
  "usdtBalance": 0,
  "usdcBalance": 0,
  "kenduBalance": 7622102282.100412,
  "ethBalanceInUsd": 180.8841074236973,
  "kenduBalanceInUsd": 65931.18474016857,
  "totalUsdBalance": 180.8841074236973
}