{
  "ethBalance": 0.04272247540230626,
  "usdtBalance": 0,
  "usdcBalance": 0,
  "kenduBalance": 517214787.4674407,
  "ethBalanceInUsd": 112.1067660289298,
  "kenduBalanceInUsd": 29434.693554772053,
  "totalUsdBalance": 112.1067660289298
}