{
  "ethBalance": 0.0624422229661258,
  "usdtBalance": 0,
  "usdcBalance": 0,
  "kenduBalance": 6384544426.92592,
  "ethBalanceInUsd": 125.88726803308758,
  "kenduBalanceInUsd": 47054.092426444025,
  "totalUsdBalance": 125.88726803308758
}