{
  "ethBalance": 0.04272247540230626,
  "usdtBalance": 0,
  "usdcBalance": 0,
  "kenduBalance": 517214787.4674407,
  "ethBalanceInUsd": 111.97859860272288,
  "kenduBalanceInUsd": 29563.997251638913,
  "totalUsdBalance": 111.97859860272288
}