{
  "ethBalance": 0.04272247540230626,
  "usdtBalance": 0,
  "usdcBalance": 0,
  "kenduBalance": 517214787.4674407,
  "ethBalanceInUsd": 112.18751150744015,
  "kenduBalanceInUsd": 29269.18482278247,
  "totalUsdBalance": 112.18751150744015
}