{
  "ethBalance": 0.04459919224178026,
  "usdtBalance": 0,
  "usdcBalance": 0,
  "kenduBalance": 517214787.4674407,
  "ethBalanceInUsd": 105.65771638038953,
  "kenduBalanceInUsd": 29527.79221651619,
  "totalUsdBalance": 105.65771638038953
}