{
  "ethBalance": 0.038589031500035925,
  "usdtBalance": 0,
  "usdcBalance": 0,
  "kenduBalance": 35199894.08324558,
  "ethBalanceInUsd": 103.40818538159127,
  "kenduBalanceInUsd": 1210.876356463648,
  "totalUsdBalance": 103.40818538159127
}