{
  "ethBalance": 0.038589031500035925,
  "usdtBalance": 0,
  "usdcBalance": 0,
  "kenduBalance": 35199894.08324558,
  "ethBalanceInUsd": 93.53402400136207,
  "kenduBalanceInUsd": 1685.722927646631,
  "totalUsdBalance": 93.53402400136207
}