{
  "ethBalance": 0.04272247540230626,
  "usdtBalance": 0,
  "usdcBalance": 0,
  "kenduBalance": 517214787.4674407,
  "ethBalanceInUsd": 103.74469591843639,
  "kenduBalanceInUsd": 24179.79131410285,
  "totalUsdBalance": 103.74469591843639
}