{
  "ethBalance": 0.038589031500035925,
  "usdtBalance": 0,
  "usdcBalance": 0,
  "kenduBalance": 35199894.08324558,
  "ethBalanceInUsd": 142.18205834251236,
  "kenduBalanceInUsd": 680.0619536883047,
  "totalUsdBalance": 142.18205834251236
}