{
  "ethBalance": 0.04272247540230626,
  "usdtBalance": 0,
  "usdcBalance": 0,
  "kenduBalance": 517214787.4674407,
  "ethBalanceInUsd": 101.69444432387971,
  "kenduBalanceInUsd": 26719.315920567988,
  "totalUsdBalance": 101.69444432387971
}