{
  "ethBalance": 0.04459919224178026,
  "usdtBalance": 0,
  "usdcBalance": 0,
  "kenduBalance": 517214787.4674407,
  "ethBalanceInUsd": 112.71152462534948,
  "kenduBalanceInUsd": 34198.24174734718,
  "totalUsdBalance": 112.71152462534948
}