{
  "ethBalance": 0.3579488855246269,
  "usdtBalance": 0,
  "usdcBalance": 0,
  "kenduBalance": 3705282011.416198,
  "ethBalanceInUsd": 566.8693320499307,
  "kenduBalanceInUsd": 45352.65181973426,
  "totalUsdBalance": 566.8693320499307
}