{
  "ethBalance": 0.5002741579676101,
  "usdtBalance": 0,
  "usdcBalance": 100,
  "kenduBalance": 4855925261.348792,
  "ethBalanceInUsd": 1331.7047948018796,
  "kenduBalanceInUsd": 147231.6539240954,
  "totalUsdBalance": 1431.7047948018796
}