{
  "ethBalance": 0.5002741579676101,
  "usdtBalance": 0,
  "usdcBalance": 100,
  "kenduBalance": 4855925261.348792,
  "ethBalanceInUsd": 1285.2343282682684,
  "kenduBalanceInUsd": 112948.82157897291,
  "totalUsdBalance": 1385.2343282682684
}