{
  "ethBalance": 0.038589031500035925,
  "usdtBalance": 0,
  "usdcBalance": 0,
  "kenduBalance": 35199894.08324558,
  "ethBalanceInUsd": 152.70027065847717,
  "kenduBalanceInUsd": 1361.8839020807716,
  "totalUsdBalance": 152.70027065847717
}