{
  "ethBalance": 0.038589031500035925,
  "usdtBalance": 0,
  "usdcBalance": 0,
  "kenduBalance": 35199894.08324558,
  "ethBalanceInUsd": 121.31118065571793,
  "kenduBalanceInUsd": 1065.8527928406763,
  "totalUsdBalance": 121.31118065571793
}