{
  "ethBalance": 0.5002741579676101,
  "usdtBalance": 0,
  "usdcBalance": 100,
  "kenduBalance": 4855925261.348792,
  "ethBalanceInUsd": 1336.18224851569,
  "kenduBalanceInUsd": 154758.33807918598,
  "totalUsdBalance": 1436.18224851569
}