{
  "ethBalance": 0.038589031500035925,
  "usdtBalance": 0,
  "usdcBalance": 0,
  "kenduBalance": 35199894.08324558,
  "ethBalanceInUsd": 96.49418860772982,
  "kenduBalanceInUsd": 1632.9230865217626,
  "totalUsdBalance": 96.49418860772982
}