{
  "ethBalance": 0.11420553765466597,
  "usdtBalance": 0,
  "usdcBalance": 0,
  "kenduBalance": 11896082608.223656,
  "ethBalanceInUsd": 373.78673035608585,
  "kenduBalanceInUsd": 319647.73968296964,
  "totalUsdBalance": 373.78673035608585
}