{
  "ethBalance": 0.04272247540230626,
  "usdtBalance": 0,
  "usdcBalance": 0,
  "kenduBalance": 517214787.4674407,
  "ethBalanceInUsd": 111.74490666227226,
  "kenduBalanceInUsd": 28069.24651585801,
  "totalUsdBalance": 111.74490666227226
}