{
  "ethBalance": 0.3579488855246269,
  "usdtBalance": 0,
  "usdcBalance": 0,
  "kenduBalance": 3705282011.416198,
  "ethBalanceInUsd": 576.3871929160305,
  "kenduBalanceInUsd": 49836.04305354786,
  "totalUsdBalance": 576.3871929160305
}