{
  "ethBalance": 0.04272247540230626,
  "usdtBalance": 0,
  "usdcBalance": 0,
  "kenduBalance": 517214787.4674407,
  "ethBalanceInUsd": 110.57431083624905,
  "kenduBalanceInUsd": 30060.523447607655,
  "totalUsdBalance": 110.57431083624905
}