{
  "ethBalance": 0.8895064501468166,
  "usdtBalance": 0,
  "usdcBalance": null,
  "kenduBalance": 4730282940.56362,
  "ethBalanceInUsd": 3339.1449483996394,
  "kenduBalanceInUsd": 86233.05800647479,
  "totalUsdBalance": null
}