{
  "ethBalance": 0.038589031500035925,
  "usdtBalance": 0,
  "usdcBalance": 0,
  "kenduBalance": 35199894.08324558,
  "ethBalanceInUsd": 96.72263567421005,
  "kenduBalanceInUsd": 1566.043287763596,
  "totalUsdBalance": 96.72263567421005
}