{
  "ethBalance": 0.038589031500035925,
  "usdtBalance": 0,
  "usdcBalance": 0,
  "kenduBalance": 35199894.08324558,
  "ethBalanceInUsd": 128.51922584960965,
  "kenduBalanceInUsd": 527.2944133670188,
  "totalUsdBalance": 128.51922584960965
}