{
  "ethBalance": 0.045462183917402754,
  "usdtBalance": 0,
  "usdcBalance": 0,
  "kenduBalance": 307214787.46744066,
  "ethBalanceInUsd": 121.85638315036717,
  "kenduBalanceInUsd": 23004.24328556196,
  "totalUsdBalance": 121.85638315036717
}