{
  "ethBalance": 0.04459919224178026,
  "usdtBalance": 0,
  "usdcBalance": 0,
  "kenduBalance": 517214787.4674407,
  "ethBalanceInUsd": 112.6290161197022,
  "kenduBalanceInUsd": 34374.09477508611,
  "totalUsdBalance": 112.6290161197022
}