{
  "ethBalance": 0.038589031500035925,
  "usdtBalance": 0,
  "usdcBalance": 0,
  "kenduBalance": 35199894.08324558,
  "ethBalanceInUsd": 131.43964375353235,
  "kenduBalanceInUsd": 618.8141379834574,
  "totalUsdBalance": 131.43964375353235
}