{
  "ethBalance": 0.04459919224178026,
  "usdtBalance": 0,
  "usdcBalance": 0,
  "kenduBalance": 517214787.4674407,
  "ethBalanceInUsd": 101.89532852287294,
  "kenduBalanceInUsd": 27572.720319889268,
  "totalUsdBalance": 101.89532852287294
}