{
  "ethBalance": 0.5002741579676101,
  "usdtBalance": 0,
  "usdcBalance": 100,
  "kenduBalance": 4854925261.348792,
  "ethBalanceInUsd": 1197.5462738597057,
  "kenduBalanceInUsd": 175699.7452082128,
  "totalUsdBalance": 1297.5462738597057
}