{
  "ethBalance": 8.051792938400936,
  "usdtBalance": 22356.072978,
  "usdcBalance": 88.007775,
  "kenduBalance": 947823769.8171208,
  "ethBalanceInUsd": 18789.34192933489,
  "kenduBalanceInUsd": 98232.4555038464,
  "totalUsdBalance": 41233.42268233489
}