{
  "ethBalance": 0.038589031500035925,
  "usdtBalance": 0,
  "usdcBalance": 0,
  "kenduBalance": 35199894.08324558,
  "ethBalanceInUsd": 150.54082845573515,
  "kenduBalanceInUsd": 1133.4365894805076,
  "totalUsdBalance": 150.54082845573515
}