{
  "ethBalance": 0.12545362288007134,
  "usdtBalance": 71,
  "usdcBalance": 0,
  "kenduBalance": 13187362985.903593,
  "ethBalanceInUsd": 412.24938653751605,
  "kenduBalanceInUsd": 330870.9373163211,
  "totalUsdBalance": 483.24938653751605
}