{
  "ethBalance": 0.038589031500035925,
  "usdtBalance": 0,
  "usdcBalance": 0,
  "kenduBalance": 35199894.08324558,
  "ethBalanceInUsd": 142.12841958872733,
  "kenduBalanceInUsd": 1249.5962399552184,
  "totalUsdBalance": 142.12841958872733
}