{
  "ethBalance": 0.5002741579676101,
  "usdtBalance": 0,
  "usdcBalance": 100,
  "kenduBalance": 4855925261.348792,
  "ethBalanceInUsd": 1148.859592806298,
  "kenduBalanceInUsd": 95710.28690118469,
  "totalUsdBalance": 1248.859592806298
}