{
  "ethBalance": 1.4053936273325678,
  "usdtBalance": 3946.421819,
  "usdcBalance": 0,
  "kenduBalance": 13081629191.022676,
  "ethBalanceInUsd": 4411.48843438811,
  "kenduBalanceInUsd": 271705.438297541,
  "totalUsdBalance": 8357.91025338811
}