{
  "ethBalance": 0.04459919224178026,
  "usdtBalance": 0,
  "usdcBalance": 0,
  "kenduBalance": 517214787.4674407,
  "ethBalanceInUsd": 108.31582823799963,
  "kenduBalanceInUsd": 28539.911972453378,
  "totalUsdBalance": 108.31582823799963
}