{
  "ethBalance": 0.038589031500035925,
  "usdtBalance": 0,
  "usdcBalance": 0,
  "kenduBalance": 35199894.08324558,
  "ethBalanceInUsd": 97.42495604751069,
  "kenduBalanceInUsd": 1044.028858509064,
  "totalUsdBalance": 97.42495604751069
}