{
  "ethBalance": 0.038589031500035925,
  "usdtBalance": 0,
  "usdcBalance": 0,
  "kenduBalance": 35199894.08324558,
  "ethBalanceInUsd": 129.81813264990086,
  "kenduBalanceInUsd": 978.5570555142273,
  "totalUsdBalance": 129.81813264990086
}