{
  "ethBalance": 0.3579040556931112,
  "usdtBalance": 0,
  "usdcBalance": 0,
  "kenduBalance": 3646098337.9468102,
  "ethBalanceInUsd": 660.1218193609312,
  "kenduBalanceInUsd": 40581.074501348,
  "totalUsdBalance": 660.1218193609312
}