{
  "ethBalance": 0.3579488855246269,
  "usdtBalance": 0,
  "usdcBalance": 0,
  "kenduBalance": 3705282011.416198,
  "ethBalanceInUsd": 527.863641994312,
  "kenduBalanceInUsd": 39387.14778135418,
  "totalUsdBalance": 527.863641994312
}