{
  "ethBalance": 0.3603761199402911,
  "usdtBalance": 0,
  "usdcBalance": 154.403285,
  "kenduBalance": 4113980899.4295063,
  "ethBalanceInUsd": 555.3035632159946,
  "kenduBalanceInUsd": 36984.68828587126,
  "totalUsdBalance": 709.7068482159946
}