{
  "ethBalance": 0.5002741579676101,
  "usdtBalance": 0,
  "usdcBalance": 100,
  "kenduBalance": 4855925261.348792,
  "ethBalanceInUsd": 1106.6664703233096,
  "kenduBalanceInUsd": 88474.95826177498,
  "totalUsdBalance": 1206.6664703233096
}