{
  "ethBalance": 0.038589031500035925,
  "usdtBalance": 0,
  "usdcBalance": 0,
  "kenduBalance": 35199894.08324558,
  "ethBalanceInUsd": 110.4113228182178,
  "kenduBalanceInUsd": 1920.8582201227116,
  "totalUsdBalance": 110.4113228182178
}