{
  "ethBalance": 0.35779268808449755,
  "usdtBalance": 0,
  "usdcBalance": 0,
  "kenduBalance": 3546950453.60037,
  "ethBalanceInUsd": 639.8800212971963,
  "kenduBalanceInUsd": 37030.16273558786,
  "totalUsdBalance": 639.8800212971963
}