{
  "ethBalance": 0.038589031500035925,
  "usdtBalance": 0,
  "usdcBalance": 0,
  "kenduBalance": 35199894.08324558,
  "ethBalanceInUsd": 130.00490356236102,
  "kenduBalanceInUsd": 1166.1724909779264,
  "totalUsdBalance": 130.00490356236102
}