{
  "ethBalance": 0.038589031500035925,
  "usdtBalance": 0,
  "usdcBalance": 0,
  "kenduBalance": 35199894.08324558,
  "ethBalanceInUsd": 130.11603997308114,
  "kenduBalanceInUsd": 1164.7644952145965,
  "totalUsdBalance": 130.11603997308114
}