{
  "ethBalance": 0.04272247540230626,
  "usdtBalance": 0,
  "usdcBalance": 0,
  "kenduBalance": 517214787.4674407,
  "ethBalanceInUsd": 108.24166367928314,
  "kenduBalanceInUsd": 25705.574937131805,
  "totalUsdBalance": 108.24166367928314
}