{
  "ethBalance": 0.04272247540230626,
  "usdtBalance": 0,
  "usdcBalance": 0,
  "kenduBalance": 517214787.4674407,
  "ethBalanceInUsd": 113.78148706470019,
  "kenduBalanceInUsd": 29915.70330711677,
  "totalUsdBalance": 113.78148706470019
}