{
  "ethBalance": 0.0660488809860724,
  "usdtBalance": 0,
  "usdcBalance": 0,
  "kenduBalance": 7622102282.100412,
  "ethBalanceInUsd": 166.2688110390992,
  "kenduBalanceInUsd": 72257.52963431191,
  "totalUsdBalance": 166.2688110390992
}