{
  "ethBalance": 0.04272247540230626,
  "usdtBalance": 0,
  "usdcBalance": 0,
  "kenduBalance": 517214787.4674407,
  "ethBalanceInUsd": 102.38697565015109,
  "kenduBalanceInUsd": 25617.64842326234,
  "totalUsdBalance": 102.38697565015109
}