{
  "ethBalance": 0.5002741579676101,
  "usdtBalance": 0,
  "usdcBalance": 100,
  "kenduBalance": 4855925261.348792,
  "ethBalanceInUsd": 1213.3599399930617,
  "kenduBalanceInUsd": 109452.55539080178,
  "totalUsdBalance": 1313.3599399930617
}