{
  "ethBalance": 0.04272247540230626,
  "usdtBalance": 0,
  "usdcBalance": 0,
  "kenduBalance": 517214787.4674407,
  "ethBalanceInUsd": 107.99301887244172,
  "kenduBalanceInUsd": 29305.389857905193,
  "totalUsdBalance": 107.99301887244172
}