{
  "ethBalance": 0.038589031500035925,
  "usdtBalance": 0,
  "usdcBalance": 0,
  "kenduBalance": 35199894.08324558,
  "ethBalanceInUsd": 129.1285466569952,
  "kenduBalanceInUsd": 1061.9808044915192,
  "totalUsdBalance": 129.1285466569952
}