{
  "ethBalance": 0.038589031500035925,
  "usdtBalance": 0,
  "usdcBalance": 0,
  "kenduBalance": 35199894.08324558,
  "ethBalanceInUsd": 148.18766931486297,
  "kenduBalanceInUsd": 864.5093986845114,
  "totalUsdBalance": 148.18766931486297
}