{
  "ethBalance": 0.04272247540230626,
  "usdtBalance": 0,
  "usdcBalance": 0,
  "kenduBalance": 517214787.4674407,
  "ethBalanceInUsd": 113.25899119052998,
  "kenduBalanceInUsd": 28074.418663732682,
  "totalUsdBalance": 113.25899119052998
}