{
  "ethBalance": 0.038589031500035925,
  "usdtBalance": 0,
  "usdcBalance": 0,
  "kenduBalance": 35199894.08324558,
  "ethBalanceInUsd": 128.80092577955992,
  "kenduBalanceInUsd": 631.4860998534258,
  "totalUsdBalance": 128.80092577955992
}