{
  "ethBalance": 0.7404211583199757,
  "usdtBalance": 0,
  "usdcBalance": null,
  "kenduBalance": 4745282940.56362,
  "ethBalanceInUsd": 3473.6932684697495,
  "kenduBalanceInUsd": 83849.14955975916,
  "totalUsdBalance": null
}