{
  "ethBalance": 0.04459919224178026,
  "usdtBalance": 0,
  "usdcBalance": 0,
  "kenduBalance": 517214787.4674407,
  "ethBalanceInUsd": 110.11852758841239,
  "kenduBalanceInUsd": 32724.17960306497,
  "totalUsdBalance": 110.11852758841239
}