{
  "ethBalance": 0.04459919224178026,
  "usdtBalance": 0,
  "usdcBalance": 0,
  "kenduBalance": 517214787.4674407,
  "ethBalanceInUsd": 106.88241019934881,
  "kenduBalanceInUsd": 28002.00859348724,
  "totalUsdBalance": 106.88241019934881
}