{
  "ethBalance": 0.3117728554842481,
  "usdtBalance": 0,
  "usdcBalance": 0.463046,
  "kenduBalance": 4113980899.4295063,
  "ethBalanceInUsd": 567.6978393656028,
  "kenduBalanceInUsd": 44965.811230764506,
  "totalUsdBalance": 568.1608853656028
}