{
  "ethBalance": 0.045462183917402754,
  "usdtBalance": 0,
  "usdcBalance": 0,
  "kenduBalance": 307214787.46744066,
  "ethBalanceInUsd": 117.05784963788531,
  "kenduBalanceInUsd": 27071.76707163087,
  "totalUsdBalance": 117.05784963788531
}