{
  "ethBalance": 0.3579488855246269,
  "usdtBalance": 0,
  "usdcBalance": 0,
  "kenduBalance": 3705282011.416198,
  "ethBalanceInUsd": 529.3527093580944,
  "kenduBalanceInUsd": 39275.98932101169,
  "totalUsdBalance": 529.3527093580944
}