{
  "ethBalance": 4.092998430208601,
  "usdtBalance": 0,
  "usdcBalance": 0,
  "kenduBalance": 8310029020.399478,
  "ethBalanceInUsd": 11005.827198925115,
  "kenduBalanceInUsd": 121575.72456844436,
  "totalUsdBalance": 11005.827198925115
}