{
  "ethBalance": 0.038589031500035925,
  "usdtBalance": 0,
  "usdcBalance": 0,
  "kenduBalance": 35199894.08324558,
  "ethBalanceInUsd": 136.77766448093232,
  "kenduBalanceInUsd": 727.2298117598536,
  "totalUsdBalance": 136.77766448093232
}