{
  "ethBalance": 0.3117728554842481,
  "usdtBalance": 0,
  "usdcBalance": 0.463046,
  "kenduBalance": 4113980899.4295063,
  "ethBalanceInUsd": 594.9156096493778,
  "kenduBalanceInUsd": 46446.84435455913,
  "totalUsdBalance": 595.3786556493777
}