{
  "ethBalance": 0.04272247540230626,
  "usdtBalance": 0,
  "usdcBalance": 0,
  "kenduBalance": 517214787.4674407,
  "ethBalanceInUsd": 113.31196706002886,
  "kenduBalanceInUsd": 29595.030138886956,
  "totalUsdBalance": 113.31196706002886
}