{
  "ethBalance": 0.3579488855246269,
  "usdtBalance": 0,
  "usdcBalance": 0,
  "kenduBalance": 3705282011.416198,
  "ethBalanceInUsd": 578.982322336084,
  "kenduBalanceInUsd": 50317.729715031965,
  "totalUsdBalance": 578.982322336084
}