{
  "ethBalance": 18.27649738337883,
  "usdtBalance": 0,
  "usdcBalance": 0,
  "kenduBalance": 10805029020.399477,
  "ethBalanceInUsd": 50690.048257775015,
  "kenduBalanceInUsd": 162075.43530599217,
  "totalUsdBalance": 50690.048257775015
}