{
  "ethBalance": 0.04459919224178026,
  "usdtBalance": 0,
  "usdcBalance": 0,
  "kenduBalance": 517214787.4674407,
  "ethBalanceInUsd": 111.78073948326355,
  "kenduBalanceInUsd": 32734.523898814325,
  "totalUsdBalance": 111.78073948326355
}