{
  "ethBalance": 0.038589031500035925,
  "usdtBalance": 0,
  "usdcBalance": 0,
  "kenduBalance": 35199894.08324558,
  "ethBalanceInUsd": 122.55722048285409,
  "kenduBalanceInUsd": 1311.196054600898,
  "totalUsdBalance": 122.55722048285409
}