{
  "ethBalance": 0.35779268808449755,
  "usdtBalance": 0,
  "usdcBalance": 0,
  "kenduBalance": 3546950453.60037,
  "ethBalanceInUsd": 631.6579453250146,
  "kenduBalanceInUsd": 36675.46769022782,
  "totalUsdBalance": 631.6579453250146
}