{
  "ethBalance": 2.037084045317489,
  "usdtBalance": 0,
  "usdcBalance": 0,
  "kenduBalance": 8110029020.399477,
  "ethBalanceInUsd": 5334.776810398799,
  "kenduBalanceInUsd": 103646.17088070531,
  "totalUsdBalance": 5334.776810398799
}