{
  "ethBalance": 0.045462183917402754,
  "usdtBalance": 0,
  "usdcBalance": 0,
  "kenduBalance": 307214787.46744066,
  "ethBalanceInUsd": 117.38335887473391,
  "kenduBalanceInUsd": 20574.1743166945,
  "totalUsdBalance": 117.38335887473391
}