{
  "ethBalance": 0.04272247540230626,
  "usdtBalance": 0,
  "usdcBalance": 0,
  "kenduBalance": 517214787.4674407,
  "ethBalanceInUsd": 107.97507543277275,
  "kenduBalanceInUsd": 26771.037399314733,
  "totalUsdBalance": 107.97507543277275
}