{
  "ethBalance": 0.5002741579676101,
  "usdtBalance": 0,
  "usdcBalance": 100,
  "kenduBalance": 4855925261.348792,
  "ethBalanceInUsd": 1262.1566813612226,
  "kenduBalanceInUsd": 145920.5541035312,
  "totalUsdBalance": 1362.1566813612226
}