{
  "ethBalance": 0.5002741579676101,
  "usdtBalance": 0,
  "usdcBalance": 100,
  "kenduBalance": 4855925261.348792,
  "ethBalanceInUsd": 1406.6608718901668,
  "kenduBalanceInUsd": 153690.03452168926,
  "totalUsdBalance": 1506.6608718901668
}