{
  "ethBalance": 0.5002741579676101,
  "usdtBalance": 0,
  "usdcBalance": 100,
  "kenduBalance": 4855925261.348792,
  "ethBalanceInUsd": 1321.9344404967724,
  "kenduBalanceInUsd": 166703.914222104,
  "totalUsdBalance": 1421.9344404967724
}