{
  "ethBalance": 0.038589031500035925,
  "usdtBalance": 0,
  "usdcBalance": 0,
  "kenduBalance": 35199894.08324558,
  "ethBalanceInUsd": 98.63626574629683,
  "kenduBalanceInUsd": 1639.2590674567468,
  "totalUsdBalance": 98.63626574629683
}