{
  "ethBalance": 0.35779268808449755,
  "usdtBalance": 0,
  "usdcBalance": 0,
  "kenduBalance": 3546950453.60037,
  "ethBalanceInUsd": 717.1918653384945,
  "kenduBalanceInUsd": 47777.42260999698,
  "totalUsdBalance": 717.1918653384945
}