{
  "ethBalance": 0.5003787794104239,
  "usdtBalance": 0,
  "usdcBalance": 100,
  "kenduBalance": 4983259435.840917,
  "ethBalanceInUsd": 1224.6820663948065,
  "kenduBalanceInUsd": 183483.61242766256,
  "totalUsdBalance": 1324.6820663948065
}