{
  "ethBalance": 0.04459919224178026,
  "usdtBalance": 0,
  "usdcBalance": 0,
  "kenduBalance": 517214787.4674407,
  "ethBalanceInUsd": 105.70722148377789,
  "kenduBalanceInUsd": 29770.88316662589,
  "totalUsdBalance": 105.70722148377789
}