{
  "ethBalance": 0.3579040556931112,
  "usdtBalance": 0,
  "usdcBalance": 0,
  "kenduBalance": 3646098337.9468102,
  "ethBalanceInUsd": 656.446144708963,
  "kenduBalanceInUsd": 39706.01090024077,
  "totalUsdBalance": 656.446144708963
}