{
  "ethBalance": 0.35779268808449755,
  "usdtBalance": 0,
  "usdcBalance": 0,
  "kenduBalance": 3546950453.60037,
  "ethBalanceInUsd": 654.6819048032519,
  "kenduBalanceInUsd": 38200.65638527599,
  "totalUsdBalance": 654.6819048032519
}