{
  "ethBalance": 0.5002741579676101,
  "usdtBalance": 0,
  "usdcBalance": 100,
  "kenduBalance": 4855925261.348792,
  "ethBalanceInUsd": 1207.1415322095245,
  "kenduBalanceInUsd": 164712.98486495102,
  "totalUsdBalance": 1307.1415322095245
}