{
  "ethBalance": 0.11828269992644785,
  "usdtBalance": 0,
  "usdcBalance": 0,
  "kenduBalance": 12696082608.223658,
  "ethBalanceInUsd": 386.6625975785602,
  "kenduBalanceInUsd": 309657.454814575,
  "totalUsdBalance": 386.6625975785602
}