{
  "ethBalance": 0.04272247540230626,
  "usdtBalance": 0,
  "usdcBalance": 0,
  "kenduBalance": 517214787.4674407,
  "ethBalanceInUsd": 103.98906847773758,
  "kenduBalanceInUsd": 23755.675188379555,
  "totalUsdBalance": 103.98906847773758
}