{
  "ethBalance": 0.04272247540230626,
  "usdtBalance": 0,
  "usdcBalance": 0,
  "kenduBalance": 517214787.4674407,
  "ethBalanceInUsd": 111.78122076636421,
  "kenduBalanceInUsd": 30112.2449263544,
  "totalUsdBalance": 111.78122076636421
}