{
  "ethBalance": 0.11828269992644785,
  "usdtBalance": 0,
  "usdcBalance": 0,
  "kenduBalance": 12696082608.223658,
  "ethBalanceInUsd": 384.8788944636694,
  "kenduBalanceInUsd": 328066.77459649934,
  "totalUsdBalance": 384.8788944636694
}