{
  "ethBalance": 0.038589031500035925,
  "usdtBalance": 0,
  "usdcBalance": 0,
  "kenduBalance": 35199894.08324558,
  "ethBalanceInUsd": 142.98663964928812,
  "kenduBalanceInUsd": 1231.644293972763,
  "totalUsdBalance": 142.98663964928812
}