{
  "ethBalance": 0.038589031500035925,
  "usdtBalance": 0,
  "usdcBalance": 0,
  "kenduBalance": 35199894.08324558,
  "ethBalanceInUsd": 142.4510238920676,
  "kenduBalanceInUsd": 1130.2685990130158,
  "totalUsdBalance": 142.4510238920676
}