{
  "ethBalance": 0.038589031500035925,
  "usdtBalance": 0,
  "usdcBalance": 0,
  "kenduBalance": 35199894.08324558,
  "ethBalanceInUsd": 154.10298195350347,
  "kenduBalanceInUsd": 1670.5869731908356,
  "totalUsdBalance": 154.10298195350347
}