{
  "ethBalance": 0.3117728554842481,
  "usdtBalance": 0,
  "usdcBalance": 0.463046,
  "kenduBalance": 4113980899.4295063,
  "ethBalanceInUsd": 567.1865318826087,
  "kenduBalanceInUsd": 45089.23065774739,
  "totalUsdBalance": 567.6495778826087
}