{
  "ethBalance": 13.47560135212183,
  "usdtBalance": 3949.089252,
  "usdcBalance": 8005.206012,
  "kenduBalance": 10805029020.399477,
  "ethBalanceInUsd": 41005.04211038503,
  "kenduBalanceInUsd": 141005.6287162132,
  "totalUsdBalance": 52959.33737438503
}