{
  "ethBalance": 0.5002741579676101,
  "usdtBalance": 0,
  "usdcBalance": 100,
  "kenduBalance": 4855925261.348792,
  "ethBalanceInUsd": 1271.246662811494,
  "kenduBalanceInUsd": 124457.36444836954,
  "totalUsdBalance": 1371.246662811494
}