{
  "ethBalance": 0.0660488809860724,
  "usdtBalance": 0,
  "usdcBalance": 0,
  "kenduBalance": 7622102282.100412,
  "ethBalanceInUsd": 164.92603728865237,
  "kenduBalanceInUsd": 58461.524503710156,
  "totalUsdBalance": 164.92603728865237
}