{
  "ethBalance": 0.038589031500035925,
  "usdtBalance": 0,
  "usdcBalance": 0,
  "kenduBalance": 35199894.08324558,
  "ethBalanceInUsd": 129.4453626056105,
  "kenduBalanceInUsd": 936.669181555165,
  "totalUsdBalance": 129.4453626056105
}