{
  "ethBalance": 0.5002741579676101,
  "usdtBalance": 0,
  "usdcBalance": 100,
  "kenduBalance": 4855925261.348792,
  "ethBalanceInUsd": 1248.974457298776,
  "kenduBalanceInUsd": 116833.56178805194,
  "totalUsdBalance": 1348.974457298776
}