{
  "ethBalance": 0.038589031500035925,
  "usdtBalance": 0,
  "usdcBalance": 0,
  "kenduBalance": 35199894.08324558,
  "ethBalanceInUsd": 129.83742716565087,
  "kenduBalanceInUsd": 258.3672225710226,
  "totalUsdBalance": 129.83742716565087
}