{
  "ethBalance": 0.038589031500035925,
  "usdtBalance": 0,
  "usdcBalance": 0,
  "kenduBalance": 35199894.08324558,
  "ethBalanceInUsd": 125.33447307991167,
  "kenduBalanceInUsd": 679.0059568658073,
  "totalUsdBalance": 125.33447307991167
}