{
  "ethBalance": 0.5002741579676101,
  "usdtBalance": 0,
  "usdcBalance": 100,
  "kenduBalance": 4855925261.348792,
  "ethBalanceInUsd": 1326.0667050415846,
  "kenduBalanceInUsd": 151844.7829223767,
  "totalUsdBalance": 1426.0667050415846
}