{
  "ethBalance": 0.3196155371451788,
  "usdtBalance": 0,
  "usdcBalance": 884.463046,
  "kenduBalance": 5453954448.539579,
  "ethBalanceInUsd": 650.8650798424421,
  "kenduBalanceInUsd": 35996.09936036122,
  "totalUsdBalance": 1535.3281258424422
}