{
  "ethBalance": 0.30943876692005484,
  "usdtBalance": 0,
  "usdcBalance": 0,
  "kenduBalance": 8110029020.399477,
  "ethBalanceInUsd": 842.5801016096249,
  "kenduBalanceInUsd": 101618.66362560545,
  "totalUsdBalance": 842.5801016096249
}