{
  "ethBalance": 18.27649738337883,
  "usdtBalance": 0,
  "usdcBalance": 0,
  "kenduBalance": 10805029020.399477,
  "ethBalanceInUsd": 52680.17605785114,
  "kenduBalanceInUsd": 160886.8821137482,
  "totalUsdBalance": 52680.17605785114
}