{
  "ethBalance": 0.3119048631851912,
  "usdtBalance": 0,
  "usdcBalance": 0.463046,
  "kenduBalance": 4175387837.757599,
  "ethBalanceInUsd": 644.2519711035397,
  "kenduBalanceInUsd": 58079.644823208204,
  "totalUsdBalance": 644.7150171035397
}