{
  "ethBalance": 0.35703877941042383,
  "usdtBalance": 0,
  "usdcBalance": 0,
  "kenduBalance": 4855947774.956796,
  "ethBalanceInUsd": 926.1550234028452,
  "kenduBalanceInUsd": 139025.78479701307,
  "totalUsdBalance": 926.1550234028452
}