{
  "ethBalance": 0.3579488855246269,
  "usdtBalance": 0,
  "usdcBalance": 0,
  "kenduBalance": 3705282011.416198,
  "ethBalanceInUsd": 590.4581636060035,
  "kenduBalanceInUsd": 48613.29998978051,
  "totalUsdBalance": 590.4581636060035
}