{
  "ethBalance": 0.5002741579676101,
  "usdtBalance": 0,
  "usdcBalance": 100,
  "kenduBalance": 4855925261.348792,
  "ethBalanceInUsd": 1289.351584588342,
  "kenduBalanceInUsd": 108869.84435943991,
  "totalUsdBalance": 1389.351584588342
}