{
  "ethBalance": 8.051792938400936,
  "usdtBalance": 22380.187863,
  "usdcBalance": 88.007775,
  "kenduBalance": 947823769.8171208,
  "ethBalanceInUsd": 20199.77449835458,
  "kenduBalanceInUsd": 111047.03287177387,
  "totalUsdBalance": 42667.97013635458
}