{
  "ethBalance": 0.04459919224178026,
  "usdtBalance": 0,
  "usdcBalance": 0,
  "kenduBalance": 517214787.4674407,
  "ethBalanceInUsd": 110.1591128533524,
  "kenduBalanceInUsd": 30215.687883847888,
  "totalUsdBalance": 110.1591128533524
}