{
  "ethBalance": 0.038589031500035925,
  "usdtBalance": 0,
  "usdcBalance": 0,
  "kenduBalance": 35199894.08324558,
  "ethBalanceInUsd": 124.7047000858311,
  "kenduBalanceInUsd": 708.5738678957335,
  "totalUsdBalance": 124.7047000858311
}