{
  "ethBalance": 0.35703877941042383,
  "usdtBalance": 0,
  "usdcBalance": 0,
  "kenduBalance": 4855947774.956796,
  "ethBalanceInUsd": 879.1294457666985,
  "kenduBalanceInUsd": 154613.37715462438,
  "totalUsdBalance": 879.1294457666985
}