{
  "ethBalance": 0.038589031500035925,
  "usdtBalance": 0,
  "usdcBalance": 0,
  "kenduBalance": 35199894.08324558,
  "ethBalanceInUsd": 127.16668029553338,
  "kenduBalanceInUsd": 811.7095575596431,
  "totalUsdBalance": 127.16668029553338
}