{
  "ethBalance": 0.5002741579676101,
  "usdtBalance": 0,
  "usdcBalance": 100,
  "kenduBalance": 4855925261.348792,
  "ethBalanceInUsd": 1310.9684309541224,
  "kenduBalanceInUsd": 134266.3334762941,
  "totalUsdBalance": 1410.9684309541224
}