{
  "ethBalance": 0.038589031500035925,
  "usdtBalance": 0,
  "usdcBalance": 0,
  "kenduBalance": 35199894.08324558,
  "ethBalanceInUsd": 128.00907885317918,
  "kenduBalanceInUsd": 1015.8689432424676,
  "totalUsdBalance": 128.00907885317918
}