{
  "ethBalance": 0.038589031500035925,
  "usdtBalance": 0,
  "usdcBalance": 0,
  "kenduBalance": 35199894.08324558,
  "ethBalanceInUsd": 96.80791743382512,
  "kenduBalanceInUsd": 1695.9308969307722,
  "totalUsdBalance": 96.80791743382512
}