{
  "ethBalance": 0.038589031500035925,
  "usdtBalance": 0,
  "usdcBalance": 0,
  "kenduBalance": 35199894.08324558,
  "ethBalanceInUsd": 121.68240713874827,
  "kenduBalanceInUsd": 1128.860603249686,
  "totalUsdBalance": 121.68240713874827
}