{
  "ethBalance": 0.045462183917402754,
  "usdtBalance": 0,
  "usdcBalance": 0,
  "kenduBalance": 307214787.46744066,
  "ethBalanceInUsd": 118.22622776456255,
  "kenduBalanceInUsd": 29802.906532216417,
  "totalUsdBalance": 118.22622776456255
}