{
  "ethBalance": 0.0660488809860724,
  "usdtBalance": 0,
  "usdcBalance": 0,
  "kenduBalance": 7622102282.100412,
  "ethBalanceInUsd": 159.3739683529631,
  "kenduBalanceInUsd": 56937.10404729008,
  "totalUsdBalance": 159.3739683529631
}