{
  "ethBalance": 0.3196155371451788,
  "usdtBalance": 0,
  "usdcBalance": 884.463046,
  "kenduBalance": 5453954448.539579,
  "ethBalanceInUsd": 609.8871718250588,
  "kenduBalanceInUsd": 38395.839317718644,
  "totalUsdBalance": 1494.3502178250587
}