{
  "ethBalance": 0.3196155371451788,
  "usdtBalance": 0,
  "usdcBalance": 884.463046,
  "kenduBalance": 5453954448.539579,
  "ethBalanceInUsd": 612.6582385321075,
  "kenduBalanceInUsd": 38450.37886220404,
  "totalUsdBalance": 1497.1212845321074
}