{
  "ethBalance": 0.3579488855246269,
  "usdtBalance": 0,
  "usdcBalance": 0,
  "kenduBalance": 3705282011.416198,
  "ethBalanceInUsd": 570.523990171137,
  "kenduBalanceInUsd": 39609.46470203915,
  "totalUsdBalance": 570.523990171137
}