{
  "ethBalance": 9.40272155275617,
  "usdtBalance": 3949.089252,
  "usdcBalance": 8005.206012,
  "kenduBalance": 11652025441.98484,
  "ethBalanceInUsd": 29514.860872455032,
  "kenduBalanceInUsd": 247838.58115101757,
  "totalUsdBalance": 41469.156136455036
}