{
  "ethBalance": 0.038589031500035925,
  "usdtBalance": 0,
  "usdcBalance": 0,
  "kenduBalance": 35199894.08324558,
  "ethBalanceInUsd": 152.36068718127683,
  "kenduBalanceInUsd": 1696.634894812437,
  "totalUsdBalance": 152.36068718127683
}