{
  "ethBalance": 0.038589031500035925,
  "usdtBalance": 0,
  "usdcBalance": 0,
  "kenduBalance": 35199894.08324558,
  "ethBalanceInUsd": 131.27834160186222,
  "kenduBalanceInUsd": 878.2373573769773,
  "totalUsdBalance": 131.27834160186222
}