{
  "ethBalance": 0.038589031500035925,
  "usdtBalance": 0,
  "usdcBalance": 0,
  "kenduBalance": 35199894.08324558,
  "ethBalanceInUsd": 152.05081725833156,
  "kenduBalanceInUsd": 896.8933012410974,
  "totalUsdBalance": 152.05081725833156
}