{
  "ethBalance": 0.9901811623811279,
  "usdtBalance": 0,
  "usdcBalance": null,
  "kenduBalance": 4558502396.376256,
  "ethBalanceInUsd": 4248.758447849558,
  "kenduBalanceInUsd": 64639.56398061531,
  "totalUsdBalance": null
}