{
  "ethBalance": 0.038589031500035925,
  "usdtBalance": 0,
  "usdcBalance": 0,
  "kenduBalance": 35199894.08324558,
  "ethBalanceInUsd": 132.73623521193358,
  "kenduBalanceInUsd": 640.2860733742372,
  "totalUsdBalance": 132.73623521193358
}