{
  "ethBalance": 0.04459919224178026,
  "usdtBalance": 0,
  "usdcBalance": 0,
  "kenduBalance": 517214787.4674407,
  "ethBalanceInUsd": 99.71353603840505,
  "kenduBalanceInUsd": 20000.695831365934,
  "totalUsdBalance": 99.71353603840505
}