{
  "ethBalance": 0.5002741579676101,
  "usdtBalance": 0,
  "usdcBalance": 100,
  "kenduBalance": 4855925261.348792,
  "ethBalanceInUsd": 1254.6225525422303,
  "kenduBalanceInUsd": 160099.85586666968,
  "totalUsdBalance": 1354.6225525422303
}