{
  "ethBalance": 0.5002741579676101,
  "usdtBalance": 0,
  "usdcBalance": 100,
  "kenduBalance": 4855925261.348792,
  "ethBalanceInUsd": 1258.7598198286223,
  "kenduBalanceInUsd": 124991.51622711791,
  "totalUsdBalance": 1358.7598198286223
}