{
  "ethBalance": 0.10788809429719365,
  "usdtBalance": 3946.421819,
  "usdcBalance": 0,
  "kenduBalance": 13268928669.075045,
  "ethBalanceInUsd": 358.57363356332394,
  "kenduBalanceInUsd": 343797.94181573443,
  "totalUsdBalance": 4304.995452563324
}