{
  "ethBalance": 0.3196155371451788,
  "usdtBalance": 0,
  "usdcBalance": 884.463046,
  "kenduBalance": 5453954448.539579,
  "ethBalanceInUsd": 617.5547485611717,
  "kenduBalanceInUsd": 38232.22068426245,
  "totalUsdBalance": 1502.0177945611717
}