{
  "ethBalance": 0.35779268808449755,
  "usdtBalance": 0,
  "usdcBalance": 0,
  "kenduBalance": 3546950453.60037,
  "ethBalanceInUsd": 654.9466713924345,
  "kenduBalanceInUsd": 38165.18688073998,
  "totalUsdBalance": 654.9466713924345
}