{
  "ethBalance": 0.5002741579676101,
  "usdtBalance": 0,
  "usdcBalance": null,
  "kenduBalance": 4855925261.348792,
  "ethBalanceInUsd": 1275.6941000758259,
  "kenduBalanceInUsd": 99934.94187855814,
  "totalUsdBalance": null
}