{
  "ethBalance": 9.10422137863313,
  "usdtBalance": 3949.089252,
  "usdcBalance": 8005.206012,
  "kenduBalance": 11696089876.58079,
  "ethBalanceInUsd": 28480.280527709085,
  "kenduBalanceInUsd": 265969.0837934471,
  "totalUsdBalance": 40434.57579170909
}