{
  "ethBalance": 18.27649738337883,
  "usdtBalance": 0,
  "usdcBalance": 0,
  "kenduBalance": 10805029020.399477,
  "ethBalanceInUsd": 48842.47713728925,
  "kenduBalanceInUsd": 155700.46818395646,
  "totalUsdBalance": 48842.47713728925
}