{
  "ethBalance": 0.3579488855246269,
  "usdtBalance": 0,
  "usdcBalance": 0,
  "kenduBalance": 3705282011.416198,
  "ethBalanceInUsd": 564.9829414232158,
  "kenduBalanceInUsd": 38646.091379070946,
  "totalUsdBalance": 564.9829414232158
}