{
  "ethBalance": 0.045462183917402754,
  "usdtBalance": 0,
  "usdcBalance": 0,
  "kenduBalance": 307214787.46744066,
  "ethBalanceInUsd": 123.36845538745999,
  "kenduBalanceInUsd": 24500.37930052839,
  "totalUsdBalance": 123.36845538745999
}