{
  "ethBalance": 13.47560135212183,
  "usdtBalance": 3949.089252,
  "usdcBalance": 8005.206012,
  "kenduBalance": 10805029020.399477,
  "ethBalanceInUsd": 44437.68204281103,
  "kenduBalanceInUsd": 191465.11424147873,
  "totalUsdBalance": 56391.97730681103
}