{
  "ethBalance": 0.038589031500035925,
  "usdtBalance": 0,
  "usdcBalance": 0,
  "kenduBalance": 35199894.08324558,
  "ethBalanceInUsd": 127.3928120201236,
  "kenduBalanceInUsd": 320.6710350983672,
  "totalUsdBalance": 127.3928120201236
}