{
  "ethBalance": 0.04272247540230626,
  "usdtBalance": 0,
  "usdcBalance": 0,
  "kenduBalance": 517214787.4674407,
  "ethBalanceInUsd": 108.54371158037745,
  "kenduBalanceInUsd": 28679.559965069588,
  "totalUsdBalance": 108.54371158037745
}