{
  "ethBalance": 0.3579488855246269,
  "usdtBalance": 0,
  "usdcBalance": 0,
  "kenduBalance": 3705282011.416198,
  "ethBalanceInUsd": 558.1031638434325,
  "kenduBalanceInUsd": 40906.313406034824,
  "totalUsdBalance": 558.1031638434325
}