{
  "ethBalance": 0.04459919224178026,
  "usdtBalance": 0,
  "usdcBalance": 0,
  "kenduBalance": 517214787.4674407,
  "ethBalanceInUsd": 109.10746390029122,
  "kenduBalanceInUsd": 28860.585140683193,
  "totalUsdBalance": 109.10746390029122
}