{
  "ethBalance": 0.045462183917402754,
  "usdtBalance": 0,
  "usdcBalance": 0,
  "kenduBalance": 307214787.46744066,
  "ethBalanceInUsd": 121.41221761349414,
  "kenduBalanceInUsd": 24110.21652044474,
  "totalUsdBalance": 121.41221761349414
}