{
  "ethBalance": 0.3117728554842481,
  "usdtBalance": 0,
  "usdcBalance": 0.463046,
  "kenduBalance": 4113980899.4295063,
  "ethBalanceInUsd": 567.4608919954347,
  "kenduBalanceInUsd": 49203.211557176895,
  "totalUsdBalance": 567.9239379954347
}