{
  "ethBalance": 0.5002741579676101,
  "usdtBalance": 0,
  "usdcBalance": 100,
  "kenduBalance": 4855925261.348792,
  "ethBalanceInUsd": 1266.133860917065,
  "kenduBalanceInUsd": 124554.48295359651,
  "totalUsdBalance": 1366.133860917065
}