{
  "ethBalance": 0.3117728554842481,
  "usdtBalance": 0,
  "usdcBalance": 0.463046,
  "kenduBalance": 4113980899.4295063,
  "ethBalanceInUsd": 556.5706661533701,
  "kenduBalanceInUsd": 47393.05996142791,
  "totalUsdBalance": 557.0337121533701
}