{
  "ethBalance": 3.9773126053695473,
  "usdtBalance": 0,
  "usdcBalance": 0,
  "kenduBalance": 8110029020.399477,
  "ethBalanceInUsd": 10474.173199988596,
  "kenduBalanceInUsd": 104538.27407294927,
  "totalUsdBalance": 10474.173199988596
}