{
  "ethBalance": 0.9902157498683816,
  "usdtBalance": 0,
  "usdcBalance": null,
  "kenduBalance": 4558502396.376256,
  "ethBalanceInUsd": 4281.2968161309345,
  "kenduBalanceInUsd": 60901.592015586786,
  "totalUsdBalance": null
}