{
  "ethBalance": 13.47560135212183,
  "usdtBalance": 3949.089252,
  "usdcBalance": 8005.206012,
  "kenduBalance": 10805029020.399477,
  "ethBalanceInUsd": 40652.52037901353,
  "kenduBalanceInUsd": 143058.58423008907,
  "totalUsdBalance": 52606.81564301353
}