{
  "ethBalance": 0.04459919224178026,
  "usdtBalance": 0,
  "usdcBalance": 0,
  "kenduBalance": 517214787.4674407,
  "ethBalanceInUsd": 101.88061078943316,
  "kenduBalanceInUsd": 23724.642301131506,
  "totalUsdBalance": 101.88061078943316
}