{
  "ethBalance": 0.5002741579676101,
  "usdtBalance": 0,
  "usdcBalance": 100,
  "kenduBalance": 4855925261.348792,
  "ethBalanceInUsd": 1288.9663734867067,
  "kenduBalanceInUsd": 116930.68029327891,
  "totalUsdBalance": 1388.9663734867067
}