{
  "ethBalance": 0.0624422229661258,
  "usdtBalance": 0,
  "usdcBalance": 0,
  "kenduBalance": 6384544426.92592,
  "ethBalanceInUsd": 121.72362060570633,
  "kenduBalanceInUsd": 46032.56531813588,
  "totalUsdBalance": 121.72362060570633
}