{
  "ethBalance": 0.045462183917402754,
  "usdtBalance": 0,
  "usdcBalance": 0,
  "kenduBalance": 307214787.46744066,
  "ethBalanceInUsd": 118.38534540827347,
  "kenduBalanceInUsd": 24875.181341238673,
  "totalUsdBalance": 118.38534540827347
}