{
  "ethBalance": 0.35779268808449755,
  "usdtBalance": 0,
  "usdcBalance": 0,
  "kenduBalance": 3546950453.60037,
  "ethBalanceInUsd": 837.2992928015794,
  "kenduBalanceInUsd": 57567.005861934,
  "totalUsdBalance": 837.2992928015794
}