{
  "ethBalance": 0.04272247540230626,
  "usdtBalance": 0,
  "usdcBalance": 0,
  "kenduBalance": 517214787.4674407,
  "ethBalanceInUsd": 114.04337583891633,
  "kenduBalanceInUsd": 29253.668379158447,
  "totalUsdBalance": 114.04337583891633
}