{
  "ethBalance": 0.3579488855246269,
  "usdtBalance": 0,
  "usdcBalance": 0,
  "kenduBalance": 3705282011.416198,
  "ethBalanceInUsd": 544.7301934802324,
  "kenduBalanceInUsd": 37349.24267507527,
  "totalUsdBalance": 544.7301934802324
}