{
  "ethBalance": 0.5002741579676101,
  "usdtBalance": 0,
  "usdcBalance": 100,
  "kenduBalance": 4855925261.348792,
  "ethBalanceInUsd": 1289.9769272858014,
  "kenduBalanceInUsd": 123680.41640655373,
  "totalUsdBalance": 1389.9769272858014
}