{
  "ethBalance": 0.5002741579676101,
  "usdtBalance": 0,
  "usdcBalance": 100,
  "kenduBalance": 4855925261.348792,
  "ethBalanceInUsd": 1276.4795305038351,
  "kenduBalanceInUsd": 130284.47476198808,
  "totalUsdBalance": 1376.4795305038351
}