{
  "ethBalance": 0.5002741579676101,
  "usdtBalance": 0,
  "usdcBalance": 100,
  "kenduBalance": 4855925261.348792,
  "ethBalanceInUsd": 1254.8776923627938,
  "kenduBalanceInUsd": 116105.17299884962,
  "totalUsdBalance": 1354.8776923627938
}