{
  "ethBalance": 0.038589031500035925,
  "usdtBalance": 0,
  "usdcBalance": 0,
  "kenduBalance": 35199894.08324558,
  "ethBalanceInUsd": 121.64613344913825,
  "kenduBalanceInUsd": 473.08657647882063,
  "totalUsdBalance": 121.64613344913825
}