{
  "ethBalance": 0.038589031500035925,
  "usdtBalance": 0,
  "usdcBalance": 0,
  "kenduBalance": 35199894.08324558,
  "ethBalanceInUsd": 141.6792432620669,
  "kenduBalanceInUsd": 710.6858615407284,
  "totalUsdBalance": 141.6792432620669
}