{
  "ethBalance": 0.04459919224178026,
  "usdtBalance": 0,
  "usdcBalance": 0,
  "kenduBalance": 517214787.4674407,
  "ethBalanceInUsd": 110.91462316992816,
  "kenduBalanceInUsd": 32248.34199859493,
  "totalUsdBalance": 110.91462316992816
}