{
  "ethBalance": 0.04459919224178026,
  "usdtBalance": 0,
  "usdcBalance": 0,
  "kenduBalance": 517214787.4674407,
  "ethBalanceInUsd": 112.61786632164176,
  "kenduBalanceInUsd": 34425.816253832854,
  "totalUsdBalance": 112.61786632164176
}