{
  "ethBalance": 0.20528601123049806,
  "usdtBalance": 0,
  "usdcBalance": null,
  "kenduBalance": 4482236645.828448,
  "ethBalanceInUsd": 955.5509550549361,
  "kenduBalanceInUsd": 61272.17494847489,
  "totalUsdBalance": null
}