{
  "ethBalance": 0.038589031500035925,
  "usdtBalance": 0,
  "usdcBalance": 0,
  "kenduBalance": 35199894.08324558,
  "ethBalanceInUsd": 144.90528629546992,
  "kenduBalanceInUsd": 1406.9397665073259,
  "totalUsdBalance": 144.90528629546992
}