{
  "ethBalance": 0.045462183917402754,
  "usdtBalance": 0,
  "usdcBalance": 0,
  "kenduBalance": 307214787.46744066,
  "ethBalanceInUsd": 121.98322264349672,
  "kenduBalanceInUsd": 28985.71519755303,
  "totalUsdBalance": 121.98322264349672
}