{
  "ethBalance": 0.038589031500035925,
  "usdtBalance": 0,
  "usdcBalance": 0,
  "kenduBalance": 35199894.08324558,
  "ethBalanceInUsd": 120.7323451832174,
  "kenduBalanceInUsd": 738.8457768073248,
  "totalUsdBalance": 120.7323451832174
}