{
  "ethBalance": 0.038589031500035925,
  "usdtBalance": 0,
  "usdcBalance": 0,
  "kenduBalance": 35199894.08324558,
  "ethBalanceInUsd": 150.76310127717534,
  "kenduBalanceInUsd": 1127.1006085455235,
  "totalUsdBalance": 150.76310127717534
}