{
  "ethBalance": 0.038589031500035925,
  "usdtBalance": 0,
  "usdcBalance": 0,
  "kenduBalance": 35199894.08324558,
  "ethBalanceInUsd": 130.77282528921174,
  "kenduBalanceInUsd": 1171.8044740312455,
  "totalUsdBalance": 130.77282528921174
}