{
  "ethBalance": 0.3117728554842481,
  "usdtBalance": 0,
  "usdcBalance": 0.463046,
  "kenduBalance": 4113980899.4295063,
  "ethBalanceInUsd": 574.4726635152755,
  "kenduBalanceInUsd": 45459.48893869604,
  "totalUsdBalance": 574.9357095152754
}