{
  "ethBalance": 0.35779268808449755,
  "usdtBalance": 0,
  "usdcBalance": 0,
  "kenduBalance": 3546950453.60037,
  "ethBalanceInUsd": 658.2061627808843,
  "kenduBalanceInUsd": 38307.064898884,
  "totalUsdBalance": 658.2061627808843
}