{
  "ethBalance": 0.038589031500035925,
  "usdtBalance": 0,
  "usdcBalance": 0,
  "kenduBalance": 35199894.08324558,
  "ethBalanceInUsd": 134.1806226609799,
  "kenduBalanceInUsd": 782.8456444113817,
  "totalUsdBalance": 134.1806226609799
}