{
  "ethBalance": 0.038589031500035925,
  "usdtBalance": 0,
  "usdcBalance": 0,
  "kenduBalance": 35199894.08324558,
  "ethBalanceInUsd": 141.49054289803172,
  "kenduBalanceInUsd": 1154.9085248712875,
  "totalUsdBalance": 141.49054289803172
}