{
  "ethBalance": 0.5002741579676101,
  "usdtBalance": 0,
  "usdcBalance": 100,
  "kenduBalance": 4855925261.348792,
  "ethBalanceInUsd": 1222.6800475559985,
  "kenduBalanceInUsd": 165878.40692767472,
  "totalUsdBalance": 1322.6800475559985
}