{
  "ethBalance": 0.5002741579676101,
  "usdtBalance": 0,
  "usdcBalance": 100,
  "kenduBalance": 4855925261.348792,
  "ethBalanceInUsd": 1275.293880749452,
  "kenduBalanceInUsd": 143201.23595717587,
  "totalUsdBalance": 1375.293880749452
}