{
  "ethBalance": 0.038589031500035925,
  "usdtBalance": 0,
  "usdcBalance": 0,
  "kenduBalance": 35199894.08324558,
  "ethBalanceInUsd": 131.8888200801928,
  "kenduBalanceInUsd": 996.5090014966823,
  "totalUsdBalance": 131.8888200801928
}