{
  "ethBalance": 0.038589031500035925,
  "usdtBalance": 0,
  "usdcBalance": 0,
  "kenduBalance": 35199894.08324558,
  "ethBalanceInUsd": 103.20057639212108,
  "kenduBalanceInUsd": 1187.9964253095384,
  "totalUsdBalance": 103.20057639212108
}