{
  "ethBalance": 0.038589031500035925,
  "usdtBalance": 0,
  "usdcBalance": 0,
  "kenduBalance": 35199894.08324558,
  "ethBalanceInUsd": 150.0654115876547,
  "kenduBalanceInUsd": 1200.6683871795067,
  "totalUsdBalance": 150.0654115876547
}