{
  "ethBalance": 0.3579488855246269,
  "usdtBalance": 0,
  "usdcBalance": 0,
  "kenduBalance": 3705282011.416198,
  "ethBalanceInUsd": 642.65784958206,
  "kenduBalanceInUsd": 46908.87026452907,
  "totalUsdBalance": 642.65784958206
}