{
  "ethBalance": 0.12545362288007134,
  "usdtBalance": 71,
  "usdcBalance": 0,
  "kenduBalance": 13187362985.903593,
  "ethBalanceInUsd": 413.47005028813913,
  "kenduBalanceInUsd": 320584.7941873163,
  "totalUsdBalance": 484.47005028813913
}