{
  "ethBalance": 0.038589031500035925,
  "usdtBalance": 0,
  "usdcBalance": 0,
  "kenduBalance": 35199894.08324558,
  "ethBalanceInUsd": 116.80436766682874,
  "kenduBalanceInUsd": 701.181890138252,
  "totalUsdBalance": 116.80436766682874
}