{
  "ethBalance": 0.3579488855246269,
  "usdtBalance": 0,
  "usdcBalance": 0,
  "kenduBalance": 3705282011.416198,
  "ethBalanceInUsd": 579.708958573699,
  "kenduBalanceInUsd": 41647.369808318064,
  "totalUsdBalance": 579.708958573699
}