{
  "ethBalance": 0.03983369884579122,
  "usdtBalance": 0,
  "usdcBalance": 0,
  "kenduBalance": 1091213805.8365645,
  "ethBalanceInUsd": 105.80706754816755,
  "kenduBalanceInUsd": 45165.33942357541,
  "totalUsdBalance": 105.80706754816755
}