{
  "ethBalance": 0.04459919224178026,
  "usdtBalance": 0,
  "usdcBalance": 0,
  "kenduBalance": 517214787.4674407,
  "ethBalanceInUsd": 104.67876411068244,
  "kenduBalanceInUsd": 27655.474685884055,
  "totalUsdBalance": 104.67876411068244
}