{
  "ethBalance": 0.35779268808449755,
  "usdtBalance": 0,
  "usdcBalance": 0,
  "kenduBalance": 3546950453.60037,
  "ethBalanceInUsd": 839.4854061257757,
  "kenduBalanceInUsd": 59695.176134094225,
  "totalUsdBalance": 839.4854061257757
}