{
  "ethBalance": 3.9774170719585187,
  "usdtBalance": 0,
  "usdcBalance": 0,
  "kenduBalance": 8310029020.399478,
  "ethBalanceInUsd": 10492.823977533768,
  "kenduBalanceInUsd": 100302.0502762217,
  "totalUsdBalance": 10492.823977533768
}