{
  "ethBalance": 0.038589031500035925,
  "usdtBalance": 0,
  "usdcBalance": 0,
  "kenduBalance": 35199894.08324558,
  "ethBalanceInUsd": 125.61771657112195,
  "kenduBalanceInUsd": 677.5979611024775,
  "totalUsdBalance": 125.61771657112195
}