{
  "ethBalance": 0.04272247540230626,
  "usdtBalance": 0,
  "usdcBalance": 0,
  "kenduBalance": 517214787.4674407,
  "ethBalanceInUsd": 110.13085154157314,
  "kenduBalanceInUsd": 27950.287114740495,
  "totalUsdBalance": 110.13085154157314
}