{
  "ethBalance": 0.35798968333076975,
  "usdtBalance": 0,
  "usdcBalance": 4004.403285,
  "kenduBalance": 3705282011.416198,
  "ethBalanceInUsd": 558.4281070276678,
  "kenduBalanceInUsd": 36830.503193477,
  "totalUsdBalance": 4562.831392027668
}