{
  "ethBalance": 0.9901811623811279,
  "usdtBalance": 0,
  "usdcBalance": null,
  "kenduBalance": 4558502396.376256,
  "ethBalanceInUsd": 4329.577034323105,
  "kenduBalanceInUsd": 65368.92436403551,
  "totalUsdBalance": null
}