{
  "ethBalance": 0.038589031500035925,
  "usdtBalance": 0,
  "usdcBalance": 0,
  "kenduBalance": 35199894.08324558,
  "ethBalanceInUsd": 131.12784437901206,
  "kenduBalanceInUsd": 347.7749535424664,
  "totalUsdBalance": 131.12784437901206
}