{
  "ethBalance": 0.35779268808449755,
  "usdtBalance": 0,
  "usdcBalance": 0,
  "kenduBalance": 3546950453.60037,
  "ethBalanceInUsd": 682.0566233685968,
  "kenduBalanceInUsd": 41889.48485702037,
  "totalUsdBalance": 682.0566233685968
}