{
  "ethBalance": 18.27649738337883,
  "usdtBalance": 0,
  "usdcBalance": 0,
  "kenduBalance": 10805029020.399477,
  "ethBalanceInUsd": 50884.692954907994,
  "kenduBalanceInUsd": 131821.35404887362,
  "totalUsdBalance": 50884.692954907994
}