{
  "ethBalance": 0.038589031500035925,
  "usdtBalance": 0,
  "usdcBalance": 0,
  "kenduBalance": 35199894.08324558,
  "ethBalanceInUsd": 128.50263256606465,
  "kenduBalanceInUsd": 1112.3166530305605,
  "totalUsdBalance": 128.50263256606465
}