{
  "ethBalance": 0.0624422229661258,
  "usdtBalance": 0,
  "usdcBalance": 0,
  "kenduBalance": 6379544426.92592,
  "ethBalanceInUsd": 138.34199382591103,
  "kenduBalanceInUsd": 53460.5822976392,
  "totalUsdBalance": 138.34199382591103
}