{
  "ethBalance": 0.9904211583199757,
  "usdtBalance": 0,
  "usdcBalance": null,
  "kenduBalance": 4745282940.56362,
  "ethBalanceInUsd": 4310.907133703527,
  "kenduBalanceInUsd": 79056.4137897899,
  "totalUsdBalance": null
}