{
  "ethBalance": 0.04459919224178026,
  "usdtBalance": 0,
  "usdcBalance": 0,
  "kenduBalance": 517214787.4674407,
  "ethBalanceInUsd": 111.62910222964148,
  "kenduBalanceInUsd": 30748.419114939352,
  "totalUsdBalance": 111.62910222964148
}