{
  "ethBalance": 0.31977204666867826,
  "usdtBalance": 0,
  "usdcBalance": 884.463046,
  "kenduBalance": 5593814937.395827,
  "ethBalanceInUsd": 600.100211380775,
  "kenduBalanceInUsd": 39995.77680238017,
  "totalUsdBalance": 1484.563257380775
}