{
  "ethBalance": 0.5002741579676101,
  "usdtBalance": 0,
  "usdcBalance": 100,
  "kenduBalance": 4855925261.348792,
  "ethBalanceInUsd": 1260.0555298977586,
  "kenduBalanceInUsd": 123728.97565916722,
  "totalUsdBalance": 1360.0555298977586
}