{
  "ethBalance": 0.04459919224178026,
  "usdtBalance": 0,
  "usdcBalance": 0,
  "kenduBalance": 517214787.4674407,
  "ethBalanceInUsd": 111.41725606649302,
  "kenduBalanceInUsd": 33081.05780641751,
  "totalUsdBalance": 111.41725606649302
}