{
  "ethBalance": 0.3117728554842481,
  "usdtBalance": 0,
  "usdcBalance": 0.463046,
  "kenduBalance": 4113980899.4295063,
  "ethBalanceInUsd": 565.0695941938707,
  "kenduBalanceInUsd": 48668.39404025106,
  "totalUsdBalance": 565.5326401938706
}