{
  "ethBalance": 0.04459919224178026,
  "usdtBalance": 0,
  "usdcBalance": 0,
  "kenduBalance": 517214787.4674407,
  "ethBalanceInUsd": 112.95369823922235,
  "kenduBalanceInUsd": 31301.838937529516,
  "totalUsdBalance": 112.95369823922235
}