{
  "ethBalance": 0.5002741579676101,
  "usdtBalance": 0,
  "usdcBalance": 100,
  "kenduBalance": 4855925261.348792,
  "ethBalanceInUsd": 1264.3929068473378,
  "kenduBalanceInUsd": 125574.22725847976,
  "totalUsdBalance": 1364.3929068473378
}