{
  "ethBalance": 0.038589031500035925,
  "usdtBalance": 0,
  "usdcBalance": 0,
  "kenduBalance": 35199894.08324558,
  "ethBalanceInUsd": 121.76923245962337,
  "kenduBalanceInUsd": 1340.0599677491593,
  "totalUsdBalance": 121.76923245962337
}