{
  "ethBalance": 18.27649738337883,
  "usdtBalance": 0,
  "usdcBalance": 0,
  "kenduBalance": 10805029020.399477,
  "ethBalanceInUsd": 49785.72716724543,
  "kenduBalanceInUsd": 152350.90918763264,
  "totalUsdBalance": 49785.72716724543
}