{
  "ethBalance": 0.5002741579676101,
  "usdtBalance": 0,
  "usdcBalance": 100,
  "kenduBalance": 4855925261.348792,
  "ethBalanceInUsd": 1242.6359837173263,
  "kenduBalanceInUsd": 140579.03631604754,
  "totalUsdBalance": 1342.6359837173263
}