{
  "ethBalance": 0.038589031500035925,
  "usdtBalance": 0,
  "usdcBalance": 0,
  "kenduBalance": 35199894.08324558,
  "ethBalanceInUsd": 122.80457617476932,
  "kenduBalanceInUsd": 1375.2598618324048,
  "totalUsdBalance": 122.80457617476932
}