{
  "ethBalance": 0.35769432885289126,
  "usdtBalance": 0,
  "usdcBalance": 0,
  "kenduBalance": 4514955040.756332,
  "ethBalanceInUsd": 870.6673428041112,
  "kenduBalanceInUsd": 72194.13110169375,
  "totalUsdBalance": 870.6673428041112
}