{
  "ethBalance": 0.3406431199402911,
  "usdtBalance": 0,
  "usdcBalance": 154.403285,
  "kenduBalance": 4113980899.4295063,
  "ethBalanceInUsd": 586.9383149507198,
  "kenduBalanceInUsd": 44554.413140821554,
  "totalUsdBalance": 741.3415999507198
}