{
  "ethBalance": 0.5002741579676101,
  "usdtBalance": 0,
  "usdcBalance": 100,
  "kenduBalance": 4855925261.348792,
  "ethBalanceInUsd": 1368.8051263567577,
  "kenduBalanceInUsd": 139947.7660320722,
  "totalUsdBalance": 1468.8051263567577
}