{
  "ethBalance": 0.038589031500035925,
  "usdtBalance": 0,
  "usdcBalance": 0,
  "kenduBalance": 35199894.08324558,
  "ethBalanceInUsd": 102.55691134670047,
  "kenduBalanceInUsd": 1880.0263429861466,
  "totalUsdBalance": 102.55691134670047
}