{
  "ethBalance": 0.3579488855246269,
  "usdtBalance": 0,
  "usdcBalance": 0,
  "kenduBalance": 3705282011.416198,
  "ethBalanceInUsd": 563.5368279256963,
  "kenduBalanceInUsd": 38127.351897472676,
  "totalUsdBalance": 563.5368279256963
}