{
  "ethBalance": 8.011063080971311,
  "usdtBalance": 22313.097842,
  "usdcBalance": 88.007775,
  "kenduBalance": 302835445.5049916,
  "ethBalanceInUsd": 25410.210875902092,
  "kenduBalanceInUsd": 43366.0357963148,
  "totalUsdBalance": 47811.31649290209
}