{
  "ethBalance": 0.038589031500035925,
  "usdtBalance": 0,
  "usdcBalance": 0,
  "kenduBalance": 35199894.08324558,
  "ethBalanceInUsd": 128.81751906310492,
  "kenduBalanceInUsd": 1092.604712343943,
  "totalUsdBalance": 128.81751906310492
}