{
  "ethBalance": 1.2350681787309672,
  "usdtBalance": 0,
  "usdcBalance": null,
  "kenduBalance": 4489413951.490725,
  "ethBalanceInUsd": 5483.307491748301,
  "kenduBalanceInUsd": 64108.83122728755,
  "totalUsdBalance": null
}