{
  "ethBalance": 0.038589031500035925,
  "usdtBalance": 0,
  "usdcBalance": 0,
  "kenduBalance": 35199894.08324558,
  "ethBalanceInUsd": 116.97030050227889,
  "kenduBalanceInUsd": 1877.210351459487,
  "totalUsdBalance": 116.97030050227889
}