{
  "ethBalance": 0.5002741579676101,
  "usdtBalance": 0,
  "usdcBalance": 100,
  "kenduBalance": 4855925261.348792,
  "ethBalanceInUsd": 1214.6456445790386,
  "kenduBalanceInUsd": 109209.75912773433,
  "totalUsdBalance": 1314.6456445790386
}