{
  "ethBalance": 0.5002528644753425,
  "usdtBalance": 0,
  "usdcBalance": null,
  "kenduBalance": 4845166789.051858,
  "ethBalanceInUsd": 1288.4662853286263,
  "kenduBalanceInUsd": 89732.4889332404,
  "totalUsdBalance": null
}