{
  "ethBalance": 0.35769432885289126,
  "usdtBalance": 0,
  "usdcBalance": 0,
  "kenduBalance": 4514955040.756332,
  "ethBalanceInUsd": 931.6971491929914,
  "kenduBalanceInUsd": 81720.68623768962,
  "totalUsdBalance": 931.6971491929914
}