{
  "ethBalance": 0.038589031500035925,
  "usdtBalance": 0,
  "usdcBalance": 0,
  "kenduBalance": 35199894.08324558,
  "ethBalanceInUsd": 137.55407579471307,
  "kenduBalanceInUsd": 731.8057979906756,
  "totalUsdBalance": 137.55407579471307
}