{
  "ethBalance": 0.038589031500035925,
  "usdtBalance": 0,
  "usdcBalance": 0,
  "kenduBalance": 35199894.08324558,
  "ethBalanceInUsd": 100.01620951273811,
  "kenduBalanceInUsd": 1795.5465971863573,
  "totalUsdBalance": 100.01620951273811
}