{
  "ethBalance": 0.038589031500035925,
  "usdtBalance": 0,
  "usdcBalance": 0,
  "kenduBalance": 35199894.08324558,
  "ethBalanceInUsd": 114.22044611758633,
  "kenduBalanceInUsd": 1825.466507157116,
  "totalUsdBalance": 114.22044611758633
}