{
  "ethBalance": 0.7404211583199757,
  "usdtBalance": 0,
  "usdcBalance": null,
  "kenduBalance": 4745282940.56362,
  "ethBalanceInUsd": 3411.993973346946,
  "kenduBalanceInUsd": 82567.92316580698,
  "totalUsdBalance": null
}