{
  "ethBalance": 0.3119048631851912,
  "usdtBalance": 0,
  "usdcBalance": 0.463046,
  "kenduBalance": 4175387837.757599,
  "ethBalanceInUsd": 643.9650186294093,
  "kenduBalanceInUsd": 69770.73076892948,
  "totalUsdBalance": 644.4280646294093
}