{
  "ethBalance": 0.038589031500035925,
  "usdtBalance": 0,
  "usdcBalance": 0,
  "kenduBalance": 35199894.08324558,
  "ethBalanceInUsd": 128.897012467995,
  "kenduBalanceInUsd": 1021.5009262957868,
  "totalUsdBalance": 128.897012467995
}