{
  "ethBalance": 0.3579488855246269,
  "usdtBalance": 0,
  "usdcBalance": 0,
  "kenduBalance": 3705282011.416198,
  "ethBalanceInUsd": 579.5836764637654,
  "kenduBalanceInUsd": 41128.630326719795,
  "totalUsdBalance": 579.5836764637654
}