{
  "ethBalance": 0.04272247540230626,
  "usdtBalance": 0,
  "usdcBalance": 0,
  "kenduBalance": 517214787.4674407,
  "ethBalanceInUsd": 102.53265929127295,
  "kenduBalanceInUsd": 23771.191632003574,
  "totalUsdBalance": 102.53265929127295
}