{
  "ethBalance": 0.038589031500035925,
  "usdtBalance": 0,
  "usdcBalance": 0,
  "kenduBalance": 35199894.08324558,
  "ethBalanceInUsd": 92.41532797817604,
  "kenduBalanceInUsd": 1957.466109969287,
  "totalUsdBalance": 92.41532797817604
}