{
  "ethBalance": 0.038589031500035925,
  "usdtBalance": 0,
  "usdcBalance": 0,
  "kenduBalance": 35199894.08324558,
  "ethBalanceInUsd": 140.6014516122709,
  "kenduBalanceInUsd": 1015.8689432424676,
  "totalUsdBalance": 140.6014516122709
}