{
  "ethBalance": 0.038589031500035925,
  "usdtBalance": 0,
  "usdcBalance": 0,
  "kenduBalance": 35199894.08324558,
  "ethBalanceInUsd": 141.87218841956707,
  "kenduBalanceInUsd": 716.3178445940476,
  "totalUsdBalance": 141.87218841956707
}