{
  "ethBalance": 0.045462183917402754,
  "usdtBalance": 0,
  "usdcBalance": 0,
  "kenduBalance": 307214787.46744066,
  "ethBalanceInUsd": 119.61373361772169,
  "kenduBalanceInUsd": 29729.17498322423,
  "totalUsdBalance": 119.61373361772169
}