{
  "ethBalance": 0.3117728554842481,
  "usdtBalance": 0,
  "usdcBalance": 0.463046,
  "kenduBalance": 4113980899.4295063,
  "ethBalanceInUsd": 585.983317339754,
  "kenduBalanceInUsd": 50108.28735505139,
  "totalUsdBalance": 586.4463633397539
}