{
  "ethBalance": 0.04272247540230626,
  "usdtBalance": 0,
  "usdcBalance": 0,
  "kenduBalance": 517214787.4674407,
  "ethBalanceInUsd": 110.10350915731564,
  "kenduBalanceInUsd": 29713.98954000447,
  "totalUsdBalance": 110.10350915731564
}