{
  "ethBalance": 0.06254024854608203,
  "usdtBalance": 0,
  "usdcBalance": 0,
  "kenduBalance": 6456272656.749752,
  "ethBalanceInUsd": 139.32716571096157,
  "kenduBalanceInUsd": 60882.65115315016,
  "totalUsdBalance": 139.32716571096157
}