{
  "ethBalance": 0.35779268808449755,
  "usdtBalance": 0,
  "usdcBalance": 0,
  "kenduBalance": 4546950453.600369,
  "ethBalanceInUsd": 824.1146322456657,
  "kenduBalanceInUsd": 75524.84703430213,
  "totalUsdBalance": 824.1146322456657
}