{
  "ethBalance": 0.0660488809860724,
  "usdtBalance": 0,
  "usdcBalance": 0,
  "kenduBalance": 7622102282.100412,
  "ethBalanceInUsd": 180.619911899753,
  "kenduBalanceInUsd": 68598.92053890371,
  "totalUsdBalance": 180.619911899753
}