{
  "ethBalance": 0.038589031500035925,
  "usdtBalance": 0,
  "usdcBalance": 0,
  "kenduBalance": 35199894.08324558,
  "ethBalanceInUsd": 134.0390009153748,
  "kenduBalanceInUsd": 1229.1803013869358,
  "totalUsdBalance": 134.0390009153748
}