{
  "ethBalance": 3.9773126053695473,
  "usdtBalance": 0,
  "usdcBalance": 0,
  "kenduBalance": 8110029020.399477,
  "ethBalanceInUsd": 10789.693408972562,
  "kenduBalanceInUsd": 108268.887422333,
  "totalUsdBalance": 10789.693408972562
}