{
  "ethBalance": 2.037084045317489,
  "usdtBalance": 0,
  "usdcBalance": 0,
  "kenduBalance": 8110029020.399477,
  "ethBalanceInUsd": 5353.416129413455,
  "kenduBalanceInUsd": 104051.67233172529,
  "totalUsdBalance": 5353.416129413455
}