{
  "ethBalance": 0.04272247540230626,
  "usdtBalance": 0,
  "usdcBalance": 0,
  "kenduBalance": 517214787.4674407,
  "ethBalanceInUsd": 102.95048510070751,
  "kenduBalanceInUsd": 25012.50712192543,
  "totalUsdBalance": 102.95048510070751
}