{
  "ethBalance": 0.04459919224178026,
  "usdtBalance": 0,
  "usdcBalance": 0,
  "kenduBalance": 517214787.4674407,
  "ethBalanceInUsd": 96.9416962405784,
  "kenduBalanceInUsd": 21092.01903292223,
  "totalUsdBalance": 96.9416962405784
}