{
  "ethBalance": 0.727034011230498,
  "usdtBalance": 0,
  "usdcBalance": null,
  "kenduBalance": 4482236645.828448,
  "ethBalanceInUsd": 2917.2239700623736,
  "kenduBalanceInUsd": 46704.905849532435,
  "totalUsdBalance": null
}