{
  "ethBalance": 0.038589031500035925,
  "usdtBalance": 0,
  "usdcBalance": 0,
  "kenduBalance": 35199894.08324558,
  "ethBalanceInUsd": 151.63174037624117,
  "kenduBalanceInUsd": 896.541302300265,
  "totalUsdBalance": 151.63174037624117
}