{
  "ethBalance": 0.04272247540230626,
  "usdtBalance": 0,
  "usdcBalance": 0,
  "kenduBalance": 517214787.4674407,
  "ethBalanceInUsd": 102.74071774648219,
  "kenduBalanceInUsd": 22695.3848740713,
  "totalUsdBalance": 102.74071774648219
}