{
  "ethBalance": 0.3579040556931112,
  "usdtBalance": 0,
  "usdcBalance": 0,
  "kenduBalance": 3646098337.9468102,
  "ethBalanceInUsd": 662.2227161678497,
  "kenduBalanceInUsd": 42513.50662045981,
  "totalUsdBalance": 662.2227161678497
}