{
  "ethBalance": 18.27649738337883,
  "usdtBalance": 0,
  "usdcBalance": 0,
  "kenduBalance": 10805029020.399477,
  "ethBalanceInUsd": 50635.94982552021,
  "kenduBalanceInUsd": 138952.6732023373,
  "totalUsdBalance": 50635.94982552021
}