{
  "ethBalance": 0.038589031500035925,
  "usdtBalance": 0,
  "usdcBalance": 0,
  "kenduBalance": 35199894.08324558,
  "ethBalanceInUsd": 151.41448412889596,
  "kenduBalanceInUsd": 1272.8281700501602,
  "totalUsdBalance": 151.41448412889596
}