{
  "ethBalance": 0.3579040556931112,
  "usdtBalance": 0,
  "usdcBalance": 0,
  "kenduBalance": 3646098337.9468102,
  "ethBalanceInUsd": 646.832841773046,
  "kenduBalanceInUsd": 36132.83452905289,
  "totalUsdBalance": 646.832841773046
}