{
  "ethBalance": 0.35769432885289126,
  "usdtBalance": 0,
  "usdcBalance": 0,
  "kenduBalance": 4514955040.756332,
  "ethBalanceInUsd": 880.8866697794382,
  "kenduBalanceInUsd": 80546.79792709296,
  "totalUsdBalance": 880.8866697794382
}