{
  "ethBalance": 0.3196155371451788,
  "usdtBalance": 0,
  "usdcBalance": 884.463046,
  "kenduBalance": 5453954448.539579,
  "ethBalanceInUsd": 610.6606414249501,
  "kenduBalanceInUsd": 37141.42979455453,
  "totalUsdBalance": 1495.12368742495
}