{
  "ethBalance": 13.47560135212183,
  "usdtBalance": 3949.089252,
  "usdcBalance": 8005.206012,
  "kenduBalance": 10805029020.399477,
  "ethBalanceInUsd": 33630.65402644989,
  "kenduBalanceInUsd": 125554.43721704192,
  "totalUsdBalance": 45584.94929044989
}