{
  "ethBalance": 0.3117728554842481,
  "usdtBalance": 0,
  "usdcBalance": 0.463046,
  "kenduBalance": 4113980899.4295063,
  "ethBalanceInUsd": 560.1654071771034,
  "kenduBalanceInUsd": 40604.99147736923,
  "totalUsdBalance": 560.6284531771033
}