{
  "ethBalance": 0.5002741579676101,
  "usdtBalance": 0,
  "usdcBalance": 100,
  "kenduBalance": 4855925261.348792,
  "ethBalanceInUsd": 1273.903118590302,
  "kenduBalanceInUsd": 116299.41000930357,
  "totalUsdBalance": 1373.903118590302
}