{
  "ethBalance": 0.038589031500035925,
  "usdtBalance": 0,
  "usdcBalance": 0,
  "kenduBalance": 35199894.08324558,
  "ethBalanceInUsd": 147.78788694852258,
  "kenduBalanceInUsd": 877.5333594953124,
  "totalUsdBalance": 147.78788694852258
}