{
  "ethBalance": 0.04459919224178026,
  "usdtBalance": 0,
  "usdcBalance": 0,
  "kenduBalance": 517214787.4674407,
  "ethBalanceInUsd": 113.95405812120549,
  "kenduBalanceInUsd": 36794.65998043373,
  "totalUsdBalance": 113.95405812120549
}