{
  "ethBalance": 0.038589031500035925,
  "usdtBalance": 0,
  "usdcBalance": 0,
  "kenduBalance": 35199894.08324558,
  "ethBalanceInUsd": 140.5918043543959,
  "kenduBalanceInUsd": 1302.3960810800866,
  "totalUsdBalance": 140.5918043543959
}