{
  "ethBalance": 9.83774027698866,
  "usdtBalance": 3949.089252,
  "usdcBalance": 8005.206012,
  "kenduBalance": 11515381333.82473,
  "ethBalanceInUsd": 31409.248514550003,
  "kenduBalanceInUsd": 237216.85547678944,
  "totalUsdBalance": 43363.54377855
}