{
  "ethBalance": 0.04459919224178026,
  "usdtBalance": 0,
  "usdcBalance": 0,
  "kenduBalance": 517214787.4674407,
  "ethBalanceInUsd": 106.24776369374828,
  "kenduBalanceInUsd": 26341.749125716757,
  "totalUsdBalance": 106.24776369374828
}