{
  "ethBalance": 13.476072304801589,
  "usdtBalance": 3949.089252,
  "usdcBalance": 8005.206012,
  "kenduBalance": 10956565319.655027,
  "ethBalanceInUsd": 43437.69338151306,
  "kenduBalanceInUsd": 227020.03342325217,
  "totalUsdBalance": 55391.98864551306
}