{
  "ethBalance": 13.47560135212183,
  "usdtBalance": 3949.089252,
  "usdcBalance": 8005.206012,
  "kenduBalance": 10805029020.399477,
  "ethBalanceInUsd": 42135.10603977397,
  "kenduBalanceInUsd": 149217.45077171677,
  "totalUsdBalance": 54089.40130377397
}