{
  "ethBalance": 0.04272247540230626,
  "usdtBalance": 0,
  "usdcBalance": 0,
  "kenduBalance": 517214787.4674407,
  "ethBalanceInUsd": 112.81125964831382,
  "kenduBalanceInUsd": 28539.911972453378,
  "totalUsdBalance": 112.81125964831382
}