{
  "ethBalance": 0.04459919224178026,
  "usdtBalance": 0,
  "usdcBalance": 0,
  "kenduBalance": 517214787.4674407,
  "ethBalanceInUsd": 113.89786313898084,
  "kenduBalanceInUsd": 30127.761369978423,
  "totalUsdBalance": 113.89786313898084
}