{
  "ethBalance": 0.3579488855246269,
  "usdtBalance": 0,
  "usdcBalance": 0,
  "kenduBalance": 3705282011.416198,
  "ethBalanceInUsd": 641.5589465034992,
  "kenduBalanceInUsd": 47538.768206469824,
  "totalUsdBalance": 641.5589465034992
}