{
  "ethBalance": 0.0660488809860724,
  "usdtBalance": 0,
  "usdcBalance": 0,
  "kenduBalance": 7622102282.100412,
  "ethBalanceInUsd": 184.29421114900822,
  "kenduBalanceInUsd": 70352.00406378681,
  "totalUsdBalance": 184.29421114900822
}