{
  "ethBalance": 0.045462183917402754,
  "usdtBalance": 0,
  "usdcBalance": 0,
  "kenduBalance": 307214787.46744066,
  "ethBalanceInUsd": 119.47916555332617,
  "kenduBalanceInUsd": 32014.85300198199,
  "totalUsdBalance": 119.47916555332617
}