{
  "ethBalance": 0.5002528644753425,
  "usdtBalance": 0,
  "usdcBalance": null,
  "kenduBalance": 4845166789.051858,
  "ethBalanceInUsd": 1791.6206164179257,
  "kenduBalanceInUsd": 104704.05431141065,
  "totalUsdBalance": null
}