{
  "ethBalance": 0.045462183917402754,
  "usdtBalance": 0,
  "usdcBalance": 0,
  "kenduBalance": 307214787.46744066,
  "ethBalanceInUsd": 118.25941515882226,
  "kenduBalanceInUsd": 27676.98020294173,
  "totalUsdBalance": 118.25941515882226
}