{
  "ethBalance": 0.038589031500035925,
  "usdtBalance": 0,
  "usdcBalance": 0,
  "kenduBalance": 35199894.08324558,
  "ethBalanceInUsd": 93.61274562562214,
  "kenduBalanceInUsd": 1761.0507009847765,
  "totalUsdBalance": 93.61274562562214
}