{
  "ethBalance": 0.038589031500035925,
  "usdtBalance": 0,
  "usdcBalance": 0,
  "kenduBalance": 35199894.08324558,
  "ethBalanceInUsd": 126.65267439595291,
  "kenduBalanceInUsd": 747.9977492689687,
  "totalUsdBalance": 126.65267439595291
}