{
  "ethBalance": 0.04459919224178026,
  "usdtBalance": 0,
  "usdcBalance": 0,
  "kenduBalance": 517214787.4674407,
  "ethBalanceInUsd": 101.65404689284492,
  "kenduBalanceInUsd": 28120.967994604754,
  "totalUsdBalance": 101.65404689284492
}