{
  "ethBalance": 0.3117728554842481,
  "usdtBalance": 0,
  "usdcBalance": 0.463046,
  "kenduBalance": 4113980899.4295063,
  "ethBalanceInUsd": 560.3992368187166,
  "kenduBalanceInUsd": 49573.46983812555,
  "totalUsdBalance": 560.8622828187166
}