{
  "ethBalance": 0.357215510728175,
  "usdtBalance": 0,
  "usdcBalance": 0,
  "kenduBalance": 4299933763.203477,
  "ethBalanceInUsd": 913.989466524645,
  "kenduBalanceInUsd": 97436.49907419078,
  "totalUsdBalance": 913.989466524645
}