{
  "ethBalance": 0.038589031500035925,
  "usdtBalance": 0,
  "usdcBalance": 0,
  "kenduBalance": 35199894.08324558,
  "ethBalanceInUsd": 126.67351247296293,
  "kenduBalanceInUsd": 495.2625097512654,
  "totalUsdBalance": 126.67351247296293
}