{
  "ethBalance": 0.5002741579676101,
  "usdtBalance": 0,
  "usdcBalance": 100,
  "kenduBalance": 4855925261.348792,
  "ethBalanceInUsd": 1248.4841886239676,
  "kenduBalanceInUsd": 117513.39132464076,
  "totalUsdBalance": 1348.4841886239676
}