{
  "ethBalance": 0.04459919224178026,
  "usdtBalance": 0,
  "usdcBalance": 0,
  "kenduBalance": 517214787.4674407,
  "ethBalanceInUsd": 112.57237514555514,
  "kenduBalanceInUsd": 31472.519817393768,
  "totalUsdBalance": 112.57237514555514
}