{
  "ethBalance": 0.35703877941042383,
  "usdtBalance": 0,
  "usdcBalance": 0,
  "kenduBalance": 4855947774.956796,
  "ethBalanceInUsd": 882.3070909034511,
  "kenduBalanceInUsd": 161994.4177725587,
  "totalUsdBalance": 882.3070909034511
}