{
  "ethBalance": 0.35779268808449755,
  "usdtBalance": 0,
  "usdcBalance": 0,
  "kenduBalance": 3546950453.60037,
  "ethBalanceInUsd": 649.6441837550223,
  "kenduBalanceInUsd": 37526.73579909191,
  "totalUsdBalance": 649.6441837550223
}