{
  "ethBalance": 0.3119048631851912,
  "usdtBalance": 0,
  "usdcBalance": 0.463046,
  "kenduBalance": 4175387837.757599,
  "ethBalanceInUsd": 622.0037972125401,
  "kenduBalanceInUsd": 39206.89179654385,
  "totalUsdBalance": 622.4668432125401
}