{
  "ethBalance": 0.038589031500035925,
  "usdtBalance": 0,
  "usdcBalance": 0,
  "kenduBalance": 35199894.08324558,
  "ethBalanceInUsd": 130.99123920750193,
  "kenduBalanceInUsd": 752.925734440623,
  "totalUsdBalance": 130.99123920750193
}