{
  "ethBalance": 8.944338404207492,
  "usdtBalance": 3949.089252,
  "usdcBalance": 8005.206012,
  "kenduBalance": 11785788519.091787,
  "ethBalanceInUsd": 28081.555410465804,
  "kenduBalanceInUsd": 267301.6836130017,
  "totalUsdBalance": 40035.85067446581
}