{
  "ethBalance": 0.35769432885289126,
  "usdtBalance": 0,
  "usdcBalance": 0,
  "kenduBalance": 4514955040.756332,
  "ethBalanceInUsd": 888.8203299933954,
  "kenduBalanceInUsd": 77160.58164652572,
  "totalUsdBalance": 888.8203299933954
}