{
  "ethBalance": 0.35703877941042383,
  "usdtBalance": 0,
  "usdcBalance": 0,
  "kenduBalance": 4855947774.956796,
  "ethBalanceInUsd": 912.4804381514261,
  "kenduBalanceInUsd": 131936.10104557613,
  "totalUsdBalance": 912.4804381514261
}