{
  "ethBalance": 0.045462183917402754,
  "usdtBalance": 0,
  "usdcBalance": 0,
  "kenduBalance": 307214787.46744066,
  "ethBalanceInUsd": 118.11439079212575,
  "kenduBalanceInUsd": 32291.346310702687,
  "totalUsdBalance": 118.11439079212575
}