{
  "ethBalance": 0.3196155371451788,
  "usdtBalance": 0,
  "usdcBalance": 884.463046,
  "kenduBalance": 5453954448.539579,
  "ethBalanceInUsd": 605.0418002819379,
  "kenduBalanceInUsd": 38941.234762572596,
  "totalUsdBalance": 1489.5048462819377
}