{
  "ethBalance": 0.038589031500035925,
  "usdtBalance": 0,
  "usdcBalance": 0,
  "kenduBalance": 35199894.08324558,
  "ethBalanceInUsd": 126.22973861071252,
  "kenduBalanceInUsd": 714.5578498898852,
  "totalUsdBalance": 126.22973861071252
}