{
  "ethBalance": 0.3117728554842481,
  "usdtBalance": 0,
  "usdcBalance": 0.463046,
  "kenduBalance": 4113980899.4295063,
  "ethBalanceInUsd": 625.3882885444082,
  "kenduBalanceInUsd": 52823.51474867486,
  "totalUsdBalance": 625.8513345444081
}