{
  "ethBalance": 0.038589031500035925,
  "usdtBalance": 0,
  "usdcBalance": 0,
  "kenduBalance": 35199894.08324558,
  "ethBalanceInUsd": 127.77677288354894,
  "kenduBalanceInUsd": 756.7977227897801,
  "totalUsdBalance": 127.77677288354894
}