{
  "ethBalance": 0.5002741579676101,
  "usdtBalance": 0,
  "usdcBalance": 100,
  "kenduBalance": 4855925261.348792,
  "ethBalanceInUsd": 1277.4850815613502,
  "kenduBalanceInUsd": 120475.50573406354,
  "totalUsdBalance": 1377.4850815613502
}