{
  "ethBalance": 0.038589031500035925,
  "usdtBalance": 0,
  "usdcBalance": 0,
  "kenduBalance": 35199894.08324558,
  "ethBalanceInUsd": 131.8895918608228,
  "kenduBalanceInUsd": 613.886152811803,
  "totalUsdBalance": 131.8895918608228
}