{
  "ethBalance": 0.3579488855246269,
  "usdtBalance": 0,
  "usdcBalance": 0,
  "kenduBalance": 3705282011.416198,
  "ethBalanceInUsd": 581.4378516907828,
  "kenduBalanceInUsd": 48020.45486795392,
  "totalUsdBalance": 581.4378516907828
}