{
  "ethBalance": 0.35798968333076975,
  "usdtBalance": 0,
  "usdcBalance": 4004.403285,
  "kenduBalance": 3705282011.416198,
  "ethBalanceInUsd": 555.9150194506858,
  "kenduBalanceInUsd": 34644.38680674145,
  "totalUsdBalance": 4560.318304450686
}