{
  "ethBalance": 0.038589031500035925,
  "usdtBalance": 0,
  "usdcBalance": 0,
  "kenduBalance": 13206739398.082659,
  "ethBalanceInUsd": 128.42584039337956,
  "kenduBalanceInUsd": 367807.692236602,
  "totalUsdBalance": 128.42584039337956
}