{
  "ethBalance": 0.045462183917402754,
  "usdtBalance": 0,
  "usdcBalance": 0,
  "kenduBalance": 307214787.46744066,
  "ethBalanceInUsd": 123.31890160699001,
  "kenduBalanceInUsd": 30239.151530420186,
  "totalUsdBalance": 123.31890160699001
}