{
  "ethBalance": 13.47560135212183,
  "usdtBalance": 3949.089252,
  "usdcBalance": 8005.206012,
  "kenduBalance": 10805029020.399477,
  "ethBalanceInUsd": 44392.94304632199,
  "kenduBalanceInUsd": 188763.85698637887,
  "totalUsdBalance": 56347.23831032199
}