{
  "ethBalance": 0.04272247540230626,
  "usdtBalance": 0,
  "usdcBalance": 0,
  "kenduBalance": 517214787.4674407,
  "ethBalanceInUsd": 103.61225624468922,
  "kenduBalanceInUsd": 26165.896097977828,
  "totalUsdBalance": 103.61225624468922
}