{
  "ethBalance": 18.27649738337883,
  "usdtBalance": 0,
  "usdcBalance": 0,
  "kenduBalance": 10805029020.399477,
  "ethBalanceInUsd": 45324.25139098882,
  "kenduBalanceInUsd": 117774.81632235431,
  "totalUsdBalance": 45324.25139098882
}