{
  "ethBalance": 0.35769432885289126,
  "usdtBalance": 0,
  "usdcBalance": 0,
  "kenduBalance": 4514955040.756332,
  "ethBalanceInUsd": 910.0781039571227,
  "kenduBalanceInUsd": 77070.2825457106,
  "totalUsdBalance": 910.0781039571227
}