{
  "ethBalance": 0.3119048631851912,
  "usdtBalance": 0,
  "usdcBalance": 0.463046,
  "kenduBalance": 4175387837.757599,
  "ethBalanceInUsd": 637.6239927608544,
  "kenduBalanceInUsd": 44801.91149913904,
  "totalUsdBalance": 638.0870387608544
}