{
  "ethBalance": 0.06262558795641449,
  "usdtBalance": 0,
  "usdcBalance": 0,
  "kenduBalance": 7456272656.749752,
  "ethBalanceInUsd": 155.80745278852274,
  "kenduBalanceInUsd": 68299.45753582774,
  "totalUsdBalance": 155.80745278852274
}