{
  "ethBalance": 0.3579488855246269,
  "usdtBalance": 0,
  "usdcBalance": 0,
  "kenduBalance": 3705282011.416198,
  "ethBalanceInUsd": 579.927307393869,
  "kenduBalanceInUsd": 47501.71538635565,
  "totalUsdBalance": 579.927307393869
}