{
  "ethBalance": 0.5002741579676101,
  "usdtBalance": 0,
  "usdcBalance": 100,
  "kenduBalance": 4855925261.348792,
  "ethBalanceInUsd": 1289.921897128425,
  "kenduBalanceInUsd": 127856.51213131369,
  "totalUsdBalance": 1389.921897128425
}