{
  "ethBalance": 0.3119048631851912,
  "usdtBalance": 0,
  "usdcBalance": 0.463046,
  "kenduBalance": 4175387837.757599,
  "ethBalanceInUsd": 644.9163284621243,
  "kenduBalanceInUsd": 57703.85991781001,
  "totalUsdBalance": 645.3793744621242
}