{
  "ethBalance": 0.038589031500035925,
  "usdtBalance": 0,
  "usdcBalance": 0,
  "kenduBalance": 35199894.08324558,
  "ethBalanceInUsd": 95.83894685285922,
  "kenduBalanceInUsd": 1206.3003702328263,
  "totalUsdBalance": 95.83894685285922
}