{
  "ethBalance": 0.046325213179724774,
  "usdtBalance": 50113.767042,
  "usdcBalance": 0,
  "kenduBalance": 946492975.4674407,
  "ethBalanceInUsd": 119.83406145331206,
  "kenduBalanceInUsd": 103480.07700785529,
  "totalUsdBalance": 50233.601103453315
}