{
  "ethBalance": 0.3117728554842481,
  "usdtBalance": 0,
  "usdcBalance": 0.463046,
  "kenduBalance": 4113980899.4295063,
  "ethBalanceInUsd": 564.349398897702,
  "kenduBalanceInUsd": 48133.576523325224,
  "totalUsdBalance": 564.812444897702
}