{
  "ethBalance": 0.045462183917402754,
  "usdtBalance": 0,
  "usdcBalance": 0,
  "kenduBalance": 307214787.46744066,
  "ethBalanceInUsd": 125.19103434070865,
  "kenduBalanceInUsd": 24073.35074594865,
  "totalUsdBalance": 125.19103434070865
}