{
  "ethBalance": 0.04459919224178026,
  "usdtBalance": 0,
  "usdcBalance": 0,
  "kenduBalance": 517214787.4674407,
  "ethBalanceInUsd": 103.11288647107352,
  "kenduBalanceInUsd": 26217.61757672457,
  "totalUsdBalance": 103.11288647107352
}