{
  "ethBalance": 0.3196155371451788,
  "usdtBalance": 0,
  "usdcBalance": 884.463046,
  "kenduBalance": 5453954448.539579,
  "ethBalanceInUsd": 647.5123128577892,
  "kenduBalanceInUsd": 36486.95526072979,
  "totalUsdBalance": 1531.9753588577892
}