{
  "ethBalance": 0.30943876692005484,
  "usdtBalance": 0,
  "usdcBalance": 0,
  "kenduBalance": 8110029020.399477,
  "ethBalanceInUsd": 836.2025686234026,
  "kenduBalanceInUsd": 91967.72909133007,
  "totalUsdBalance": 836.2025686234026
}