{
  "ethBalance": 0.038589031500035925,
  "usdtBalance": 0,
  "usdcBalance": 0,
  "kenduBalance": 35199894.08324558,
  "ethBalanceInUsd": 134.4669532747102,
  "kenduBalanceInUsd": 1050.0128405032158,
  "totalUsdBalance": 134.4669532747102
}