{
  "ethBalance": 0.04272247540230626,
  "usdtBalance": 0,
  "usdcBalance": 0,
  "kenduBalance": 517214787.4674407,
  "ethBalanceInUsd": 111.48088176428601,
  "kenduBalanceInUsd": 29610.546582510982,
  "totalUsdBalance": 111.48088176428601
}