{
  "ethBalance": 0.3579488855246269,
  "usdtBalance": 0,
  "usdcBalance": 0,
  "kenduBalance": 3705282011.416198,
  "ethBalanceInUsd": 642.9012548242166,
  "kenduBalanceInUsd": 48131.61332829641,
  "totalUsdBalance": 642.9012548242166
}