{
  "ethBalance": 8.056063080971311,
  "usdtBalance": 22313.097842,
  "usdcBalance": 88.007775,
  "kenduBalance": 319823769.8171208,
  "ethBalanceInUsd": 24206.29442128693,
  "kenduBalanceInUsd": 41209.29274093601,
  "totalUsdBalance": 46607.40003828693
}