{
  "ethBalance": 0.10788809429719365,
  "usdtBalance": 3946.421819,
  "usdcBalance": 0,
  "kenduBalance": 13268928669.075045,
  "ethBalanceInUsd": 360.33220950036815,
  "kenduBalanceInUsd": 346849.79540962167,
  "totalUsdBalance": 4306.754028500368
}