{
  "ethBalance": 0.11828269992644785,
  "usdtBalance": 0,
  "usdcBalance": 0,
  "kenduBalance": 12696082608.223658,
  "ethBalanceInUsd": 390.8379768859638,
  "kenduBalanceInUsd": 301024.11864098295,
  "totalUsdBalance": 390.8379768859638
}