{
  "ethBalance": 0.04459919224178026,
  "usdtBalance": 0,
  "usdcBalance": 0,
  "kenduBalance": 517214787.4674407,
  "ethBalanceInUsd": 107.97464441735,
  "kenduBalanceInUsd": 31953.529569738486,
  "totalUsdBalance": 107.97464441735
}