{
  "ethBalance": 0.5002741579676101,
  "usdtBalance": 0,
  "usdcBalance": 100,
  "kenduBalance": null,
  "ethBalanceInUsd": 1297.0808203289414,
  "kenduBalanceInUsd": null,
  "totalUsdBalance": 1397.0808203289414
}