{
  "ethBalance": 0.04459919224178026,
  "usdtBalance": 0,
  "usdcBalance": 0,
  "kenduBalance": 517214787.4674407,
  "ethBalanceInUsd": 103.69624390559603,
  "kenduBalanceInUsd": 23166.050330666672,
  "totalUsdBalance": 103.69624390559603
}