{
  "ethBalance": 0.04459919224178026,
  "usdtBalance": 0,
  "usdcBalance": 0,
  "kenduBalance": 517214787.4674407,
  "ethBalanceInUsd": 105.9377993076679,
  "kenduBalanceInUsd": 25560.75479664092,
  "totalUsdBalance": 105.9377993076679
}