{
  "ethBalance": 0.5002741579676101,
  "usdtBalance": 0,
  "usdcBalance": 100,
  "kenduBalance": 4855925261.348792,
  "ethBalanceInUsd": 1399.877154308126,
  "kenduBalanceInUsd": 136111.58507560665,
  "totalUsdBalance": 1499.877154308126
}