{
  "ethBalance": 0.038589031500035925,
  "usdtBalance": 0,
  "usdcBalance": 0,
  "kenduBalance": 35199894.08324558,
  "ethBalanceInUsd": 138.21086111084367,
  "kenduBalanceInUsd": 682.8779452149644,
  "totalUsdBalance": 138.21086111084367
}