{
  "ethBalance": 0.038589031500035925,
  "usdtBalance": 0,
  "usdcBalance": 0,
  "kenduBalance": 35199894.08324558,
  "ethBalanceInUsd": 140.86887360056613,
  "kenduBalanceInUsd": 1141.1805661788217,
  "totalUsdBalance": 140.86887360056613
}