{
  "ethBalance": 0.04272247540230626,
  "usdtBalance": 0,
  "usdcBalance": 0,
  "kenduBalance": 517214787.4674407,
  "ethBalanceInUsd": 103.3653203368639,
  "kenduBalanceInUsd": 25840.05078187334,
  "totalUsdBalance": 103.3653203368639
}