{
  "ethBalance": 0.038589031500035925,
  "usdtBalance": 0,
  "usdcBalance": 0,
  "kenduBalance": 35199894.08324558,
  "ethBalanceInUsd": 139.39322903600478,
  "kenduBalanceInUsd": 817.6935395537948,
  "totalUsdBalance": 139.39322903600478
}