{
  "ethBalance": 0.038589031500035925,
  "usdtBalance": 0,
  "usdcBalance": 0,
  "kenduBalance": 35199894.08324558,
  "ethBalanceInUsd": 139.03782405588944,
  "kenduBalanceInUsd": 718.4298382390423,
  "totalUsdBalance": 139.03782405588944
}