{
  "ethBalance": 0.20528601123049806,
  "usdtBalance": 0,
  "usdcBalance": null,
  "kenduBalance": 4482236645.828448,
  "ethBalanceInUsd": 955.9368927560495,
  "kenduBalanceInUsd": 60734.306550975474,
  "totalUsdBalance": null
}