{
  "ethBalance": 0.10895982647011769,
  "usdtBalance": 3946.421819,
  "usdcBalance": 0,
  "kenduBalance": 11554476486.075047,
  "ethBalanceInUsd": 358.4691123005696,
  "kenduBalanceInUsd": 320290.0881940003,
  "totalUsdBalance": 4304.89093130057
}