{
  "ethBalance": 0.04272247540230626,
  "usdtBalance": 0,
  "usdcBalance": 0,
  "kenduBalance": 517214787.4674407,
  "ethBalanceInUsd": 103.93737428250078,
  "kenduBalanceInUsd": 22705.72916982065,
  "totalUsdBalance": 103.93737428250078
}