{
  "ethBalance": 0.3119048631851912,
  "usdtBalance": 0,
  "usdcBalance": 0.463046,
  "kenduBalance": 4175387837.757599,
  "ethBalanceInUsd": 653.409497886657,
  "kenduBalanceInUsd": 44718.40374238389,
  "totalUsdBalance": 653.872543886657
}