{
  "ethBalance": 0.10895982647011769,
  "usdtBalance": 3946.421819,
  "usdcBalance": 0,
  "kenduBalance": 11554476486.075047,
  "ethBalanceInUsd": 359.29393818694837,
  "kenduBalanceInUsd": 322485.4387263545,
  "totalUsdBalance": 4305.715757186948
}