{
  "ethBalance": 13.475892841222715,
  "usdtBalance": 3949.089252,
  "usdcBalance": 8005.206012,
  "kenduBalance": 10903927414.89931,
  "ethBalanceInUsd": 43983.42760875317,
  "kenduBalanceInUsd": 219932.21595851905,
  "totalUsdBalance": 55937.72287275317
}