{
  "ethBalance": 0.038589031500035925,
  "usdtBalance": 0,
  "usdcBalance": 0,
  "kenduBalance": 35199894.08324558,
  "ethBalanceInUsd": 132.28204231117815,
  "kenduBalanceInUsd": 1124.6366159596962,
  "totalUsdBalance": 132.28204231117815
}