{
  "ethBalance": 0.04459919224178026,
  "usdtBalance": 0,
  "usdcBalance": 0,
  "kenduBalance": 517214787.4674407,
  "ethBalanceInUsd": 104.23812409133365,
  "kenduBalanceInUsd": 25152.15511454164,
  "totalUsdBalance": 104.23812409133365
}