{
  "ethBalance": 0.3196155371451788,
  "usdtBalance": 0,
  "usdcBalance": 884.463046,
  "kenduBalance": 5453954448.539579,
  "ethBalanceInUsd": 609.2031945755681,
  "kenduBalanceInUsd": 37141.42979455453,
  "totalUsdBalance": 1493.666240575568
}