{
  "ethBalance": 0.04841366454199495,
  "usdtBalance": 90113.767042,
  "usdcBalance": 0,
  "kenduBalance": 946492975.4674407,
  "ethBalanceInUsd": 122.65117775069001,
  "kenduBalanceInUsd": 117885.70009446974,
  "totalUsdBalance": 90236.4182197507
}