{
  "ethBalance": 0.3119048631851912,
  "usdtBalance": 0,
  "usdcBalance": 0.463046,
  "kenduBalance": 4175387837.757599,
  "ethBalanceInUsd": 620.6657253494757,
  "kenduBalanceInUsd": 36367.62806686868,
  "totalUsdBalance": 621.1287713494756
}