{
  "ethBalance": 0.3196155371451788,
  "usdtBalance": 0,
  "usdcBalance": 884.463046,
  "kenduBalance": 5453954448.539579,
  "ethBalanceInUsd": 616.4840365117352,
  "kenduBalanceInUsd": 37632.2856949231,
  "totalUsdBalance": 1500.947082511735
}