{
  "ethBalance": 0.0624422229661258,
  "usdtBalance": 0,
  "usdcBalance": 0,
  "kenduBalance": 6384544426.92592,
  "ethBalanceInUsd": 137.1368589226648,
  "kenduBalanceInUsd": 52097.8825237155,
  "totalUsdBalance": 137.1368589226648
}