{
  "ethBalance": 0.5002741579676101,
  "usdtBalance": 0,
  "usdcBalance": 100,
  "kenduBalance": 4855925261.348792,
  "ethBalanceInUsd": 1322.0495035531048,
  "kenduBalanceInUsd": 152621.73096419254,
  "totalUsdBalance": 1422.0495035531048
}