{
  "ethBalance": 0.3579488855246269,
  "usdtBalance": 0,
  "usdcBalance": 0,
  "kenduBalance": 3705282011.416198,
  "ethBalanceInUsd": 581.7922210874523,
  "kenduBalanceInUsd": 39127.77804055505,
  "totalUsdBalance": 581.7922210874523
}