{
  "ethBalance": 0.038589031500035925,
  "usdtBalance": 0,
  "usdcBalance": 0,
  "kenduBalance": 35199894.08324558,
  "ethBalanceInUsd": 134.39594945675012,
  "kenduBalanceInUsd": 1254.5242251268726,
  "totalUsdBalance": 134.39594945675012
}