{
  "ethBalance": 0.35779268808449755,
  "usdtBalance": 0,
  "usdcBalance": 0,
  "kenduBalance": 3546950453.60037,
  "ethBalanceInUsd": 680.8508620097521,
  "kenduBalanceInUsd": 43414.673552068525,
  "totalUsdBalance": 680.8508620097521
}