{
  "ethBalance": 2.037084045317489,
  "usdtBalance": 0,
  "usdcBalance": 0,
  "kenduBalance": 8110029020.399477,
  "ethBalanceInUsd": 5355.005054968803,
  "kenduBalanceInUsd": 102997.36855907337,
  "totalUsdBalance": 5355.005054968803
}