{
  "ethBalance": 0.038589031500035925,
  "usdtBalance": 0,
  "usdcBalance": 0,
  "kenduBalance": 35199894.08324558,
  "ethBalanceInUsd": 118.55013545189036,
  "kenduBalanceInUsd": 797.2776009855125,
  "totalUsdBalance": 118.55013545189036
}