{
  "ethBalance": 0.038589031500035925,
  "usdtBalance": 0,
  "usdcBalance": 0,
  "kenduBalance": 35199894.08324558,
  "ethBalanceInUsd": 132.2330342411731,
  "kenduBalanceInUsd": 839.5174738854072,
  "totalUsdBalance": 132.2330342411731
}