{
  "ethBalance": 0.5002741579676101,
  "usdtBalance": 0,
  "usdcBalance": 100,
  "kenduBalance": 4855925261.348792,
  "ethBalanceInUsd": 1249.8849562662772,
  "kenduBalanceInUsd": 124748.71996405047,
  "totalUsdBalance": 1349.8849562662772
}