{
  "ethBalance": 0.038589031500035925,
  "usdtBalance": 0,
  "usdcBalance": 0,
  "kenduBalance": 35199894.08324558,
  "ethBalanceInUsd": 122.37662381543393,
  "kenduBalanceInUsd": 796.2216041630151,
  "totalUsdBalance": 122.37662381543393
}