{
  "ethBalance": 0.04459919224178026,
  "usdtBalance": 0,
  "usdcBalance": 0,
  "kenduBalance": 517214787.4674407,
  "ethBalanceInUsd": 107.50323095535438,
  "kenduBalanceInUsd": 26336.576977842084,
  "totalUsdBalance": 107.50323095535438
}