{
  "ethBalance": 0.0624422229661258,
  "usdtBalance": 0,
  "usdcBalance": 0,
  "kenduBalance": 6384544426.92592,
  "ethBalanceInUsd": 116.1231776278745,
  "kenduBalanceInUsd": 42904.13854894218,
  "totalUsdBalance": 116.1231776278745
}