{
  "ethBalance": 0.038589031500035925,
  "usdtBalance": 0,
  "usdcBalance": 0,
  "kenduBalance": 35199894.08324558,
  "ethBalanceInUsd": 100.1003336014082,
  "kenduBalanceInUsd": 1773.01866497308,
  "totalUsdBalance": 100.1003336014082
}