{
  "ethBalance": 0.04459919224178026,
  "usdtBalance": 0,
  "usdcBalance": 0,
  "kenduBalance": 517214787.4674407,
  "ethBalanceInUsd": 104.72693123830356,
  "kenduBalanceInUsd": 28762.31433106438,
  "totalUsdBalance": 104.72693123830356
}