{
  "ethBalance": 0.038589031500035925,
  "usdtBalance": 0,
  "usdcBalance": 0,
  "kenduBalance": 35199894.08324558,
  "ethBalanceInUsd": 94.9529426896184,
  "kenduBalanceInUsd": 2000.4099807508467,
  "totalUsdBalance": 94.9529426896184
}