{
  "ethBalance": 0.35779268808449755,
  "usdtBalance": 0,
  "usdcBalance": 0,
  "kenduBalance": 3546950453.60037,
  "ethBalanceInUsd": 771.2614963618238,
  "kenduBalanceInUsd": 53984.58590379763,
  "totalUsdBalance": 771.2614963618238
}