{
  "ethBalance": 0.038589031500035925,
  "usdtBalance": 0,
  "usdcBalance": 0,
  "kenduBalance": 35199894.08324558,
  "ethBalanceInUsd": 138.93865024493434,
  "kenduBalanceInUsd": 701.181890138252,
  "totalUsdBalance": 138.93865024493434
}