{
  "ethBalance": 0.5002741579676101,
  "usdtBalance": 0,
  "usdcBalance": 100,
  "kenduBalance": 4855925261.348792,
  "ethBalanceInUsd": 1242.1006903683012,
  "kenduBalanceInUsd": 128682.019425743,
  "totalUsdBalance": 1342.1006903683012
}