{
  "ethBalance": 0.0660488809860724,
  "usdtBalance": 0,
  "usdcBalance": 0,
  "kenduBalance": 7622102282.100412,
  "ethBalanceInUsd": 186.95532056393708,
  "kenduBalanceInUsd": 69437.35178993475,
  "totalUsdBalance": 186.95532056393708
}