{
  "ethBalance": 0.35769432885289126,
  "usdtBalance": 0,
  "usdcBalance": 0,
  "kenduBalance": 4514955040.756332,
  "ethBalanceInUsd": 887.8581322487811,
  "kenduBalanceInUsd": 79147.16186445851,
  "totalUsdBalance": 887.8581322487811
}