{
  "ethBalance": 0.8895064501468166,
  "usdtBalance": 0,
  "usdcBalance": null,
  "kenduBalance": 4730282940.56362,
  "ethBalanceInUsd": 3278.471713435125,
  "kenduBalanceInUsd": 83678.70521857042,
  "totalUsdBalance": null
}