{
  "ethBalance": 0.038589031500035925,
  "usdtBalance": 0,
  "usdcBalance": 0,
  "kenduBalance": 35199894.08324558,
  "ethBalanceInUsd": 126.83018394085308,
  "kenduBalanceInUsd": 1437.915673300582,
  "totalUsdBalance": 126.83018394085308
}