{
  "ethBalance": 0.038589031500035925,
  "usdtBalance": 0,
  "usdcBalance": 0,
  "kenduBalance": 35199894.08324558,
  "ethBalanceInUsd": 120.45103114358214,
  "kenduBalanceInUsd": 770.1736825414134,
  "totalUsdBalance": 120.45103114358214
}