{
  "ethBalance": 0.3117728554842481,
  "usdtBalance": 0,
  "usdcBalance": 0.463046,
  "kenduBalance": 4113980899.4295063,
  "ethBalanceInUsd": 560.1622894485486,
  "kenduBalanceInUsd": 49285.49117516549,
  "totalUsdBalance": 560.6253354485485
}