{
  "ethBalance": 0.038589031500035925,
  "usdtBalance": 0,
  "usdcBalance": 0,
  "kenduBalance": 35199894.08324558,
  "ethBalanceInUsd": 123.0909067884996,
  "kenduBalanceInUsd": 370.654884696576,
  "totalUsdBalance": 123.0909067884996
}