{
  "ethBalance": 0.10895982647011769,
  "usdtBalance": 3946.421819,
  "usdcBalance": 0,
  "kenduBalance": 11554476486.075047,
  "ethBalanceInUsd": 358.54320498256925,
  "kenduBalanceInUsd": 304113.8211134952,
  "totalUsdBalance": 4304.96502398257
}