{
  "ethBalance": 0.5002528644753425,
  "usdtBalance": 0,
  "usdcBalance": 100,
  "kenduBalance": null,
  "ethBalanceInUsd": 1485.670967033451,
  "kenduBalanceInUsd": null,
  "totalUsdBalance": 1585.670967033451
}