{
  "ethBalance": 1.126230410262131,
  "usdtBalance": 0,
  "usdcBalance": null,
  "kenduBalance": 4547808469.985,
  "ethBalanceInUsd": 4807.100522425957,
  "kenduBalanceInUsd": 60167.50605790155,
  "totalUsdBalance": null
}