{
  "ethBalance": 0.038589031500035925,
  "usdtBalance": 0,
  "usdcBalance": 0,
  "kenduBalance": 35199894.08324558,
  "ethBalanceInUsd": 116.5400328010535,
  "kenduBalanceInUsd": 1382.2998406490542,
  "totalUsdBalance": 116.5400328010535
}