{
  "ethBalance": 0.04272247540230626,
  "usdtBalance": 0,
  "usdcBalance": 0,
  "kenduBalance": 517214787.4674407,
  "ethBalanceInUsd": 106.00044261967815,
  "kenduBalanceInUsd": 26450.36423108492,
  "totalUsdBalance": 106.00044261967815
}