{
  "ethBalance": 8.056063080971311,
  "usdtBalance": 22313.097842,
  "usdcBalance": 88.007775,
  "kenduBalance": 319721753.5049916,
  "ethBalanceInUsd": 25806.711912952687,
  "kenduBalanceInUsd": 44367.787733887686,
  "totalUsdBalance": 48207.817529952685
}