{
  "ethBalance": 18.27649738337883,
  "usdtBalance": 0,
  "usdcBalance": 0,
  "kenduBalance": 10805029020.399477,
  "ethBalanceInUsd": 50635.584295572546,
  "kenduBalanceInUsd": 131497.20317826164,
  "totalUsdBalance": 50635.584295572546
}