{
  "ethBalance": 0.35769432885289126,
  "usdtBalance": 0,
  "usdcBalance": 0,
  "kenduBalance": 4514955040.756332,
  "ethBalanceInUsd": 896.3068722962864,
  "kenduBalanceInUsd": 77160.58164652572,
  "totalUsdBalance": 896.3068722962864
}