{
  "ethBalance": 3.9774170719585187,
  "usdtBalance": 0,
  "usdcBalance": 0,
  "kenduBalance": 8310029020.399478,
  "ethBalanceInUsd": 10459.453448300037,
  "kenduBalanceInUsd": 101049.95288805765,
  "totalUsdBalance": 10459.453448300037
}