{
  "ethBalance": 0.5002741579676101,
  "usdtBalance": 0,
  "usdcBalance": 100,
  "kenduBalance": 4855925261.348792,
  "ethBalanceInUsd": 1268.7352865384967,
  "kenduBalanceInUsd": 118533.13562952401,
  "totalUsdBalance": 1368.7352865384967
}