{
  "ethBalance": 0.30943876692005484,
  "usdtBalance": 0,
  "usdcBalance": 0,
  "kenduBalance": 8110029020.399477,
  "ethBalanceInUsd": 847.0112647519201,
  "kenduBalanceInUsd": 84912.00384358253,
  "totalUsdBalance": 847.0112647519201
}