{
  "ethBalance": 0.3117728554842481,
  "usdtBalance": 0,
  "usdcBalance": 0.463046,
  "kenduBalance": 4113980899.4295063,
  "ethBalanceInUsd": 564.4928144112248,
  "kenduBalanceInUsd": 48298.1357593024,
  "totalUsdBalance": 564.9558604112248
}