{
  "ethBalance": 0.5002741579676101,
  "usdtBalance": 0,
  "usdcBalance": 100,
  "kenduBalance": 4855925261.348792,
  "ethBalanceInUsd": 1284.6289965371275,
  "kenduBalanceInUsd": 116542.20627237101,
  "totalUsdBalance": 1384.6289965371275
}