{
  "ethBalance": 0.038589031500035925,
  "usdtBalance": 0,
  "usdcBalance": 0,
  "kenduBalance": 35199894.08324558,
  "ethBalanceInUsd": 129.40407234190548,
  "kenduBalanceInUsd": 1085.9167324681262,
  "totalUsdBalance": 129.40407234190548
}