{
  "ethBalance": 0.038589031500035925,
  "usdtBalance": 0,
  "usdcBalance": 0,
  "kenduBalance": 35199894.08324558,
  "ethBalanceInUsd": 148.68469604058342,
  "kenduBalanceInUsd": 1465.7235896263462,
  "totalUsdBalance": 148.68469604058342
}