{
  "ethBalance": 0.038589031500035925,
  "usdtBalance": 0,
  "usdcBalance": 0,
  "kenduBalance": 35199894.08324558,
  "ethBalanceInUsd": 132.56605758301842,
  "kenduBalanceInUsd": 1179.5484507295596,
  "totalUsdBalance": 132.56605758301842
}