{
  "ethBalance": 0.038589031500035925,
  "usdtBalance": 0,
  "usdcBalance": 0,
  "kenduBalance": 35199894.08324558,
  "ethBalanceInUsd": 147.2792835133521,
  "kenduBalanceInUsd": 1259.8042092393594,
  "totalUsdBalance": 147.2792835133521
}