{
  "ethBalance": 0.11828269992644785,
  "usdtBalance": 0,
  "usdcBalance": 0,
  "kenduBalance": 12696082608.223658,
  "ethBalanceInUsd": 387.0127143703425,
  "kenduBalanceInUsd": 342540.3087698743,
  "totalUsdBalance": 387.0127143703425
}