{
  "ethBalance": 0.038589031500035925,
  "usdtBalance": 0,
  "usdcBalance": 0,
  "kenduBalance": 35199894.08324558,
  "ethBalanceInUsd": 153.42805979256784,
  "kenduBalanceInUsd": 1670.5869731908356,
  "totalUsdBalance": 153.42805979256784
}