{
  "ethBalance": 0.3579488855246269,
  "usdtBalance": 0,
  "usdcBalance": 0,
  "kenduBalance": 3705282011.416198,
  "ethBalanceInUsd": 519.5735458055617,
  "kenduBalanceInUsd": 38720.19701929927,
  "totalUsdBalance": 519.5735458055617
}