{
  "ethBalance": 0.3196155371451788,
  "usdtBalance": 0,
  "usdcBalance": 884.463046,
  "kenduBalance": 5453954448.539579,
  "ethBalanceInUsd": 619.4372840749567,
  "kenduBalanceInUsd": 38286.760228747844,
  "totalUsdBalance": 1503.9003300749566
}