{
  "ethBalance": 13.47560135212183,
  "usdtBalance": 3949.089252,
  "usdcBalance": 8005.206012,
  "kenduBalance": 10805029020.399477,
  "ethBalanceInUsd": 33652.34974462681,
  "kenduBalanceInUsd": 121556.57647949412,
  "totalUsdBalance": 45606.64500862681
}