{
  "ethBalance": 0.04459919224178026,
  "usdtBalance": 0,
  "usdcBalance": 0,
  "kenduBalance": 517214787.4674407,
  "ethBalanceInUsd": 105.10959230773805,
  "kenduBalanceInUsd": 30241.54862322126,
  "totalUsdBalance": 105.10959230773805
}