{
  "ethBalance": 0.30943876692005484,
  "usdtBalance": 0,
  "usdcBalance": 0,
  "kenduBalance": 8110029020.399477,
  "ethBalanceInUsd": 836.1840022973875,
  "kenduBalanceInUsd": 91400.02705990212,
  "totalUsdBalance": 836.1840022973875
}