{
  "ethBalance": 0.3117728554842481,
  "usdtBalance": 0,
  "usdcBalance": 0.463046,
  "kenduBalance": 4113980899.4295063,
  "ethBalanceInUsd": 583.8570264653514,
  "kenduBalanceInUsd": 51013.36315292588,
  "totalUsdBalance": 584.3200724653514
}