{
  "ethBalance": 0.11400248175392605,
  "usdtBalance": 0,
  "usdcBalance": 0,
  "kenduBalance": 11996082608.223658,
  "ethBalanceInUsd": 368.8128487965788,
  "kenduBalanceInUsd": 299542.18272734474,
  "totalUsdBalance": 368.8128487965788
}