{
  "ethBalance": 0.35769432885289126,
  "usdtBalance": 0,
  "usdcBalance": 0,
  "kenduBalance": 4514955040.756332,
  "ethBalanceInUsd": 884.3563047693114,
  "kenduBalanceInUsd": 78289.3204067148,
  "totalUsdBalance": 884.3563047693114
}