{
  "ethBalance": 0.30943876692005484,
  "usdtBalance": 0,
  "usdcBalance": 0,
  "kenduBalance": 8110029020.399477,
  "ethBalanceInUsd": 835.8869410811442,
  "kenduBalanceInUsd": 91400.02705990212,
  "totalUsdBalance": 835.8869410811442
}