{
  "ethBalance": 0.038589031500035925,
  "usdtBalance": 0,
  "usdcBalance": 0,
  "kenduBalance": 35199894.08324558,
  "ethBalanceInUsd": 143.65268633297873,
  "kenduBalanceInUsd": 987.709027975871,
  "totalUsdBalance": 143.65268633297873
}