{
  "ethBalance": 0.04272247540230626,
  "usdtBalance": 0,
  "usdcBalance": 0,
  "kenduBalance": 517214787.4674407,
  "ethBalanceInUsd": 103.22220004426619,
  "kenduBalanceInUsd": 24334.955750343084,
  "totalUsdBalance": 103.22220004426619
}