{
  "ethBalance": 4.778379203455415,
  "usdtBalance": 3949.089252,
  "usdcBalance": 5005.206012,
  "kenduBalance": 12310098030.836285,
  "ethBalanceInUsd": 15135.516126945027,
  "kenduBalanceInUsd": 288425.5968624942,
  "totalUsdBalance": 24089.811390945026
}