{
  "ethBalance": 0.04459919224178026,
  "usdtBalance": 0,
  "usdcBalance": 0,
  "kenduBalance": 517214787.4674407,
  "ethBalanceInUsd": 110.45881942521716,
  "kenduBalanceInUsd": 32170.75978047481,
  "totalUsdBalance": 110.45881942521716
}