{
  "ethBalance": 0.038589031500035925,
  "usdtBalance": 0,
  "usdcBalance": 0,
  "kenduBalance": 35199894.08324558,
  "ethBalanceInUsd": 138.18539235005363,
  "kenduBalanceInUsd": 1337.5959751633322,
  "totalUsdBalance": 138.18539235005363
}