{
  "ethBalance": 4.092998430208601,
  "usdtBalance": 0,
  "usdcBalance": 0,
  "kenduBalance": 8310029020.399478,
  "ethBalanceInUsd": 10728.28097537267,
  "kenduBalanceInUsd": 118417.91354069256,
  "totalUsdBalance": 10728.28097537267
}