{
  "ethBalance": 0.5002741579676101,
  "usdtBalance": 0,
  "usdcBalance": 100,
  "kenduBalance": 4855925261.348792,
  "ethBalanceInUsd": 1246.5981550484298,
  "kenduBalanceInUsd": 149562.4980495428,
  "totalUsdBalance": 1346.5981550484298
}