{
  "ethBalance": 0.3579488855246269,
  "usdtBalance": 0,
  "usdcBalance": 0,
  "kenduBalance": 3705282011.416198,
  "ethBalanceInUsd": 572.6430475734428,
  "kenduBalanceInUsd": 44352.22567665189,
  "totalUsdBalance": 572.6430475734428
}