{
  "ethBalance": 0.11327750927784742,
  "usdtBalance": 0,
  "usdcBalance": 0,
  "kenduBalance": 11796082608.223656,
  "ethBalanceInUsd": 377.0793056591913,
  "kenduBalanceInUsd": 299266.61577063415,
  "totalUsdBalance": 377.0793056591913
}