{
  "ethBalance": 0.038589031500035925,
  "usdtBalance": 0,
  "usdcBalance": 0,
  "kenduBalance": 35199894.08324558,
  "ethBalanceInUsd": 104.41497321342722,
  "kenduBalanceInUsd": 1584.3472326868837,
  "totalUsdBalance": 104.41497321342722
}