{
  "ethBalance": 0.0660488809860724,
  "usdtBalance": 0,
  "usdcBalance": 0,
  "kenduBalance": 7622102282.100412,
  "ethBalanceInUsd": 180.35901881985802,
  "kenduBalanceInUsd": 63187.22791861242,
  "totalUsdBalance": 180.35901881985802
}