{
  "ethBalance": 0.5002741579676101,
  "usdtBalance": 0,
  "usdcBalance": 100,
  "kenduBalance": 4855925261.348792,
  "ethBalanceInUsd": 1285.36439954934,
  "kenduBalanceInUsd": 139365.05500071033,
  "totalUsdBalance": 1385.36439954934
}