{
  "ethBalance": 0.3117728554842481,
  "usdtBalance": 0,
  "usdcBalance": 0.463046,
  "kenduBalance": 4113980899.4295063,
  "ethBalanceInUsd": 592.4432509053876,
  "kenduBalanceInUsd": 48627.25423125677,
  "totalUsdBalance": 592.9062969053875
}