{
  "ethBalance": 13.47560135212183,
  "usdtBalance": 3949.089252,
  "usdcBalance": 8005.206012,
  "kenduBalance": 10805029020.399477,
  "ethBalanceInUsd": 42140.63103632834,
  "kenduBalanceInUsd": 149973.80280314473,
  "totalUsdBalance": 54094.92630032834
}