{
  "ethBalance": 0.04272247540230626,
  "usdtBalance": 0,
  "usdcBalance": 0,
  "kenduBalance": 517214787.4674407,
  "ethBalanceInUsd": 105.21050404948951,
  "kenduBalanceInUsd": 22400.572445214857,
  "totalUsdBalance": 105.21050404948951
}