{
  "ethBalance": 0.038589031500035925,
  "usdtBalance": 0,
  "usdcBalance": 0,
  "kenduBalance": 35199894.08324558,
  "ethBalanceInUsd": 140.77896115717107,
  "kenduBalanceInUsd": 974.3330682242378,
  "totalUsdBalance": 140.77896115717107
}