{
  "ethBalance": 0.04272247540230626,
  "usdtBalance": 0,
  "usdcBalance": 0,
  "kenduBalance": 517214787.4674407,
  "ethBalanceInUsd": 114.19076837905429,
  "kenduBalanceInUsd": 30282.925806218653,
  "totalUsdBalance": 114.19076837905429
}