{
  "ethBalance": 0.04272247540230626,
  "usdtBalance": 0,
  "usdcBalance": 0,
  "kenduBalance": 517214787.4674407,
  "ethBalanceInUsd": 110.10692695534784,
  "kenduBalanceInUsd": 29807.08820174861,
  "totalUsdBalance": 110.10692695534784
}