{
  "ethBalance": 0.04272247540230626,
  "usdtBalance": 0,
  "usdcBalance": 0,
  "kenduBalance": 517214787.4674407,
  "ethBalanceInUsd": 109.91980251308574,
  "kenduBalanceInUsd": 29403.660667524004,
  "totalUsdBalance": 109.91980251308574
}