{
  "ethBalance": 0.3117728554842481,
  "usdtBalance": 0,
  "usdcBalance": 0.463046,
  "kenduBalance": 4113980899.4295063,
  "ethBalanceInUsd": 585.0448810447464,
  "kenduBalanceInUsd": 50272.84659102857,
  "totalUsdBalance": 585.5079270447463
}