{
  "ethBalance": 0.038589031500035925,
  "usdtBalance": 0,
  "usdcBalance": 0,
  "kenduBalance": 35199894.08324558,
  "ethBalanceInUsd": 128.93212848666002,
  "kenduBalanceInUsd": 718.0778392982099,
  "totalUsdBalance": 128.93212848666002
}