{
  "ethBalance": 0.04459919224178026,
  "usdtBalance": 0,
  "usdcBalance": 0,
  "kenduBalance": 517214787.4674407,
  "ethBalanceInUsd": 103.9036301495203,
  "kenduBalanceInUsd": 29455.38214627075,
  "totalUsdBalance": 103.9036301495203
}