{
  "ethBalance": 0.04272247540230626,
  "usdtBalance": 0,
  "usdcBalance": 0,
  "kenduBalance": 517214787.4674407,
  "ethBalanceInUsd": 112.79374343339887,
  "kenduBalanceInUsd": 29900.186863492745,
  "totalUsdBalance": 112.79374343339887
}