{
  "ethBalance": 0.04272247540230626,
  "usdtBalance": 0,
  "usdcBalance": 0,
  "kenduBalance": 517214787.4674407,
  "ethBalanceInUsd": 114.29244787051178,
  "kenduBalanceInUsd": 29227.807639785075,
  "totalUsdBalance": 114.29244787051178
}