{
  "ethBalance": 0.038589031500035925,
  "usdtBalance": 0,
  "usdcBalance": 0,
  "kenduBalance": 35199894.08324558,
  "ethBalanceInUsd": 155.57939829869483,
  "kenduBalanceInUsd": 1493.8835048929425,
  "totalUsdBalance": 155.57939829869483
}