{
  "ethBalance": 0.038589031500035925,
  "usdtBalance": 0,
  "usdcBalance": 0,
  "kenduBalance": 35199894.08324558,
  "ethBalanceInUsd": 129.42259507702548,
  "kenduBalanceInUsd": 725.4698170556915,
  "totalUsdBalance": 129.42259507702548
}