{
  "ethBalance": 0.04459919224178026,
  "usdtBalance": 0,
  "usdcBalance": 0,
  "kenduBalance": 517214787.4674407,
  "ethBalanceInUsd": 106.01317194255651,
  "kenduBalanceInUsd": 26372.782012964803,
  "totalUsdBalance": 106.01317194255651
}