{
  "ethBalance": 3.9773126053695473,
  "usdtBalance": 0,
  "usdcBalance": 0,
  "kenduBalance": 8110029020.399477,
  "ethBalanceInUsd": 10320.728479673438,
  "kenduBalanceInUsd": 104457.17378274526,
  "totalUsdBalance": 10320.728479673438
}