{
  "ethBalance": 0.045462183917402754,
  "usdtBalance": 0,
  "usdcBalance": 0,
  "kenduBalance": 307214787.46744066,
  "ethBalanceInUsd": 120.92395375822124,
  "kenduBalanceInUsd": 22392.88585850175,
  "totalUsdBalance": 120.92395375822124
}