{
  "ethBalance": 0.06254024854608203,
  "usdtBalance": 0,
  "usdcBalance": 0,
  "kenduBalance": 6456272656.749752,
  "ethBalanceInUsd": 154.81838527582607,
  "kenduBalanceInUsd": 67919.98834900738,
  "totalUsdBalance": 154.81838527582607
}