{
  "ethBalance": 0.038589031500035925,
  "usdtBalance": 0,
  "usdcBalance": 0,
  "kenduBalance": 35199894.08324558,
  "ethBalanceInUsd": 99.01829715814718,
  "kenduBalanceInUsd": 1083.1007409414665,
  "totalUsdBalance": 99.01829715814718
}