{
  "ethBalance": 0.04272247540230626,
  "usdtBalance": 0,
  "usdcBalance": 0,
  "kenduBalance": 517214787.4674407,
  "ethBalanceInUsd": 111.78677468816652,
  "kenduBalanceInUsd": 24210.8242013509,
  "totalUsdBalance": 111.78677468816652
}