{
  "ethBalance": 0.04459919224178026,
  "usdtBalance": 0,
  "usdcBalance": 0,
  "kenduBalance": 517214787.4674407,
  "ethBalanceInUsd": 104.09362270847029,
  "kenduBalanceInUsd": 25193.532297539037,
  "totalUsdBalance": 104.09362270847029
}