{
  "ethBalance": 0.3117728554842481,
  "usdtBalance": 0,
  "usdcBalance": 0.463046,
  "kenduBalance": 4113980899.4295063,
  "ethBalanceInUsd": 628.1537137725534,
  "kenduBalanceInUsd": 53029.21379364634,
  "totalUsdBalance": 628.6167597725533
}