{
  "ethBalance": 0.038589031500035925,
  "usdtBalance": 0,
  "usdcBalance": 0,
  "kenduBalance": 35199894.08324558,
  "ethBalanceInUsd": 139.98865779205033,
  "kenduBalanceInUsd": 792.349615813858,
  "totalUsdBalance": 139.98865779205033
}