{
  "ethBalance": 0.04459919224178026,
  "usdtBalance": 0,
  "usdcBalance": 0,
  "kenduBalance": 517214787.4674407,
  "ethBalanceInUsd": 112.38505853813965,
  "kenduBalanceInUsd": 36215.3794184702,
  "totalUsdBalance": 112.38505853813965
}