{
  "ethBalance": 0.045462183917402754,
  "usdtBalance": 0,
  "usdcBalance": 0,
  "kenduBalance": 307214787.46744066,
  "ethBalanceInUsd": 115.74353790083319,
  "kenduBalanceInUsd": 26153.194857103226,
  "totalUsdBalance": 115.74353790083319
}