{
  "ethBalance": 0.038589031500035925,
  "usdtBalance": 0,
  "usdcBalance": 0,
  "kenduBalance": 35199894.08324558,
  "ethBalanceInUsd": 119.25940185086102,
  "kenduBalanceInUsd": 1124.9886149005288,
  "totalUsdBalance": 119.25940185086102
}