{
  "ethBalance": 0.038589031500035925,
  "usdtBalance": 0,
  "usdcBalance": 0,
  "kenduBalance": 35199894.08324558,
  "ethBalanceInUsd": 97.27677416655057,
  "kenduBalanceInUsd": 1194.3324062445226,
  "totalUsdBalance": 97.27677416655057
}