{
  "ethBalance": 0.04459919224178026,
  "usdtBalance": 0,
  "usdcBalance": 0,
  "kenduBalance": 517214787.4674407,
  "ethBalanceInUsd": 112.28025043637147,
  "kenduBalanceInUsd": 34074.110198354996,
  "totalUsdBalance": 112.28025043637147
}