{
  "ethBalance": 0.3196155371451788,
  "usdtBalance": 0,
  "usdcBalance": 884.463046,
  "kenduBalance": 5453954448.539579,
  "ethBalanceInUsd": 608.9347175243662,
  "kenduBalanceInUsd": 38723.07658463101,
  "totalUsdBalance": 1493.3977635243662
}