{
  "ethBalance": 0.10788809429719365,
  "usdtBalance": 3946.421819,
  "usdcBalance": 0,
  "kenduBalance": 13268928669.075045,
  "ethBalanceInUsd": 361.2913346586702,
  "kenduBalanceInUsd": 340746.08822184714,
  "totalUsdBalance": 4307.71315365867
}