{
  "ethBalance": 0.3117728554842481,
  "usdtBalance": 0,
  "usdcBalance": 0.463046,
  "kenduBalance": 4113980899.4295063,
  "ethBalanceInUsd": 559.3641509385089,
  "kenduBalanceInUsd": 49326.63098415978,
  "totalUsdBalance": 559.8271969385089
}