{
  "ethBalance": 0.20528601123049806,
  "usdtBalance": 0,
  "usdcBalance": 25.002104,
  "kenduBalance": 4482236645.828448,
  "ethBalanceInUsd": 956.4767949655857,
  "kenduBalanceInUsd": 59165.52372493552,
  "totalUsdBalance": 981.4788989655857
}