{
  "ethBalance": 0.3579040556931112,
  "usdtBalance": 0,
  "usdcBalance": 0,
  "kenduBalance": 3646098337.9468102,
  "ethBalanceInUsd": 647.8886587373406,
  "kenduBalanceInUsd": 36497.44436284757,
  "totalUsdBalance": 647.8886587373406
}