{
  "ethBalance": 0.038589031500035925,
  "usdtBalance": 0,
  "usdcBalance": 0,
  "kenduBalance": 35199894.08324558,
  "ethBalanceInUsd": 143.35825202263345,
  "kenduBalanceInUsd": 806.4295734471563,
  "totalUsdBalance": 143.35825202263345
}