{
  "ethBalance": 0.3579488855246269,
  "usdtBalance": 0,
  "usdcBalance": 0,
  "kenduBalance": 3705282011.416198,
  "ethBalanceInUsd": 562.1336682944399,
  "kenduBalanceInUsd": 40869.26058592066,
  "totalUsdBalance": 562.1336682944399
}