{
  "ethBalance": 0.038589031500035925,
  "usdtBalance": 0,
  "usdcBalance": 0,
  "kenduBalance": 35199894.08324558,
  "ethBalanceInUsd": 140.51964286549082,
  "kenduBalanceInUsd": 1146.4605502913087,
  "totalUsdBalance": 140.51964286549082
}