{
  "ethBalance": 0.04272247540230626,
  "usdtBalance": 0,
  "usdcBalance": 0,
  "kenduBalance": 517214787.4674407,
  "ethBalanceInUsd": 105.43351537108954,
  "kenduBalanceInUsd": 25927.977295742807,
  "totalUsdBalance": 105.43351537108954
}