{
  "ethBalance": 0.04272247540230626,
  "usdtBalance": 0,
  "usdcBalance": 0,
  "kenduBalance": 517214787.4674407,
  "ethBalanceInUsd": 103.62720911108005,
  "kenduBalanceInUsd": 22628.14695170053,
  "totalUsdBalance": 103.62720911108005
}