{
  "ethBalance": 0.04459919224178026,
  "usdtBalance": 0,
  "usdcBalance": 0,
  "kenduBalance": 517214787.4674407,
  "ethBalanceInUsd": 108.33991180181019,
  "kenduBalanceInUsd": 27893.39348811908,
  "totalUsdBalance": 108.33991180181019
}