{
  "ethBalance": 0.04459919224178026,
  "usdtBalance": 0,
  "usdcBalance": 0,
  "kenduBalance": 517214787.4674407,
  "ethBalanceInUsd": 105.83789711704632,
  "kenduBalanceInUsd": 24826.309798437156,
  "totalUsdBalance": 105.83789711704632
}