{
  "ethBalance": 0.5002741579676101,
  "usdtBalance": 0,
  "usdcBalance": 100,
  "kenduBalance": 4855925261.348792,
  "ethBalanceInUsd": 1302.7739402466127,
  "kenduBalanceInUsd": 128099.30839438114,
  "totalUsdBalance": 1402.7739402466127
}