{
  "ethBalance": 0.038589031500035925,
  "usdtBalance": 0,
  "usdcBalance": 0,
  "kenduBalance": 35199894.08324558,
  "ethBalanceInUsd": 131.32773556218226,
  "kenduBalanceInUsd": 1101.7566848055867,
  "totalUsdBalance": 131.32773556218226
}