{
  "ethBalance": 0.04272247540230626,
  "usdtBalance": 0,
  "usdcBalance": 0,
  "kenduBalance": 517214787.4674407,
  "ethBalanceInUsd": 102.45874940882696,
  "kenduBalanceInUsd": 24852.17053781053,
  "totalUsdBalance": 102.45874940882696
}