{
  "ethBalance": 0.038589031500035925,
  "usdtBalance": 0,
  "usdcBalance": 0,
  "kenduBalance": 35199894.08324558,
  "ethBalanceInUsd": 128.5813541903247,
  "kenduBalanceInUsd": 914.1412493418878,
  "totalUsdBalance": 128.5813541903247
}