{
  "ethBalance": 0.0624422229661258,
  "usdtBalance": 0,
  "usdcBalance": 0,
  "kenduBalance": 6379544426.92592,
  "ethBalanceInUsd": 140.13783215841684,
  "kenduBalanceInUsd": 54162.33218460106,
  "totalUsdBalance": 140.13783215841684
}