{
  "ethBalance": 0.5002528644753425,
  "usdtBalance": 0,
  "usdcBalance": null,
  "kenduBalance": 4845166789.051858,
  "ethBalanceInUsd": 1492.18425932892,
  "kenduBalanceInUsd": 106109.1526802357,
  "totalUsdBalance": null
}