{
  "ethBalance": 8.056063080971311,
  "usdtBalance": 22313.097842,
  "usdcBalance": 88.007775,
  "kenduBalance": 319823769.8171208,
  "ethBalanceInUsd": 24366.771197859878,
  "kenduBalanceInUsd": 40448.112168771266,
  "totalUsdBalance": 46767.876814859876
}