{
  "ethBalance": 0.038589031500035925,
  "usdtBalance": 0,
  "usdcBalance": 0,
  "kenduBalance": 35199894.08324558,
  "ethBalanceInUsd": 95.03089253324846,
  "kenduBalanceInUsd": 1170.044479327083,
  "totalUsdBalance": 95.03089253324846
}