{
  "ethBalance": 0.30943876692005484,
  "usdtBalance": 0,
  "usdcBalance": 0,
  "kenduBalance": 8110029020.399477,
  "ethBalanceInUsd": 830.2489667478608,
  "kenduBalanceInUsd": 81992.39339623871,
  "totalUsdBalance": 830.2489667478608
}