{
  "ethBalance": 0.04272247540230626,
  "usdtBalance": 0,
  "usdcBalance": 0,
  "kenduBalance": 517214787.4674407,
  "ethBalanceInUsd": 112.85868159601038,
  "kenduBalanceInUsd": 29869.153976244703,
  "totalUsdBalance": 112.85868159601038
}