{
  "ethBalance": 0.04459919224178026,
  "usdtBalance": 0,
  "usdcBalance": 0,
  "kenduBalance": 517214787.4674407,
  "ethBalanceInUsd": 101.30483521759176,
  "kenduBalanceInUsd": 25715.91923288115,
  "totalUsdBalance": 101.30483521759176
}