{
  "ethBalance": 0.0660488809860724,
  "usdtBalance": 0,
  "usdcBalance": 0,
  "kenduBalance": 7622102282.100412,
  "ethBalanceInUsd": 187.39586660011418,
  "kenduBalanceInUsd": 69666.01485839777,
  "totalUsdBalance": 187.39586660011418
}