{
  "ethBalance": 0.038589031500035925,
  "usdtBalance": 0,
  "usdcBalance": 0,
  "kenduBalance": 35199894.08324558,
  "ethBalanceInUsd": 131.99030923303786,
  "kenduBalanceInUsd": 782.8456444113817,
  "totalUsdBalance": 131.99030923303786
}