{
  "ethBalance": 0.04459919224178026,
  "usdtBalance": 0,
  "usdcBalance": 0,
  "kenduBalance": 517214787.4674407,
  "ethBalanceInUsd": 104.0365357424008,
  "kenduBalanceInUsd": 24955.613495304016,
  "totalUsdBalance": 104.0365357424008
}