{
  "ethBalance": 0.04272247540230626,
  "usdtBalance": 0,
  "usdcBalance": 0,
  "kenduBalance": 517214787.4674407,
  "ethBalanceInUsd": 113.16756509316906,
  "kenduBalanceInUsd": 28017.525037111263,
  "totalUsdBalance": 113.16756509316906
}