{
  "ethBalance": 0.11420553765466597,
  "usdtBalance": 0,
  "usdcBalance": 0,
  "kenduBalance": 11896082608.223656,
  "ethBalanceInUsd": 375.0692585439478,
  "kenduBalanceInUsd": 295022.84868394665,
  "totalUsdBalance": 375.0692585439478
}