{
  "ethBalance": 0.038589031500035925,
  "usdtBalance": 0,
  "usdcBalance": 0,
  "kenduBalance": 35199894.08324558,
  "ethBalanceInUsd": 119.30455101771607,
  "kenduBalanceInUsd": 1119.3566318472097,
  "totalUsdBalance": 119.30455101771607
}