{
  "ethBalance": 0.038589031500035925,
  "usdtBalance": 0,
  "usdcBalance": 0,
  "kenduBalance": 35199894.08324558,
  "ethBalanceInUsd": 104.77346531606254,
  "kenduBalanceInUsd": 1582.235239041889,
  "totalUsdBalance": 104.77346531606254
}