{
  "ethBalance": 0.3196155371451788,
  "usdtBalance": 0,
  "usdcBalance": 884.463046,
  "kenduBalance": 5453954448.539579,
  "ethBalanceInUsd": 609.3470215672834,
  "kenduBalanceInUsd": 36868.732072127554,
  "totalUsdBalance": 1493.8100675672833
}