{
  "ethBalance": 0.04272247540230626,
  "usdtBalance": 0,
  "usdcBalance": 0,
  "kenduBalance": 517214787.4674407,
  "ethBalanceInUsd": 113.49738260327486,
  "kenduBalanceInUsd": 30272.581510469303,
  "totalUsdBalance": 113.49738260327486
}