{
  "ethBalance": 0.30943876692005484,
  "usdtBalance": 0,
  "usdcBalance": 0,
  "kenduBalance": 8110029020.399477,
  "ethBalanceInUsd": 821.5135103577076,
  "kenduBalanceInUsd": 93265.33373459398,
  "totalUsdBalance": 821.5135103577076
}