{
  "ethBalance": 0.3119048631851912,
  "usdtBalance": 0,
  "usdcBalance": 0.463046,
  "kenduBalance": 4175387837.757599,
  "ethBalanceInUsd": 622.5465116744823,
  "kenduBalanceInUsd": 42087.9094045966,
  "totalUsdBalance": 623.0095576744823
}