{
  "ethBalance": 0.038589031500035925,
  "usdtBalance": 0,
  "usdcBalance": 0,
  "kenduBalance": 35199894.08324558,
  "ethBalanceInUsd": 129.51520875262557,
  "kenduBalanceInUsd": 1027.836907230771,
  "totalUsdBalance": 129.51520875262557
}