{
  "ethBalance": 0.038589031500035925,
  "usdtBalance": 0,
  "usdcBalance": 0,
  "kenduBalance": 35199894.08324558,
  "ethBalanceInUsd": 131.2536446217022,
  "kenduBalanceInUsd": 865.9173944478414,
  "totalUsdBalance": 131.2536446217022
}