{
  "ethBalance": 0.9901811623811279,
  "usdtBalance": 0,
  "usdcBalance": null,
  "kenduBalance": 4558502396.376256,
  "ethBalanceInUsd": 4356.5099619398725,
  "kenduBalanceInUsd": 67192.32532258601,
  "totalUsdBalance": null
}