{
  "ethBalance": 0.04459919224178026,
  "usdtBalance": 0,
  "usdcBalance": 0,
  "kenduBalance": 517214787.4674407,
  "ethBalanceInUsd": 103.98480067940034,
  "kenduBalanceInUsd": 25514.20546576885,
  "totalUsdBalance": 103.98480067940034
}