{
  "ethBalance": 0.038589031500035925,
  "usdtBalance": 0,
  "usdcBalance": 0,
  "kenduBalance": 35199894.08324558,
  "ethBalanceInUsd": 131.3752000709273,
  "kenduBalanceInUsd": 872.2533753828255,
  "totalUsdBalance": 131.3752000709273
}