{
  "ethBalance": 0.5002741579676101,
  "usdtBalance": 0,
  "usdcBalance": 100,
  "kenduBalance": 4855925261.348792,
  "ethBalanceInUsd": 1406.0905593500836,
  "kenduBalanceInUsd": 154321.3048056646,
  "totalUsdBalance": 1506.0905593500836
}