{
  "ethBalance": 0.3579488855246269,
  "usdtBalance": 0,
  "usdcBalance": 0,
  "kenduBalance": 3705282011.416198,
  "ethBalanceInUsd": 571.8090266701705,
  "kenduBalanceInUsd": 38979.566760098394,
  "totalUsdBalance": 571.8090266701705
}