{
  "ethBalance": 0.5002741579676101,
  "usdtBalance": 0,
  "usdcBalance": 100,
  "kenduBalance": 4855925261.348792,
  "ethBalanceInUsd": 1309.5076304128568,
  "kenduBalanceInUsd": 127856.51213131369,
  "totalUsdBalance": 1409.5076304128568
}