{
  "ethBalance": 0.04459919224178026,
  "usdtBalance": 0,
  "usdcBalance": 0,
  "kenduBalance": 517214787.4674407,
  "ethBalanceInUsd": 103.5356868135256,
  "kenduBalanceInUsd": 26553.80718857841,
  "totalUsdBalance": 103.5356868135256
}