{
  "ethBalance": 0.038589031500035925,
  "usdtBalance": 0,
  "usdcBalance": 0,
  "kenduBalance": 35199894.08324558,
  "ethBalanceInUsd": 97.83554334267109,
  "kenduBalanceInUsd": 1154.556525930455,
  "totalUsdBalance": 97.83554334267109
}