{
  "ethBalance": 0.35703877941042383,
  "usdtBalance": 0,
  "usdcBalance": 0,
  "kenduBalance": 4855947774.956796,
  "ethBalanceInUsd": 894.0929410117893,
  "kenduBalanceInUsd": 181709.56573888328,
  "totalUsdBalance": 894.0929410117893
}