{
  "ethBalance": 0.35703877941042383,
  "usdtBalance": 0,
  "usdcBalance": 0,
  "kenduBalance": 4855947774.956796,
  "ethBalanceInUsd": 865.4869940054261,
  "kenduBalanceInUsd": 175251.15519819077,
  "totalUsdBalance": 865.4869940054261
}