{
  "ethBalance": 0.04459919224178026,
  "usdtBalance": 0,
  "usdcBalance": 0,
  "kenduBalance": 517214787.4674407,
  "ethBalanceInUsd": 102.4278428782398,
  "kenduBalanceInUsd": 29232.97978765975,
  "totalUsdBalance": 102.4278428782398
}