{
  "ethBalance": 0.04841366454199495,
  "usdtBalance": 90113.767042,
  "usdcBalance": 0,
  "kenduBalance": 946492975.4674407,
  "ethBalanceInUsd": 120.33313149241928,
  "kenduBalanceInUsd": 106575.10903763383,
  "totalUsdBalance": 90234.10017349242
}