{
  "ethBalance": 0.04272247540230626,
  "usdtBalance": 0,
  "usdcBalance": 0,
  "kenduBalance": 517214787.4674407,
  "ethBalanceInUsd": 100.37261093493234,
  "kenduBalanceInUsd": 24184.963461977528,
  "totalUsdBalance": 100.37261093493234
}