{
  "ethBalance": 0.5002741579676101,
  "usdtBalance": 0,
  "usdcBalance": 100,
  "kenduBalance": 4855925261.348792,
  "ethBalanceInUsd": 1236.8878336422786,
  "kenduBalanceInUsd": 108092.89631762411,
  "totalUsdBalance": 1336.8878336422786
}