{
  "ethBalance": 0.04459919224178026,
  "usdtBalance": 0,
  "usdcBalance": 0,
  "kenduBalance": 517214787.4674407,
  "ethBalanceInUsd": 106.48057147725036,
  "kenduBalanceInUsd": 22690.212726196623,
  "totalUsdBalance": 106.48057147725036
}