{
  "ethBalance": 0.5002741579676101,
  "usdtBalance": 0,
  "usdcBalance": 100,
  "kenduBalance": 4855925261.348792,
  "ethBalanceInUsd": 1217.897426605828,
  "kenduBalanceInUsd": 110812.21446397943,
  "totalUsdBalance": 1317.897426605828
}