{
  "ethBalance": 0.038589031500035925,
  "usdtBalance": 0,
  "usdcBalance": 0,
  "kenduBalance": 35199894.08324558,
  "ethBalanceInUsd": 130.66400422038166,
  "kenduBalanceInUsd": 995.1010057333526,
  "totalUsdBalance": 130.66400422038166
}