{
  "ethBalance": 0.3119048631851912,
  "usdtBalance": 0,
  "usdcBalance": 0.463046,
  "kenduBalance": 4175387837.757599,
  "ethBalanceInUsd": 622.9457498993594,
  "kenduBalanceInUsd": 60000.32322857669,
  "totalUsdBalance": 623.4087958993593
}