{
  "ethBalance": 0.038589031500035925,
  "usdtBalance": 0,
  "usdcBalance": 0,
  "kenduBalance": 35199894.08324558,
  "ethBalanceInUsd": 155.08815992769937,
  "kenduBalanceInUsd": 1729.722795250688,
  "totalUsdBalance": 155.08815992769937
}