{
  "ethBalance": 0.04272247540230626,
  "usdtBalance": 0,
  "usdcBalance": 0,
  "kenduBalance": 517214787.4674407,
  "ethBalanceInUsd": 105.11138790655616,
  "kenduBalanceInUsd": 23078.123816797208,
  "totalUsdBalance": 105.11138790655616
}