{
  "ethBalance": 0.04459919224178026,
  "usdtBalance": 0,
  "usdcBalance": 0,
  "kenduBalance": 517214787.4674407,
  "ethBalanceInUsd": 104.01200618666783,
  "kenduBalanceInUsd": 24898.719868682598,
  "totalUsdBalance": 104.01200618666783
}