{
  "ethBalance": 0.038589031500035925,
  "usdtBalance": 0,
  "usdcBalance": 0,
  "kenduBalance": 35199894.08324558,
  "ethBalanceInUsd": 147.77901147127758,
  "kenduBalanceInUsd": 1015.1649453608026,
  "totalUsdBalance": 147.77901147127758
}