{
  "ethBalance": 18.27649738337883,
  "usdtBalance": 0,
  "usdcBalance": 0,
  "kenduBalance": 10805029020.399477,
  "ethBalanceInUsd": 46683.840031338375,
  "kenduBalanceInUsd": 130092.54940560971,
  "totalUsdBalance": 46683.840031338375
}