{
  "ethBalance": 0.045462183917402754,
  "usdtBalance": 0,
  "usdcBalance": 0,
  "kenduBalance": 307214787.46744066,
  "ethBalanceInUsd": 120.89213022947905,
  "kenduBalanceInUsd": 28294.481925751286,
  "totalUsdBalance": 120.89213022947905
}