{
  "ethBalance": 0.5002741579676101,
  "usdtBalance": 0,
  "usdcBalance": 100,
  "kenduBalance": 4855925261.348792,
  "ethBalanceInUsd": 1271.2416600699144,
  "kenduBalanceInUsd": 124700.16071143698,
  "totalUsdBalance": 1371.2416600699144
}