{
  "ethBalance": 0.3579488855246269,
  "usdtBalance": 0,
  "usdcBalance": 0,
  "kenduBalance": 3705282011.416198,
  "ethBalanceInUsd": 564.2348282524694,
  "kenduBalanceInUsd": 37497.45395553192,
  "totalUsdBalance": 564.2348282524694
}