{
  "ethBalance": 1.5619054443825804,
  "usdtBalance": 3946.421819,
  "usdcBalance": 0,
  "kenduBalance": 13053495101.864979,
  "ethBalanceInUsd": 4792.691237033504,
  "kenduBalanceInUsd": 280780.67964111565,
  "totalUsdBalance": 8739.113056033504
}