{
  "ethBalance": 0.04272247540230626,
  "usdtBalance": 0,
  "usdcBalance": 0,
  "kenduBalance": 517214787.4674407,
  "ethBalanceInUsd": 102.07809215299241,
  "kenduBalanceInUsd": 25695.230641382455,
  "totalUsdBalance": 102.07809215299241
}