{
  "ethBalance": 0.038589031500035925,
  "usdtBalance": 0,
  "usdcBalance": 0,
  "kenduBalance": 35199894.08324558,
  "ethBalanceInUsd": 128.23829770028937,
  "kenduBalanceInUsd": 789.8856232280308,
  "totalUsdBalance": 128.23829770028937
}