{
  "ethBalance": 0.038589031500035925,
  "usdtBalance": 0,
  "usdcBalance": 0,
  "kenduBalance": 35199894.08324558,
  "ethBalanceInUsd": 101.34135685444934,
  "kenduBalanceInUsd": 1287.6121255651233,
  "totalUsdBalance": 101.34135685444934
}