{
  "ethBalance": 0.038589031500035925,
  "usdtBalance": 0,
  "usdcBalance": 0,
  "kenduBalance": 35199894.08324558,
  "ethBalanceInUsd": 112.54182324733478,
  "kenduBalanceInUsd": 1901.4982783769265,
  "totalUsdBalance": 112.54182324733478
}