{
  "ethBalance": 0.5002741579676101,
  "usdtBalance": 0,
  "usdcBalance": 100,
  "kenduBalance": 4855925261.348792,
  "ethBalanceInUsd": 1132.2905126944106,
  "kenduBalanceInUsd": 93525.12053357773,
  "totalUsdBalance": 1232.2905126944106
}