{
  "ethBalance": 0.038589031500035925,
  "usdtBalance": 0,
  "usdcBalance": 0,
  "kenduBalance": 35199894.08324558,
  "ethBalanceInUsd": 95.9250003931043,
  "kenduBalanceInUsd": 1105.2766742139113,
  "totalUsdBalance": 95.9250003931043
}