{
  "ethBalance": 0.038589031500035925,
  "usdtBalance": 0,
  "usdcBalance": 0,
  "kenduBalance": 35199894.08324558,
  "ethBalanceInUsd": 127.75670658716894,
  "kenduBalanceInUsd": 772.2856761864081,
  "totalUsdBalance": 127.75670658716894
}