{
  "ethBalance": 0.30943876692005484,
  "usdtBalance": 0,
  "usdcBalance": 0,
  "kenduBalance": 8110029020.399477,
  "ethBalanceInUsd": 818.9018471649023,
  "kenduBalanceInUsd": 77694.07801542699,
  "totalUsdBalance": 818.9018471649023
}