{
  "ethBalance": 0.038589031500035925,
  "usdtBalance": 0,
  "usdcBalance": 0,
  "kenduBalance": 35199894.08324558,
  "ethBalanceInUsd": 130.88473348056186,
  "kenduBalanceInUsd": 1122.5246223147017,
  "totalUsdBalance": 130.88473348056186
}