{
  "ethBalance": 0.3579488855246269,
  "usdtBalance": 0,
  "usdcBalance": 0,
  "kenduBalance": 3705282011.416198,
  "ethBalanceInUsd": 576.8668444226334,
  "kenduBalanceInUsd": 41054.52468649147,
  "totalUsdBalance": 576.8668444226334
}