{
  "ethBalance": 0.3579488855246269,
  "usdtBalance": 0,
  "usdcBalance": 0,
  "kenduBalance": 3705282011.416198,
  "ethBalanceInUsd": 645.625245843059,
  "kenduBalanceInUsd": 48020.45486795392,
  "totalUsdBalance": 645.625245843059
}