{
  "ethBalance": 0.0624422229661258,
  "usdtBalance": 0,
  "usdcBalance": 0,
  "kenduBalance": 6384544426.92592,
  "ethBalanceInUsd": 133.87113066153643,
  "kenduBalanceInUsd": 53757.86407471625,
  "totalUsdBalance": 133.87113066153643
}