{
  "ethBalance": 0.038589031500035925,
  "usdtBalance": 0,
  "usdcBalance": 0,
  "kenduBalance": 35199894.08324558,
  "ethBalanceInUsd": 120.5154748261872,
  "kenduBalanceInUsd": 1188.7004231912033,
  "totalUsdBalance": 120.5154748261872
}