{
  "ethBalance": 0.038589031500035925,
  "usdtBalance": 0,
  "usdcBalance": 0,
  "kenduBalance": 35199894.08324558,
  "ethBalanceInUsd": 128.50456201763964,
  "kenduBalanceInUsd": 514.9744504378829,
  "totalUsdBalance": 128.50456201763964
}