{
  "ethBalance": 0.3579040556931112,
  "usdtBalance": 0,
  "usdcBalance": 0,
  "kenduBalance": 3646098337.9468102,
  "ethBalanceInUsd": 653.9551324813389,
  "kenduBalanceInUsd": 43899.0239888796,
  "totalUsdBalance": 653.9551324813389
}