{
  "ethBalance": 0.0624422229661258,
  "usdtBalance": 0,
  "usdcBalance": 0,
  "kenduBalance": 6384544426.92592,
  "ethBalanceInUsd": 121.28714946717311,
  "kenduBalanceInUsd": 47564.8559805981,
  "totalUsdBalance": 121.28714946717311
}