{
  "ethBalance": 0.3196155371451788,
  "usdtBalance": 0,
  "usdcBalance": 884.463046,
  "kenduBalance": 5453954448.539579,
  "ethBalanceInUsd": 609.6378717060855,
  "kenduBalanceInUsd": 39377.55111845576,
  "totalUsdBalance": 1494.1009177060855
}