{
  "ethBalance": 0.7404211583199757,
  "usdtBalance": 0,
  "usdcBalance": null,
  "kenduBalance": 4745282940.56362,
  "ethBalanceInUsd": 2995.0628190969674,
  "kenduBalanceInUsd": 94478.58334662167,
  "totalUsdBalance": null
}