{
  "ethBalance": 0.04272247540230626,
  "usdtBalance": 0,
  "usdcBalance": 0,
  "kenduBalance": 517214787.4674407,
  "ethBalanceInUsd": 104.25010280244567,
  "kenduBalanceInUsd": 23409.141280776366,
  "totalUsdBalance": 104.25010280244567
}