{
  "ethBalance": 0.3579488855246269,
  "usdtBalance": 0,
  "usdcBalance": 0,
  "kenduBalance": 3705282011.416198,
  "ethBalanceInUsd": 641.2260540399614,
  "kenduBalanceInUsd": 48316.87742886722,
  "totalUsdBalance": 641.2260540399614
}