{
  "ethBalance": 0.04272247540230626,
  "usdtBalance": 0,
  "usdcBalance": 0,
  "kenduBalance": 517214787.4674407,
  "ethBalanceInUsd": 113.22908545774838,
  "kenduBalanceInUsd": 27448.588770897077,
  "totalUsdBalance": 113.22908545774838
}