{
  "ethBalance": 0.038589031500035925,
  "usdtBalance": 0,
  "usdcBalance": 0,
  "kenduBalance": 35199894.08324558,
  "ethBalanceInUsd": 102.76066143302066,
  "kenduBalanceInUsd": 1520.9874233370417,
  "totalUsdBalance": 102.76066143302066
}