{
  "ethBalance": 0.5002741579676101,
  "usdtBalance": 0,
  "usdcBalance": 100,
  "kenduBalance": 4855925261.348792,
  "ethBalanceInUsd": 1374.423205150734,
  "kenduBalanceInUsd": 127807.9528787002,
  "totalUsdBalance": 1474.423205150734
}