{
  "ethBalance": 0.3196155371451788,
  "usdtBalance": 0,
  "usdcBalance": 884.463046,
  "kenduBalance": 5453954448.539579,
  "ethBalanceInUsd": 645.1823155920008,
  "kenduBalanceInUsd": 37414.12751698152,
  "totalUsdBalance": 1529.6453615920009
}