{
  "ethBalance": 0.35769432885289126,
  "usdtBalance": 0,
  "usdcBalance": 0,
  "kenduBalance": 4514955040.756332,
  "ethBalanceInUsd": 891.8965012215302,
  "kenduBalanceInUsd": 82127.03219135769,
  "totalUsdBalance": 891.8965012215302
}