{
  "ethBalance": 0.038589031500035925,
  "usdtBalance": 0,
  "usdcBalance": 0,
  "kenduBalance": 35199894.08324558,
  "ethBalanceInUsd": 120.2086920257619,
  "kenduBalanceInUsd": 1262.9721997068516,
  "totalUsdBalance": 120.2086920257619
}