{
  "ethBalance": 0.04459919224178026,
  "usdtBalance": 0,
  "usdcBalance": 0,
  "kenduBalance": 517214787.4674407,
  "ethBalanceInUsd": 101.89934245017471,
  "kenduBalanceInUsd": 22721.245613444673,
  "totalUsdBalance": 101.89934245017471
}