{
  "ethBalance": 0.04459919224178026,
  "usdtBalance": 0,
  "usdcBalance": 0,
  "kenduBalance": 517214787.4674407,
  "ethBalanceInUsd": 103.45585425941282,
  "kenduBalanceInUsd": 20202.409598478236,
  "totalUsdBalance": 103.45585425941282
}