{
  "ethBalance": 0.04459919224178026,
  "usdtBalance": 0,
  "usdcBalance": 0,
  "kenduBalance": 517214787.4674407,
  "ethBalanceInUsd": 100.874899004381,
  "kenduBalanceInUsd": 20300.680408097047,
  "totalUsdBalance": 100.874899004381
}