{
  "ethBalance": 0.3119048631851912,
  "usdtBalance": 0,
  "usdcBalance": 0.463046,
  "kenduBalance": 4175387837.757599,
  "ethBalanceInUsd": 645.109709477299,
  "kenduBalanceInUsd": 45094.188647782066,
  "totalUsdBalance": 645.572755477299
}