{
  "ethBalance": 0.038589031500035925,
  "usdtBalance": 0,
  "usdcBalance": 0,
  "kenduBalance": 35199894.08324558,
  "ethBalanceInUsd": 126.5384508627128,
  "kenduBalanceInUsd": 781.7896475888843,
  "totalUsdBalance": 126.5384508627128
}