{
  "ethBalance": 0.10788809429719365,
  "usdtBalance": 3946.421819,
  "usdcBalance": 0,
  "kenduBalance": 13268928669.075045,
  "ethBalanceInUsd": 342.33863313348223,
  "kenduBalanceInUsd": 311421.7558631913,
  "totalUsdBalance": 4288.760452133482
}