{
  "ethBalance": 0.04272247540230626,
  "usdtBalance": 0,
  "usdcBalance": 0,
  "kenduBalance": 517214787.4674407,
  "ethBalanceInUsd": 103.97667895987091,
  "kenduBalanceInUsd": 26248.650463972615,
  "totalUsdBalance": 103.97667895987091
}