{
  "ethBalance": 8.056063080971311,
  "usdtBalance": 22356.072978,
  "usdcBalance": 88.007775,
  "kenduBalance": 319823769.8171208,
  "ethBalanceInUsd": 23358.152100122268,
  "kenduBalanceInUsd": 39789.275202948,
  "totalUsdBalance": 45802.23285312227
}