{
  "ethBalance": 0.04272247540230626,
  "usdtBalance": 0,
  "usdcBalance": 0,
  "kenduBalance": 517214787.4674407,
  "ethBalanceInUsd": 115.33359459606598,
  "kenduBalanceInUsd": 28601.977746949473,
  "totalUsdBalance": 115.33359459606598
}