{
  "ethBalance": 0.038589031500035925,
  "usdtBalance": 0,
  "usdcBalance": 0,
  "kenduBalance": 35199894.08324558,
  "ethBalanceInUsd": 140.4783526017858,
  "kenduBalanceInUsd": 827.901508837936,
  "totalUsdBalance": 140.4783526017858
}