{
  "ethBalance": 0.3196155371451788,
  "usdtBalance": 0,
  "usdcBalance": 884.463046,
  "kenduBalance": 5453954448.539579,
  "ethBalanceInUsd": 598.5024663919475,
  "kenduBalanceInUsd": 37632.2856949231,
  "totalUsdBalance": 1482.9655123919474
}