{
  "ethBalance": 0.038589031500035925,
  "usdtBalance": 0,
  "usdcBalance": 0,
  "kenduBalance": 35199894.08324558,
  "ethBalanceInUsd": 132.4549211722983,
  "kenduBalanceInUsd": 633.246094557588,
  "totalUsdBalance": 132.4549211722983
}