{
  "ethBalance": 0.045462183917402754,
  "usdtBalance": 0,
  "usdcBalance": 0,
  "kenduBalance": 307214787.46744066,
  "ethBalanceInUsd": 117.21605803791788,
  "kenduBalanceInUsd": 26669.315700048526,
  "totalUsdBalance": 117.21605803791788
}