{
  "ethBalance": 0.04841366454199495,
  "usdtBalance": 90113.767042,
  "usdcBalance": 0,
  "kenduBalance": 946492975.4674407,
  "ethBalanceInUsd": 118.57765201612656,
  "kenduBalanceInUsd": 105959.88860357998,
  "totalUsdBalance": 90232.34469401614
}