{
  "ethBalance": 0.038589031500035925,
  "usdtBalance": 0,
  "usdcBalance": 0,
  "kenduBalance": 35199894.08324558,
  "ethBalanceInUsd": 120.5270515356372,
  "kenduBalanceInUsd": 1043.3248606273992,
  "totalUsdBalance": 120.5270515356372
}