{
  "ethBalance": 0.038589031500035925,
  "usdtBalance": 0,
  "usdcBalance": 0,
  "kenduBalance": 35199894.08324558,
  "ethBalanceInUsd": 130.03268766504104,
  "kenduBalanceInUsd": 865.2133965661764,
  "totalUsdBalance": 130.03268766504104
}