{
  "ethBalance": 0.5002741579676101,
  "usdtBalance": 0,
  "usdcBalance": 100,
  "kenduBalance": 4855925261.348792,
  "ethBalanceInUsd": 1332.8654308483644,
  "kenduBalanceInUsd": 154612.66032134555,
  "totalUsdBalance": 1432.8654308483644
}