{
  "ethBalance": 0.3579040556931112,
  "usdtBalance": 0,
  "usdcBalance": 0,
  "kenduBalance": 3646098337.9468102,
  "ethBalanceInUsd": 651.4676992942717,
  "kenduBalanceInUsd": 36825.593213262786,
  "totalUsdBalance": 651.4676992942717
}