{
  "ethBalance": 0.045462183917402754,
  "usdtBalance": 0,
  "usdcBalance": 0,
  "kenduBalance": 307214787.46744066,
  "ethBalanceInUsd": 118.14121348063702,
  "kenduBalanceInUsd": 27357.47682397559,
  "totalUsdBalance": 118.14121348063702
}