{
  "ethBalance": 0.09959930940546294,
  "usdtBalance": 0,
  "usdcBalance": 2800,
  "kenduBalance": 5981415733.861656,
  "ethBalanceInUsd": 189.6749328455755,
  "kenduBalanceInUsd": 42707.30833977223,
  "totalUsdBalance": 2989.6749328455753
}