{
  "ethBalance": 0.3579488855246269,
  "usdtBalance": 0,
  "usdcBalance": 0,
  "kenduBalance": 3705282011.416198,
  "ethBalanceInUsd": 571.0501750328582,
  "kenduBalanceInUsd": 44870.965158250154,
  "totalUsdBalance": 571.0501750328582
}