{
  "ethBalance": 0.11327750927784742,
  "usdtBalance": 0,
  "usdcBalance": 0,
  "kenduBalance": 11796082608.223656,
  "ethBalanceInUsd": 374.0366717599883,
  "kenduBalanceInUsd": 298087.0075098118,
  "totalUsdBalance": 374.0366717599883
}