{
  "ethBalance": 0.04459919224178026,
  "usdtBalance": 0,
  "usdcBalance": 0,
  "kenduBalance": 517214787.4674407,
  "ethBalanceInUsd": 102.43676271668815,
  "kenduBalanceInUsd": 23481.551351021808,
  "totalUsdBalance": 102.43676271668815
}