{
  "ethBalance": 0.038589031500035925,
  "usdtBalance": 0,
  "usdcBalance": 0,
  "kenduBalance": 35199894.08324558,
  "ethBalanceInUsd": 129.4499932893905,
  "kenduBalanceInUsd": 908.8612652294009,
  "totalUsdBalance": 129.4499932893905
}