{
  "ethBalance": 9.522868700270477,
  "usdtBalance": 3949.089252,
  "usdcBalance": 8005.206012,
  "kenduBalance": 11563789871.738667,
  "ethBalanceInUsd": 30544.982270865567,
  "kenduBalanceInUsd": 239833.00193985997,
  "totalUsdBalance": 42499.27753486557
}