{
  "ethBalance": 0.04841366454199495,
  "usdtBalance": 90113.767042,
  "usdcBalance": 0,
  "kenduBalance": 946492975.4674407,
  "ethBalanceInUsd": 113.7958343693137,
  "kenduBalanceInUsd": 107540.53187261062,
  "totalUsdBalance": 90227.56287636932
}