{
  "ethBalance": 0.04459919224178026,
  "usdtBalance": 0,
  "usdcBalance": 0,
  "kenduBalance": 517214787.4674407,
  "ethBalanceInUsd": 109.25285726699943,
  "kenduBalanceInUsd": 29781.22746237524,
  "totalUsdBalance": 109.25285726699943
}