{
  "ethBalance": 0.045462183917402754,
  "usdtBalance": 0,
  "usdcBalance": 0,
  "kenduBalance": 307214787.46744066,
  "ethBalanceInUsd": 120.70300754438266,
  "kenduBalanceInUsd": 27062.55062800685,
  "totalUsdBalance": 120.70300754438266
}