{
  "ethBalance": 0.0660488809860724,
  "usdtBalance": 0,
  "usdcBalance": 0,
  "kenduBalance": 7622102282.100412,
  "ethBalanceInUsd": 179.8094921300539,
  "kenduBalanceInUsd": 68217.8154247987,
  "totalUsdBalance": 179.8094921300539
}