{
  "ethBalance": 0.04459919224178026,
  "usdtBalance": 0,
  "usdcBalance": 0,
  "kenduBalance": 517214787.4674407,
  "ethBalanceInUsd": 109.1944323251627,
  "kenduBalanceInUsd": 29543.308660140214,
  "totalUsdBalance": 109.1944323251627
}