{
  "ethBalance": 0.3117728554842481,
  "usdtBalance": 0,
  "usdcBalance": 0.463046,
  "kenduBalance": 4113980899.4295063,
  "ethBalanceInUsd": 587.6138893739366,
  "kenduBalanceInUsd": 47681.038624387984,
  "totalUsdBalance": 588.0769353739365
}