{
  "ethBalance": 0.35769432885289126,
  "usdtBalance": 0,
  "usdcBalance": 0,
  "kenduBalance": 4514955040.756332,
  "ethBalanceInUsd": 902.6595235767138,
  "kenduBalanceInUsd": 79959.85377179466,
  "totalUsdBalance": 902.6595235767138
}