{
  "ethBalance": 0.0660488809860724,
  "usdtBalance": 0,
  "usdcBalance": 0,
  "kenduBalance": 7622102282.100412,
  "ethBalanceInUsd": 157.5477167936982,
  "kenduBalanceInUsd": 54193.14722573393,
  "totalUsdBalance": 157.5477167936982
}