{
  "ethBalance": 0.5002741579676101,
  "usdtBalance": 0,
  "usdcBalance": 100,
  "kenduBalance": 4855925261.348792,
  "ethBalanceInUsd": 1254.6325580253897,
  "kenduBalanceInUsd": 110132.38492739061,
  "totalUsdBalance": 1354.6325580253897
}