{
  "ethBalance": 0.038589031500035925,
  "usdtBalance": 0,
  "usdcBalance": 0,
  "kenduBalance": 35199894.08324558,
  "ethBalanceInUsd": 129.4434331540355,
  "kenduBalanceInUsd": 1772.6666660322476,
  "totalUsdBalance": 129.4434331540355
}