{
  "ethBalance": 0.0660488809860724,
  "usdtBalance": 0,
  "usdcBalance": 0,
  "kenduBalance": 7622102282.100412,
  "ethBalanceInUsd": 177.63450247918254,
  "kenduBalanceInUsd": 67836.71031069367,
  "totalUsdBalance": 177.63450247918254
}