{
  "ethBalance": 0.038589031500035925,
  "usdtBalance": 0,
  "usdcBalance": 0,
  "kenduBalance": 35199894.08324558,
  "ethBalanceInUsd": 154.87553436413418,
  "kenduBalanceInUsd": 1356.2519190274522,
  "totalUsdBalance": 154.87553436413418
}