{
  "ethBalance": 0.3117728554842481,
  "usdtBalance": 0,
  "usdcBalance": 0.463046,
  "kenduBalance": 4113980899.4295063,
  "ethBalanceInUsd": 583.1991857402796,
  "kenduBalanceInUsd": 47187.36091645644,
  "totalUsdBalance": 583.6622317402796
}