{
  "ethBalance": 3.9773126053695473,
  "usdtBalance": 0,
  "usdcBalance": 0,
  "kenduBalance": 8110029020.399477,
  "ethBalanceInUsd": 10665.601255685033,
  "kenduBalanceInUsd": 107782.28568110905,
  "totalUsdBalance": 10665.601255685033
}