{
  "ethBalance": 0.04272247540230626,
  "usdtBalance": 0,
  "usdcBalance": 0,
  "kenduBalance": 517214787.4674407,
  "ethBalanceInUsd": 110.21074257057543,
  "kenduBalanceInUsd": 24681.48965794627,
  "totalUsdBalance": 110.21074257057543
}