{
  "ethBalance": 18.27649738337883,
  "usdtBalance": 0,
  "usdcBalance": 0,
  "kenduBalance": 10805029020.399477,
  "ethBalanceInUsd": 49479.4130711,
  "kenduBalanceInUsd": 157753.42369783236,
  "totalUsdBalance": 49479.4130711
}