{
  "ethBalance": 0.038589031500035925,
  "usdtBalance": 0,
  "usdcBalance": 0,
  "kenduBalance": 35199894.08324558,
  "ethBalanceInUsd": 154.84273368735916,
  "kenduBalanceInUsd": 1720.570822789044,
  "totalUsdBalance": 154.84273368735916
}