{
  "ethBalance": 0.038589031500035925,
  "usdtBalance": 0,
  "usdcBalance": 0,
  "kenduBalance": 35199894.08324558,
  "ethBalanceInUsd": 127.46188638650867,
  "kenduBalanceInUsd": 629.0221072675986,
  "totalUsdBalance": 127.46188638650867
}