{
  "ethBalance": 0.5002741579676101,
  "usdtBalance": 0,
  "usdcBalance": 100,
  "kenduBalance": 4855925261.348792,
  "ethBalanceInUsd": 1253.591987776817,
  "kenduBalanceInUsd": 123777.53491178072,
  "totalUsdBalance": 1353.591987776817
}