{
  "ethBalance": 0.35779268808449755,
  "usdtBalance": 0,
  "usdcBalance": 0,
  "kenduBalance": 3546950453.60037,
  "ethBalanceInUsd": 653.2113768552247,
  "kenduBalanceInUsd": 38307.064898884,
  "totalUsdBalance": 653.2113768552247
}