{
  "ethBalance": 0.9902157498683816,
  "usdtBalance": 0,
  "usdcBalance": null,
  "kenduBalance": 4558502396.376256,
  "ethBalanceInUsd": 4418.392186700212,
  "kenduBalanceInUsd": 63226.42823773867,
  "totalUsdBalance": null
}