{
  "ethBalance": 0.038589031500035925,
  "usdtBalance": 0,
  "usdcBalance": 0,
  "kenduBalance": 35199894.08324558,
  "ethBalanceInUsd": 97.2273802062305,
  "kenduBalanceInUsd": 1650.5230335633853,
  "totalUsdBalance": 97.2273802062305
}