{
  "ethBalance": 0.5002741579676101,
  "usdtBalance": 0,
  "usdcBalance": 100,
  "kenduBalance": 4855925261.348792,
  "ethBalanceInUsd": 1260.6758698536382,
  "kenduBalanceInUsd": 120329.82797622307,
  "totalUsdBalance": 1360.6758698536382
}