{
  "ethBalance": 0.045462183917402754,
  "usdtBalance": 0,
  "usdcBalance": 0,
  "kenduBalance": 307214787.46744066,
  "ethBalanceInUsd": 117.61885298742605,
  "kenduBalanceInUsd": 27809.08256155273,
  "totalUsdBalance": 117.61885298742605
}