{
  "ethBalance": 0.3117728554842481,
  "usdtBalance": 0,
  "usdcBalance": 0.463046,
  "kenduBalance": 4113980899.4295063,
  "ethBalanceInUsd": 562.7188268635194,
  "kenduBalanceInUsd": 46940.522062490665,
  "totalUsdBalance": 563.1818728635194
}