{
  "ethBalance": 0.5002741579676101,
  "usdtBalance": 0,
  "usdcBalance": 100,
  "kenduBalance": 4855925261.348792,
  "ethBalanceInUsd": 1245.947798643072,
  "kenduBalanceInUsd": 122417.87583860305,
  "totalUsdBalance": 1345.947798643072
}