{
  "ethBalance": 0.3119048631851912,
  "usdtBalance": 0,
  "usdcBalance": 0.463046,
  "kenduBalance": 4175387837.757599,
  "ethBalanceInUsd": 619.7206536140245,
  "kenduBalanceInUsd": 37160.951756042625,
  "totalUsdBalance": 620.1836996140245
}