{
  "ethBalance": 0.038589031500035925,
  "usdtBalance": 0,
  "usdcBalance": 0,
  "kenduBalance": 35199894.08324558,
  "ethBalanceInUsd": 95.51788611077893,
  "kenduBalanceInUsd": 1161.5965047471043,
  "totalUsdBalance": 95.51788611077893
}