{
  "ethBalance": 0.038589031500035925,
  "usdtBalance": 0,
  "usdcBalance": 0,
  "kenduBalance": 35199894.08324558,
  "ethBalanceInUsd": 95.7011840104041,
  "kenduBalanceInUsd": 1696.634894812437,
  "totalUsdBalance": 95.7011840104041
}