{
  "ethBalance": 0.04272247540230626,
  "usdtBalance": 0,
  "usdcBalance": 0,
  "kenduBalance": 517214787.4674407,
  "ethBalanceInUsd": 111.97646247895275,
  "kenduBalanceInUsd": 29962.252637988844,
  "totalUsdBalance": 111.97646247895275
}