{
  "ethBalance": 0.045462183917402754,
  "usdtBalance": 0,
  "usdcBalance": 0,
  "kenduBalance": 307214787.46744066,
  "ethBalanceInUsd": 119.05227564634177,
  "kenduBalanceInUsd": 28021.060764905265,
  "totalUsdBalance": 119.05227564634177
}