{
  "ethBalance": 0.3579488855246269,
  "usdtBalance": 0,
  "usdcBalance": 0,
  "kenduBalance": 3705282011.416198,
  "ethBalanceInUsd": 584.3730325520849,
  "kenduBalanceInUsd": 37867.98215667354,
  "totalUsdBalance": 584.3730325520849
}