{
  "ethBalance": 0.04459919224178026,
  "usdtBalance": 0,
  "usdcBalance": 0,
  "kenduBalance": 517214787.4674407,
  "ethBalanceInUsd": 107.88098611364227,
  "kenduBalanceInUsd": 28410.608275586517,
  "totalUsdBalance": 107.88098611364227
}