{
  "ethBalance": 0.5002741579676101,
  "usdtBalance": 0,
  "usdcBalance": 100,
  "kenduBalance": 4855925261.348792,
  "ethBalanceInUsd": 1275.6440726600292,
  "kenduBalanceInUsd": 123097.70537519187,
  "totalUsdBalance": 1375.6440726600292
}