{
  "ethBalance": 0.038589031500035925,
  "usdtBalance": 0,
  "usdcBalance": 0,
  "kenduBalance": 35199894.08324558,
  "ethBalanceInUsd": 132.37349831583325,
  "kenduBalanceInUsd": 1042.2688638049017,
  "totalUsdBalance": 132.37349831583325
}