{
  "ethBalance": 0.038589031500035925,
  "usdtBalance": 0,
  "usdcBalance": 0,
  "kenduBalance": 35199894.08324558,
  "ethBalanceInUsd": 125.50117769599184,
  "kenduBalanceInUsd": 641.694069137567,
  "totalUsdBalance": 125.50117769599184
}