{
  "ethBalance": 0.0624422229661258,
  "usdtBalance": 0,
  "usdcBalance": 0,
  "kenduBalance": 6379544426.92592,
  "ethBalanceInUsd": 128.8545224684379,
  "kenduBalanceInUsd": 54608.900294485866,
  "totalUsdBalance": 128.8545224684379
}