{
  "ethBalance": 0.11064889545570843,
  "usdtBalance": 0,
  "usdcBalance": 0,
  "kenduBalance": 11696082608.223656,
  "ethBalanceInUsd": 368.41766879828134,
  "kenduBalanceInUsd": 338250.70902982814,
  "totalUsdBalance": 368.41766879828134
}