{
  "ethBalance": 0.5002528644753425,
  "usdtBalance": 0,
  "usdcBalance": null,
  "kenduBalance": 4845166789.051858,
  "ethBalanceInUsd": 1851.565917168006,
  "kenduBalanceInUsd": 109597.67276835303,
  "totalUsdBalance": null
}