{
  "ethBalance": 0.3117728554842481,
  "usdtBalance": 0,
  "usdcBalance": 0.463046,
  "kenduBalance": 4113980899.4295063,
  "ethBalanceInUsd": 589.7058852342359,
  "kenduBalanceInUsd": 47022.80168047926,
  "totalUsdBalance": 590.1689312342359
}