{
  "ethBalance": 0.5002741579676101,
  "usdtBalance": 0,
  "usdcBalance": 100,
  "kenduBalance": 4855925261.348792,
  "ethBalanceInUsd": 1327.237346571229,
  "kenduBalanceInUsd": 158594.51903565155,
  "totalUsdBalance": 1427.237346571229
}