{
  "ethBalance": 4.576197394408418,
  "usdtBalance": 0,
  "usdcBalance": 0,
  "kenduBalance": 8305029020.399477,
  "ethBalanceInUsd": 12263.339539509623,
  "kenduBalanceInUsd": 120256.82021538443,
  "totalUsdBalance": 12263.339539509623
}