{
  "ethBalance": 0.7135340112304981,
  "usdtBalance": 0,
  "usdcBalance": null,
  "kenduBalance": 4482236645.828448,
  "ethBalanceInUsd": 3191.7732036961515,
  "kenduBalanceInUsd": 50335.51753265347,
  "totalUsdBalance": null
}