{
  "ethBalance": 0.038589031500035925,
  "usdtBalance": 0,
  "usdcBalance": 0,
  "kenduBalance": 35199894.08324558,
  "ethBalanceInUsd": 128.16189141791932,
  "kenduBalanceInUsd": 821.9175268437843,
  "totalUsdBalance": 128.16189141791932
}