{
  "ethBalance": 0.04272247540230626,
  "usdtBalance": 0,
  "usdcBalance": 0,
  "kenduBalance": 517214787.4674407,
  "ethBalanceInUsd": 107.15480390504847,
  "kenduBalanceInUsd": 24583.21884832746,
  "totalUsdBalance": 107.15480390504847
}