{
  "ethBalance": 0.3579488855246269,
  "usdtBalance": 0,
  "usdcBalance": 0,
  "kenduBalance": 3705282011.416198,
  "ethBalanceInUsd": 565.7883264156463,
  "kenduBalanceInUsd": 45167.38771916345,
  "totalUsdBalance": 565.7883264156463
}