{
  "ethBalance": 0.038589031500035925,
  "usdtBalance": 0,
  "usdcBalance": 0,
  "kenduBalance": 35199894.08324558,
  "ethBalanceInUsd": 140.40271810004572,
  "kenduBalanceInUsd": 1049.6608415623832,
  "totalUsdBalance": 140.40271810004572
}