{
  "ethBalance": 0.0624422229661258,
  "usdtBalance": 0,
  "usdcBalance": 0,
  "kenduBalance": 6384544426.92592,
  "ethBalanceInUsd": 121.4582411581003,
  "kenduBalanceInUsd": 45777.18354105884,
  "totalUsdBalance": 121.4582411581003
}