{
  "ethBalance": 0.038589031500035925,
  "usdtBalance": 0,
  "usdcBalance": 0,
  "kenduBalance": 35199894.08324558,
  "ethBalanceInUsd": 93.99323347621251,
  "kenduBalanceInUsd": 2014.8419373249772,
  "totalUsdBalance": 93.99323347621251
}