{
  "ethBalance": 0.5002741579676101,
  "usdtBalance": 0,
  "usdcBalance": 100,
  "kenduBalance": 4855925261.348792,
  "ethBalanceInUsd": 1256.9688383430985,
  "kenduBalanceInUsd": 125525.66800586629,
  "totalUsdBalance": 1356.9688383430985
}