{
  "ethBalance": 0.038589031500035925,
  "usdtBalance": 0,
  "usdcBalance": 0,
  "kenduBalance": 35199894.08324558,
  "ethBalanceInUsd": 97.48978562043077,
  "kenduBalanceInUsd": 1075.708763183985,
  "totalUsdBalance": 97.48978562043077
}