{
  "ethBalance": 0.04459919224178026,
  "usdtBalance": 0,
  "usdcBalance": 0,
  "kenduBalance": 517214787.4674407,
  "ethBalanceInUsd": 112.63838195007297,
  "kenduBalanceInUsd": 34332.71759208872,
  "totalUsdBalance": 112.63838195007297
}