{
  "ethBalance": 0.038589031500035925,
  "usdtBalance": 0,
  "usdcBalance": 0,
  "kenduBalance": 35199894.08324558,
  "ethBalanceInUsd": 96.1410989695045,
  "kenduBalanceInUsd": 1109.5006615039008,
  "totalUsdBalance": 96.1410989695045
}