{
  "ethBalance": 0.03983369884579122,
  "usdtBalance": 0,
  "usdcBalance": 0,
  "kenduBalance": 1091213805.8365645,
  "ethBalanceInUsd": 104.44395837366459,
  "kenduBalanceInUsd": 46594.82950922131,
  "totalUsdBalance": 104.44395837366459
}