{
  "ethBalance": 0.3579488855246269,
  "usdtBalance": 0,
  "usdcBalance": 0,
  "kenduBalance": 3705282011.416198,
  "ethBalanceInUsd": 561.7757194089152,
  "kenduBalanceInUsd": 43092.42979277038,
  "totalUsdBalance": 561.7757194089152
}