{
  "ethBalance": 8.056063080971311,
  "usdtBalance": 22313.097842,
  "usdcBalance": 88.007775,
  "kenduBalance": 319721753.5049916,
  "ethBalanceInUsd": 25371.76506721105,
  "kenduBalanceInUsd": 43021.759151631675,
  "totalUsdBalance": 47772.87068421105
}