{
  "ethBalance": 0.038589031500035925,
  "usdtBalance": 0,
  "usdcBalance": 0,
  "kenduBalance": 35199894.08324558,
  "ethBalanceInUsd": 132.5587256670334,
  "kenduBalanceInUsd": 1023.2609209999491,
  "totalUsdBalance": 132.5587256670334
}