{
  "ethBalance": 0.0624422229661258,
  "usdtBalance": 0,
  "usdcBalance": 0,
  "kenduBalance": 6379544426.92592,
  "ethBalanceInUsd": 148.76859621679472,
  "kenduBalanceInUsd": 67367.98914833771,
  "totalUsdBalance": 148.76859621679472
}