{
  "ethBalance": 0.04459919224178026,
  "usdtBalance": 0,
  "usdcBalance": 0,
  "kenduBalance": 517214787.4674407,
  "ethBalanceInUsd": 103.40367320448996,
  "kenduBalanceInUsd": 26243.478316097942,
  "totalUsdBalance": 103.40367320448996
}