{
  "ethBalance": 0.038589031500035925,
  "usdtBalance": 0,
  "usdcBalance": 0,
  "kenduBalance": 35199894.08324558,
  "ethBalanceInUsd": 114.84674609883193,
  "kenduBalanceInUsd": 1848.3464383112255,
  "totalUsdBalance": 114.84674609883193
}