{
  "ethBalance": 1.2350681787309672,
  "usdtBalance": 0,
  "usdcBalance": null,
  "kenduBalance": 4489413951.490725,
  "ethBalanceInUsd": 5298.232525165465,
  "kenduBalanceInUsd": 65725.02024982421,
  "totalUsdBalance": null
}