{
  "ethBalance": 8.056063080971311,
  "usdtBalance": 22313.097842,
  "usdcBalance": 88.007775,
  "kenduBalance": 319721753.5049916,
  "ethBalanceInUsd": 24989.746555911388,
  "kenduBalanceInUsd": 40543.91556196798,
  "totalUsdBalance": 47390.852172911385
}