{
  "ethBalance": 0.5002741579676101,
  "usdtBalance": 0,
  "usdcBalance": 100,
  "kenduBalance": 4855925261.348792,
  "ethBalanceInUsd": 1366.2887473421806,
  "kenduBalanceInUsd": 165004.34038063197,
  "totalUsdBalance": 1466.2887473421806
}