{
  "ethBalance": 0.3579488855246269,
  "usdtBalance": 0,
  "usdcBalance": 0,
  "kenduBalance": 3705282011.416198,
  "ethBalanceInUsd": 567.7427273306107,
  "kenduBalanceInUsd": 44908.01797836431,
  "totalUsdBalance": 567.7427273306107
}