{
  "ethBalance": 0.038589031500035925,
  "usdtBalance": 0,
  "usdcBalance": 0,
  "kenduBalance": 35199894.08324558,
  "ethBalanceInUsd": 108.51968849408603,
  "kenduBalanceInUsd": 1963.8020909042712,
  "totalUsdBalance": 108.51968849408603
}