{
  "ethBalance": 0.3119048631851912,
  "usdtBalance": 0,
  "usdcBalance": 0.463046,
  "kenduBalance": 4175387837.757599,
  "ethBalanceInUsd": 645.1253047204583,
  "kenduBalanceInUsd": 74530.67290397314,
  "totalUsdBalance": 645.5883507204583
}