{
  "ethBalance": 0.35703877941042383,
  "usdtBalance": 0,
  "usdcBalance": 0,
  "kenduBalance": 4855947774.956796,
  "ethBalanceInUsd": 885.9381752900551,
  "kenduBalanceInUsd": 157575.50529734802,
  "totalUsdBalance": 885.9381752900551
}