{
  "ethBalance": 0.038589031500035925,
  "usdtBalance": 0,
  "usdcBalance": 0,
  "kenduBalance": 35199894.08324558,
  "ethBalanceInUsd": 130.2974084211313,
  "kenduBalanceInUsd": 1125.3406138413613,
  "totalUsdBalance": 130.2974084211313
}