{
  "ethBalance": 0.0624422229661258,
  "usdtBalance": 0,
  "usdcBalance": 0,
  "kenduBalance": 6384544426.92592,
  "ethBalanceInUsd": 133.2223559649184,
  "kenduBalanceInUsd": 51714.80985809995,
  "totalUsdBalance": 133.2223559649184
}