{
  "ethBalance": 0.10895982647011769,
  "usdtBalance": 3946.421819,
  "usdcBalance": 0,
  "kenduBalance": 11554476486.075047,
  "ethBalanceInUsd": 358.6892111500392,
  "kenduBalanceInUsd": 310468.7831808365,
  "totalUsdBalance": 4305.111030150039
}