{
  "ethBalance": 0.3119048631851912,
  "usdtBalance": 0,
  "usdcBalance": 0.463046,
  "kenduBalance": 4175387837.757599,
  "ethBalanceInUsd": 622.636964084806,
  "kenduBalanceInUsd": 42296.67879648448,
  "totalUsdBalance": 623.100010084806
}