{
  "ethBalance": 0.3579488855246269,
  "usdtBalance": 0,
  "usdcBalance": 0,
  "kenduBalance": 3705282011.416198,
  "ethBalanceInUsd": 642.3070596742458,
  "kenduBalanceInUsd": 47242.345645556525,
  "totalUsdBalance": 642.3070596742458
}