{
  "ethBalance": 0.038589031500035925,
  "usdtBalance": 0,
  "usdcBalance": 0,
  "kenduBalance": 35199894.08324558,
  "ethBalanceInUsd": 122.35231272558892,
  "kenduBalanceInUsd": 1868.4103779386755,
  "totalUsdBalance": 122.35231272558892
}