{
  "ethBalance": 0.5002741579676101,
  "usdtBalance": 0,
  "usdcBalance": 100,
  "kenduBalance": 4855925261.348792,
  "ethBalanceInUsd": 1319.1279024705739,
  "kenduBalanceInUsd": 121786.6055546277,
  "totalUsdBalance": 1419.1279024705739
}