{
  "ethBalance": 0.038589031500035925,
  "usdtBalance": 0,
  "usdcBalance": 0,
  "kenduBalance": 35199894.08324558,
  "ethBalanceInUsd": 139.4603739508148,
  "kenduBalanceInUsd": 727.9338096415186,
  "totalUsdBalance": 139.4603739508148
}