{
  "ethBalance": 0.0624422229661258,
  "usdtBalance": 0,
  "usdcBalance": 0,
  "kenduBalance": 6379544426.92592,
  "ethBalanceInUsd": 146.87784570538042,
  "kenduBalanceInUsd": 65071.353154644385,
  "totalUsdBalance": 146.87784570538042
}