{
  "ethBalance": 0.038589031500035925,
  "usdtBalance": 0,
  "usdcBalance": 0,
  "kenduBalance": 35199894.08324558,
  "ethBalanceInUsd": 149.00074020856871,
  "kenduBalanceInUsd": 1170.044479327083,
  "totalUsdBalance": 149.00074020856871
}