{
  "ethBalance": 0.038589031500035925,
  "usdtBalance": 0,
  "usdcBalance": 0,
  "kenduBalance": 35199894.08324558,
  "ethBalanceInUsd": 154.664838252144,
  "kenduBalanceInUsd": 1325.6280111750286,
  "totalUsdBalance": 154.664838252144
}