{
  "ethBalance": 0.038589031500035925,
  "usdtBalance": 0,
  "usdcBalance": 0,
  "kenduBalance": 35199894.08324558,
  "ethBalanceInUsd": 150.75808470308036,
  "kenduBalanceInUsd": 1124.284617018864,
  "totalUsdBalance": 150.75808470308036
}