{
  "ethBalance": 0.04272247540230626,
  "usdtBalance": 0,
  "usdcBalance": 0,
  "kenduBalance": 517214787.4674407,
  "ethBalanceInUsd": 104.8879493602021,
  "kenduBalanceInUsd": 25896.944408494757,
  "totalUsdBalance": 104.8879493602021
}