{
  "ethBalance": 0.04272247540230626,
  "usdtBalance": 0,
  "usdcBalance": 0,
  "kenduBalance": 517214787.4674407,
  "ethBalanceInUsd": 103.22989008983859,
  "kenduBalanceInUsd": 24955.613495304016,
  "totalUsdBalance": 103.22989008983859
}