{
  "ethBalance": 0.038589031500035925,
  "usdtBalance": 0,
  "usdcBalance": 0,
  "kenduBalance": 35199894.08324558,
  "ethBalanceInUsd": 126.34126091174763,
  "kenduBalanceInUsd": 499.1344981004224,
  "totalUsdBalance": 126.34126091174763
}