{
  "ethBalance": 0.038589031500035925,
  "usdtBalance": 0,
  "usdcBalance": 0,
  "kenduBalance": 35199894.08324558,
  "ethBalanceInUsd": 148.32080147353807,
  "kenduBalanceInUsd": 868.3813870336685,
  "totalUsdBalance": 148.32080147353807
}