{
  "ethBalance": 3.9774170719585187,
  "usdtBalance": 0,
  "usdcBalance": 0,
  "kenduBalance": 8310029020.399478,
  "ethBalanceInUsd": 10505.949453871232,
  "kenduBalanceInUsd": 99803.44853499773,
  "totalUsdBalance": 10505.949453871232
}