{
  "ethBalance": 0.04459919224178026,
  "usdtBalance": 0,
  "usdcBalance": 0,
  "kenduBalance": 517214787.4674407,
  "ethBalanceInUsd": 105.04893740628923,
  "kenduBalanceInUsd": 30293.270101968006,
  "totalUsdBalance": 105.04893740628923
}