{
  "ethBalance": 0.3579488855246269,
  "usdtBalance": 0,
  "usdcBalance": 0,
  "kenduBalance": 3705282011.416198,
  "ethBalanceInUsd": 568.6089636335803,
  "kenduBalanceInUsd": 41165.68314683396,
  "totalUsdBalance": 568.6089636335803
}