{
  "ethBalance": 0.5002741579676101,
  "usdtBalance": 0,
  "usdcBalance": 100,
  "kenduBalance": 4855925261.348792,
  "ethBalanceInUsd": 1253.5669740689189,
  "kenduBalanceInUsd": 123826.09416439419,
  "totalUsdBalance": 1353.5669740689189
}