{
  "ethBalance": 0.9901811623811279,
  "usdtBalance": 0,
  "usdcBalance": null,
  "kenduBalance": 4558502396.376256,
  "ethBalanceInUsd": 4321.823915821661,
  "kenduBalanceInUsd": 69380.40647284662,
  "totalUsdBalance": null
}