{
  "ethBalance": 0.04272247540230626,
  "usdtBalance": 0,
  "usdcBalance": 0,
  "kenduBalance": 517214787.4674407,
  "ethBalanceInUsd": 104.0804945750985,
  "kenduBalanceInUsd": 23807.396667126297,
  "totalUsdBalance": 104.0804945750985
}