{
  "ethBalance": 0.04459919224178026,
  "usdtBalance": 0,
  "usdcBalance": 0,
  "kenduBalance": 517214787.4674407,
  "ethBalanceInUsd": 101.86767702368304,
  "kenduBalanceInUsd": 26791.72599081343,
  "totalUsdBalance": 101.86767702368304
}