{
  "ethBalance": 0.04459919224178026,
  "usdtBalance": 0,
  "usdcBalance": 0,
  "kenduBalance": 517214787.4674407,
  "ethBalanceInUsd": 113.20523768346601,
  "kenduBalanceInUsd": 32067.316822981327,
  "totalUsdBalance": 113.20523768346601
}