{
  "ethBalance": 0.04272247540230626,
  "usdtBalance": 0,
  "usdcBalance": 0,
  "kenduBalance": 517214787.4674407,
  "ethBalanceInUsd": 113.1201431454725,
  "kenduBalanceInUsd": 28488.190493706636,
  "totalUsdBalance": 113.1201431454725
}