{
  "ethBalance": 0.038589031500035925,
  "usdtBalance": 0,
  "usdcBalance": 0,
  "kenduBalance": 35199894.08324558,
  "ethBalanceInUsd": 104.50951634060229,
  "kenduBalanceInUsd": 1247.836245251056,
  "totalUsdBalance": 104.50951634060229
}