{
  "ethBalance": 0.9901811623811279,
  "usdtBalance": 0,
  "usdcBalance": null,
  "kenduBalance": 4558502396.376256,
  "ethBalanceInUsd": 4340.746277834764,
  "kenduBalanceInUsd": 69334.82144888285,
  "totalUsdBalance": null
}