{
  "ethBalance": 0.038589031500035925,
  "usdtBalance": 0,
  "usdcBalance": 0,
  "kenduBalance": 13206739398.082659,
  "ethBalanceInUsd": 127.94039037710911,
  "kenduBalanceInUsd": 202195.18018464552,
  "totalUsdBalance": 127.94039037710911
}