{
  "ethBalance": 0.038589031500035925,
  "usdtBalance": 0,
  "usdcBalance": 0,
  "kenduBalance": 35199894.08324558,
  "ethBalanceInUsd": 129.50942039790056,
  "kenduBalanceInUsd": 1093.6607091664403,
  "totalUsdBalance": 129.50942039790056
}