{
  "ethBalance": 0.045462183917402754,
  "usdtBalance": 0,
  "usdcBalance": 0,
  "kenduBalance": 307214787.46744066,
  "ethBalanceInUsd": 118.15166978293803,
  "kenduBalanceInUsd": 23873.661134094815,
  "totalUsdBalance": 118.15166978293803
}