{
  "ethBalance": 0.3117728554842481,
  "usdtBalance": 0,
  "usdcBalance": 0.463046,
  "kenduBalance": 4113980899.4295063,
  "ethBalanceInUsd": 590.0613062894879,
  "kenduBalanceInUsd": 48421.555186285295,
  "totalUsdBalance": 590.5243522894879
}