{
  "ethBalance": 0.03983369884579122,
  "usdtBalance": 0,
  "usdcBalance": 0,
  "kenduBalance": 1091213805.8365645,
  "ethBalanceInUsd": 104.50052222602561,
  "kenduBalanceInUsd": 47118.61213602286,
  "totalUsdBalance": 104.50052222602561
}