{
  "ethBalance": 0.04459919224178026,
  "usdtBalance": 0,
  "usdcBalance": 0,
  "kenduBalance": 517214787.4674407,
  "ethBalanceInUsd": 108.44159796012144,
  "kenduBalanceInUsd": 29020.9217247981,
  "totalUsdBalance": 108.44159796012144
}