{
  "ethBalance": 0.038589031500035925,
  "usdtBalance": 0,
  "usdcBalance": 0,
  "kenduBalance": 35199894.08324558,
  "ethBalanceInUsd": 93.8720639173024,
  "kenduBalanceInUsd": 1685.3709287057986,
  "totalUsdBalance": 93.8720639173024
}