{
  "ethBalance": 0.04272247540230626,
  "usdtBalance": 0,
  "usdcBalance": 0,
  "kenduBalance": 517214787.4674407,
  "ethBalanceInUsd": 103.38582712505702,
  "kenduBalanceInUsd": 25752.124268003874,
  "totalUsdBalance": 103.38582712505702
}