{
  "ethBalance": 0.038589031500035925,
  "usdtBalance": 0,
  "usdcBalance": 0,
  "kenduBalance": 35199894.08324558,
  "ethBalanceInUsd": 120.16199929764686,
  "kenduBalanceInUsd": 918.7172355727098,
  "totalUsdBalance": 120.16199929764686
}