{
  "ethBalance": 0.3579488855246269,
  "usdtBalance": 0,
  "usdcBalance": 0,
  "kenduBalance": 3705282011.416198,
  "ethBalanceInUsd": 523.7794452104761,
  "kenduBalanceInUsd": 38571.98573884262,
  "totalUsdBalance": 523.7794452104761
}