{
  "ethBalance": 0.038589031500035925,
  "usdtBalance": 0,
  "usdcBalance": 0,
  "kenduBalance": 35199894.08324558,
  "ethBalanceInUsd": 101.55706954053456,
  "kenduBalanceInUsd": 1161.2445058062717,
  "totalUsdBalance": 101.55706954053456
}