{
  "ethBalance": 0.038589031500035925,
  "usdtBalance": 0,
  "usdcBalance": 0,
  "kenduBalance": 35199894.08324558,
  "ethBalanceInUsd": 148.08618016201785,
  "kenduBalanceInUsd": 1237.6282759669148,
  "totalUsdBalance": 148.08618016201785
}