{
  "ethBalance": 0.038589031500035925,
  "usdtBalance": 0,
  "usdcBalance": 0,
  "kenduBalance": 35199894.08324558,
  "ethBalanceInUsd": 128.73185141317484,
  "kenduBalanceInUsd": 1697.6908916349344,
  "totalUsdBalance": 128.73185141317484
}