{
  "ethBalance": 0.06262558795641449,
  "usdtBalance": 0,
  "usdcBalance": 0,
  "kenduBalance": 7456272656.749752,
  "ethBalanceInUsd": 154.50859809430668,
  "kenduBalanceInUsd": 68001.20662955774,
  "totalUsdBalance": 154.50859809430668
}