{
  "ethBalance": 7.089812771415156,
  "usdtBalance": 22011.945382,
  "kenduBalance": 512735445.5049916,
  "ethBalanceInUsd": 23339.025560349266,
  "kenduBalanceInUsd": 92446.20082454997,
  "totalUsdBalance": 45350.97094234927
}