{
  "ethBalance": 0.35769432885289126,
  "usdtBalance": 0,
  "usdcBalance": 0,
  "kenduBalance": 4514955040.756332,
  "ethBalanceInUsd": 857.099996910721,
  "kenduBalanceInUsd": 80140.4519734249,
  "totalUsdBalance": 857.099996910721
}