{
  "ethBalance": 0.038589031500035925,
  "usdtBalance": 0,
  "usdcBalance": 0,
  "kenduBalance": 35199894.08324558,
  "ethBalanceInUsd": 101.97923354514494,
  "kenduBalanceInUsd": 1480.8595440821418,
  "totalUsdBalance": 101.97923354514494
}