{
  "ethBalance": 18.27649738337883,
  "usdtBalance": 0,
  "usdcBalance": 0,
  "kenduBalance": 10805029020.399477,
  "ethBalanceInUsd": 51164.32336487369,
  "kenduBalanceInUsd": 130416.70027622169,
  "totalUsdBalance": 51164.32336487369
}