{
  "ethBalance": 0.5002741579676101,
  "usdtBalance": 0,
  "usdcBalance": 100,
  "kenduBalance": 4855925261.348792,
  "ethBalanceInUsd": 1259.755365402978,
  "kenduBalanceInUsd": 119018.7281556589,
  "totalUsdBalance": 1359.755365402978
}