{
  "ethBalance": 0.038589031500035925,
  "usdtBalance": 0,
  "usdcBalance": 0,
  "kenduBalance": 35199894.08324558,
  "ethBalanceInUsd": 126.14831575424743,
  "kenduBalanceInUsd": 709.2778657773985,
  "totalUsdBalance": 126.14831575424743
}