{
  "ethBalance": 0.3579488855246269,
  "usdtBalance": 0,
  "usdcBalance": 0,
  "kenduBalance": 3705282011.416198,
  "ethBalanceInUsd": 573.4699094990048,
  "kenduBalanceInUsd": 40017.045723294934,
  "totalUsdBalance": 573.4699094990048
}