{
  "ethBalance": 0.0660488809860724,
  "usdtBalance": 0,
  "usdcBalance": 0,
  "kenduBalance": 7622102282.100412,
  "ethBalanceInUsd": 180.6839793143095,
  "kenduBalanceInUsd": 67226.94212812564,
  "totalUsdBalance": 180.6839793143095
}