{
  "ethBalance": 0.045462183917402754,
  "usdtBalance": 0,
  "usdcBalance": 0,
  "kenduBalance": 307214787.46744066,
  "ethBalanceInUsd": 117.78297147136789,
  "kenduBalanceInUsd": 21366.788468360497,
  "totalUsdBalance": 117.78297147136789
}