{
  "ethBalance": 0.3119048631851912,
  "usdtBalance": 0,
  "usdcBalance": 0.463046,
  "kenduBalance": 4175387837.757599,
  "ethBalanceInUsd": 651.4226639081674,
  "kenduBalanceInUsd": 44008.587809965094,
  "totalUsdBalance": 651.8857099081673
}