{
  "ethBalance": 0.04459919224178026,
  "usdtBalance": 0,
  "usdcBalance": 0,
  "kenduBalance": 517214787.4674407,
  "ethBalanceInUsd": 101.54076494455077,
  "kenduBalanceInUsd": 28100.279403106055,
  "totalUsdBalance": 101.54076494455077
}