{
  "ethBalance": 0.045462183917402754,
  "usdtBalance": 0,
  "usdcBalance": 0,
  "kenduBalance": 307214787.46744066,
  "ethBalanceInUsd": 124.80278729005403,
  "kenduBalanceInUsd": 24832.17127099323,
  "totalUsdBalance": 124.80278729005403
}