{
  "ethBalance": 0.038589031500035925,
  "usdtBalance": 0,
  "usdcBalance": 0,
  "kenduBalance": 35199894.08324558,
  "ethBalanceInUsd": 133.46479612665425,
  "kenduBalanceInUsd": 1203.132379765334,
  "totalUsdBalance": 133.46479612665425
}