{
  "ethBalance": 0.038589031500035925,
  "usdtBalance": 0,
  "usdcBalance": 0,
  "kenduBalance": 35199894.08324558,
  "ethBalanceInUsd": 101.60453404927958,
  "kenduBalanceInUsd": 1250.6522367777156,
  "totalUsdBalance": 101.60453404927958
}