{
  "ethBalance": 0.038589031500035925,
  "usdtBalance": 0,
  "usdcBalance": 0,
  "kenduBalance": 35199894.08324558,
  "ethBalanceInUsd": 129.53064436522558,
  "kenduBalanceInUsd": 871.5493775011606,
  "totalUsdBalance": 129.53064436522558
}