{
  "ethBalance": 0.0660488809860724,
  "usdtBalance": 0,
  "usdcBalance": 0,
  "kenduBalance": 7622102282.100412,
  "ethBalanceInUsd": 181.58752800619897,
  "kenduBalanceInUsd": 67150.72110530463,
  "totalUsdBalance": 181.58752800619897
}