{
  "ethBalance": 0.3117728554842481,
  "usdtBalance": 0,
  "usdcBalance": 0.463046,
  "kenduBalance": 4113980899.4295063,
  "ethBalanceInUsd": 565.8303199612523,
  "kenduBalanceInUsd": 44554.413140821554,
  "totalUsdBalance": 566.2933659612522
}