{
  "ethBalance": 13.475892841222715,
  "usdtBalance": 3949.089252,
  "usdcBalance": 8005.206012,
  "kenduBalance": 10903927414.89931,
  "ethBalanceInUsd": 44026.280947988256,
  "kenduBalanceInUsd": 204230.56048106405,
  "totalUsdBalance": 55980.57621198826
}