{
  "ethBalance": 0.038589031500035925,
  "usdtBalance": 0,
  "usdcBalance": 0,
  "kenduBalance": 35199894.08324558,
  "ethBalanceInUsd": 155.14604347494944,
  "kenduBalanceInUsd": 1736.4107751265044,
  "totalUsdBalance": 155.14604347494944
}