{
  "ethBalance": 8.051792938400936,
  "usdtBalance": 22356.072978,
  "usdcBalance": 88.007775,
  "kenduBalance": 947823769.8171208,
  "ethBalanceInUsd": 19832.934812081035,
  "kenduBalanceInUsd": 111340.85824041718,
  "totalUsdBalance": 42277.015565081034
}