{
  "ethBalance": 0.5002741579676101,
  "usdtBalance": 0,
  "usdcBalance": 100,
  "kenduBalance": 4855925261.348792,
  "ethBalanceInUsd": 1256.9088054441424,
  "kenduBalanceInUsd": 111540.60325318175,
  "totalUsdBalance": 1356.9088054441424
}