{
  "ethBalance": 0.04272247540230626,
  "usdtBalance": 0,
  "usdcBalance": 0,
  "kenduBalance": 517214787.4674407,
  "ethBalanceInUsd": 101.03053705612787,
  "kenduBalanceInUsd": 22472.9825154603,
  "totalUsdBalance": 101.03053705612787
}