{
  "ethBalance": 0.9903603877171636,
  "usdtBalance": 0,
  "usdcBalance": null,
  "kenduBalance": 4565348937.707456,
  "ethBalanceInUsd": 4552.0231608760305,
  "kenduBalanceInUsd": 73730.3853439754,
  "totalUsdBalance": null
}