{
  "ethBalance": 13.47560135212183,
  "usdtBalance": 3949.089252,
  "usdcBalance": 8005.206012,
  "kenduBalance": 10805029020.399477,
  "ethBalanceInUsd": 45577.717917200534,
  "kenduBalanceInUsd": 201081.59006963426,
  "totalUsdBalance": 57532.013181200535
}