{
  "ethBalance": 0.04459919224178026,
  "usdtBalance": 0,
  "usdcBalance": 0,
  "kenduBalance": 517214787.4674407,
  "ethBalanceInUsd": 105.65816237231193,
  "kenduBalanceInUsd": 24345.300046092434,
  "totalUsdBalance": 105.65816237231193
}