{
  "ethBalance": 0.04272247540230626,
  "usdtBalance": 0,
  "usdcBalance": 0,
  "kenduBalance": 517214787.4674407,
  "ethBalanceInUsd": 112.86978943961498,
  "kenduBalanceInUsd": 28891.618027931236,
  "totalUsdBalance": 112.86978943961498
}