{
  "ethBalance": 0.038589031500035925,
  "usdtBalance": 0,
  "usdcBalance": 0,
  "kenduBalance": 35199894.08324558,
  "ethBalanceInUsd": 103.02924109226092,
  "kenduBalanceInUsd": 1855.0344181870423,
  "totalUsdBalance": 103.02924109226092
}