{
  "ethBalance": 0.038589031500035925,
  "usdtBalance": 0,
  "usdcBalance": 0,
  "kenduBalance": 35199894.08324558,
  "ethBalanceInUsd": 135.30124813574096,
  "kenduBalanceInUsd": 1169.3404814454182,
  "totalUsdBalance": 135.30124813574096
}