{
  "ethBalance": 0.5002741579676101,
  "usdtBalance": 0,
  "usdcBalance": 100,
  "kenduBalance": 4855925261.348792,
  "ethBalanceInUsd": 1314.40031167778,
  "kenduBalanceInUsd": 155535.28612100182,
  "totalUsdBalance": 1414.40031167778
}