{
  "ethBalance": 0.3117728554842481,
  "usdtBalance": 0,
  "usdcBalance": 0.463046,
  "kenduBalance": 4113980899.4295063,
  "ethBalanceInUsd": 561.4156163275952,
  "kenduBalanceInUsd": 47722.17843338228,
  "totalUsdBalance": 561.8786623275952
}