{
  "ethBalance": 0.038589031500035925,
  "usdtBalance": 0,
  "usdcBalance": 0,
  "kenduBalance": 35199894.08324558,
  "ethBalanceInUsd": 96.1515180080095,
  "kenduBalanceInUsd": 1807.5145611746607,
  "totalUsdBalance": 96.1515180080095
}