{
  "ethBalance": 0.3579488855246269,
  "usdtBalance": 0,
  "usdcBalance": 0,
  "kenduBalance": 3705282011.416198,
  "ethBalanceInUsd": 625.930898161494,
  "kenduBalanceInUsd": 47538.768206469824,
  "totalUsdBalance": 625.930898161494
}