{
  "ethBalance": 0.04459919224178026,
  "usdtBalance": 0,
  "usdcBalance": 0,
  "kenduBalance": 517214787.4674407,
  "ethBalanceInUsd": 104.62925900729405,
  "kenduBalanceInUsd": 29812.26034962328,
  "totalUsdBalance": 104.62925900729405
}