{
  "ethBalance": 0.045462183917402754,
  "usdtBalance": 0,
  "usdcBalance": 0,
  "kenduBalance": 307214787.46744066,
  "ethBalanceInUsd": 121.00578568927256,
  "kenduBalanceInUsd": 29965.730369574165,
  "totalUsdBalance": 121.00578568927256
}