{
  "ethBalance": 0.04459919224178026,
  "usdtBalance": 0,
  "usdcBalance": 0,
  "kenduBalance": 517214787.4674407,
  "ethBalanceInUsd": 111.46497720219173,
  "kenduBalanceInUsd": 31084.608726793187,
  "totalUsdBalance": 111.46497720219173
}