{
  "ethBalance": 0.3117728554842481,
  "usdtBalance": 0,
  "usdcBalance": 0.463046,
  "kenduBalance": 4113980899.4295063,
  "ethBalanceInUsd": 572.6051441109249,
  "kenduBalanceInUsd": 46446.84435455913,
  "totalUsdBalance": 573.0681901109249
}