{
  "ethBalance": 0.045462183917402754,
  "usdtBalance": 0,
  "usdcBalance": 0,
  "kenduBalance": 307214787.46744066,
  "ethBalanceInUsd": 117.3838134965731,
  "kenduBalanceInUsd": 27127.065733375013,
  "totalUsdBalance": 117.3838134965731
}