{
  "ethBalance": 0.038589031500035925,
  "usdtBalance": 0,
  "usdcBalance": 0,
  "kenduBalance": 35199894.08324558,
  "ethBalanceInUsd": 99.36251131912749,
  "kenduBalanceInUsd": 1137.6605767704973,
  "totalUsdBalance": 99.36251131912749
}