{
  "ethBalance": 0.045462183917402754,
  "usdtBalance": 0,
  "usdcBalance": 0,
  "kenduBalance": 307214787.46744066,
  "ethBalanceInUsd": 125.7188502959897,
  "kenduBalanceInUsd": 23234.65437616254,
  "totalUsdBalance": 125.7188502959897
}