{
  "ethBalance": 0.5002741579676101,
  "usdtBalance": 0,
  "usdcBalance": 100,
  "kenduBalance": 4855925261.348792,
  "ethBalanceInUsd": 1248.7993613434874,
  "kenduBalanceInUsd": 116785.00253543844,
  "totalUsdBalance": 1348.7993613434874
}