{
  "ethBalance": 0.04459919224178026,
  "usdtBalance": 0,
  "usdcBalance": 0,
  "kenduBalance": 517214787.4674407,
  "ethBalanceInUsd": 111.32850367393188,
  "kenduBalanceInUsd": 32444.88361783256,
  "totalUsdBalance": 111.32850367393188
}