{
  "ethBalance": 0.5002741579676101,
  "usdtBalance": 0,
  "usdcBalance": 100,
  "kenduBalance": 4855925261.348792,
  "ethBalanceInUsd": 1289.6867682741802,
  "kenduBalanceInUsd": 136597.1776017415,
  "totalUsdBalance": 1389.6867682741802
}