{
  "ethBalance": 0.038589031500035925,
  "usdtBalance": 0,
  "usdcBalance": 0,
  "kenduBalance": 35199894.08324558,
  "ethBalanceInUsd": 152.66361107855212,
  "kenduBalanceInUsd": 1746.6187444106458,
  "totalUsdBalance": 152.66361107855212
}