{
  "ethBalance": 0.038589031500035925,
  "usdtBalance": 0,
  "usdcBalance": 0,
  "kenduBalance": 35199894.08324558,
  "ethBalanceInUsd": 95.55030089723896,
  "kenduBalanceInUsd": 2036.3138727157568,
  "totalUsdBalance": 95.55030089723896
}