{
  "ethBalance": 0.038589031500035925,
  "usdtBalance": 0,
  "usdcBalance": 0,
  "kenduBalance": 35199894.08324558,
  "ethBalanceInUsd": 121.02137702915266,
  "kenduBalanceInUsd": 1038.3968754557447,
  "totalUsdBalance": 121.02137702915266
}