{
  "ethBalance": 0.35798968333076975,
  "usdtBalance": 0,
  "usdcBalance": 4004.403285,
  "kenduBalance": 3705282011.416198,
  "ethBalanceInUsd": 559.6130528794926,
  "kenduBalanceInUsd": 39646.51752215331,
  "totalUsdBalance": 4564.016337879492
}