{
  "ethBalance": 0.038589031500035925,
  "usdtBalance": 0,
  "usdcBalance": 0,
  "kenduBalance": 35199894.08324558,
  "ethBalanceInUsd": 140.78397773126608,
  "kenduBalanceInUsd": 1008.8289644258184,
  "totalUsdBalance": 140.78397773126608
}