{
  "ethBalance": 0.038589031500035925,
  "usdtBalance": 0,
  "usdcBalance": 0,
  "kenduBalance": 35199894.08324558,
  "ethBalanceInUsd": 137.485001428328,
  "kenduBalanceInUsd": 699.7738943749222,
  "totalUsdBalance": 137.485001428328
}