{
  "ethBalance": 0.35798968333076975,
  "usdtBalance": 0,
  "usdcBalance": 4004.403285,
  "kenduBalance": 3705282011.416198,
  "ethBalanceInUsd": 556.7562952065131,
  "kenduBalanceInUsd": 35422.49602913885,
  "totalUsdBalance": 4561.159580206513
}