{
  "ethBalance": 0.04459919224178026,
  "usdtBalance": 0,
  "usdcBalance": 0,
  "kenduBalance": 517214787.4674407,
  "ethBalanceInUsd": 100.04892196406324,
  "kenduBalanceInUsd": 19623.1290365147,
  "totalUsdBalance": 100.04892196406324
}