{
  "ethBalance": 6.7554413704538945,
  "usdtBalance": 22002.126666,
  "kenduBalance": 501472065.1465608,
  "ethBalanceInUsd": 22152.10556992389,
  "kenduBalanceInUsd": 84182.11557615316,
  "totalUsdBalance": 44154.23223592389
}