{
  "ethBalance": 0.3579488855246269,
  "usdtBalance": 0,
  "usdcBalance": 0,
  "kenduBalance": 3705282011.416198,
  "ethBalanceInUsd": 642.6793265151914,
  "kenduBalanceInUsd": 45945.49694156085,
  "totalUsdBalance": 642.6793265151914
}