{
  "ethBalance": 0.04459919224178026,
  "usdtBalance": 0,
  "usdcBalance": 0,
  "kenduBalance": 517214787.4674407,
  "ethBalanceInUsd": 111.93237673688557,
  "kenduBalanceInUsd": 30924.27214267828,
  "totalUsdBalance": 111.93237673688557
}