{
  "ethBalance": 0.038589031500035925,
  "usdtBalance": 0,
  "usdcBalance": 0,
  "kenduBalance": 35199894.08324558,
  "ethBalanceInUsd": 154.4711213140138,
  "kenduBalanceInUsd": 1918.7462264777166,
  "totalUsdBalance": 154.4711213140138
}