{
  "ethBalance": 0.357215510728175,
  "usdtBalance": 0,
  "usdcBalance": 0,
  "kenduBalance": 5355947774.956795,
  "ethBalanceInUsd": 911.0210056304938,
  "kenduBalanceInUsd": 136683.7872168974,
  "totalUsdBalance": 911.0210056304938
}