{
  "ethBalance": 0.9902157498683816,
  "usdtBalance": 0,
  "usdcBalance": null,
  "kenduBalance": 4558502396.376256,
  "ethBalanceInUsd": 4339.224437498236,
  "kenduBalanceInUsd": 63591.108429448774,
  "totalUsdBalance": null
}