{
  "ethBalance": 0.038589031500035925,
  "usdtBalance": 0,
  "usdcBalance": 0,
  "kenduBalance": 35199894.08324558,
  "ethBalanceInUsd": 140.77934704748606,
  "kenduBalanceInUsd": 965.1810957625938,
  "totalUsdBalance": 140.77934704748606
}