{
  "ethBalance": 0.04459919224178026,
  "usdtBalance": 0,
  "usdcBalance": 0,
  "kenduBalance": 517214787.4674407,
  "ethBalanceInUsd": 108.64452428482154,
  "kenduBalanceInUsd": 27195.153525038033,
  "totalUsdBalance": 108.64452428482154
}