{
  "ethBalance": 0.5002741579676101,
  "usdtBalance": 0,
  "usdcBalance": 100,
  "kenduBalance": 4855925261.348792,
  "ethBalanceInUsd": 1207.0314718947716,
  "kenduBalanceInUsd": 107655.86304410272,
  "totalUsdBalance": 1307.0314718947716
}