{
  "ethBalance": 0.35779268808449755,
  "usdtBalance": 0,
  "usdcBalance": 0,
  "kenduBalance": 3546950453.60037,
  "ethBalanceInUsd": 780.6070413745908,
  "kenduBalanceInUsd": 56183.695185029865,
  "totalUsdBalance": 780.6070413745908
}