{
  "ethBalance": 0.0660488809860724,
  "usdtBalance": 0,
  "usdcBalance": 0,
  "kenduBalance": 7622102282.100412,
  "ethBalanceInUsd": 176.9845814902796,
  "kenduBalanceInUsd": 62577.45973604438,
  "totalUsdBalance": 176.9845814902796
}