{
  "ethBalance": 0.04459919224178026,
  "usdtBalance": 0,
  "usdcBalance": 0,
  "kenduBalance": 517214787.4674407,
  "ethBalanceInUsd": 109.56460562076947,
  "kenduBalanceInUsd": 29108.848238667564,
  "totalUsdBalance": 109.56460562076947
}