{
  "ethBalance": 0.038589031500035925,
  "usdtBalance": 0,
  "usdcBalance": 0,
  "kenduBalance": 35199894.08324558,
  "ethBalanceInUsd": 103.73734982028658,
  "kenduBalanceInUsd": 1329.4999995241856,
  "totalUsdBalance": 103.73734982028658
}