{
  "ethBalance": 0.35703877941042383,
  "usdtBalance": 0,
  "usdcBalance": 0,
  "kenduBalance": 4855947774.956796,
  "ethBalanceInUsd": 891.7686185578274,
  "kenduBalanceInUsd": 157818.30268609585,
  "totalUsdBalance": 891.7686185578274
}