{
  "ethBalance": 0.038589031500035925,
  "usdtBalance": 0,
  "usdcBalance": 0,
  "kenduBalance": 35199894.08324558,
  "ethBalanceInUsd": 120.46376552397714,
  "kenduBalanceInUsd": 1331.6119931691806,
  "totalUsdBalance": 120.46376552397714
}