{
  "ethBalance": 0.3119048631851912,
  "usdtBalance": 0,
  "usdcBalance": 0.463046,
  "kenduBalance": 4175387837.757599,
  "ethBalanceInUsd": 612.6372941710888,
  "kenduBalanceInUsd": 34154.672512857156,
  "totalUsdBalance": 613.1003401710888
}