{
  "ethBalance": 0.04459919224178026,
  "usdtBalance": 0,
  "usdcBalance": 0,
  "kenduBalance": 517214787.4674407,
  "ethBalanceInUsd": 110.28532856739663,
  "kenduBalanceInUsd": 32765.556786062367,
  "totalUsdBalance": 110.28532856739663
}