{
  "ethBalance": 0.5002741579676101,
  "usdtBalance": 0,
  "usdcBalance": null,
  "kenduBalance": 4855925261.348792,
  "ethBalanceInUsd": 1215.846302558161,
  "kenduBalanceInUsd": 99789.26412071768,
  "totalUsdBalance": null
}