{
  "ethBalance": 0.11420553765466597,
  "usdtBalance": 0,
  "usdcBalance": 0,
  "kenduBalance": 11896082608.223656,
  "ethBalanceInUsd": 378.44174807089007,
  "kenduBalanceInUsd": 314413.4633353512,
  "totalUsdBalance": 378.44174807089007
}