{
  "ethBalance": 0.04272247540230626,
  "usdtBalance": 0,
  "usdcBalance": 0,
  "kenduBalance": 517214787.4674407,
  "ethBalanceInUsd": 112.94369932206097,
  "kenduBalanceInUsd": 29300.217710030516,
  "totalUsdBalance": 112.94369932206097
}