{
  "ethBalance": 0.3119048631851912,
  "usdtBalance": 0,
  "usdcBalance": 0.463046,
  "kenduBalance": 4175387837.757599,
  "ethBalanceInUsd": 643.531470869582,
  "kenduBalanceInUsd": 52067.08633683725,
  "totalUsdBalance": 643.994516869582
}