{
  "ethBalance": 0.04459919224178026,
  "usdtBalance": 0,
  "usdcBalance": 0,
  "kenduBalance": 517214787.4674407,
  "ethBalanceInUsd": 107.4434680377504,
  "kenduBalanceInUsd": 29713.98954000447,
  "totalUsdBalance": 107.4434680377504
}