{
  "ethBalance": 0.038589031500035925,
  "usdtBalance": 0,
  "usdcBalance": 0,
  "kenduBalance": 35199894.08324558,
  "ethBalanceInUsd": 127.04242361410327,
  "kenduBalanceInUsd": 1119.004632906377,
  "totalUsdBalance": 127.04242361410327
}