{
  "ethBalance": 0.3119048631851912,
  "usdtBalance": 0,
  "usdcBalance": 0.463046,
  "kenduBalance": 4175387837.757599,
  "ethBalanceInUsd": 641.9251608241782,
  "kenduBalanceInUsd": 59332.26117453548,
  "totalUsdBalance": 642.3882068241782
}