{
  "ethBalance": 0.5002741579676101,
  "usdtBalance": 0,
  "usdcBalance": 100,
  "kenduBalance": 4855925261.348792,
  "ethBalanceInUsd": 1126.0370857198157,
  "kenduBalanceInUsd": 94739.10184891494,
  "totalUsdBalance": 1226.0370857198157
}