{
  "ethBalance": 3.3856809462214548,
  "usdtBalance": 3949.089252,
  "usdcBalance": 5005.206012,
  "kenduBalance": 12579294084.737032,
  "ethBalanceInUsd": 10758.610629188992,
  "kenduBalanceInUsd": 283159.9098474306,
  "totalUsdBalance": 19712.905893188992
}