{
  "ethBalance": 0.038589031500035925,
  "usdtBalance": 0,
  "usdcBalance": 0,
  "kenduBalance": 35199894.08324558,
  "ethBalanceInUsd": 149.6104469062693,
  "kenduBalanceInUsd": 1570.9712729352502,
  "totalUsdBalance": 149.6104469062693
}