{
  "ethBalance": 0.30943876692005484,
  "usdtBalance": 0,
  "usdcBalance": 0,
  "kenduBalance": 8110029020.399477,
  "ethBalanceInUsd": 837.1556400255164,
  "kenduBalanceInUsd": 89696.92096561822,
  "totalUsdBalance": 837.1556400255164
}