{
  "ethBalance": 0.04272247540230626,
  "usdtBalance": 0,
  "usdcBalance": 0,
  "kenduBalance": 517214787.4674407,
  "ethBalanceInUsd": 114.01047953285656,
  "kenduBalanceInUsd": 27867.532748745707,
  "totalUsdBalance": 114.01047953285656
}