{
  "ethBalance": 0.038589031500035925,
  "usdtBalance": 0,
  "usdcBalance": 0,
  "kenduBalance": 35199894.08324558,
  "ethBalanceInUsd": 94.57322661965806,
  "kenduBalanceInUsd": 1884.2503302761359,
  "totalUsdBalance": 94.57322661965806
}