{
  "ethBalance": 0.038589031500035925,
  "usdtBalance": 0,
  "usdcBalance": 0,
  "kenduBalance": 35199894.08324558,
  "ethBalanceInUsd": 128.82909577255492,
  "kenduBalanceInUsd": 733.9177916356704,
  "totalUsdBalance": 128.82909577255492
}