{
  "ethBalance": 0.038589031500035925,
  "usdtBalance": 0,
  "usdcBalance": 0,
  "kenduBalance": 35199894.08324558,
  "ethBalanceInUsd": 150.6048862480252,
  "kenduBalanceInUsd": 1021.1489273549543,
  "totalUsdBalance": 150.6048862480252
}