{
  "ethBalance": 0.5002741579676101,
  "usdtBalance": 0,
  "usdcBalance": 100,
  "kenduBalance": 4855925261.348792,
  "ethBalanceInUsd": 1252.991658787256,
  "kenduBalanceInUsd": 111249.24773750082,
  "totalUsdBalance": 1352.991658787256
}