{
  "ethBalance": 0.727034011230498,
  "usdtBalance": 0,
  "usdcBalance": null,
  "kenduBalance": 4482236645.828448,
  "ethBalanceInUsd": 2865.4518781226498,
  "kenduBalanceInUsd": 45046.478290575906,
  "totalUsdBalance": null
}