{
  "ethBalance": 0.3194927667359207,
  "usdtBalance": 0,
  "usdcBalance": 884.463046,
  "kenduBalance": 4753954448.539579,
  "ethBalanceInUsd": 629.8192859941878,
  "kenduBalanceInUsd": 34513.70929639735,
  "totalUsdBalance": 1514.2823319941876
}