{
  "ethBalance": 13.47560135212183,
  "usdtBalance": 3949.089252,
  "usdcBalance": 8005.206012,
  "kenduBalance": 10805029020.399477,
  "ethBalanceInUsd": 41428.98452892279,
  "kenduBalanceInUsd": 141870.03103784512,
  "totalUsdBalance": 53383.27979292279
}