{
  "ethBalance": 0.038589031500035925,
  "usdtBalance": 0,
  "usdcBalance": 0,
  "kenduBalance": 35199894.08324558,
  "ethBalanceInUsd": 148.24285162990802,
  "kenduBalanceInUsd": 1470.299575857168,
  "totalUsdBalance": 148.24285162990802
}