{
  "ethBalance": 0.0624422229661258,
  "usdtBalance": 0,
  "usdcBalance": 0,
  "kenduBalance": 6379544426.92592,
  "ethBalanceInUsd": 144.25714560749213,
  "kenduBalanceInUsd": 55438.24106998624,
  "totalUsdBalance": 144.25714560749213
}