{
  "ethBalance": 0.3579488855246269,
  "usdtBalance": 0,
  "usdcBalance": 0,
  "kenduBalance": 3705282011.416198,
  "ethBalanceInUsd": 566.003095746961,
  "kenduBalanceInUsd": 43833.48619505362,
  "totalUsdBalance": 566.003095746961
}