{
  "ethBalance": 0.0660488809860724,
  "usdtBalance": 0,
  "usdcBalance": 0,
  "kenduBalance": 7622102282.100412,
  "ethBalanceInUsd": 180.19059417334353,
  "kenduBalanceInUsd": 67760.48928787267,
  "totalUsdBalance": 180.19059417334353
}