{
  "ethBalance": 0.3196155371451788,
  "usdtBalance": 0,
  "usdcBalance": 884.463046,
  "kenduBalance": 5453954448.539579,
  "ethBalanceInUsd": 649.1071943881437,
  "kenduBalanceInUsd": 36377.876171758995,
  "totalUsdBalance": 1533.5702403881437
}