{
  "ethBalance": 0.9903818468589797,
  "usdtBalance": 0,
  "usdcBalance": null,
  "kenduBalance": 4677192821.897994,
  "ethBalanceInUsd": 4684.407097458287,
  "kenduBalanceInUsd": 82271.82173718572,
  "totalUsdBalance": null
}