{
  "ethBalance": 0.04272247540230626,
  "usdtBalance": 0,
  "usdcBalance": 0,
  "kenduBalance": 517214787.4674407,
  "ethBalanceInUsd": 113.17653681300354,
  "kenduBalanceInUsd": 29993.285525236886,
  "totalUsdBalance": 113.17653681300354
}