{
  "ethBalance": 0.35703877941042383,
  "usdtBalance": 0,
  "usdcBalance": 0,
  "kenduBalance": 4855947774.956796,
  "ethBalanceInUsd": 923.6521815591783,
  "kenduBalanceInUsd": 190741.6286003029,
  "totalUsdBalance": 923.6521815591783
}