{
  "ethBalance": 0.3579488855246269,
  "usdtBalance": 0,
  "usdcBalance": 0,
  "kenduBalance": 3705282011.416198,
  "ethBalanceInUsd": 558.5291230172068,
  "kenduBalanceInUsd": 41869.686729003035,
  "totalUsdBalance": 558.5291230172068
}