{
  "ethBalance": 0.04459919224178026,
  "usdtBalance": 0,
  "usdcBalance": 0,
  "kenduBalance": 517214787.4674407,
  "ethBalanceInUsd": 113.64543171089237,
  "kenduBalanceInUsd": 29605.37443463631,
  "totalUsdBalance": 113.64543171089237
}