{
  "ethBalance": 0.038589031500035925,
  "usdtBalance": 0,
  "usdcBalance": 0,
  "kenduBalance": 35199894.08324558,
  "ethBalanceInUsd": 130.52238247477652,
  "kenduBalanceInUsd": 1098.236695397262,
  "totalUsdBalance": 130.52238247477652
}