{
  "ethBalance": 0.04459919224178026,
  "usdtBalance": 0,
  "usdcBalance": 0,
  "kenduBalance": 517214787.4674407,
  "ethBalanceInUsd": 105.46950778912921,
  "kenduBalanceInUsd": 27831.327713622984,
  "totalUsdBalance": 105.46950778912921
}