{
  "ethBalance": 18.27649738337883,
  "usdtBalance": 0,
  "usdcBalance": 0,
  "kenduBalance": 10805029020.399477,
  "ethBalanceInUsd": 52046.34712859555,
  "kenduBalanceInUsd": 167261.8492357839,
  "totalUsdBalance": 52046.34712859555
}