{
  "ethBalance": 8.056063080971311,
  "usdtBalance": 22356.072978,
  "usdcBalance": 88.007775,
  "kenduBalance": 319823769.8171208,
  "ethBalanceInUsd": 23386.428881536478,
  "kenduBalanceInUsd": 39504.63204781077,
  "totalUsdBalance": 45830.50963453648
}