{
  "ethBalance": 0.890283224186648,
  "usdtBalance": 0,
  "usdcBalance": null,
  "kenduBalance": 4809031095.836518,
  "ethBalanceInUsd": 3434.3209542934455,
  "kenduBalanceInUsd": 93824.19667977048,
  "totalUsdBalance": null
}