{
  "ethBalance": 0.3117728554842481,
  "usdtBalance": 0,
  "usdcBalance": 0.463046,
  "kenduBalance": 4113980899.4295063,
  "ethBalanceInUsd": 626.0398938123702,
  "kenduBalanceInUsd": 52782.37493968057,
  "totalUsdBalance": 626.5029398123702
}