{
  "ethBalance": 0.3117728554842481,
  "usdtBalance": 0,
  "usdcBalance": 0.463046,
  "kenduBalance": 4113980899.4295063,
  "ethBalanceInUsd": 561.0383711724593,
  "kenduBalanceInUsd": 44883.531612775914,
  "totalUsdBalance": 561.5014171724592
}