{
  "ethBalance": 0.5002741579676101,
  "usdtBalance": 0,
  "usdcBalance": 100,
  "kenduBalance": 4855925261.348792,
  "ethBalanceInUsd": 1251.200677301732,
  "kenduBalanceInUsd": 124408.80519575605,
  "totalUsdBalance": 1351.200677301732
}