{
  "ethBalance": 0.0624422229661258,
  "usdtBalance": 0,
  "usdcBalance": 0,
  "kenduBalance": 6379544426.92592,
  "ethBalanceInUsd": 139.96798931194894,
  "kenduBalanceInUsd": 53907.15040752402,
  "totalUsdBalance": 139.96798931194894
}