{
  "ethBalance": 0.3579488855246269,
  "usdtBalance": 0,
  "usdcBalance": 0,
  "kenduBalance": 3705282011.416198,
  "ethBalanceInUsd": 566.4147369653144,
  "kenduBalanceInUsd": 47353.504105899,
  "totalUsdBalance": 566.4147369653144
}