{
  "ethBalance": 0.3579488855246269,
  "usdtBalance": 0,
  "usdcBalance": 0,
  "kenduBalance": 3705282011.416198,
  "ethBalanceInUsd": 565.1189619997152,
  "kenduBalanceInUsd": 38201.457537701,
  "totalUsdBalance": 565.1189619997152
}