{
  "ethBalance": 0.038589031500035925,
  "usdtBalance": 0,
  "usdcBalance": 0,
  "kenduBalance": 35199894.08324558,
  "ethBalanceInUsd": 139.91225150968026,
  "kenduBalanceInUsd": 1002.4929834908341,
  "totalUsdBalance": 139.91225150968026
}