{
  "ethBalance": 0.10788809429719365,
  "usdtBalance": 3946.421819,
  "usdcBalance": 0,
  "kenduBalance": 13268928669.075045,
  "ethBalanceInUsd": 360.5846676410236,
  "kenduBalanceInUsd": 327477.1595527721,
  "totalUsdBalance": 4307.006486641024
}