{
  "ethBalance": 0.038589031500035925,
  "usdtBalance": 0,
  "usdcBalance": 0,
  "kenduBalance": 35199894.08324558,
  "ethBalanceInUsd": 124.05601846631549,
  "kenduBalanceInUsd": 1442.1396605905716,
  "totalUsdBalance": 124.05601846631549
}