{
  "ethBalance": 13.47560135212183,
  "usdtBalance": 3949.089252,
  "usdcBalance": 8005.206012,
  "kenduBalance": 10805029020.399477,
  "ethBalanceInUsd": 44655.717272688365,
  "kenduBalanceInUsd": 194274.4217867826,
  "totalUsdBalance": 56610.012536688366
}