{
  "ethBalance": 0.038589031500035925,
  "usdtBalance": 0,
  "usdcBalance": 0,
  "kenduBalance": 35199894.08324558,
  "ethBalanceInUsd": 137.7119049335482,
  "kenduBalanceInUsd": 882.8133436077992,
  "totalUsdBalance": 137.7119049335482
}