{
  "ethBalance": 0.038589031500035925,
  "usdtBalance": 0,
  "usdcBalance": 0,
  "kenduBalance": 35199894.08324558,
  "ethBalanceInUsd": 133.70134688974946,
  "kenduBalanceInUsd": 1214.748344812805,
  "totalUsdBalance": 133.70134688974946
}