{
  "ethBalance": 0.038589031500035925,
  "usdtBalance": 0,
  "usdcBalance": 0,
  "kenduBalance": 35199894.08324558,
  "ethBalanceInUsd": 129.36085262662544,
  "kenduBalanceInUsd": 862.7494039803493,
  "totalUsdBalance": 129.36085262662544
}