{
  "ethBalance": 0.038589031500035925,
  "usdtBalance": 0,
  "usdcBalance": 0,
  "kenduBalance": 35199894.08324558,
  "ethBalanceInUsd": 127.16012016017838,
  "kenduBalanceInUsd": 1610.0431553676528,
  "totalUsdBalance": 127.16012016017838
}