{
  "ethBalance": 0.04459919224178026,
  "usdtBalance": 0,
  "usdcBalance": 0,
  "kenduBalance": 517214787.4674407,
  "ethBalanceInUsd": 104.75725868902798,
  "kenduBalanceInUsd": 24800.449059063783,
  "totalUsdBalance": 104.75725868902798
}