{
  "ethBalance": 0.727034011230498,
  "usdtBalance": 0,
  "usdcBalance": null,
  "kenduBalance": 4482236645.828448,
  "ethBalanceInUsd": 3008.844796157641,
  "kenduBalanceInUsd": 48632.26760723866,
  "totalUsdBalance": null
}