{
  "ethBalance": 8.056063080971311,
  "usdtBalance": 22313.097842,
  "usdcBalance": 88.007775,
  "kenduBalance": 319823769.8171208,
  "ethBalanceInUsd": 23988.539036208273,
  "kenduBalanceInUsd": 38932.147499838116,
  "totalUsdBalance": 46389.64465320827
}