{
  "ethBalance": 0.30943876692005484,
  "usdtBalance": 0,
  "usdcBalance": 0,
  "kenduBalance": 8110029020.399477,
  "ethBalanceInUsd": 824.2334771189348,
  "kenduBalanceInUsd": 88642.61719296628,
  "totalUsdBalance": 824.2334771189348
}