{
  "ethBalance": 13.47560135212183,
  "usdtBalance": 3949.089252,
  "usdcBalance": 8005.206012,
  "kenduBalance": 10805029020.399477,
  "ethBalanceInUsd": 41846.99768286561,
  "kenduBalanceInUsd": 149649.65193253275,
  "totalUsdBalance": 53801.29294686561
}