{
  "ethBalance": 0.038589031500035925,
  "usdtBalance": 0,
  "usdcBalance": 0,
  "kenduBalance": 35199894.08324558,
  "ethBalanceInUsd": 128.76156496742988,
  "kenduBalanceInUsd": 1110.5566583263983,
  "totalUsdBalance": 128.76156496742988
}