{
  "ethBalance": 0.038589031500035925,
  "usdtBalance": 0,
  "usdcBalance": 0,
  "kenduBalance": 35199894.08324558,
  "ethBalanceInUsd": 130.46835783067647,
  "kenduBalanceInUsd": 1196.7963988303497,
  "totalUsdBalance": 130.46835783067647
}