{
  "ethBalance": 0.3119048631851912,
  "usdtBalance": 0,
  "usdcBalance": 0.463046,
  "kenduBalance": 4175387837.757599,
  "ethBalanceInUsd": 625.6593222090705,
  "kenduBalanceInUsd": 39499.16894518688,
  "totalUsdBalance": 626.1223682090705
}