{
  "ethBalance": 0.038589031500035925,
  "usdtBalance": 0,
  "usdcBalance": 0,
  "kenduBalance": 35199894.08324558,
  "ethBalanceInUsd": 144.54640830251958,
  "kenduBalanceInUsd": 1278.812152044312,
  "totalUsdBalance": 144.54640830251958
}