{
  "ethBalance": 13.47560135212183,
  "usdtBalance": 3949.089252,
  "usdcBalance": 8005.206012,
  "kenduBalance": 10805029020.399477,
  "ethBalanceInUsd": 42265.28034883547,
  "kenduBalanceInUsd": 164452.54169048005,
  "totalUsdBalance": 54219.57561283547
}