{
  "ethBalance": 0.0660488809860724,
  "usdtBalance": 0,
  "usdcBalance": 0,
  "kenduBalance": 7622102282.100412,
  "ethBalanceInUsd": 185.39920892790522,
  "kenduBalanceInUsd": 66312.28985427358,
  "totalUsdBalance": 185.39920892790522
}