{
  "ethBalance": 0.045462183917402754,
  "usdtBalance": 0,
  "usdcBalance": 0,
  "kenduBalance": 307214787.46744066,
  "ethBalanceInUsd": 126.0320847431806,
  "kenduBalanceInUsd": 27950.40136378775,
  "totalUsdBalance": 126.0320847431806
}