{
  "ethBalance": 0.038589031500035925,
  "usdtBalance": 0,
  "usdcBalance": 0,
  "kenduBalance": 35199894.08324558,
  "ethBalanceInUsd": 104.37985719476217,
  "kenduBalanceInUsd": 1248.5402431327207,
  "totalUsdBalance": 104.37985719476217
}