{
  "ethBalance": 0.5002741579676101,
  "usdtBalance": 0,
  "usdcBalance": 100,
  "kenduBalance": 4855925261.348792,
  "ethBalanceInUsd": 1251.4558171222955,
  "kenduBalanceInUsd": 108724.16660159946,
  "totalUsdBalance": 1351.4558171222955
}