{
  "ethBalance": 0.038589031500035925,
  "usdtBalance": 0,
  "usdcBalance": 0,
  "kenduBalance": 35199894.08324558,
  "ethBalanceInUsd": 129.6317476277557,
  "kenduBalanceInUsd": 1133.7885884213401,
  "totalUsdBalance": 129.6317476277557
}