{
  "ethBalance": 0.038589031500035925,
  "usdtBalance": 0,
  "usdcBalance": 0,
  "kenduBalance": 35199894.08324558,
  "ethBalanceInUsd": 116.57476292940352,
  "kenduBalanceInUsd": 699.0698964932573,
  "totalUsdBalance": 116.57476292940352
}