{
  "ethBalance": 0.9902157498683816,
  "usdtBalance": 0,
  "usdcBalance": null,
  "kenduBalance": 4558502396.376256,
  "ethBalanceInUsd": 4358.335601470694,
  "kenduBalanceInUsd": 63636.69345341253,
  "totalUsdBalance": null
}