{
  "ethBalance": 0.04272247540230626,
  "usdtBalance": 0,
  "usdcBalance": 0,
  "kenduBalance": 517214787.4674407,
  "ethBalanceInUsd": 101.2757640649371,
  "kenduBalanceInUsd": 22193.686530227882,
  "totalUsdBalance": 101.2757640649371
}