{
  "ethBalance": 0.3579488855246269,
  "usdtBalance": 0,
  "usdcBalance": 0,
  "kenduBalance": 3705282011.416198,
  "ethBalanceInUsd": 583.2669704958138,
  "kenduBalanceInUsd": 49502.5676725204,
  "totalUsdBalance": 583.2669704958138
}