{
  "ethBalance": 0.038589031500035925,
  "usdtBalance": 0,
  "usdcBalance": 0,
  "kenduBalance": 35199894.08324558,
  "ethBalanceInUsd": 119.65108052058639,
  "kenduBalanceInUsd": 919.0692345135421,
  "totalUsdBalance": 119.65108052058639
}