{
  "ethBalance": 0.35703877941042383,
  "usdtBalance": 0,
  "usdcBalance": 0,
  "kenduBalance": 4855947774.956796,
  "ethBalanceInUsd": 906.2822449408611,
  "kenduBalanceInUsd": 184186.09910411126,
  "totalUsdBalance": 906.2822449408611
}