{
  "ethBalance": 1.2248621787309673,
  "usdtBalance": 0,
  "usdcBalance": 25.002104,
  "kenduBalance": null,
  "ethBalanceInUsd": 5300.50533810575,
  "kenduBalanceInUsd": null,
  "totalUsdBalance": 5325.50744210575
}