{
  "ethBalance": 0.038589031500035925,
  "usdtBalance": 0,
  "usdcBalance": 0,
  "kenduBalance": 35199894.08324558,
  "ethBalanceInUsd": 104.54926304304733,
  "kenduBalanceInUsd": 1264.732194411014,
  "totalUsdBalance": 104.54926304304733
}