{
  "ethBalance": 0.5002741579676101,
  "usdtBalance": 0,
  "usdcBalance": 100,
  "kenduBalance": 4855925261.348792,
  "ethBalanceInUsd": 1248.6993065118938,
  "kenduBalanceInUsd": 161216.7186767799,
  "totalUsdBalance": 1348.6993065118938
}