{
  "ethBalance": 0.045462183917402754,
  "usdtBalance": 0,
  "usdcBalance": 0,
  "kenduBalance": 307214787.46744066,
  "ethBalanceInUsd": 123.90672764504203,
  "kenduBalanceInUsd": 24466.585673906975,
  "totalUsdBalance": 123.90672764504203
}