{
  "ethBalance": 0.3119048631851912,
  "usdtBalance": 0,
  "usdcBalance": 0.463046,
  "kenduBalance": 4175387837.757599,
  "ethBalanceInUsd": 645.6493048906094,
  "kenduBalanceInUsd": 75240.48883639193,
  "totalUsdBalance": 646.1123508906094
}