{
  "ethBalance": 0.038589031500035925,
  "usdtBalance": 0,
  "usdcBalance": 0,
  "kenduBalance": 35199894.08324558,
  "ethBalanceInUsd": 143.35632257105846,
  "kenduBalanceInUsd": 769.1176857189159,
  "totalUsdBalance": 143.35632257105846
}