{
  "ethBalance": 0.3196155371451788,
  "usdtBalance": 0,
  "usdcBalance": 884.463046,
  "kenduBalance": 5453954448.539579,
  "ethBalanceInUsd": 615.8000592622446,
  "kenduBalanceInUsd": 38177.68113977706,
  "totalUsdBalance": 1500.2631052622446
}