{
  "ethBalance": 0.045462183917402754,
  "usdtBalance": 0,
  "usdcBalance": 0,
  "kenduBalance": 307214787.46744066,
  "ethBalanceInUsd": 118.3812538117209,
  "kenduBalanceInUsd": 31406.56772279646,
  "totalUsdBalance": 118.3812538117209
}