{
  "ethBalance": 0.038589031500035925,
  "usdtBalance": 0,
  "usdcBalance": 0,
  "kenduBalance": 35199894.08324558,
  "ethBalanceInUsd": 93.58071672947712,
  "kenduBalanceInUsd": 1982.1060358275588,
  "totalUsdBalance": 93.58071672947712
}