{
  "ethBalance": 0.9901811623811279,
  "usdtBalance": 0,
  "usdcBalance": null,
  "kenduBalance": 4558502396.376256,
  "ethBalanceInUsd": 4437.170119427439,
  "kenduBalanceInUsd": 69562.74656870167,
  "totalUsdBalance": null
}