{
  "ethBalance": 0.038589031500035925,
  "usdtBalance": 0,
  "usdcBalance": 0,
  "kenduBalance": 35199894.08324558,
  "ethBalanceInUsd": 102.99721219611588,
  "kenduBalanceInUsd": 1231.9962929135952,
  "totalUsdBalance": 102.99721219611588
}