{
  "ethBalance": 0.5002741579676101,
  "usdtBalance": 0,
  "usdcBalance": 100,
  "kenduBalance": 4855925261.348792,
  "ethBalanceInUsd": 1224.8212209520998,
  "kenduBalanceInUsd": 110180.9441800041,
  "totalUsdBalance": 1324.8212209520998
}