{
  "ethBalance": 0.038589031500035925,
  "usdtBalance": 0,
  "usdcBalance": 0,
  "kenduBalance": 35199894.08324558,
  "ethBalanceInUsd": 134.09534090136484,
  "kenduBalanceInUsd": 912.733253578558,
  "totalUsdBalance": 134.09534090136484
}