{
  "ethBalance": 0.038589031500035925,
  "usdtBalance": 0,
  "usdcBalance": 0,
  "kenduBalance": 35199894.08324558,
  "ethBalanceInUsd": 113.46680233239063,
  "kenduBalanceInUsd": 1807.5145611746607,
  "totalUsdBalance": 113.46680233239063
}