{
  "ethBalance": 0.045462183917402754,
  "usdtBalance": 0,
  "usdcBalance": 0,
  "kenduBalance": 307214787.46744066,
  "ethBalanceInUsd": 118.58219666463582,
  "kenduBalanceInUsd": 27354.404676100916,
  "totalUsdBalance": 118.58219666463582
}