{
  "ethBalance": 0.03983369884579122,
  "usdtBalance": 0,
  "usdcBalance": 0,
  "kenduBalance": 1091213805.8365645,
  "ethBalanceInUsd": 104.78533317277302,
  "kenduBalanceInUsd": 45951.01336377773,
  "totalUsdBalance": 104.78533317277302
}