{
  "ethBalance": 0.06254024854608203,
  "usdtBalance": 0,
  "usdcBalance": 0,
  "kenduBalance": 6456272656.749752,
  "ethBalanceInUsd": 134.36209537888809,
  "kenduBalanceInUsd": 60495.27479374518,
  "totalUsdBalance": 134.36209537888809
}