{
  "ethBalance": 0.045462183917402754,
  "usdtBalance": 0,
  "usdcBalance": 0,
  "kenduBalance": 307214787.46744066,
  "ethBalanceInUsd": 116.82917485278077,
  "kenduBalanceInUsd": 32340.50067669748,
  "totalUsdBalance": 116.82917485278077
}