{
  "ethBalance": 0.35769432885289126,
  "usdtBalance": 0,
  "usdcBalance": 0,
  "kenduBalance": 4514955040.756332,
  "ethBalanceInUsd": 913.2901990302216,
  "kenduBalanceInUsd": 79824.40512057196,
  "totalUsdBalance": 913.2901990302216
}