{
  "ethBalance": 0.30943876692005484,
  "usdtBalance": 0,
  "usdcBalance": 0,
  "kenduBalance": 8110029020.399477,
  "ethBalanceInUsd": 810.2220897527949,
  "kenduBalanceInUsd": 79234.98352930289,
  "totalUsdBalance": 810.2220897527949
}