{
  "ethBalance": 0.045462183917402754,
  "usdtBalance": 0,
  "usdcBalance": 0,
  "kenduBalance": 307214787.46744066,
  "ethBalanceInUsd": 118.10666222085979,
  "kenduBalanceInUsd": 26887.43819915041,
  "totalUsdBalance": 118.10666222085979
}