{
  "ethBalance": 0.3579488855246269,
  "usdtBalance": 0,
  "usdcBalance": 0,
  "kenduBalance": 3705282011.416198,
  "ethBalanceInUsd": 568.7342457435138,
  "kenduBalanceInUsd": 43648.222094482815,
  "totalUsdBalance": 568.7342457435138
}