{
  "ethBalance": 0.04272247540230626,
  "usdtBalance": 0,
  "usdcBalance": 0,
  "kenduBalance": 517214787.4674407,
  "ethBalanceInUsd": 104.70851496351241,
  "kenduBalanceInUsd": 24433.226559961902,
  "totalUsdBalance": 104.70851496351241
}