{
  "ethBalance": 0.04272247540230626,
  "usdtBalance": 0,
  "usdcBalance": 0,
  "kenduBalance": 517214787.4674407,
  "ethBalanceInUsd": 103.9912046015077,
  "kenduBalanceInUsd": 26403.81490021285,
  "totalUsdBalance": 103.9912046015077
}