{
  "ethBalance": 0.04459919224178026,
  "usdtBalance": 0,
  "usdcBalance": 0,
  "kenduBalance": 517214787.4674407,
  "ethBalanceInUsd": 112.16518452038768,
  "kenduBalanceInUsd": 34187.897451597826,
  "totalUsdBalance": 112.16518452038768
}