{
  "ethBalance": 0.038589031500035925,
  "usdtBalance": 0,
  "usdcBalance": 0,
  "kenduBalance": 35199894.08324558,
  "ethBalanceInUsd": 126.17455629566746,
  "kenduBalanceInUsd": 499.48649704125484,
  "totalUsdBalance": 126.17455629566746
}