{
  "ethBalance": 0.5002741579676101,
  "usdtBalance": 0,
  "usdcBalance": 100,
  "kenduBalance": 4855925261.348792,
  "ethBalanceInUsd": 1218.1175472353339,
  "kenduBalanceInUsd": 105762.05219217669,
  "totalUsdBalance": 1318.1175472353339
}