{
  "ethBalance": 0.04272247540230626,
  "usdtBalance": 0,
  "usdcBalance": 0,
  "kenduBalance": 517214787.4674407,
  "ethBalanceInUsd": 112.03969174254817,
  "kenduBalanceInUsd": 29729.505983628493,
  "totalUsdBalance": 112.03969174254817
}