{
  "ethBalance": 0.038589031500035925,
  "usdtBalance": 0,
  "usdcBalance": 0,
  "kenduBalance": 35199894.08324558,
  "ethBalanceInUsd": 129.2300358098403,
  "kenduBalanceInUsd": 1014.8129464199701,
  "totalUsdBalance": 129.2300358098403
}