{
  "ethBalance": 0.04272247540230626,
  "usdtBalance": 0,
  "usdcBalance": 0,
  "kenduBalance": 517214787.4674407,
  "ethBalanceInUsd": 104.43081887339743,
  "kenduBalanceInUsd": 21278.216356410514,
  "totalUsdBalance": 104.43081887339743
}