{
  "ethBalance": 0.04272247540230626,
  "usdtBalance": 0,
  "usdcBalance": 0,
  "kenduBalance": 517214787.4674407,
  "ethBalanceInUsd": 111.09637948566525,
  "kenduBalanceInUsd": 29920.875454991445,
  "totalUsdBalance": 111.09637948566525
}