{
  "ethBalance": 0.0660488809860724,
  "usdtBalance": 0,
  "usdcBalance": 0,
  "kenduBalance": 7622102282.100412,
  "ethBalanceInUsd": 174.62597595026693,
  "kenduBalanceInUsd": 66998.27905966263,
  "totalUsdBalance": 174.62597595026693
}