{
  "ethBalance": 0.038589031500035925,
  "usdtBalance": 0,
  "usdcBalance": 0,
  "kenduBalance": 35199894.08324558,
  "ethBalanceInUsd": 132.72311494122357,
  "kenduBalanceInUsd": 1196.092400948685,
  "totalUsdBalance": 132.72311494122357
}