{
  "ethBalance": 0.038589031500035925,
  "usdtBalance": 0,
  "usdcBalance": 0,
  "kenduBalance": 35199894.08324558,
  "ethBalanceInUsd": 154.687605780729,
  "kenduBalanceInUsd": 1324.9240132933637,
  "totalUsdBalance": 154.687605780729
}