{
  "ethBalance": 0.038589031500035925,
  "usdtBalance": 0,
  "usdcBalance": 0,
  "kenduBalance": 35199894.08324558,
  "ethBalanceInUsd": 102.00971888002996,
  "kenduBalanceInUsd": 1356.6039179682848,
  "totalUsdBalance": 102.00971888002996
}