{
  "ethBalance": 0.5002741579676101,
  "usdtBalance": 0,
  "usdcBalance": 100,
  "kenduBalance": 4855925261.348792,
  "ethBalanceInUsd": 1255.6981419818608,
  "kenduBalanceInUsd": 111152.12923227384,
  "totalUsdBalance": 1355.6981419818608
}