{
  "ethBalance": 0.5002741579676101,
  "usdtBalance": 0,
  "usdcBalance": 100,
  "kenduBalance": 4855925261.348792,
  "ethBalanceInUsd": 1231.0496342187967,
  "kenduBalanceInUsd": 105713.4929395632,
  "totalUsdBalance": 1331.0496342187967
}