{
  "ethBalance": 0.045462183917402754,
  "usdtBalance": 0,
  "usdcBalance": 0,
  "kenduBalance": 307214787.46744066,
  "ethBalanceInUsd": 121.95639995498546,
  "kenduBalanceInUsd": 29225.342731777633,
  "totalUsdBalance": 121.95639995498546
}