{
  "ethBalance": 0.3579488855246269,
  "usdtBalance": 0,
  "usdcBalance": 0,
  "kenduBalance": 3705282011.416198,
  "ethBalanceInUsd": 585.8084075830386,
  "kenduBalanceInUsd": 48724.458450123,
  "totalUsdBalance": 585.8084075830386
}