{
  "ethBalance": 0.045462183917402754,
  "usdtBalance": 0,
  "usdcBalance": 0,
  "kenduBalance": 307214787.46744066,
  "ethBalanceInUsd": 125.2324049280735,
  "kenduBalanceInUsd": 24076.422893823325,
  "totalUsdBalance": 125.2324049280735
}