{
  "ethBalance": 0.0624422229661258,
  "usdtBalance": 0,
  "usdcBalance": 0,
  "kenduBalance": 6379544426.92592,
  "ethBalanceInUsd": 142.13473444887353,
  "kenduBalanceInUsd": 55821.01373560179,
  "totalUsdBalance": 142.13473444887353
}