{
  "ethBalance": 0.038589031500035925,
  "usdtBalance": 0,
  "usdcBalance": 0,
  "kenduBalance": 35199894.08324558,
  "ethBalanceInUsd": 101.55436830832954,
  "kenduBalanceInUsd": 1169.6924803862507,
  "totalUsdBalance": 101.55436830832954
}