{
  "ethBalance": 2.037084045317489,
  "usdtBalance": 0,
  "usdcBalance": 0,
  "kenduBalance": 8110029020.399477,
  "ethBalanceInUsd": 5299.290806329369,
  "kenduBalanceInUsd": 102105.26536682941,
  "totalUsdBalance": 5299.290806329369
}