{
  "ethBalance": 0.35769432885289126,
  "usdtBalance": 0,
  "usdcBalance": 0,
  "kenduBalance": 4514955040.756332,
  "ethBalanceInUsd": 846.6016683588886,
  "kenduBalanceInUsd": 80998.29343116861,
  "totalUsdBalance": 846.6016683588886
}