{
  "ethBalance": 0.35779268808449755,
  "usdtBalance": 0,
  "usdcBalance": 0,
  "kenduBalance": 3546950453.60037,
  "ethBalanceInUsd": 692.2322474177199,
  "kenduBalanceInUsd": 43095.448011244494,
  "totalUsdBalance": 692.2322474177199
}