{
  "ethBalance": 0.038589031500035925,
  "usdtBalance": 0,
  "usdcBalance": 0,
  "kenduBalance": 35199894.08324558,
  "ethBalanceInUsd": 129.8644394877009,
  "kenduBalanceInUsd": 1088.3807250539535,
  "totalUsdBalance": 129.8644394877009
}