{
  "ethBalance": 0.038589031500035925,
  "usdtBalance": 0,
  "usdcBalance": 0,
  "kenduBalance": 35199894.08324558,
  "ethBalanceInUsd": 138.61758950285406,
  "kenduBalanceInUsd": 753.9817312631204,
  "totalUsdBalance": 138.61758950285406
}