{
  "ethBalance": 7.104415215415171,
  "usdtBalance": 22218.494633,
  "kenduBalance": 302835445.5049916,
  "ethBalanceInUsd": 23526.484118303804,
  "kenduBalanceInUsd": 55355.29108385742,
  "totalUsdBalance": 45744.9787513038
}