{
  "ethBalance": 0.038589031500035925,
  "usdtBalance": 0,
  "usdcBalance": 0,
  "kenduBalance": 35199894.08324558,
  "ethBalanceInUsd": 130.70413681314167,
  "kenduBalanceInUsd": 870.1413817378308,
  "totalUsdBalance": 130.70413681314167
}