{
  "ethBalance": 0.3119048631851912,
  "usdtBalance": 0,
  "usdcBalance": 0.463046,
  "kenduBalance": 4175387837.757599,
  "ethBalanceInUsd": 625.8215127379268,
  "kenduBalanceInUsd": 39457.415066809306,
  "totalUsdBalance": 626.2845587379268
}