{
  "ethBalance": 0.038589031500035925,
  "usdtBalance": 0,
  "usdcBalance": 0,
  "kenduBalance": 35199894.08324558,
  "ethBalanceInUsd": 147.9167743137327,
  "kenduBalanceInUsd": 1197.1483977711823,
  "totalUsdBalance": 147.9167743137327
}