{
  "ethBalance": 0.9902157498683816,
  "usdtBalance": 0,
  "usdcBalance": null,
  "kenduBalance": 4558502396.376256,
  "ethBalanceInUsd": 4423.303656819559,
  "kenduBalanceInUsd": 65368.92436403551,
  "totalUsdBalance": null
}