{
  "ethBalance": 0.3196155371451788,
  "usdtBalance": 0,
  "usdcBalance": 884.463046,
  "kenduBalance": 5453954448.539579,
  "ethBalanceInUsd": 598.7965126861211,
  "kenduBalanceInUsd": 38341.299773233244,
  "totalUsdBalance": 1483.2595586861212
}