{
  "ethBalance": 0.045462183917402754,
  "usdtBalance": 0,
  "usdcBalance": 0,
  "kenduBalance": 307214787.46744066,
  "ethBalanceInUsd": 124.05357049909523,
  "kenduBalanceInUsd": 30315.955227287042,
  "totalUsdBalance": 124.05357049909523
}