{
  "ethBalance": 0.04459919224178026,
  "usdtBalance": 0,
  "usdcBalance": 0,
  "kenduBalance": 517214787.4674407,
  "ethBalanceInUsd": 107.9398570474014,
  "kenduBalanceInUsd": 28808.863661936448,
  "totalUsdBalance": 107.9398570474014
}