{
  "ethBalance": 0.30943876692005484,
  "usdtBalance": 0,
  "usdcBalance": 0,
  "kenduBalance": 8110029020.399477,
  "ethBalanceInUsd": 834.3645023478975,
  "kenduBalanceInUsd": 83533.29891011461,
  "totalUsdBalance": 834.3645023478975
}