{
  "ethBalance": 0.3196155371451788,
  "usdtBalance": 0,
  "usdcBalance": 884.463046,
  "kenduBalance": 5453954448.539579,
  "ethBalanceInUsd": 621.1312464218262,
  "kenduBalanceInUsd": 36977.81116109835,
  "totalUsdBalance": 1505.5942924218261
}