{
  "ethBalance": 0.038589031500035925,
  "usdtBalance": 0,
  "usdcBalance": 0,
  "kenduBalance": 35199894.08324558,
  "ethBalanceInUsd": 130.8090989788218,
  "kenduBalanceInUsd": 1008.4769654849858,
  "totalUsdBalance": 130.8090989788218
}