{
  "ethBalance": 0.038589031500035925,
  "usdtBalance": 0,
  "usdcBalance": 0,
  "kenduBalance": 35199894.08324558,
  "ethBalanceInUsd": 129.03400352982013,
  "kenduBalanceInUsd": 724.7658191740265,
  "totalUsdBalance": 129.03400352982013
}