{
  "ethBalance": 0.700034011230498,
  "usdtBalance": 0,
  "usdcBalance": null,
  "kenduBalance": 4482236645.828448,
  "ethBalanceInUsd": 3175.32627358109,
  "kenduBalanceInUsd": 50335.51753265347,
  "totalUsdBalance": null
}