{
  "ethBalance": 0.038589031500035925,
  "usdtBalance": 0,
  "usdcBalance": 0,
  "kenduBalance": 35199894.08324558,
  "ethBalanceInUsd": 139.40827875828978,
  "kenduBalanceInUsd": 745.8857556239739,
  "totalUsdBalance": 139.40827875828978
}