{
  "ethBalance": 0.038589031500035925,
  "usdtBalance": 0,
  "usdcBalance": 0,
  "kenduBalance": 35199894.08324558,
  "ethBalanceInUsd": 132.58458031813842,
  "kenduBalanceInUsd": 1019.7409315916245,
  "totalUsdBalance": 132.58458031813842
}