{
  "ethBalance": 0.04272247540230626,
  "usdtBalance": 0,
  "usdcBalance": 0,
  "kenduBalance": 517214787.4674407,
  "ethBalanceInUsd": 111.51377807034578,
  "kenduBalanceInUsd": 30008.80196886091,
  "totalUsdBalance": 111.51377807034578
}