{
  "ethBalance": 0.038589031500035925,
  "usdtBalance": 0,
  "usdcBalance": 0,
  "kenduBalance": 35199894.08324558,
  "ethBalanceInUsd": 123.76235593660022,
  "kenduBalanceInUsd": 1509.019459348738,
  "totalUsdBalance": 123.76235593660022
}