{
  "ethBalance": 0.04272247540230626,
  "usdtBalance": 0,
  "usdcBalance": 0,
  "kenduBalance": 517214787.4674407,
  "ethBalanceInUsd": 104.67091918515838,
  "kenduBalanceInUsd": 26258.994759721965,
  "totalUsdBalance": 104.67091918515838
}