{
  "ethBalance": 0.04272247540230626,
  "usdtBalance": 0,
  "usdcBalance": 0,
  "kenduBalance": 517214787.4674407,
  "ethBalanceInUsd": 110.03942544421218,
  "kenduBalanceInUsd": 28027.869332860613,
  "totalUsdBalance": 110.03942544421218
}