{
  "ethBalance": 0.038589031500035925,
  "usdtBalance": 0,
  "usdcBalance": 0,
  "kenduBalance": 35199894.08324558,
  "ethBalanceInUsd": 119.90190922533662,
  "kenduBalanceInUsd": 802.5575850979992,
  "totalUsdBalance": 119.90190922533662
}