{
  "ethBalance": 0.5002741579676101,
  "usdtBalance": 0,
  "usdcBalance": 100,
  "kenduBalance": 4855925261.348792,
  "ethBalanceInUsd": 1263.7275422172409,
  "kenduBalanceInUsd": 115085.42869396637,
  "totalUsdBalance": 1363.7275422172409
}