{
  "ethBalance": 0.04459919224178026,
  "usdtBalance": 0,
  "usdcBalance": 0,
  "kenduBalance": 517214787.4674407,
  "ethBalanceInUsd": 112.27222258176796,
  "kenduBalanceInUsd": 32336.268512464398,
  "totalUsdBalance": 112.27222258176796
}