{
  "ethBalance": 0.3579488855246269,
  "usdtBalance": 0,
  "usdcBalance": 0,
  "kenduBalance": 3705282011.416198,
  "ethBalanceInUsd": 628.3363146722196,
  "kenduBalanceInUsd": 47686.979486926466,
  "totalUsdBalance": 628.3363146722196
}