{
  "ethBalance": 0.038589031500035925,
  "usdtBalance": 0,
  "usdcBalance": 0,
  "kenduBalance": 35199894.08324558,
  "ethBalanceInUsd": 139.40596341639977,
  "kenduBalanceInUsd": 1180.9564464928894,
  "totalUsdBalance": 139.40596341639977
}