{
  "ethBalance": 8.056063080971311,
  "usdtBalance": 22313.097842,
  "usdcBalance": 88.007775,
  "kenduBalance": 319823769.8171208,
  "ethBalanceInUsd": 25213.141185146724,
  "kenduBalanceInUsd": 41509.9270845641,
  "totalUsdBalance": 47614.24680214672
}