{
  "ethBalance": 0.038589031500035925,
  "usdtBalance": 0,
  "usdcBalance": 0,
  "kenduBalance": 35199894.08324558,
  "ethBalanceInUsd": 141.4585140018867,
  "kenduBalanceInUsd": 1315.7720408317198,
  "totalUsdBalance": 141.4585140018867
}