{
  "ethBalance": 0.0660488809860724,
  "usdtBalance": 0,
  "usdcBalance": 0,
  "kenduBalance": 7622102282.100412,
  "ethBalanceInUsd": 184.86421299191804,
  "kenduBalanceInUsd": 68370.2574704407,
  "totalUsdBalance": 184.86421299191804
}