{
  "ethBalance": 0.5002741579676101,
  "usdtBalance": 0,
  "usdcBalance": 100,
  "kenduBalance": 4855925261.348792,
  "ethBalanceInUsd": 1121.2494620280654,
  "kenduBalanceInUsd": 95273.25362766329,
  "totalUsdBalance": 1221.2494620280654
}