{
  "ethBalance": 0.3119048631851912,
  "usdtBalance": 0,
  "usdcBalance": 0.463046,
  "kenduBalance": 4175387837.757599,
  "ethBalanceInUsd": 618.9783200396437,
  "kenduBalanceInUsd": 37453.22890468567,
  "totalUsdBalance": 619.4413660396436
}