{
  "ethBalance": 0.038589031500035925,
  "usdtBalance": 0,
  "usdcBalance": 0,
  "kenduBalance": 35199894.08324558,
  "ethBalanceInUsd": 131.86836789349778,
  "kenduBalanceInUsd": 871.9013764419931,
  "totalUsdBalance": 131.86836789349778
}