{
  "ethBalance": 0.5002741579676101,
  "usdtBalance": 0,
  "usdcBalance": 100,
  "kenduBalance": 4855925261.348792,
  "ethBalanceInUsd": 1260.870976775246,
  "kenduBalanceInUsd": 123971.77192223466,
  "totalUsdBalance": 1360.870976775246
}