{
  "ethBalance": 0.35798968333076975,
  "usdtBalance": 0,
  "usdcBalance": 4004.403285,
  "kenduBalance": 3705282011.416198,
  "ethBalanceInUsd": 566.2000630527787,
  "kenduBalanceInUsd": 39794.72880260996,
  "totalUsdBalance": 4570.6033480527785
}