{
  "ethBalance": 0.5002741579676101,
  "usdtBalance": 0,
  "usdcBalance": 100,
  "kenduBalance": 4855925261.348792,
  "ethBalanceInUsd": 1250.6053510537506,
  "kenduBalanceInUsd": 119455.76142918029,
  "totalUsdBalance": 1350.6053510537506
}