{
  "ethBalance": 4.092998430208601,
  "usdtBalance": 0,
  "usdcBalance": 0,
  "kenduBalance": 8310029020.399478,
  "ethBalanceInUsd": 10667.62273863698,
  "kenduBalanceInUsd": 116672.80744640867,
  "totalUsdBalance": 10667.62273863698
}