{
  "ethBalance": 0.038589031500035925,
  "usdtBalance": 0,
  "usdcBalance": 0,
  "kenduBalance": 35199894.08324558,
  "ethBalanceInUsd": 97.17952980717048,
  "kenduBalanceInUsd": 1108.4446646814033,
  "totalUsdBalance": 97.17952980717048
}