{
  "ethBalance": 0.5002741579676101,
  "usdtBalance": 0,
  "usdcBalance": 100,
  "kenduBalance": 4855925261.348792,
  "ethBalanceInUsd": 1321.2040402261396,
  "kenduBalanceInUsd": 123874.65341700769,
  "totalUsdBalance": 1421.2040402261396
}