{
  "ethBalance": 0.35798968333076975,
  "usdtBalance": 0,
  "usdcBalance": 4004.403285,
  "kenduBalance": 3705282011.416198,
  "ethBalanceInUsd": 548.9342206257357,
  "kenduBalanceInUsd": 40498.73238477905,
  "totalUsdBalance": 4553.3375056257355
}