{
  "ethBalance": 0.038589031500035925,
  "usdtBalance": 0,
  "usdcBalance": 0,
  "kenduBalance": 35199894.08324558,
  "ethBalanceInUsd": 155.82521042935008,
  "kenduBalanceInUsd": 1248.1882441918885,
  "totalUsdBalance": 155.82521042935008
}