{
  "ethBalance": 0.04272247540230626,
  "usdtBalance": 0,
  "usdcBalance": 0,
  "kenduBalance": 517214787.4674407,
  "ethBalanceInUsd": 112.13923511023553,
  "kenduBalanceInUsd": 29822.604645372634,
  "totalUsdBalance": 112.13923511023553
}