{
  "ethBalance": 0.038589031500035925,
  "usdtBalance": 0,
  "usdcBalance": 0,
  "kenduBalance": 35199894.08324558,
  "ethBalanceInUsd": 96.29777043739465,
  "kenduBalanceInUsd": 1121.4686254922044,
  "totalUsdBalance": 96.29777043739465
}