{
  "ethBalance": 0.727034011230498,
  "usdtBalance": 0,
  "usdcBalance": null,
  "kenduBalance": 4482236645.828448,
  "ethBalanceInUsd": 2904.0210324184277,
  "kenduBalanceInUsd": 44912.011191201054,
  "totalUsdBalance": null
}