{
  "ethBalance": 0.038589031500035925,
  "usdtBalance": 0,
  "usdcBalance": 0,
  "kenduBalance": 35199894.08324558,
  "ethBalanceInUsd": 149.79104357368945,
  "kenduBalanceInUsd": 881.4053478444695,
  "totalUsdBalance": 149.79104357368945
}