{
  "ethBalance": 0.038589031500035925,
  "usdtBalance": 0,
  "usdcBalance": 0,
  "kenduBalance": 35199894.08324558,
  "ethBalanceInUsd": 95.54451254251394,
  "kenduBalanceInUsd": 1089.4367218764507,
  "totalUsdBalance": 95.54451254251394
}