{
  "ethBalance": 0.045462183917402754,
  "usdtBalance": 0,
  "usdcBalance": 0,
  "kenduBalance": 307214787.46744066,
  "ethBalanceInUsd": 122.18007389985908,
  "kenduBalanceInUsd": 23449.704727389744,
  "totalUsdBalance": 122.18007389985908
}