{
  "ethBalance": 2.1902765638774366,
  "usdtBalance": 3946.421819,
  "usdcBalance": 5005.206012,
  "kenduBalance": 12744988397.019342,
  "ethBalanceInUsd": 6970.993219852717,
  "kenduBalanceInUsd": 290840.63521998137,
  "totalUsdBalance": 15922.621050852715
}