{
  "ethBalance": 0.10788809429719365,
  "usdtBalance": 3946.421819,
  "usdcBalance": 0,
  "kenduBalance": 13268928669.075045,
  "ethBalanceInUsd": 357.1527473614299,
  "kenduBalanceInUsd": 316862.01661751204,
  "totalUsdBalance": 4303.57456636143
}