{
  "ethBalance": 0.038589031500035925,
  "usdtBalance": 0,
  "usdcBalance": 0,
  "kenduBalance": 35199894.08324558,
  "ethBalanceInUsd": 96.06700802902442,
  "kenduBalanceInUsd": 1103.516679509749,
  "totalUsdBalance": 96.06700802902442
}