{
  "ethBalance": 0.3196155371451788,
  "usdtBalance": 0,
  "usdcBalance": 884.463046,
  "kenduBalance": 5453954448.539579,
  "ethBalanceInUsd": 610.801272261294,
  "kenduBalanceInUsd": 37741.364783893885,
  "totalUsdBalance": 1495.264318261294
}