{
  "ethBalance": 0.038589031500035925,
  "usdtBalance": 0,
  "usdcBalance": 0,
  "kenduBalance": 35199894.08324558,
  "ethBalanceInUsd": 127.97319105388414,
  "kenduBalanceInUsd": 773.3416730089056,
  "totalUsdBalance": 127.97319105388414
}