{
  "ethBalance": 0.04272247540230626,
  "usdtBalance": 0,
  "usdcBalance": 0,
  "kenduBalance": 517214787.4674407,
  "ethBalanceInUsd": 104.60384489877676,
  "kenduBalanceInUsd": 28467.50190220794,
  "totalUsdBalance": 104.60384489877676
}