{
  "ethBalance": 0.04272247540230626,
  "usdtBalance": 0,
  "usdcBalance": 0,
  "kenduBalance": 517214787.4674407,
  "ethBalanceInUsd": 114.00492561105426,
  "kenduBalanceInUsd": 30888.06710755556,
  "totalUsdBalance": 114.00492561105426
}