{
  "ethBalance": 0.04459919224178026,
  "usdtBalance": 0,
  "usdcBalance": 0,
  "kenduBalance": 517214787.4674407,
  "ethBalanceInUsd": 112.45195732650232,
  "kenduBalanceInUsd": 31974.218161237186,
  "totalUsdBalance": 112.45195732650232
}