{
  "ethBalance": 0.038589031500035925,
  "usdtBalance": 0,
  "usdcBalance": 0,
  "kenduBalance": 35199894.08324558,
  "ethBalanceInUsd": 94.37333543648785,
  "kenduBalanceInUsd": 1846.234444666231,
  "totalUsdBalance": 94.37333543648785
}