{
  "ethBalance": 0.038589031500035925,
  "usdtBalance": 0,
  "usdcBalance": 0,
  "kenduBalance": 35199894.08324558,
  "ethBalanceInUsd": 95.50785296258891,
  "kenduBalanceInUsd": 2044.761847295736,
  "totalUsdBalance": 95.50785296258891
}