{
  "ethBalance": 0.06254024854608203,
  "usdtBalance": 0,
  "usdcBalance": 0,
  "kenduBalance": 6456272656.749752,
  "ethBalanceInUsd": 151.0253192015062,
  "kenduBalanceInUsd": 57460.82664507279,
  "totalUsdBalance": 151.0253192015062
}