{
  "ethBalance": 0.5002741579676101,
  "usdtBalance": 0,
  "usdcBalance": 100,
  "kenduBalance": 4855925261.348792,
  "ethBalanceInUsd": 1435.8618744907362,
  "kenduBalanceInUsd": 139656.41051639125,
  "totalUsdBalance": 1535.8618744907362
}