{
  "ethBalance": 8.051792938400936,
  "usdtBalance": 22356.072978,
  "usdcBalance": 88.007775,
  "kenduBalance": 947823769.8171208,
  "ethBalanceInUsd": 18609.94798266732,
  "kenduBalanceInUsd": 92081.07923773328,
  "totalUsdBalance": 41054.028735667314
}