{
  "ethBalance": 0.3119048631851912,
  "usdtBalance": 0,
  "usdcBalance": 0.463046,
  "kenduBalance": 4175387837.757599,
  "ethBalanceInUsd": 652.4769023457333,
  "kenduBalanceInUsd": 49645.36139093785,
  "totalUsdBalance": 652.9399483457332
}