{
  "ethBalance": 0.038589031500035925,
  "usdtBalance": 0,
  "usdcBalance": 0,
  "kenduBalance": 35199894.08324558,
  "ethBalanceInUsd": 123.2012714185897,
  "kenduBalanceInUsd": 685.6939367416239,
  "totalUsdBalance": 123.2012714185897
}