{
  "ethBalance": 0.0660488809860724,
  "usdtBalance": 0,
  "usdcBalance": 0,
  "kenduBalance": 7622102282.100412,
  "ethBalanceInUsd": 180.1106750273504,
  "kenduBalanceInUsd": 64559.206329390494,
  "totalUsdBalance": 180.1106750273504
}