{
  "ethBalance": 0.06254024854608203,
  "usdtBalance": 0,
  "usdcBalance": 0,
  "kenduBalance": 6456272656.749752,
  "ethBalanceInUsd": 152.67012773826815,
  "kenduBalanceInUsd": 68436.49016154738,
  "totalUsdBalance": 152.67012773826815
}