{
  "ethBalance": 0.04459919224178026,
  "usdtBalance": 0,
  "usdcBalance": 0,
  "kenduBalance": 517214787.4674407,
  "ethBalanceInUsd": 102.14374602365966,
  "kenduBalanceInUsd": 23734.986596880855,
  "totalUsdBalance": 102.14374602365966
}