{
  "ethBalance": 0.038589031500035925,
  "usdtBalance": 0,
  "usdcBalance": 0,
  "kenduBalance": 35199894.08324558,
  "ethBalanceInUsd": 138.53886787859398,
  "kenduBalanceInUsd": 691.6779187357757,
  "totalUsdBalance": 138.53886787859398
}