{
  "ethBalance": 0.038589031500035925,
  "usdtBalance": 0,
  "usdcBalance": 0,
  "kenduBalance": 35199894.08324558,
  "ethBalanceInUsd": 128.5759517259147,
  "kenduBalanceInUsd": 894.7813075961027,
  "totalUsdBalance": 128.5759517259147
}