{
  "ethBalance": 0.038589031500035925,
  "usdtBalance": 0,
  "usdcBalance": 0,
  "kenduBalance": 35199894.08324558,
  "ethBalanceInUsd": 150.3752815106,
  "kenduBalanceInUsd": 1199.6123903570094,
  "totalUsdBalance": 150.3752815106
}