{
  "ethBalance": 0.3196155371451788,
  "usdtBalance": 0,
  "usdcBalance": 884.463046,
  "kenduBalance": 5453954448.539579,
  "ethBalanceInUsd": 620.549546144222,
  "kenduBalanceInUsd": 35941.55981587583,
  "totalUsdBalance": 1505.0125921442218
}