{
  "ethBalance": 0.045462183917402754,
  "usdtBalance": 0,
  "usdcBalance": 0,
  "kenduBalance": 307214787.46744066,
  "ethBalanceInUsd": 120.39295545006597,
  "kenduBalanceInUsd": 22362.164379755006,
  "totalUsdBalance": 120.39295545006597
}