{
  "ethBalance": 0.04272247540230626,
  "usdtBalance": 0,
  "usdcBalance": 0,
  "kenduBalance": 517214787.4674407,
  "ethBalanceInUsd": 101.52398164702451,
  "kenduBalanceInUsd": 27733.05690400417,
  "totalUsdBalance": 101.52398164702451
}