{
  "ethBalance": 0.11828269992644785,
  "usdtBalance": 0,
  "usdcBalance": 0,
  "kenduBalance": 12646082608.223656,
  "ethBalanceInUsd": 380.93180076712383,
  "kenduBalanceInUsd": 308564.4156406572,
  "totalUsdBalance": 380.93180076712383
}