{
  "ethBalance": 0.04459919224178026,
  "usdtBalance": 0,
  "usdcBalance": 0,
  "kenduBalance": 517214787.4674407,
  "ethBalanceInUsd": 114.93613233436949,
  "kenduBalanceInUsd": 35289.564948903484,
  "totalUsdBalance": 114.93613233436949
}