{
  "ethBalance": 0.038589031500035925,
  "usdtBalance": 0,
  "usdcBalance": 0,
  "kenduBalance": 35199894.08324558,
  "ethBalanceInUsd": 117.5132481754844,
  "kenduBalanceInUsd": 1714.2348418540598,
  "totalUsdBalance": 117.5132481754844
}