{
  "ethBalance": 0.06254024854608203,
  "usdtBalance": 0,
  "usdcBalance": 0,
  "kenduBalance": 6456272656.749752,
  "ethBalanceInUsd": 148.36548243084135,
  "kenduBalanceInUsd": 56169.57211372284,
  "totalUsdBalance": 148.36548243084135
}