{
  "ethBalance": 0.3117728554842481,
  "usdtBalance": 0,
  "usdcBalance": 0.463046,
  "kenduBalance": 4113980899.4295063,
  "ethBalanceInUsd": 572.443022226073,
  "kenduBalanceInUsd": 43279.0790619984,
  "totalUsdBalance": 572.906068226073
}