{
  "ethBalance": 0.10788809429719365,
  "usdtBalance": 3946.421819,
  "usdcBalance": 0,
  "kenduBalance": 13268928669.075045,
  "ethBalanceInUsd": 359.57483507840186,
  "kenduBalanceInUsd": 321108.0737916161,
  "totalUsdBalance": 4305.996654078402
}