{
  "ethBalance": 0.045462183917402754,
  "usdtBalance": 0,
  "usdcBalance": 0,
  "kenduBalance": 307214787.46744066,
  "ethBalanceInUsd": 118.86178909572784,
  "kenduBalanceInUsd": 20789.22466792171,
  "totalUsdBalance": 118.86178909572784
}