{
  "ethBalance": 0.038589031500035925,
  "usdtBalance": 0,
  "usdcBalance": 0,
  "kenduBalance": 13206739398.082659,
  "ethBalanceInUsd": 128.61492664772973,
  "kenduBalanceInUsd": 346941.04398763145,
  "totalUsdBalance": 128.61492664772973
}