{
  "ethBalance": 0.30943876692005484,
  "usdtBalance": 0,
  "usdcBalance": 0,
  "kenduBalance": 8110029020.399477,
  "ethBalanceInUsd": 833.5816222675898,
  "kenduBalanceInUsd": 90021.3221264342,
  "totalUsdBalance": 833.5816222675898
}