{
  "ethBalance": 0.3603761199402911,
  "usdtBalance": 0,
  "usdcBalance": 154.403285,
  "kenduBalance": 4113980899.4295063,
  "ethBalanceInUsd": 543.3715098847715,
  "kenduBalanceInUsd": 37149.24752184844,
  "totalUsdBalance": 697.7747948847715
}