{
  "ethBalance": 0.04459919224178026,
  "usdtBalance": 0,
  "usdcBalance": 0,
  "kenduBalance": 517214787.4674407,
  "ethBalanceInUsd": 108.01478369036761,
  "kenduBalanceInUsd": 28002.00859348724,
  "totalUsdBalance": 108.01478369036761
}