{
  "ethBalance": 0.04459919224178026,
  "usdtBalance": 0,
  "usdcBalance": 0,
  "kenduBalance": 517214787.4674407,
  "ethBalanceInUsd": 102.112080597168,
  "kenduBalanceInUsd": 27520.998841142522,
  "totalUsdBalance": 102.112080597168
}