{
  "ethBalance": 0.0624422229661258,
  "usdtBalance": 0,
  "usdcBalance": 0,
  "kenduBalance": 6379544426.92592,
  "ethBalanceInUsd": 142.20404531636592,
  "kenduBalanceInUsd": 63731.648824989934,
  "totalUsdBalance": 142.20404531636592
}