{
  "ethBalance": 0.038589031500035925,
  "usdtBalance": 0,
  "usdcBalance": 0,
  "kenduBalance": 35199894.08324558,
  "ethBalanceInUsd": 117.7289608615696,
  "kenduBalanceInUsd": 1823.7065124529536,
  "totalUsdBalance": 117.7289608615696
}