{
  "ethBalance": 0.038589031500035925,
  "usdtBalance": 0,
  "usdcBalance": 0,
  "kenduBalance": 35199894.08324558,
  "ethBalanceInUsd": 142.94650705652808,
  "kenduBalanceInUsd": 836.7014823587475,
  "totalUsdBalance": 142.94650705652808
}