{
  "ethBalance": 0.0624422229661258,
  "usdtBalance": 0,
  "usdcBalance": 0,
  "kenduBalance": 6379544426.92592,
  "ethBalanceInUsd": 137.52962050512176,
  "kenduBalanceInUsd": 62647.126272412526,
  "totalUsdBalance": 137.52962050512176
}