{
  "ethBalance": 0.038589031500035925,
  "usdtBalance": 0,
  "usdcBalance": 0,
  "kenduBalance": 35199894.08324558,
  "ethBalanceInUsd": 143.07500853142318,
  "kenduBalanceInUsd": 1226.364309860276,
  "totalUsdBalance": 143.07500853142318
}