{
  "ethBalance": 0.06254024854608203,
  "usdtBalance": 0,
  "usdcBalance": 0,
  "kenduBalance": 6456272656.749752,
  "ethBalanceInUsd": 139.27463190218285,
  "kenduBalanceInUsd": 60495.27479374518,
  "totalUsdBalance": 139.27463190218285
}