{
  "ethBalance": 0.3579488855246269,
  "usdtBalance": 0,
  "usdcBalance": 0,
  "kenduBalance": 3705282011.416198,
  "ethBalanceInUsd": 576.3585570051885,
  "kenduBalanceInUsd": 40869.26058592066,
  "totalUsdBalance": 576.3585570051885
}