{
  "ethBalance": 0.3194927667359207,
  "usdtBalance": 0,
  "usdcBalance": 884.463046,
  "kenduBalance": 4753954448.539579,
  "ethBalanceInUsd": 631.4966230195514,
  "kenduBalanceInUsd": 32992.44387286468,
  "totalUsdBalance": 1515.9596690195513
}