{
  "ethBalance": 0.3119048631851912,
  "usdtBalance": 0,
  "usdcBalance": 0.463046,
  "kenduBalance": 4175387837.757599,
  "ethBalanceInUsd": 624.0842026499854,
  "kenduBalanceInUsd": 39039.87628303355,
  "totalUsdBalance": 624.5472486499854
}