{
  "ethBalance": 0.3196155371451788,
  "usdtBalance": 0,
  "usdcBalance": 884.463046,
  "kenduBalance": 5453954448.539579,
  "ethBalanceInUsd": 616.6342558141935,
  "kenduBalanceInUsd": 37959.52296183547,
  "totalUsdBalance": 1501.0973018141935
}