{
  "ethBalance": 0.038589031500035925,
  "usdtBalance": 0,
  "usdcBalance": 0,
  "kenduBalance": 35199894.08324558,
  "ethBalanceInUsd": 141.85791047791207,
  "kenduBalanceInUsd": 896.1893033594325,
  "totalUsdBalance": 141.85791047791207
}