{
  "ethBalance": 0.04272247540230626,
  "usdtBalance": 0,
  "usdcBalance": 0,
  "kenduBalance": 517214787.4674407,
  "ethBalanceInUsd": 104.72432227941127,
  "kenduBalanceInUsd": 26077.969584108363,
  "totalUsdBalance": 104.72432227941127
}