{
  "ethBalance": 0.04459919224178026,
  "usdtBalance": 0,
  "usdcBalance": 0,
  "kenduBalance": 517214787.4674407,
  "ethBalanceInUsd": 107.33464600868047,
  "kenduBalanceInUsd": 26719.315920567988,
  "totalUsdBalance": 107.33464600868047
}