{
  "ethBalance": 0.038589031500035925,
  "usdtBalance": 0,
  "usdcBalance": 0,
  "kenduBalance": 35199894.08324558,
  "ethBalanceInUsd": 153.588590163608,
  "kenduBalanceInUsd": 1698.7468884574319,
  "totalUsdBalance": 153.588590163608
}