{
  "ethBalance": 0.30943876692005484,
  "usdtBalance": 0,
  "usdcBalance": 0,
  "kenduBalance": 8110029020.399477,
  "ethBalanceInUsd": 833.1948238089396,
  "kenduBalanceInUsd": 93427.53431500198,
  "totalUsdBalance": 833.1948238089396
}