{
  "ethBalance": 0.0660488809860724,
  "usdtBalance": 0,
  "usdcBalance": 0,
  "kenduBalance": 7622102282.100412,
  "ethBalanceInUsd": 173.6326007802364,
  "kenduBalanceInUsd": 67379.38417376764,
  "totalUsdBalance": 173.6326007802364
}