{
  "ethBalance": 0.038589031500035925,
  "usdtBalance": 0,
  "usdcBalance": 0,
  "kenduBalance": 35199894.08324558,
  "ethBalanceInUsd": 138.92360052264934,
  "kenduBalanceInUsd": 1191.8684136586953,
  "totalUsdBalance": 138.92360052264934
}