{
  "ethBalance": 0.04272247540230626,
  "usdtBalance": 0,
  "usdcBalance": 0,
  "kenduBalance": 517214787.4674407,
  "ethBalanceInUsd": 114.02158737646116,
  "kenduBalanceInUsd": 28938.167358803308,
  "totalUsdBalance": 114.02158737646116
}