{
  "ethBalance": 0.9903818468589797,
  "usdtBalance": 0,
  "usdcBalance": null,
  "kenduBalance": 4677192821.897994,
  "ethBalanceInUsd": 4265.267596049099,
  "kenduBalanceInUsd": 72823.89223695175,
  "totalUsdBalance": null
}