{
  "ethBalance": 0.038589031500035925,
  "usdtBalance": 0,
  "usdcBalance": 0,
  "kenduBalance": 35199894.08324558,
  "ethBalanceInUsd": 128.89353945515998,
  "kenduBalanceInUsd": 1039.452872278242,
  "totalUsdBalance": 128.89353945515998
}