{
  "ethBalance": 0.038589031500035925,
  "usdtBalance": 0,
  "usdcBalance": 0,
  "kenduBalance": 35199894.08324558,
  "ethBalanceInUsd": 123.33749069978482,
  "kenduBalanceInUsd": 1838.4904679679169,
  "totalUsdBalance": 123.33749069978482
}