{
  "ethBalance": 0.038589031500035925,
  "usdtBalance": 0,
  "usdcBalance": 0,
  "kenduBalance": 35199894.08324558,
  "ethBalanceInUsd": 132.16897644888306,
  "kenduBalanceInUsd": 1194.684405185355,
  "totalUsdBalance": 132.16897644888306
}