{
  "ethBalance": 0.3117728554842481,
  "usdtBalance": 0,
  "usdcBalance": 0.463046,
  "kenduBalance": 4113980899.4295063,
  "ethBalanceInUsd": 596.5274753122312,
  "kenduBalanceInUsd": 49079.79213019401,
  "totalUsdBalance": 596.9905213122312
}