{
  "ethBalance": 0.038589031500035925,
  "usdtBalance": 0,
  "usdcBalance": 0,
  "kenduBalance": 35199894.08324558,
  "ethBalanceInUsd": 134.79997661655548,
  "kenduBalanceInUsd": 1255.58022194937,
  "totalUsdBalance": 134.79997661655548
}