{
  "ethBalance": 0.04272247540230626,
  "usdtBalance": 0,
  "usdcBalance": 0,
  "kenduBalance": 517214787.4674407,
  "ethBalanceInUsd": 102.03836025086828,
  "kenduBalanceInUsd": 26295.199794844688,
  "totalUsdBalance": 102.03836025086828
}