{
  "ethBalance": 0.3117728554842481,
  "usdtBalance": 0,
  "usdcBalance": 0.463046,
  "kenduBalance": 4113980899.4295063,
  "ethBalanceInUsd": 587.270939232904,
  "kenduBalanceInUsd": 45994.30645562188,
  "totalUsdBalance": 587.7339852329039
}