{
  "ethBalance": 0.5002741579676101,
  "usdtBalance": 0,
  "usdcBalance": 100,
  "kenduBalance": 4855925261.348792,
  "ethBalanceInUsd": 1257.1239233320684,
  "kenduBalanceInUsd": 114696.95467305847,
  "totalUsdBalance": 1357.1239233320684
}