{
  "ethBalance": 0.0624422229661258,
  "usdtBalance": 0,
  "usdcBalance": 0,
  "kenduBalance": 6384544426.92592,
  "ethBalanceInUsd": 134.1040401532001,
  "kenduBalanceInUsd": 52353.264300792536,
  "totalUsdBalance": 134.1040401532001
}