{
  "ethBalance": 0.0624422229661258,
  "usdtBalance": 0,
  "usdcBalance": 0,
  "kenduBalance": 6379544426.92592,
  "ethBalanceInUsd": 136.94953225376642,
  "kenduBalanceInUsd": 52057.0825237155,
  "totalUsdBalance": 136.94953225376642
}