{
  "ethBalance": 1.5619054443825804,
  "usdtBalance": 3946.421819,
  "usdcBalance": 0,
  "kenduBalance": 13053495101.864979,
  "ethBalanceInUsd": 4805.920576147425,
  "kenduBalanceInUsd": 279344.79517991055,
  "totalUsdBalance": 8752.342395147425
}