{
  "ethBalance": 0.5002741579676101,
  "usdtBalance": 0,
  "usdcBalance": 100,
  "kenduBalance": 4855925261.348792,
  "ethBalanceInUsd": 1251.2256910096303,
  "kenduBalanceInUsd": 107364.50752842179,
  "totalUsdBalance": 1351.2256910096303
}