{
  "ethBalance": 0.04459919224178026,
  "usdtBalance": 0,
  "usdcBalance": 0,
  "kenduBalance": 517214787.4674407,
  "ethBalanceInUsd": 108.03842126225574,
  "kenduBalanceInUsd": 28136.484438228777,
  "totalUsdBalance": 108.03842126225574
}