{
  "ethBalance": 0.35769432885289126,
  "usdtBalance": 0,
  "usdcBalance": 0,
  "kenduBalance": 4514955040.756332,
  "ethBalanceInUsd": 890.7948026886634,
  "kenduBalanceInUsd": 80456.49882627784,
  "totalUsdBalance": 890.7948026886634
}