{
  "ethBalance": 0.045462183917402754,
  "usdtBalance": 0,
  "usdcBalance": 0,
  "kenduBalance": 307214787.46744066,
  "ethBalanceInUsd": 115.41757404214543,
  "kenduBalanceInUsd": 28374.35777049282,
  "totalUsdBalance": 115.41757404214543
}