{
  "ethBalance": 18.27649738337883,
  "usdtBalance": 0,
  "usdcBalance": 0,
  "kenduBalance": 10805029020.399477,
  "ethBalanceInUsd": 49037.30459939606,
  "kenduBalanceInUsd": 140897.5784260092,
  "totalUsdBalance": 49037.30459939606
}