{
  "ethBalance": 0.038589031500035925,
  "usdtBalance": 0,
  "usdcBalance": 0,
  "kenduBalance": 35199894.08324558,
  "ethBalanceInUsd": 118.95840740516074,
  "kenduBalanceInUsd": 989.4690226800334,
  "totalUsdBalance": 118.95840740516074
}