{
  "ethBalance": 0.038589031500035925,
  "usdtBalance": 0,
  "usdcBalance": 0,
  "kenduBalance": 35199894.08324558,
  "ethBalanceInUsd": 135.5825621753762,
  "kenduBalanceInUsd": 647.6780511317187,
  "totalUsdBalance": 135.5825621753762
}