{
  "ethBalance": 0.038589031500035925,
  "usdtBalance": 0,
  "usdcBalance": 0,
  "kenduBalance": 35199894.08324558,
  "ethBalanceInUsd": 131.88611884798777,
  "kenduBalanceInUsd": 624.7981199776092,
  "totalUsdBalance": 131.88611884798777
}