{
  "ethBalance": 13.47560135212183,
  "usdtBalance": 3949.089252,
  "usdcBalance": 8005.206012,
  "kenduBalance": 10805029020.399477,
  "ethBalanceInUsd": 45839.54885147227,
  "kenduBalanceInUsd": 201837.94210106225,
  "totalUsdBalance": 57793.84411547227
}