{
  "ethBalance": 0.5002741579676101,
  "usdtBalance": 0,
  "usdcBalance": 100,
  "kenduBalance": 4855925261.348792,
  "ethBalanceInUsd": 1259.5352447734724,
  "kenduBalanceInUsd": 112997.38083158639,
  "totalUsdBalance": 1359.5352447734724
}