{
  "ethBalance": 0.5002741579676101,
  "usdtBalance": 0,
  "usdcBalance": 100,
  "kenduBalance": 4855925261.348792,
  "ethBalanceInUsd": 1276.8197169312532,
  "kenduBalanceInUsd": 111249.24773750082,
  "totalUsdBalance": 1376.8197169312532
}