{
  "ethBalance": 0.35703877941042383,
  "usdtBalance": 0,
  "usdcBalance": 0,
  "kenduBalance": 4855947774.956796,
  "ethBalanceInUsd": 882.3570763325687,
  "kenduBalanceInUsd": 155293.20984311833,
  "totalUsdBalance": 882.3570763325687
}