{
  "ethBalance": 0.038589031500035925,
  "usdtBalance": 0,
  "usdcBalance": 0,
  "kenduBalance": 35199894.08324558,
  "ethBalanceInUsd": 127.86591354631405,
  "kenduBalanceInUsd": 299.19909970758744,
  "totalUsdBalance": 127.86591354631405
}