{
  "ethBalance": 0.06254024854608203,
  "usdtBalance": 0,
  "usdcBalance": 0,
  "kenduBalance": 6456272656.749752,
  "ethBalanceInUsd": 143.20903893821685,
  "kenduBalanceInUsd": 52360.37124624049,
  "totalUsdBalance": 143.20903893821685
}