{
  "ethBalance": 0.038589031500035925,
  "usdtBalance": 0,
  "usdcBalance": 0,
  "kenduBalance": 35199894.08324558,
  "ethBalanceInUsd": 133.183867977334,
  "kenduBalanceInUsd": 843.0374632937317,
  "totalUsdBalance": 133.183867977334
}