{
  "ethBalance": 0.03983369884579122,
  "usdtBalance": 0,
  "usdcBalance": 0,
  "kenduBalance": 1091213805.8365645,
  "ethBalanceInUsd": 104.4598918532029,
  "kenduBalanceInUsd": 45536.35211755984,
  "totalUsdBalance": 104.4598918532029
}