{
  "ethBalance": 0.038589031500035925,
  "usdtBalance": 0,
  "usdcBalance": 0,
  "kenduBalance": 35199894.08324558,
  "ethBalanceInUsd": 133.75074085006952,
  "kenduBalanceInUsd": 780.3816518255545,
  "totalUsdBalance": 133.75074085006952
}