{
  "ethBalance": 0.3117728554842481,
  "usdtBalance": 0,
  "usdcBalance": 0.463046,
  "kenduBalance": 4113980899.4295063,
  "ethBalanceInUsd": 562.9214792195842,
  "kenduBalanceInUsd": 42991.10039903834,
  "totalUsdBalance": 563.3845252195841
}