{
  "ethBalance": 0.06254024854608203,
  "usdtBalance": 0,
  "usdcBalance": 0,
  "kenduBalance": 6456272656.749752,
  "ethBalanceInUsd": 144.45734229919665,
  "kenduBalanceInUsd": 54620.066676102906,
  "totalUsdBalance": 144.45734229919665
}