{
  "ethBalance": 0.04459919224178026,
  "usdtBalance": 0,
  "usdcBalance": 0,
  "kenduBalance": 517214787.4674407,
  "ethBalanceInUsd": 109.73765048666759,
  "kenduBalanceInUsd": 29082.98749929419,
  "totalUsdBalance": 109.73765048666759
}