{
  "ethBalance": 13.47560135212183,
  "usdtBalance": 3949.089252,
  "usdcBalance": 8005.206012,
  "kenduBalance": 10805029020.399477,
  "ethBalanceInUsd": 41845.38061070335,
  "kenduBalanceInUsd": 148785.2496109008,
  "totalUsdBalance": 53799.67587470335
}