{
  "ethBalance": 0.038589031500035925,
  "usdtBalance": 0,
  "usdcBalance": 0,
  "kenduBalance": 35199894.08324558,
  "ethBalanceInUsd": 137.8106928541883,
  "kenduBalanceInUsd": 871.1973785603282,
  "totalUsdBalance": 137.8106928541883
}