{
  "ethBalance": 0.038589031500035925,
  "usdtBalance": 0,
  "usdcBalance": 0,
  "kenduBalance": 35199894.08324558,
  "ethBalanceInUsd": 123.99504779654542,
  "kenduBalanceInUsd": 725.4698170556915,
  "totalUsdBalance": 123.99504779654542
}