{
  "ethBalance": 0.04272247540230626,
  "usdtBalance": 0,
  "usdcBalance": 0,
  "kenduBalance": 517214787.4674407,
  "ethBalanceInUsd": 111.91408766486539,
  "kenduBalanceInUsd": 23616.027195763345,
  "totalUsdBalance": 111.91408766486539
}