{
  "ethBalance": 0.5002741579676101,
  "usdtBalance": 0,
  "usdcBalance": 100,
  "kenduBalance": 4855925261.348792,
  "ethBalanceInUsd": 1250.335203008448,
  "kenduBalanceInUsd": 144997.9283038749,
  "totalUsdBalance": 1350.335203008448
}