{
  "ethBalance": 8.056063080971311,
  "usdtBalance": 22313.097842,
  "usdcBalance": 88.007775,
  "kenduBalance": 319721753.5049916,
  "ethBalanceInUsd": 25339.540814887165,
  "kenduBalanceInUsd": 41308.050552844914,
  "totalUsdBalance": 47740.646431887166
}