{
  "ethBalance": 0.038589031500035925,
  "usdtBalance": 0,
  "usdcBalance": 0,
  "kenduBalance": 35199894.08324558,
  "ethBalanceInUsd": 100.69923537028876,
  "kenduBalanceInUsd": 1165.1164941554287,
  "totalUsdBalance": 100.69923537028876
}