{
  "ethBalance": 0.038589031500035925,
  "usdtBalance": 0,
  "usdcBalance": 0,
  "kenduBalance": 35199894.08324558,
  "ethBalanceInUsd": 97.31922210120061,
  "kenduBalanceInUsd": 1670.5869731908356,
  "totalUsdBalance": 97.31922210120061
}