{
  "ethBalance": 0.5002741579676101,
  "usdtBalance": 0,
  "usdcBalance": 100,
  "kenduBalance": 4855925261.348792,
  "ethBalanceInUsd": 1224.8112154689406,
  "kenduBalanceInUsd": 109064.08136989386,
  "totalUsdBalance": 1324.8112154689406
}