{
  "ethBalance": 0.3117728554842481,
  "usdtBalance": 0,
  "usdcBalance": 0.463046,
  "kenduBalance": 4113980899.4295063,
  "ethBalanceInUsd": 567.7414875653707,
  "kenduBalanceInUsd": 44101.87524188431,
  "totalUsdBalance": 568.2045335653706
}