{
  "ethBalance": 0.5002741579676101,
  "usdtBalance": 0,
  "usdcBalance": 100,
  "kenduBalance": 4855925261.348792,
  "ethBalanceInUsd": 1277.6151528424216,
  "kenduBalanceInUsd": 164275.95159142962,
  "totalUsdBalance": 1377.6151528424216
}