{
  "ethBalance": 0.3196155371451788,
  "usdtBalance": 0,
  "usdcBalance": 884.463046,
  "kenduBalance": 5453954448.539579,
  "ethBalanceInUsd": 615.1288666342397,
  "kenduBalanceInUsd": 39104.85339602878,
  "totalUsdBalance": 1499.5919126342396
}