{
  "ethBalance": 0.038589031500035925,
  "usdtBalance": 0,
  "usdcBalance": 0,
  "kenduBalance": 35199894.08324558,
  "ethBalanceInUsd": 101.60221870738958,
  "kenduBalanceInUsd": 1606.171167018496,
  "totalUsdBalance": 101.60221870738958
}