{
  "ethBalance": 0.038589031500035925,
  "usdtBalance": 0,
  "usdcBalance": 0,
  "kenduBalance": 35199894.08324558,
  "ethBalanceInUsd": 149.33260587946904,
  "kenduBalanceInUsd": 1115.1326445572201,
  "totalUsdBalance": 149.33260587946904
}