{
  "ethBalance": 1.2350681787309672,
  "usdtBalance": 0,
  "usdcBalance": null,
  "kenduBalance": 4489413951.490725,
  "ethBalanceInUsd": 5368.334994990235,
  "kenduBalanceInUsd": 65635.2319707944,
  "totalUsdBalance": null
}