{
  "ethBalance": 0.3117728554842481,
  "usdtBalance": 0,
  "usdcBalance": 0.463046,
  "kenduBalance": 4113980899.4295063,
  "ethBalanceInUsd": 562.036044310009,
  "kenduBalanceInUsd": 44842.39180378162,
  "totalUsdBalance": 562.4990903100089
}