{
  "ethBalance": 0.3579488855246269,
  "usdtBalance": 0,
  "usdcBalance": 0,
  "kenduBalance": 3705282011.416198,
  "ethBalanceInUsd": 565.6272494171602,
  "kenduBalanceInUsd": 38646.091379070946,
  "totalUsdBalance": 565.6272494171602
}