{
  "ethBalance": 0.5002741579676101,
  "usdtBalance": 0,
  "usdcBalance": null,
  "kenduBalance": 4855925261.348792,
  "ethBalanceInUsd": 1246.4780892505178,
  "kenduBalanceInUsd": 92942.40950221587,
  "totalUsdBalance": null
}