{
  "ethBalance": 0.3579488855246269,
  "usdtBalance": 0,
  "usdcBalance": 0,
  "kenduBalance": 3705282011.416198,
  "ethBalanceInUsd": 527.122687801276,
  "kenduBalanceInUsd": 38646.091379070946,
  "totalUsdBalance": 527.122687801276
}