{
  "ethBalance": 0.5002741579676101,
  "usdtBalance": 0,
  "usdcBalance": 100,
  "kenduBalance": 4855925261.348792,
  "ethBalanceInUsd": 1257.0738959162716,
  "kenduBalanceInUsd": 161265.2779293934,
  "totalUsdBalance": 1357.0738959162716
}