{
  "ethBalance": 0.3117728554842481,
  "usdtBalance": 0,
  "usdcBalance": 0.463046,
  "kenduBalance": 4113980899.4295063,
  "ethBalanceInUsd": 566.3198033443625,
  "kenduBalanceInUsd": 48750.67365823965,
  "totalUsdBalance": 566.7828493443625
}