{
  "ethBalance": 0.038589031500035925,
  "usdtBalance": 0,
  "usdcBalance": 0,
  "kenduBalance": 35199894.08324558,
  "ethBalanceInUsd": 98.00919398442124,
  "kenduBalanceInUsd": 1197.852395652847,
  "totalUsdBalance": 98.00919398442124
}