{
  "ethBalance": 0.04459919224178026,
  "usdtBalance": 0,
  "usdcBalance": 0,
  "kenduBalance": 517214787.4674407,
  "ethBalanceInUsd": 104.65646451456155,
  "kenduBalanceInUsd": 23978.077546990553,
  "totalUsdBalance": 104.65646451456155
}