{
  "ethBalance": 13.47560135212183,
  "usdtBalance": 3949.089252,
  "usdcBalance": 8005.206012,
  "kenduBalance": 10805029020.399477,
  "ethBalanceInUsd": 43724.2837072297,
  "kenduBalanceInUsd": 176013.9227423075,
  "totalUsdBalance": 55678.5789712297
}