{
  "ethBalance": 0.038589031500035925,
  "usdtBalance": 0,
  "usdcBalance": 0,
  "kenduBalance": 35199894.08324558,
  "ethBalanceInUsd": 96.59259063805493,
  "kenduBalanceInUsd": 1736.0587761856723,
  "totalUsdBalance": 96.59259063805493
}