{
  "ethBalance": 0.038589031500035925,
  "usdtBalance": 0,
  "usdcBalance": 0,
  "kenduBalance": 35199894.08324558,
  "ethBalanceInUsd": 145.44167383332038,
  "kenduBalanceInUsd": 1303.8040768434164,
  "totalUsdBalance": 145.44167383332038
}