{
  "ethBalance": 0.045462183917402754,
  "usdtBalance": 0,
  "usdcBalance": 0,
  "kenduBalance": 307214787.46744066,
  "ethBalanceInUsd": 119.45825294872417,
  "kenduBalanceInUsd": 27213.085873865894,
  "totalUsdBalance": 119.45825294872417
}