{
  "ethBalance": 0.3579488855246269,
  "usdtBalance": 0,
  "usdcBalance": 0,
  "kenduBalance": 3705282011.416198,
  "ethBalanceInUsd": 560.8020984402882,
  "kenduBalanceInUsd": 41795.581088774714,
  "totalUsdBalance": 560.8020984402882
}