{
  "ethBalance": 0.038589031500035925,
  "usdtBalance": 0,
  "usdcBalance": 0,
  "kenduBalance": 35199894.08324558,
  "ethBalanceInUsd": 141.44076304739667,
  "kenduBalanceInUsd": 1305.5640715475786,
  "totalUsdBalance": 141.44076304739667
}