{
  "ethBalance": 0.046325213179724774,
  "usdtBalance": 50113.767042,
  "usdcBalance": 0,
  "kenduBalance": 946492975.4674407,
  "ethBalanceInUsd": 119.43427486357102,
  "kenduBalanceInUsd": 103565.26137564737,
  "totalUsdBalance": 50233.20131686357
}