{
  "ethBalance": 0.04459919224178026,
  "usdtBalance": 0,
  "usdcBalance": 0,
  "kenduBalance": 517214787.4674407,
  "ethBalanceInUsd": 105.03511165669427,
  "kenduBalanceInUsd": 24650.456770698227,
  "totalUsdBalance": 105.03511165669427
}