{
  "ethBalance": 0.04459919224178026,
  "usdtBalance": 0,
  "usdcBalance": 0,
  "kenduBalance": 517214787.4674407,
  "ethBalanceInUsd": 106.99524615572051,
  "kenduBalanceInUsd": 22829.860718812834,
  "totalUsdBalance": 106.99524615572051
}