{
  "ethBalance": 0.038589031500035925,
  "usdtBalance": 0,
  "usdcBalance": 0,
  "kenduBalance": 35199894.08324558,
  "ethBalanceInUsd": 130.64007902085163,
  "kenduBalanceInUsd": 938.7811752001597,
  "totalUsdBalance": 130.64007902085163
}