{
  "ethBalance": 0.038589031500035925,
  "usdtBalance": 0,
  "usdcBalance": 0,
  "kenduBalance": 35199894.08324558,
  "ethBalanceInUsd": 135.21403692455087,
  "kenduBalanceInUsd": 1048.2528457990534,
  "totalUsdBalance": 135.21403692455087
}