{
  "ethBalance": 0.04272247540230626,
  "usdtBalance": 0,
  "usdcBalance": 0,
  "kenduBalance": 517214787.4674407,
  "ethBalanceInUsd": 113.47345801704957,
  "kenduBalanceInUsd": 29574.34154738826,
  "totalUsdBalance": 113.47345801704957
}