{
  "ethBalance": 9.40272155275617,
  "usdtBalance": 3949.089252,
  "usdcBalance": 8005.206012,
  "kenduBalance": 11652025441.98484,
  "ethBalanceInUsd": 29165.831848416725,
  "kenduBalanceInUsd": 257393.24201344512,
  "totalUsdBalance": 41120.127112416725
}