{
  "ethBalance": 0.5002741579676101,
  "usdtBalance": 0,
  "usdcBalance": 100,
  "kenduBalance": 4855925261.348792,
  "ethBalanceInUsd": 1327.082261582259,
  "kenduBalanceInUsd": 119310.08367133982,
  "totalUsdBalance": 1427.082261582259
}