{
  "ethBalance": 6.7707671114151555,
  "usdtBalance": 22011.945382,
  "kenduBalance": 507285445.5049916,
  "ethBalanceInUsd": 22231.204441291637,
  "kenduBalanceInUsd": 91727.35425621258,
  "totalUsdBalance": 44243.149823291635
}