{
  "ethBalance": 0.038589031500035925,
  "usdtBalance": 0,
  "usdcBalance": 0,
  "kenduBalance": 35199894.08324558,
  "ethBalanceInUsd": 96.97809506274028,
  "kenduBalanceInUsd": 1683.6109340016362,
  "totalUsdBalance": 96.97809506274028
}