{
  "ethBalance": 0.04459919224178026,
  "usdtBalance": 0,
  "usdcBalance": 0,
  "kenduBalance": 517214787.4674407,
  "ethBalanceInUsd": 107.83906287293499,
  "kenduBalanceInUsd": 28938.167358803308,
  "totalUsdBalance": 107.83906287293499
}