{
  "ethBalance": 0.04272247540230626,
  "usdtBalance": 0,
  "usdcBalance": 0,
  "kenduBalance": 517214787.4674407,
  "ethBalanceInUsd": 111.45866607707681,
  "kenduBalanceInUsd": 23848.77385012369,
  "totalUsdBalance": 111.45866607707681
}