{
  "ethBalance": 0.045462183917402754,
  "usdtBalance": 0,
  "usdcBalance": 0,
  "kenduBalance": 307214787.46744066,
  "ethBalanceInUsd": 119.21503026476607,
  "kenduBalanceInUsd": 22263.855647765427,
  "totalUsdBalance": 119.21503026476607
}