{
  "ethBalance": 0.038589031500035925,
  "usdtBalance": 0,
  "usdcBalance": 0,
  "kenduBalance": 35199894.08324558,
  "ethBalanceInUsd": 140.84224716883114,
  "kenduBalanceInUsd": 1284.4441350976313,
  "totalUsdBalance": 140.84224716883114
}