{
  "ethBalance": 0.04272247540230626,
  "usdtBalance": 0,
  "usdcBalance": 0,
  "kenduBalance": 517214787.4674407,
  "ethBalanceInUsd": 114.33944259345431,
  "kenduBalanceInUsd": 27226.18641228608,
  "totalUsdBalance": 114.33944259345431
}