{
  "ethBalance": 0.04272247540230626,
  "usdtBalance": 0,
  "usdcBalance": 0,
  "kenduBalance": 517214787.4674407,
  "ethBalanceInUsd": 112.27637425627694,
  "kenduBalanceInUsd": 28793.347218312425,
  "totalUsdBalance": 112.27637425627694
}