{
  "ethBalance": 0.04459919224178026,
  "usdtBalance": 0,
  "usdcBalance": 0,
  "kenduBalance": 517214787.4674407,
  "ethBalanceInUsd": 113.72526426500515,
  "kenduBalanceInUsd": 36551.56903032403,
  "totalUsdBalance": 113.72526426500515
}