{
  "ethBalance": 18.27649738337883,
  "usdtBalance": 0,
  "usdcBalance": 0,
  "kenduBalance": 10805029020.399477,
  "ethBalanceInUsd": 49324.79390323661,
  "kenduBalanceInUsd": 136791.66739825738,
  "totalUsdBalance": 49324.79390323661
}