{
  "ethBalance": 0.35779268808449755,
  "usdtBalance": 0,
  "usdcBalance": 0,
  "kenduBalance": 3546950453.60037,
  "ethBalanceInUsd": 646.463406757951,
  "kenduBalanceInUsd": 38307.064898884,
  "totalUsdBalance": 646.463406757951
}