{
  "ethBalance": 0.5002741579676101,
  "usdtBalance": 0,
  "usdcBalance": 100,
  "kenduBalance": 4855925261.348792,
  "ethBalanceInUsd": 1282.5628642647212,
  "kenduBalanceInUsd": 122854.90911212443,
  "totalUsdBalance": 1382.5628642647212
}