{
  "ethBalance": 0.06254024854608203,
  "usdtBalance": 0,
  "usdcBalance": 0,
  "kenduBalance": 6456272656.749752,
  "ethBalanceInUsd": 152.20858070399808,
  "kenduBalanceInUsd": 57912.76573104528,
  "totalUsdBalance": 152.20858070399808
}