{
  "ethBalance": 0.04272247540230626,
  "usdtBalance": 0,
  "usdcBalance": 0,
  "kenduBalance": 517214787.4674407,
  "ethBalanceInUsd": 104.62776948500206,
  "kenduBalanceInUsd": 24790.104763314434,
  "totalUsdBalance": 104.62776948500206
}