{
  "ethBalance": 0.038589031500035925,
  "usdtBalance": 0,
  "usdcBalance": 0,
  "kenduBalance": 35199894.08324558,
  "ethBalanceInUsd": 93.84775282745737,
  "kenduBalanceInUsd": 1996.5379924016895,
  "totalUsdBalance": 93.84775282745737
}