{
  "ethBalance": 0.3196155371451788,
  "usdtBalance": 0,
  "usdcBalance": 884.463046,
  "kenduBalance": 5453954448.539579,
  "ethBalanceInUsd": 616.5223903761927,
  "kenduBalanceInUsd": 38232.22068426245,
  "totalUsdBalance": 1500.9854363761926
}