{
  "ethBalance": 0.038589031500035925,
  "usdtBalance": 0,
  "usdcBalance": 0,
  "kenduBalance": 35199894.08324558,
  "ethBalanceInUsd": 124.00392327379043,
  "kenduBalanceInUsd": 458.65461990469,
  "totalUsdBalance": 124.00392327379043
}