{
  "ethBalance": 8.011063080971311,
  "usdtBalance": 22313.097842,
  "kenduBalance": 302835445.5049916,
  "ethBalanceInUsd": 26330.842245167314,
  "kenduBalanceInUsd": 53835.057147422354,
  "totalUsdBalance": 48643.94008716731
}