{
  "ethBalance": 0.038589031500035925,
  "usdtBalance": 0,
  "usdcBalance": 0,
  "kenduBalance": 35199894.08324558,
  "ethBalanceInUsd": 141.6722972363969,
  "kenduBalanceInUsd": 734.9737884581677,
  "totalUsdBalance": 141.6722972363969
}