{
  "ethBalance": 0.3117728554842481,
  "usdtBalance": 0,
  "usdcBalance": 0.463046,
  "kenduBalance": 4113980899.4295063,
  "ethBalanceInUsd": 622.6571583303661,
  "kenduBalanceInUsd": 52082.99818677755,
  "totalUsdBalance": 623.120204330366
}