{
  "ethBalance": 0.038589031500035925,
  "usdtBalance": 0,
  "usdcBalance": 0,
  "kenduBalance": 35199894.08324558,
  "ethBalanceInUsd": 120.00339837818173,
  "kenduBalanceInUsd": 764.8936984289265,
  "totalUsdBalance": 120.00339837818173
}