{
  "ethBalance": 0.038589031500035925,
  "usdtBalance": 0,
  "usdcBalance": 0,
  "kenduBalance": 35199894.08324558,
  "ethBalanceInUsd": 151.17986281737575,
  "kenduBalanceInUsd": 1281.6281435709716,
  "totalUsdBalance": 151.17986281737575
}