{
  "ethBalance": 0.038589031500035925,
  "usdtBalance": 0,
  "usdcBalance": 0,
  "kenduBalance": 35199894.08324558,
  "ethBalanceInUsd": 124.31533675799574,
  "kenduBalanceInUsd": 729.693804345681,
  "totalUsdBalance": 124.31533675799574
}