{
  "ethBalance": 0.03983369884579122,
  "usdtBalance": 0,
  "usdcBalance": 0,
  "kenduBalance": 1091213805.8365645,
  "ethBalanceInUsd": 104.8829257349452,
  "kenduBalanceInUsd": 46092.87115853649,
  "totalUsdBalance": 104.8829257349452
}