{
  "ethBalance": 0.0624422229661258,
  "usdtBalance": 0,
  "usdcBalance": 0,
  "kenduBalance": 6384544426.92592,
  "ethBalanceInUsd": 115.75102197899639,
  "kenduBalanceInUsd": 41946.45688490329,
  "totalUsdBalance": 115.75102197899639
}