{
  "ethBalance": 0.04272247540230626,
  "usdtBalance": 0,
  "usdcBalance": 0,
  "kenduBalance": 517214787.4674407,
  "ethBalanceInUsd": 114.28817562297155,
  "kenduBalanceInUsd": 30541.533199952373,
  "totalUsdBalance": 114.28817562297155
}