{
  "ethBalance": 0.04272247540230626,
  "usdtBalance": 0,
  "usdcBalance": 0,
  "kenduBalance": 517214787.4674407,
  "ethBalanceInUsd": 114.18649613151406,
  "kenduBalanceInUsd": 29481.242885644122,
  "totalUsdBalance": 114.18649613151406
}