{
  "ethBalance": 0.038589031500035925,
  "usdtBalance": 0,
  "usdcBalance": 0,
  "kenduBalance": 35199894.08324558,
  "ethBalanceInUsd": 132.3187018911032,
  "kenduBalanceInUsd": 1098.9406932789273,
  "totalUsdBalance": 132.3187018911032
}