{
  "ethBalance": 0.3194927667359207,
  "usdtBalance": 0,
  "usdcBalance": 884.463046,
  "kenduBalance": 4753954448.539579,
  "ethBalanceInUsd": 625.1770560935149,
  "kenduBalanceInUsd": 33182.602050806265,
  "totalUsdBalance": 1509.640102093515
}