{
  "ethBalance": 0.3117728554842481,
  "usdtBalance": 0,
  "usdcBalance": 0.463046,
  "kenduBalance": 4113980899.4295063,
  "ethBalanceInUsd": 626.9658591931584,
  "kenduBalanceInUsd": 52576.675894709086,
  "totalUsdBalance": 627.4289051931584
}