{
  "ethBalance": 0.30943876692005484,
  "usdtBalance": 0,
  "usdcBalance": 0,
  "kenduBalance": 8110029020.399477,
  "ethBalanceInUsd": 847.5125555543306,
  "kenduBalanceInUsd": 87750.51400072234,
  "totalUsdBalance": 847.5125555543306
}