{
  "ethBalance": 0.038589031500035925,
  "usdtBalance": 0,
  "usdcBalance": 0,
  "kenduBalance": 35199894.08324558,
  "ethBalanceInUsd": 121.44508459502306,
  "kenduBalanceInUsd": 1050.7168383848807,
  "totalUsdBalance": 121.44508459502306
}