{
  "ethBalance": 0.9904211583199757,
  "usdtBalance": 0,
  "usdcBalance": null,
  "kenduBalance": 4745282940.56362,
  "ethBalanceInUsd": 4280.857755760098,
  "kenduBalanceInUsd": 78581.88549573354,
  "totalUsdBalance": null
}