{
  "ethBalance": 0.5002741579676101,
  "usdtBalance": 0,
  "usdcBalance": 100,
  "kenduBalance": 4855925261.348792,
  "ethBalanceInUsd": 1207.7768803901433,
  "kenduBalanceInUsd": 102508.582267073,
  "totalUsdBalance": 1307.7768803901433
}