{
  "ethBalance": 0.5002741579676101,
  "usdtBalance": 0,
  "usdcBalance": 100,
  "kenduBalance": 4855925261.348792,
  "ethBalanceInUsd": 1273.362822499697,
  "kenduBalanceInUsd": 129798.8822358532,
  "totalUsdBalance": 1373.362822499697
}