{
  "ethBalance": 0.3117728554842481,
  "usdtBalance": 0,
  "usdcBalance": 0.463046,
  "kenduBalance": 4113980899.4295063,
  "ethBalanceInUsd": 626.0492469980347,
  "kenduBalanceInUsd": 52864.65455766916,
  "totalUsdBalance": 626.5122929980347
}