{
  "ethBalance": 0.038589031500035925,
  "usdtBalance": 0,
  "usdcBalance": 0,
  "kenduBalance": 35199894.08324558,
  "ethBalanceInUsd": 142.7365827251679,
  "kenduBalanceInUsd": 1333.3719878733427,
  "totalUsdBalance": 142.7365827251679
}