{
  "ethBalance": 0.0660488809860724,
  "usdtBalance": 0,
  "usdcBalance": 0,
  "kenduBalance": 7622102282.100412,
  "ethBalanceInUsd": 181.32729541511384,
  "kenduBalanceInUsd": 67989.15235633567,
  "totalUsdBalance": 181.32729541511384
}