{
  "ethBalance": 0.0660488809860724,
  "usdtBalance": 0,
  "usdcBalance": 0,
  "kenduBalance": 7622102282.100412,
  "ethBalanceInUsd": 159.72931133266817,
  "kenduBalanceInUsd": 57165.76711575309,
  "totalUsdBalance": 159.72931133266817
}