{
  "ethBalance": 0.038589031500035925,
  "usdtBalance": 0,
  "usdcBalance": 0,
  "kenduBalance": 35199894.08324558,
  "ethBalanceInUsd": 143.49640075540358,
  "kenduBalanceInUsd": 1273.8841668726575,
  "totalUsdBalance": 143.49640075540358
}