{
  "ethBalance": 0.3119048631851912,
  "usdtBalance": 0,
  "usdcBalance": 0.463046,
  "kenduBalance": 4175387837.757599,
  "ethBalanceInUsd": 627.250037011315,
  "kenduBalanceInUsd": 57996.137066453055,
  "totalUsdBalance": 627.713083011315
}