{
  "ethBalance": 0.3406431199402911,
  "usdtBalance": 0,
  "usdcBalance": 154.403285,
  "kenduBalance": 4113980899.4295063,
  "ethBalanceInUsd": 554.0560345828835,
  "kenduBalanceInUsd": 41715.76632021519,
  "totalUsdBalance": 708.4593195828835
}