{
  "ethBalance": 0.04272247540230626,
  "usdtBalance": 0,
  "usdcBalance": 0,
  "kenduBalance": 517214787.4674407,
  "ethBalanceInUsd": 103.96343499249619,
  "kenduBalanceInUsd": 22069.5549812357,
  "totalUsdBalance": 103.96343499249619
}