{
  "ethBalance": 8.051792938400936,
  "usdtBalance": 22380.187863,
  "usdcBalance": 88.007775,
  "kenduBalance": 947823769.8171208,
  "ethBalanceInUsd": 20156.133780628446,
  "kenduBalanceInUsd": 111132.33701105742,
  "totalUsdBalance": 42624.32941862844
}