{
  "ethBalance": 0.04459919224178026,
  "usdtBalance": 0,
  "usdcBalance": 0,
  "kenduBalance": 517214787.4674407,
  "ethBalanceInUsd": 108.61821076139888,
  "kenduBalanceInUsd": 27293.424334656847,
  "totalUsdBalance": 108.61821076139888
}