{
  "ethBalance": 0.04272247540230626,
  "usdtBalance": 0,
  "usdcBalance": 0,
  "kenduBalance": 517214787.4674407,
  "ethBalanceInUsd": 109.97705063012481,
  "kenduBalanceInUsd": 28917.47876730461,
  "totalUsdBalance": 109.97705063012481
}