{
  "ethBalance": 0.038589031500035925,
  "usdtBalance": 0,
  "usdcBalance": 0,
  "kenduBalance": 35199894.08324558,
  "ethBalanceInUsd": 127.20025275293843,
  "kenduBalanceInUsd": 590.3022237760284,
  "totalUsdBalance": 127.20025275293843
}