{
  "ethBalance": 0.35769432885289126,
  "usdtBalance": 0,
  "usdcBalance": 0,
  "kenduBalance": 4514955040.756332,
  "ethBalanceInUsd": 896.7325285476213,
  "kenduBalanceInUsd": 78605.36725956775,
  "totalUsdBalance": 896.7325285476213
}