{
  "ethBalance": 0.038589031500035925,
  "usdtBalance": 0,
  "usdcBalance": 0,
  "kenduBalance": 35199894.08324558,
  "ethBalanceInUsd": 121.12749686577776,
  "kenduBalanceInUsd": 1759.6427052214467,
  "totalUsdBalance": 121.12749686577776
}