{
  "ethBalance": 0.04272247540230626,
  "usdtBalance": 0,
  "usdcBalance": 0,
  "kenduBalance": 517214787.4674407,
  "ethBalanceInUsd": 112.57756770786321,
  "kenduBalanceInUsd": 29672.612357007074,
  "totalUsdBalance": 112.57756770786321
}