{
  "ethBalance": 0.045462183917402754,
  "usdtBalance": 0,
  "usdcBalance": 0,
  "kenduBalance": 307214787.46744066,
  "ethBalanceInUsd": 122.52513187579216,
  "kenduBalanceInUsd": 24057.990006575277,
  "totalUsdBalance": 122.52513187579216
}