{
  "ethBalance": 0.0624422229661258,
  "usdtBalance": 0,
  "usdcBalance": 0,
  "kenduBalance": 6379544426.92592,
  "ethBalanceInUsd": 129.17547549448375,
  "kenduBalanceInUsd": 56267.58184548661,
  "totalUsdBalance": 129.17547549448375
}