{
  "ethBalance": 0.04272247540230626,
  "usdtBalance": 0,
  "usdcBalance": 0,
  "kenduBalance": 517214787.4674407,
  "ethBalanceInUsd": 105.37028610749414,
  "kenduBalanceInUsd": 24324.611454593738,
  "totalUsdBalance": 105.37028610749414
}