{
  "ethBalance": 0.3579040556931112,
  "usdtBalance": 0,
  "usdcBalance": 0,
  "kenduBalance": 3646098337.9468102,
  "ethBalanceInUsd": 650.0969267609672,
  "kenduBalanceInUsd": 36424.52239608863,
  "totalUsdBalance": 650.0969267609672
}