{
  "ethBalance": 0.3196155371451788,
  "usdtBalance": 0,
  "usdcBalance": 884.463046,
  "kenduBalance": 5453954448.539579,
  "ethBalanceInUsd": 607.4517014320124,
  "kenduBalanceInUsd": 36923.271616612954,
  "totalUsdBalance": 1491.9147474320125
}