{
  "ethBalance": 0.35769432885289126,
  "usdtBalance": 0,
  "usdcBalance": 0,
  "kenduBalance": 4514955040.756332,
  "ethBalanceInUsd": 910.5681451876511,
  "kenduBalanceInUsd": 80411.34927587028,
  "totalUsdBalance": 910.5681451876511
}