{
  "ethBalance": 0.045462183917402754,
  "usdtBalance": 0,
  "usdcBalance": 0,
  "kenduBalance": 307214787.46744066,
  "ethBalanceInUsd": 120.66891090644461,
  "kenduBalanceInUsd": 27517.22851345866,
  "totalUsdBalance": 120.66891090644461
}