{
  "ethBalance": 0.04459919224178026,
  "usdtBalance": 0,
  "usdcBalance": 0,
  "kenduBalance": 517214787.4674407,
  "ethBalanceInUsd": 107.65799015243337,
  "kenduBalanceInUsd": 29289.873414281166,
  "totalUsdBalance": 107.65799015243337
}