{
  "ethBalance": 13.47560135212183,
  "usdtBalance": 3949.089252,
  "usdcBalance": 8005.206012,
  "kenduBalance": 10805029020.399477,
  "ethBalanceInUsd": 44506.54236572037,
  "kenduBalanceInUsd": 194814.67323780255,
  "totalUsdBalance": 56460.83762972037
}