{
  "ethBalance": 0.038589031500035925,
  "usdtBalance": 0,
  "usdcBalance": 0,
  "kenduBalance": 35199894.08324558,
  "ethBalanceInUsd": 126.66811000855292,
  "kenduBalanceInUsd": 1000.028990905007,
  "totalUsdBalance": 126.66811000855292
}