{
  "ethBalance": 4.092998430208601,
  "usdtBalance": 0,
  "usdcBalance": 0,
  "kenduBalance": 8310029020.399478,
  "ethBalanceInUsd": 10547.697884631867,
  "kenduBalanceInUsd": 112185.39177539294,
  "totalUsdBalance": 10547.697884631867
}