{
  "ethBalance": 0.04459919224178026,
  "usdtBalance": 0,
  "usdcBalance": 0,
  "kenduBalance": 517214787.4674407,
  "ethBalanceInUsd": 109.93165697291933,
  "kenduBalanceInUsd": 32729.35175093965,
  "totalUsdBalance": 109.93165697291933
}