{
  "ethBalance": 13.47560135212183,
  "usdtBalance": 3949.089252,
  "usdcBalance": 8005.206012,
  "kenduBalance": 10805029020.399477,
  "ethBalanceInUsd": 39247.554182041305,
  "kenduBalanceInUsd": 138088.2708807053,
  "totalUsdBalance": 51201.849446041306
}