{
  "ethBalance": 0.0624422229661258,
  "usdtBalance": 0,
  "usdcBalance": 0,
  "kenduBalance": 6384544426.92592,
  "ethBalanceInUsd": 136.41877335855435,
  "kenduBalanceInUsd": 54460.16396167809,
  "totalUsdBalance": 136.41877335855435
}