{
  "ethBalance": 0.038589031500035925,
  "usdtBalance": 0,
  "usdcBalance": 0,
  "kenduBalance": 35199894.08324558,
  "ethBalanceInUsd": 119.50482809120126,
  "kenduBalanceInUsd": 1363.2918978441014,
  "totalUsdBalance": 119.50482809120126
}