{
  "ethBalance": 0.5002741579676101,
  "usdtBalance": 0,
  "usdcBalance": 100,
  "kenduBalance": 4855925261.348792,
  "ethBalanceInUsd": 1256.3484983872186,
  "kenduBalanceInUsd": 119941.35395531516,
  "totalUsdBalance": 1356.3484983872186
}