{
  "ethBalance": 0.3579488855246269,
  "usdtBalance": 0,
  "usdcBalance": 0,
  "kenduBalance": 3705282011.416198,
  "ethBalanceInUsd": 642.006382610405,
  "kenduBalanceInUsd": 47575.82102658398,
  "totalUsdBalance": 642.006382610405
}