{
  "ethBalance": 0.5002741579676101,
  "usdtBalance": 0,
  "usdcBalance": 100,
  "kenduBalance": 4855925261.348792,
  "ethBalanceInUsd": 1214.255430735824,
  "kenduBalanceInUsd": 109258.31838034783,
  "totalUsdBalance": 1314.255430735824
}