{
  "ethBalance": 0.04272247540230626,
  "usdtBalance": 0,
  "usdcBalance": 0,
  "kenduBalance": 517214787.4674407,
  "ethBalanceInUsd": 103.27175811573285,
  "kenduBalanceInUsd": 23543.6171255179,
  "totalUsdBalance": 103.27175811573285
}