{
  "ethBalance": 8.056063080971311,
  "usdtBalance": 22313.097842,
  "usdcBalance": 88.007775,
  "kenduBalance": 319823769.8171208,
  "ethBalanceInUsd": 24105.43251151317,
  "kenduBalanceInUsd": 38254.12110782582,
  "totalUsdBalance": 46506.538128513166
}