{
  "ethBalance": 0.35769432885289126,
  "usdtBalance": 0,
  "usdcBalance": 0,
  "kenduBalance": 4514955040.756332,
  "ethBalanceInUsd": 873.7792834651312,
  "kenduBalanceInUsd": 70794.49503905929,
  "totalUsdBalance": 873.7792834651312
}