{
  "ethBalance": 0.045462183917402754,
  "usdtBalance": 0,
  "usdcBalance": 0,
  "kenduBalance": 307214787.46744066,
  "ethBalanceInUsd": 127.19909900434034,
  "kenduBalanceInUsd": 27286.81742285808,
  "totalUsdBalance": 127.19909900434034
}