{
  "ethBalance": 0.3117728554842481,
  "usdtBalance": 0,
  "usdcBalance": 0.463046,
  "kenduBalance": 4113980899.4295063,
  "ethBalanceInUsd": 564.2870443266052,
  "kenduBalanceInUsd": 48256.995950308105,
  "totalUsdBalance": 564.7500903266051
}