{
  "ethBalance": 0.5002741579676101,
  "usdtBalance": 0,
  "usdcBalance": 100,
  "kenduBalance": 4855925261.348792,
  "ethBalanceInUsd": 1377.7800447506968,
  "kenduBalanceInUsd": 127807.9528787002,
  "totalUsdBalance": 1477.7800447506968
}