{
  "ethBalance": 0.35779268808449755,
  "usdtBalance": 0,
  "usdcBalance": 0,
  "kenduBalance": 3546950453.60037,
  "ethBalanceInUsd": 637.9193173664933,
  "kenduBalanceInUsd": 37384.8577809479,
  "totalUsdBalance": 637.9193173664933
}