{
  "ethBalance": 0.3119048631851912,
  "usdtBalance": 0,
  "usdcBalance": 0.463046,
  "kenduBalance": 4175387837.757599,
  "ethBalanceInUsd": 618.678891370986,
  "kenduBalanceInUsd": 37119.19787766505,
  "totalUsdBalance": 619.1419373709859
}