{
  "ethBalance": 0.5002741579676101,
  "usdtBalance": 0,
  "usdcBalance": 100,
  "kenduBalance": 4855925261.348792,
  "ethBalanceInUsd": 1253.0466889446323,
  "kenduBalanceInUsd": 114259.92139953708,
  "totalUsdBalance": 1353.0466889446323
}