{
  "ethBalance": 0.038589031500035925,
  "usdtBalance": 0,
  "usdcBalance": 0,
  "kenduBalance": 35199894.08324558,
  "ethBalanceInUsd": 101.98193477734993,
  "kenduBalanceInUsd": 1630.4590939359352,
  "totalUsdBalance": 101.98193477734993
}