{
  "ethBalance": 0.038589031500035925,
  "usdtBalance": 0,
  "usdcBalance": 0,
  "kenduBalance": 35199894.08324558,
  "ethBalanceInUsd": 151.8740794940614,
  "kenduBalanceInUsd": 1325.980010115861,
  "totalUsdBalance": 151.8740794940614
}