{
  "ethBalance": 3.9774170719585187,
  "usdtBalance": 0,
  "usdcBalance": 0,
  "kenduBalance": 8310029020.399478,
  "ethBalanceInUsd": 10462.8342528112,
  "kenduBalanceInUsd": 104955.6665276454,
  "totalUsdBalance": 10462.8342528112
}