{
  "ethBalance": 0.038589031500035925,
  "usdtBalance": 0,
  "usdcBalance": 0,
  "kenduBalance": 35199894.08324558,
  "ethBalanceInUsd": 138.10396949358858,
  "kenduBalanceInUsd": 780.3816518255545,
  "totalUsdBalance": 138.10396949358858
}