{
  "ethBalance": 0.5002528644753425,
  "usdtBalance": 0,
  "usdcBalance": null,
  "kenduBalance": 4845166789.051858,
  "ethBalanceInUsd": 1272.728330212232,
  "kenduBalanceInUsd": 88036.68055707226,
  "totalUsdBalance": null
}