{
  "ethBalance": 0.3117728554842481,
  "usdtBalance": 0,
  "usdcBalance": 0.463046,
  "kenduBalance": 4113980899.4295063,
  "ethBalanceInUsd": 580.4088186836957,
  "kenduBalanceInUsd": 45665.18798366752,
  "totalUsdBalance": 580.8718646836957
}