{
  "ethBalance": 0.03983369884579122,
  "usdtBalance": 0,
  "usdcBalance": 0,
  "kenduBalance": 1091213805.8365645,
  "ethBalanceInUsd": 105.68955813657247,
  "kenduBalanceInUsd": 45372.670046684354,
  "totalUsdBalance": 105.68955813657247
}