{
  "ethBalance": 9.40272155275617,
  "usdtBalance": 3949.089252,
  "usdcBalance": 8005.206012,
  "kenduBalance": 11652025441.98484,
  "ethBalanceInUsd": 29383.316797931973,
  "kenduBalanceInUsd": 259141.04582974286,
  "totalUsdBalance": 41337.61206193198
}