{
  "ethBalance": 18.27649738337883,
  "usdtBalance": 0,
  "usdcBalance": 0,
  "kenduBalance": 10805029020.399477,
  "ethBalanceInUsd": 50764.068072177695,
  "kenduBalanceInUsd": 135927.26507662542,
  "totalUsdBalance": 50764.068072177695
}