{
  "ethBalance": 0.038589031500035925,
  "usdtBalance": 0,
  "usdcBalance": 0,
  "kenduBalance": 35199894.08324558,
  "ethBalanceInUsd": 94.70365754612816,
  "kenduBalanceInUsd": 1971.546067602585,
  "totalUsdBalance": 94.70365754612816
}