{
  "ethBalance": 0.04459919224178026,
  "usdtBalance": 0,
  "usdcBalance": 0,
  "kenduBalance": 517214787.4674407,
  "ethBalanceInUsd": 101.54745482338704,
  "kenduBalanceInUsd": 26558.97933645308,
  "totalUsdBalance": 101.54745482338704
}