{
  "ethBalance": 0.35703877941042383,
  "usdtBalance": 0,
  "usdcBalance": 0,
  "kenduBalance": 4855947774.956796,
  "ethBalanceInUsd": 917.0898087936147,
  "kenduBalanceInUsd": 191907.05606629257,
  "totalUsdBalance": 917.0898087936147
}