{
  "ethBalance": 0.35779268808449755,
  "usdtBalance": 0,
  "usdcBalance": 0,
  "kenduBalance": 3546950453.60037,
  "ethBalanceInUsd": 650.7068280386331,
  "kenduBalanceInUsd": 37987.839358059966,
  "totalUsdBalance": 650.7068280386331
}