{
  "ethBalance": 8.056063080971311,
  "usdtBalance": 22313.097842,
  "usdcBalance": 88.007775,
  "kenduBalance": 319721753.5049916,
  "ethBalanceInUsd": 25379.25720587635,
  "kenduBalanceInUsd": 43204.00055112951,
  "totalUsdBalance": 47780.36282287635
}