{
  "ethBalance": 0.04459919224178026,
  "usdtBalance": 0,
  "usdcBalance": 0,
  "kenduBalance": 517214787.4674407,
  "ethBalanceInUsd": 104.38574741765396,
  "kenduBalanceInUsd": 30008.80196886091,
  "totalUsdBalance": 104.38574741765396
}