{
  "ethBalance": 0.038589031500035925,
  "usdtBalance": 0,
  "usdcBalance": 0,
  "kenduBalance": 35199894.08324558,
  "ethBalanceInUsd": 129.61901324736067,
  "kenduBalanceInUsd": 1193.9804073036903,
  "totalUsdBalance": 129.61901324736067
}