{
  "ethBalance": 0.7404211583199757,
  "usdtBalance": 0,
  "usdcBalance": null,
  "kenduBalance": 4745282940.56362,
  "ethBalanceInUsd": 3115.5811710367097,
  "kenduBalanceInUsd": 97942.6398932331,
  "totalUsdBalance": null
}