{
  "ethBalance": 0.038589031500035925,
  "usdtBalance": 0,
  "usdcBalance": 0,
  "kenduBalance": 35199894.08324558,
  "ethBalanceInUsd": 155.81440550053006,
  "kenduBalanceInUsd": 1366.107889370761,
  "totalUsdBalance": 155.81440550053006
}