{
  "ethBalance": 0.3579040556931112,
  "usdtBalance": 0,
  "usdcBalance": 0,
  "kenduBalance": 3646098337.9468102,
  "ethBalanceInUsd": 667.1152646091746,
  "kenduBalanceInUsd": 43315.648254808104,
  "totalUsdBalance": 667.1152646091746
}