{
  "ethBalance": 8.051792938400936,
  "usdtBalance": 22356.072978,
  "usdcBalance": 88.007775,
  "kenduBalance": 947823769.8171208,
  "ethBalanceInUsd": 21380.00630726539,
  "kenduBalanceInUsd": 103900.44164735278,
  "totalUsdBalance": 43824.08706026539
}