{
  "ethBalance": 0.3196155371451788,
  "usdtBalance": 0,
  "usdcBalance": 884.463046,
  "kenduBalance": 5453954448.539579,
  "ethBalanceInUsd": 655.6689013657341,
  "kenduBalanceInUsd": 37032.35070558375,
  "totalUsdBalance": 1540.131947365734
}