{
  "ethBalance": 7.099812771415156,
  "usdtBalance": 22218.494633,
  "kenduBalance": 512835445.5049916,
  "ethBalanceInUsd": 23571.449399226032,
  "kenduBalanceInUsd": 91859.0849988541,
  "totalUsdBalance": 45789.944032226034
}