{
  "ethBalance": 0.0624422229661258,
  "usdtBalance": 0,
  "usdcBalance": 0,
  "kenduBalance": 6384544426.92592,
  "ethBalanceInUsd": 136.27328297904327,
  "kenduBalanceInUsd": 51778.65530236921,
  "totalUsdBalance": 136.27328297904327
}