{
  "ethBalance": 0.038589031500035925,
  "usdtBalance": 0,
  "usdcBalance": 0,
  "kenduBalance": 35199894.08324558,
  "ethBalanceInUsd": 150.82561550820543,
  "kenduBalanceInUsd": 1136.2525810071675,
  "totalUsdBalance": 150.82561550820543
}