{
  "ethBalance": 0.3579040556931112,
  "usdtBalance": 0,
  "usdcBalance": 0,
  "kenduBalance": 3646098337.9468102,
  "ethBalanceInUsd": 650.6624151689623,
  "kenduBalanceInUsd": 44883.470540125236,
  "totalUsdBalance": 650.6624151689623
}