{
  "ethBalance": 0.038589031500035925,
  "usdtBalance": 0,
  "usdcBalance": 0,
  "kenduBalance": 35199894.08324558,
  "ethBalanceInUsd": 138.76692905475917,
  "kenduBalanceInUsd": 871.9013764419931,
  "totalUsdBalance": 138.76692905475917
}