{
  "ethBalance": 0.11828269992644785,
  "usdtBalance": 0,
  "usdcBalance": 0,
  "kenduBalance": 12696082608.223658,
  "ethBalanceInUsd": 387.4988562670402,
  "kenduBalanceInUsd": 289597.64429358166,
  "totalUsdBalance": 387.4988562670402
}