{
  "ethBalance": 0.038589031500035925,
  "usdtBalance": 0,
  "usdcBalance": 0,
  "kenduBalance": 35199894.08324558,
  "ethBalanceInUsd": 125.85156610201216,
  "kenduBalanceInUsd": 459.00661884552244,
  "totalUsdBalance": 125.85156610201216
}