{
  "ethBalance": 0.038589031500035925,
  "usdtBalance": 0,
  "usdcBalance": 0,
  "kenduBalance": 35199894.08324558,
  "ethBalanceInUsd": 97.00935217825531,
  "kenduBalanceInUsd": 1060.5728087281896,
  "totalUsdBalance": 97.00935217825531
}