{
  "ethBalance": 0.04272247540230626,
  "usdtBalance": 0,
  "usdcBalance": 0,
  "kenduBalance": 517214787.4674407,
  "ethBalanceInUsd": 103.7451231431904,
  "kenduBalanceInUsd": 24071.17620873469,
  "totalUsdBalance": 103.7451231431904
}