{
  "ethBalance": 0.35779268808449755,
  "usdtBalance": 0,
  "usdcBalance": 0,
  "kenduBalance": 4546950453.600369,
  "ethBalanceInUsd": 837.9146962250849,
  "kenduBalanceInUsd": 75752.19455698215,
  "totalUsdBalance": 837.9146962250849
}