{
  "ethBalance": 0.3119048631851912,
  "usdtBalance": 0,
  "usdcBalance": 0.463046,
  "kenduBalance": 4175387837.757599,
  "ethBalanceInUsd": 621.2271541032089,
  "kenduBalanceInUsd": 42254.9249181069,
  "totalUsdBalance": 621.6902001032089
}