{
  "ethBalance": 0.038589031500035925,
  "usdtBalance": 0,
  "usdcBalance": 0,
  "kenduBalance": 35199894.08324558,
  "ethBalanceInUsd": 96.76199648634008,
  "kenduBalanceInUsd": 1711.7708492682327,
  "totalUsdBalance": 96.76199648634008
}