{
  "ethBalance": 0.04459919224178026,
  "usdtBalance": 0,
  "usdcBalance": 0,
  "kenduBalance": 517214787.4674407,
  "ethBalanceInUsd": 102.53443494769765,
  "kenduBalanceInUsd": 28446.81331070924,
  "totalUsdBalance": 102.53443494769765
}