{
  "ethBalance": 0.5002741579676101,
  "usdtBalance": 0,
  "usdcBalance": 100,
  "kenduBalance": 4855925261.348792,
  "ethBalanceInUsd": 1255.122826700198,
  "kenduBalanceInUsd": 115522.46196748776,
  "totalUsdBalance": 1355.122826700198
}