{
  "ethBalance": 0.038589031500035925,
  "usdtBalance": 0,
  "usdcBalance": 0,
  "kenduBalance": 35199894.08324558,
  "ethBalanceInUsd": 149.49043501830417,
  "kenduBalanceInUsd": 873.3093722053229,
  "totalUsdBalance": 149.49043501830417
}