{
  "ethBalance": 0.04272247540230626,
  "usdtBalance": 0,
  "usdcBalance": 0,
  "kenduBalance": 517214787.4674407,
  "ethBalanceInUsd": 108.88463693408785,
  "kenduBalanceInUsd": 29362.28348452661,
  "totalUsdBalance": 108.88463693408785
}