{
  "ethBalance": 0.038589031500035925,
  "usdtBalance": 0,
  "usdcBalance": 0,
  "kenduBalance": 35199894.08324558,
  "ethBalanceInUsd": 109.26870159550172,
  "kenduBalanceInUsd": 1917.6902296552194,
  "totalUsdBalance": 109.26870159550172
}