{
  "ethBalance": 0.038589031500035925,
  "usdtBalance": 0,
  "usdcBalance": 0,
  "kenduBalance": 35199894.08324558,
  "ethBalanceInUsd": 149.37775504632407,
  "kenduBalanceInUsd": 1231.644293972763,
  "totalUsdBalance": 149.37775504632407
}