{
  "ethBalance": 0.5002741579676101,
  "usdtBalance": 0,
  "usdcBalance": 100,
  "kenduBalance": 4855925261.348792,
  "ethBalanceInUsd": 1266.2839431644552,
  "kenduBalanceInUsd": 120815.42050235794,
  "totalUsdBalance": 1366.2839431644552
}