{
  "ethBalance": 0.04459919224178026,
  "usdtBalance": 0,
  "usdcBalance": 0,
  "kenduBalance": 517214787.4674407,
  "ethBalanceInUsd": 113.68021908084094,
  "kenduBalanceInUsd": 29341.594893027912,
  "totalUsdBalance": 113.68021908084094
}