{
  "ethBalance": 0.04459919224178026,
  "usdtBalance": 0,
  "usdcBalance": 0,
  "kenduBalance": 517214787.4674407,
  "ethBalanceInUsd": 111.72989640410789,
  "kenduBalanceInUsd": 32941.4098138013,
  "totalUsdBalance": 111.72989640410789
}