{
  "ethBalance": 0.04459919224178026,
  "usdtBalance": 0,
  "usdcBalance": 0,
  "kenduBalance": 517214787.4674407,
  "ethBalanceInUsd": 115.46597073820183,
  "kenduBalanceInUsd": 37254.98114127976,
  "totalUsdBalance": 115.46597073820183
}