{
  "ethBalance": 0.04272247540230626,
  "usdtBalance": 0,
  "usdcBalance": 0,
  "kenduBalance": 517214787.4674407,
  "ethBalanceInUsd": 109.0521090376649,
  "kenduBalanceInUsd": 29274.356970657143,
  "totalUsdBalance": 109.0521090376649
}