{
  "ethBalance": 0.04272247540230626,
  "usdtBalance": 0,
  "usdcBalance": 0,
  "kenduBalance": 517214787.4674407,
  "ethBalanceInUsd": 114.16043542151864,
  "kenduBalanceInUsd": 28095.10725523138,
  "totalUsdBalance": 114.16043542151864
}