{
  "ethBalance": 0.06254024854608203,
  "usdtBalance": 0,
  "usdcBalance": 0,
  "kenduBalance": 6456272656.749752,
  "ethBalanceInUsd": 144.33726502198817,
  "kenduBalanceInUsd": 55523.944848047875,
  "totalUsdBalance": 144.33726502198817
}