{
  "ethBalance": 0.038589031500035925,
  "usdtBalance": 0,
  "usdcBalance": 0,
  "kenduBalance": 13206739398.082659,
  "ethBalanceInUsd": 128.29232234438945,
  "kenduBalanceInUsd": 439124.0849862484,
  "totalUsdBalance": 128.29232234438945
}