{
  "ethBalance": 1.126230410262131,
  "usdtBalance": 0,
  "usdcBalance": null,
  "kenduBalance": 4547808469.985,
  "ethBalanceInUsd": 4840.268008008176,
  "kenduBalanceInUsd": 60531.33073550034,
  "totalUsdBalance": null
}