{
  "ethBalance": 0.7404211583199757,
  "usdtBalance": 0,
  "usdcBalance": null,
  "kenduBalance": 4745282940.56362,
  "ethBalanceInUsd": 3196.324098351503,
  "kenduBalanceInUsd": 84513.48917143806,
  "totalUsdBalance": null
}