{
  "ethBalance": 0.038589031500035925,
  "usdtBalance": 0,
  "usdcBalance": 0,
  "kenduBalance": 35199894.08324558,
  "ethBalanceInUsd": 128.65197211796976,
  "kenduBalanceInUsd": 1059.8688108465246,
  "totalUsdBalance": 128.65197211796976
}