{
  "ethBalance": 0.045462183917402754,
  "usdtBalance": 0,
  "usdcBalance": 0,
  "kenduBalance": 307214787.46744066,
  "ethBalanceInUsd": 119.15638404751262,
  "kenduBalanceInUsd": 25206.973311703507,
  "totalUsdBalance": 119.15638404751262
}