{
  "ethBalance": 0.9903603877171636,
  "usdtBalance": 0,
  "usdcBalance": null,
  "kenduBalance": 4565348937.707456,
  "ethBalanceInUsd": 4383.889677853288,
  "kenduBalanceInUsd": 73091.23649269636,
  "totalUsdBalance": null
}