{
  "ethBalance": 0.3119048631851912,
  "usdtBalance": 0,
  "usdcBalance": 0.463046,
  "kenduBalance": 4175387837.757599,
  "ethBalanceInUsd": 618.4979865503385,
  "kenduBalanceInUsd": 37244.45951279778,
  "totalUsdBalance": 618.9610325503385
}