{
  "ethBalance": 18.27649738337883,
  "usdtBalance": 0,
  "usdcBalance": 0,
  "kenduBalance": 10805029020.399477,
  "ethBalanceInUsd": 49893.55850180736,
  "kenduBalanceInUsd": 153647.51267008056,
  "totalUsdBalance": 49893.55850180736
}