{
  "ethBalance": 0.3117728554842481,
  "usdtBalance": 0,
  "usdcBalance": 0.463046,
  "kenduBalance": 4113980899.4295063,
  "ethBalanceInUsd": 626.4545517101642,
  "kenduBalanceInUsd": 52905.79436666345,
  "totalUsdBalance": 626.9175977101642
}