{
  "ethBalance": 0.04272247540230626,
  "usdtBalance": 0,
  "usdcBalance": 0,
  "kenduBalance": 517214787.4674407,
  "ethBalanceInUsd": 113.39997535935761,
  "kenduBalanceInUsd": 27769.261939126893,
  "totalUsdBalance": 113.39997535935761
}