{
  "ethBalance": 0.0624422229661258,
  "usdtBalance": 0,
  "usdcBalance": 0,
  "kenduBalance": 6379544426.92592,
  "ethBalanceInUsd": 130.26384344078335,
  "kenduBalanceInUsd": 56395.17273402513,
  "totalUsdBalance": 130.26384344078335
}