{
  "ethBalance": 0.038589031500035925,
  "usdtBalance": 0,
  "usdcBalance": 0,
  "kenduBalance": 35199894.08324558,
  "ethBalanceInUsd": 126.06843645904236,
  "kenduBalanceInUsd": 498.7824991595899,
  "totalUsdBalance": 126.06843645904236
}