{
  "ethBalance": 0.038589031500035925,
  "usdtBalance": 0,
  "usdcBalance": 0,
  "kenduBalance": 35199894.08324558,
  "ethBalanceInUsd": 139.68959279792503,
  "kenduBalanceInUsd": 1024.3169178224464,
  "totalUsdBalance": 139.68959279792503
}