{
  "ethBalance": 0.04459919224178026,
  "usdtBalance": 0,
  "usdcBalance": 0,
  "kenduBalance": 517214787.4674407,
  "ethBalanceInUsd": 102.15890974902186,
  "kenduBalanceInUsd": 25607.30412751299,
  "totalUsdBalance": 102.15890974902186
}