{
  "ethBalance": 0.04272247540230626,
  "usdtBalance": 0,
  "usdcBalance": 0,
  "kenduBalance": 517214787.4674407,
  "ethBalanceInUsd": 112.69889953800575,
  "kenduBalanceInUsd": 30324.30298921605,
  "totalUsdBalance": 112.69889953800575
}