{
  "ethBalance": 0.3406431199402911,
  "usdtBalance": 0,
  "usdcBalance": 154.403285,
  "kenduBalance": 4113980899.4295063,
  "ethBalanceInUsd": 612.5751161574261,
  "kenduBalanceInUsd": 46734.82301751919,
  "totalUsdBalance": 766.9784011574261
}