{
  "ethBalance": 0.038589031500035925,
  "usdtBalance": 0,
  "usdcBalance": 0,
  "kenduBalance": 35199894.08324558,
  "ethBalanceInUsd": 96.82180948516515,
  "kenduBalanceInUsd": 1617.787132065967,
  "totalUsdBalance": 96.82180948516515
}