{
  "ethBalance": 0.038589031500035925,
  "usdtBalance": 0,
  "usdcBalance": 0,
  "kenduBalance": 35199894.08324558,
  "ethBalanceInUsd": 101.79747920677976,
  "kenduBalanceInUsd": 1210.5243575228155,
  "totalUsdBalance": 101.79747920677976
}