{
  "ethBalance": 0.04459919224178026,
  "usdtBalance": 0,
  "usdcBalance": 0,
  "kenduBalance": 517214787.4674407,
  "ethBalanceInUsd": 108.45230176625947,
  "kenduBalanceInUsd": 31819.05372499695,
  "totalUsdBalance": 108.45230176625947
}