{
  "ethBalance": 0.038589031500035925,
  "usdtBalance": 0,
  "usdcBalance": 0,
  "kenduBalance": 35199894.08324558,
  "ethBalanceInUsd": 119.9829461914867,
  "kenduBalanceInUsd": 750.1097429139634,
  "totalUsdBalance": 119.9829461914867
}