{
  "ethBalance": 0.04459919224178026,
  "usdtBalance": 0,
  "usdcBalance": 0,
  "kenduBalance": 517214787.4674407,
  "ethBalanceInUsd": 103.27924145813537,
  "kenduBalanceInUsd": 27629.613946510683,
  "totalUsdBalance": 103.27924145813537
}