{
  "ethBalance": 0.3117728554842481,
  "usdtBalance": 0,
  "usdcBalance": 0.463046,
  "kenduBalance": 4113980899.4295063,
  "ethBalanceInUsd": 559.7881620219674,
  "kenduBalanceInUsd": 49244.35136617119,
  "totalUsdBalance": 560.2512080219674
}