{
  "ethBalance": 0.038589031500035925,
  "usdtBalance": 0,
  "usdcBalance": 0,
  "kenduBalance": 35199894.08324558,
  "ethBalanceInUsd": 142.91756528290304,
  "kenduBalanceInUsd": 1227.068307741941,
  "totalUsdBalance": 142.91756528290304
}