{
  "ethBalance": 0.04272247540230626,
  "usdtBalance": 0,
  "usdcBalance": 0,
  "kenduBalance": 517214787.4674407,
  "ethBalanceInUsd": 104.90717447413314,
  "kenduBalanceInUsd": 22581.597620828463,
  "totalUsdBalance": 104.90717447413314
}