{
  "ethBalance": 0.3603761199402911,
  "usdtBalance": 0,
  "usdcBalance": 154.403285,
  "kenduBalance": 4113980899.4295063,
  "ethBalanceInUsd": 555.02967736484,
  "kenduBalanceInUsd": 37807.48446575717,
  "totalUsdBalance": 709.43296236484
}