{
  "ethBalance": 0.30943876692005484,
  "usdtBalance": 0,
  "usdcBalance": 0,
  "kenduBalance": 8110029020.399477,
  "ethBalanceInUsd": 872.0386722204142,
  "kenduBalanceInUsd": 93346.43402479799,
  "totalUsdBalance": 872.0386722204142
}