{
  "ethBalance": 0.04459919224178026,
  "usdtBalance": 0,
  "usdcBalance": 0,
  "kenduBalance": 517214787.4674407,
  "ethBalanceInUsd": 101.3708420221096,
  "kenduBalanceInUsd": 22416.088888838884,
  "totalUsdBalance": 101.3708420221096
}