{
  "ethBalance": 0.35779268808449755,
  "usdtBalance": 0,
  "usdcBalance": 0,
  "kenduBalance": 3546950453.60037,
  "ethBalanceInUsd": 660.0201717094726,
  "kenduBalanceInUsd": 39300.2110258921,
  "totalUsdBalance": 660.0201717094726
}