{
  "ethBalance": 0.10788809429719365,
  "usdtBalance": 3946.421819,
  "usdcBalance": 0,
  "kenduBalance": 13268928669.075045,
  "ethBalanceInUsd": 359.8067944811408,
  "kenduBalanceInUsd": 345124.8346826419,
  "totalUsdBalance": 4306.228613481141
}