{
  "ethBalance": 1.4053936273325678,
  "usdtBalance": 3946.421819,
  "usdcBalance": 0,
  "kenduBalance": 13081629191.022676,
  "ethBalanceInUsd": 4415.620291652468,
  "kenduBalanceInUsd": 276153.1922224887,
  "totalUsdBalance": 8362.042110652468
}