{
  "ethBalance": 0.04272247540230626,
  "usdtBalance": 0,
  "usdcBalance": 0,
  "kenduBalance": 517214787.4674407,
  "ethBalanceInUsd": 105.31431966471712,
  "kenduBalanceInUsd": 27039.9890887978,
  "totalUsdBalance": 105.31431966471712
}