{
  "ethBalance": 0.045462183917402754,
  "usdtBalance": 0,
  "usdcBalance": 0,
  "kenduBalance": 307214787.46744066,
  "ethBalanceInUsd": 119.64964874301643,
  "kenduBalanceInUsd": 18208.62045319521,
  "totalUsdBalance": 119.64964874301643
}