{
  "ethBalance": 0.038589031500035925,
  "usdtBalance": 0,
  "usdcBalance": 0,
  "kenduBalance": 35199894.08324558,
  "ethBalanceInUsd": 121.8934891410535,
  "kenduBalanceInUsd": 950.7491391884632,
  "totalUsdBalance": 121.8934891410535
}