{
  "ethBalance": 0.700034011230498,
  "usdtBalance": 0,
  "usdcBalance": null,
  "kenduBalance": 4482236645.828448,
  "ethBalanceInUsd": 3117.7694771777183,
  "kenduBalanceInUsd": 57014.05013493786,
  "totalUsdBalance": null
}