{
  "ethBalance": 0.9904211583199757,
  "usdtBalance": 0,
  "usdcBalance": null,
  "kenduBalance": 4745282940.56362,
  "ethBalanceInUsd": 4109.257385869579,
  "kenduBalanceInUsd": 76351.60251366864,
  "totalUsdBalance": null
}