{
  "ethBalance": 0.0624422229661258,
  "usdtBalance": 0,
  "usdcBalance": 0,
  "kenduBalance": 6384544426.92592,
  "ethBalanceInUsd": 119.26402144307062,
  "kenduBalanceInUsd": 45074.88365409699,
  "totalUsdBalance": 119.26402144307062
}