{
  "ethBalance": 0.038589031500035925,
  "usdtBalance": 0,
  "usdcBalance": 0,
  "kenduBalance": 35199894.08324558,
  "ethBalanceInUsd": 143.1599044007233,
  "kenduBalanceInUsd": 681.117950510802,
  "totalUsdBalance": 143.1599044007233
}