{
  "ethBalance": 0.038589031500035925,
  "usdtBalance": 0,
  "usdcBalance": 0,
  "kenduBalance": 35199894.08324558,
  "ethBalanceInUsd": 93.73777408768227,
  "kenduBalanceInUsd": 1965.5620856084333,
  "totalUsdBalance": 93.73777408768227
}