{
  "ethBalance": 0.3196155371451788,
  "usdtBalance": 0,
  "usdcBalance": 884.463046,
  "kenduBalance": 5453954448.539579,
  "ethBalanceInUsd": 659.2294184495315,
  "kenduBalanceInUsd": 37468.66706146691,
  "totalUsdBalance": 1543.6924644495316
}