{
  "ethBalance": 0.038589031500035925,
  "usdtBalance": 0,
  "usdcBalance": 0,
  "kenduBalance": 35199894.08324558,
  "ethBalanceInUsd": 131.35513377454728,
  "kenduBalanceInUsd": 368.1908921107488,
  "totalUsdBalance": 131.35513377454728
}