{
  "ethBalance": 0.5002741579676101,
  "usdtBalance": 0,
  "usdcBalance": 100,
  "kenduBalance": 4855925261.348792,
  "ethBalanceInUsd": 1260.6258424378416,
  "kenduBalanceInUsd": 126691.09006858998,
  "totalUsdBalance": 1360.6258424378416
}