{
  "ethBalance": 0.0624422229661258,
  "usdtBalance": 0,
  "usdcBalance": 0,
  "kenduBalance": 6379544426.92592,
  "ethBalanceInUsd": 143.2487037065892,
  "kenduBalanceInUsd": 54481.30940594735,
  "totalUsdBalance": 143.2487037065892
}