{
  "ethBalance": 8.056063080971311,
  "usdtBalance": 22313.097842,
  "usdcBalance": 88.007775,
  "kenduBalance": 319721753.5049916,
  "ethBalanceInUsd": 25457.239896500156,
  "kenduBalanceInUsd": 42558.16260904943,
  "totalUsdBalance": 47858.34551350015
}