{
  "ethBalance": 0.038589031500035925,
  "usdtBalance": 0,
  "usdcBalance": 0,
  "kenduBalance": 35199894.08324558,
  "ethBalanceInUsd": 102.04020421491501,
  "kenduBalanceInUsd": 1455.8676192830371,
  "totalUsdBalance": 102.04020421491501
}