{
  "ethBalance": 0.5002741579676101,
  "usdtBalance": 0,
  "usdcBalance": 100,
  "kenduBalance": 4855925261.348792,
  "ethBalanceInUsd": 1245.3674806198294,
  "kenduBalanceInUsd": 115473.90271487428,
  "totalUsdBalance": 1345.3674806198294
}