{
  "ethBalance": 0.3579488855246269,
  "usdtBalance": 0,
  "usdcBalance": 0,
  "kenduBalance": 3705282011.416198,
  "ethBalanceInUsd": 642.4538187173108,
  "kenduBalanceInUsd": 45352.65181973426,
  "totalUsdBalance": 642.4538187173108
}