{
  "ethBalance": 0.3579488855246269,
  "usdtBalance": 0,
  "usdcBalance": 0,
  "kenduBalance": 3705282011.416198,
  "ethBalanceInUsd": 644.0860656353032,
  "kenduBalanceInUsd": 45945.49694156085,
  "totalUsdBalance": 644.0860656353032
}