{
  "ethBalance": 0.30943876692005484,
  "usdtBalance": 0,
  "usdcBalance": 0,
  "kenduBalance": 8110029020.399477,
  "ethBalanceInUsd": 842.3480225344348,
  "kenduBalanceInUsd": 102024.16507662542,
  "totalUsdBalance": 842.3480225344348
}