{
  "ethBalance": 0.5002741579676101,
  "usdtBalance": 0,
  "usdcBalance": 100,
  "kenduBalance": 4855925261.348792,
  "ethBalanceInUsd": 1276.0242810200848,
  "kenduBalanceInUsd": 149611.0573021563,
  "totalUsdBalance": 1376.0242810200848
}