{
  "ethBalance": 0.04459919224178026,
  "usdtBalance": 0,
  "usdcBalance": 0,
  "kenduBalance": 517214787.4674407,
  "ethBalanceInUsd": 103.43310867136952,
  "kenduBalanceInUsd": 27402.039440025008,
  "totalUsdBalance": 103.43310867136952
}