{
  "ethBalance": 0.04272247540230626,
  "usdtBalance": 0,
  "usdcBalance": 0,
  "kenduBalance": 517214787.4674407,
  "ethBalanceInUsd": 101.08992129693706,
  "kenduBalanceInUsd": 24045.315469361318,
  "totalUsdBalance": 101.08992129693706
}