{
  "ethBalance": 13.47560135212183,
  "usdtBalance": 3949.089252,
  "usdcBalance": 8005.206012,
  "kenduBalance": 10805029020.399477,
  "ethBalanceInUsd": 43776.29952844889,
  "kenduBalanceInUsd": 175689.7718716955,
  "totalUsdBalance": 55730.594792448894
}