{
  "ethBalance": 0.3117728554842481,
  "usdtBalance": 0,
  "usdcBalance": 0.463046,
  "kenduBalance": 4113980899.4295063,
  "ethBalanceInUsd": 629.2854492379612,
  "kenduBalanceInUsd": 53111.493411634925,
  "totalUsdBalance": 629.7484952379612
}