{
  "ethBalance": 0.04459919224178026,
  "usdtBalance": 0,
  "usdcBalance": 0,
  "kenduBalance": 517214787.4674407,
  "ethBalanceInUsd": 113.2328891826559,
  "kenduBalanceInUsd": 29962.252637988844,
  "totalUsdBalance": 113.2328891826559
}