{
  "ethBalance": 0.038589031500035925,
  "usdtBalance": 0,
  "usdcBalance": 0,
  "kenduBalance": 35199894.08324558,
  "ethBalanceInUsd": 95.34192012713875,
  "kenduBalanceInUsd": 2022.2339150824587,
  "totalUsdBalance": 95.34192012713875
}