{
  "ethBalance": 0.038589031500035925,
  "usdtBalance": 0,
  "usdcBalance": 0,
  "kenduBalance": 35199894.08324558,
  "ethBalanceInUsd": 129.35545016221542,
  "kenduBalanceInUsd": 975.3890650467351,
  "totalUsdBalance": 129.35545016221542
}