{
  "ethBalance": 0.7404211583199757,
  "usdtBalance": 0,
  "usdcBalance": null,
  "kenduBalance": 4745282940.56362,
  "ethBalanceInUsd": 2997.054552012848,
  "kenduBalanceInUsd": 91583.96075287787,
  "totalUsdBalance": null
}