{
  "ethBalance": 0.3117728554842481,
  "usdtBalance": 0,
  "usdcBalance": 0.463046,
  "kenduBalance": 4113980899.4295063,
  "ethBalanceInUsd": 629.2355655810837,
  "kenduBalanceInUsd": 53481.75169258358,
  "totalUsdBalance": 629.6986115810837
}