{
  "ethBalance": 0.045462183917402754,
  "usdtBalance": 0,
  "usdcBalance": 0,
  "kenduBalance": 307214787.46744066,
  "ethBalanceInUsd": 118.98817396701824,
  "kenduBalanceInUsd": 27486.507034711914,
  "totalUsdBalance": 118.98817396701824
}