{
  "ethBalance": 13.475892841222715,
  "usdtBalance": 3949.089252,
  "usdcBalance": 8005.206012,
  "kenduBalance": 10903927414.89931,
  "ethBalanceInUsd": 44050.13327831722,
  "kenduBalanceInUsd": 205320.953222554,
  "totalUsdBalance": 56004.42854231722
}