{
  "ethBalance": 0.0660488809860724,
  "usdtBalance": 0,
  "usdcBalance": 0,
  "kenduBalance": 7622102282.100412,
  "ethBalanceInUsd": 181.3735296318041,
  "kenduBalanceInUsd": 67608.04724223066,
  "totalUsdBalance": 181.3735296318041
}