{
  "ethBalance": 0.038589031500035925,
  "usdtBalance": 0,
  "usdcBalance": 0,
  "kenduBalance": 35199894.08324558,
  "ethBalanceInUsd": 131.11279465672706,
  "kenduBalanceInUsd": 926.8132112118562,
  "totalUsdBalance": 131.11279465672706
}