{
  "ethBalance": 4.092998430208601,
  "usdtBalance": 0,
  "usdcBalance": 0,
  "kenduBalance": 8305029020.399477,
  "ethBalanceInUsd": 11132.014340528447,
  "kenduBalanceInUsd": 123578.83182354421,
  "totalUsdBalance": 11132.014340528447
}