{
  "ethBalance": 0.04459919224178026,
  "usdtBalance": 0,
  "usdcBalance": 0,
  "kenduBalance": 517214787.4674407,
  "ethBalanceInUsd": 109.53650812965715,
  "kenduBalanceInUsd": 35439.55723726904,
  "totalUsdBalance": 109.53650812965715
}