{
  "ethBalance": 0.04272247540230626,
  "usdtBalance": 0,
  "usdcBalance": 0,
  "kenduBalance": 517214787.4674407,
  "ethBalanceInUsd": 111.05963815681926,
  "kenduBalanceInUsd": 29522.620068641518,
  "totalUsdBalance": 111.05963815681926
}