{
  "ethBalance": 0.5002741579676101,
  "usdtBalance": 0,
  "usdcBalance": 100,
  "kenduBalance": 4855925261.348792,
  "ethBalanceInUsd": 1212.5745095650527,
  "kenduBalanceInUsd": 101731.63422525719,
  "totalUsdBalance": 1312.5745095650527
}