{
  "ethBalance": 3.9773126053695473,
  "usdtBalance": 0,
  "usdcBalance": 0,
  "kenduBalance": 8110029020.399477,
  "ethBalanceInUsd": 10800.11396799863,
  "kenduBalanceInUsd": 107782.28568110905,
  "totalUsdBalance": 10800.11396799863
}