{
  "ethBalance": 0.3196155371451788,
  "usdtBalance": 0,
  "usdcBalance": 884.463046,
  "kenduBalance": 5453954448.539579,
  "ethBalanceInUsd": 644.9521924052564,
  "kenduBalanceInUsd": 38286.760228747844,
  "totalUsdBalance": 1529.4152384052563
}