{
  "ethBalance": 2.037084045317489,
  "usdtBalance": 0,
  "usdcBalance": 0,
  "kenduBalance": 8110029020.399477,
  "ethBalanceInUsd": 5447.040512136246,
  "kenduBalanceInUsd": 101537.56333540146,
  "totalUsdBalance": 5447.040512136246
}