{
  "ethBalance": 0.12545362288007134,
  "usdtBalance": 71,
  "usdcBalance": 0,
  "kenduBalance": 13187362985.903593,
  "ethBalanceInUsd": 415.13607439998646,
  "kenduBalanceInUsd": 359355.6413658729,
  "totalUsdBalance": 486.13607439998646
}