{
  "ethBalance": 0.04459919224178026,
  "usdtBalance": 0,
  "usdcBalance": 0,
  "kenduBalance": 517214787.4674407,
  "ethBalanceInUsd": 110.39415059646659,
  "kenduBalanceInUsd": 36386.06029833446,
  "totalUsdBalance": 110.39415059646659
}