{
  "ethBalance": 0.04459919224178026,
  "usdtBalance": 0,
  "usdcBalance": 0,
  "kenduBalance": 517214787.4674407,
  "ethBalanceInUsd": 113.78368920684188,
  "kenduBalanceInUsd": 29351.939188777258,
  "totalUsdBalance": 113.78368920684188
}