{
  "ethBalance": 0.5002741579676101,
  "usdtBalance": 0,
  "usdcBalance": 100,
  "kenduBalance": 4855925261.348792,
  "ethBalanceInUsd": 1264.4779534541924,
  "kenduBalanceInUsd": 124263.1274379156,
  "totalUsdBalance": 1364.4779534541924
}