{
  "ethBalance": 0.04459919224178026,
  "usdtBalance": 0,
  "usdcBalance": 0,
  "kenduBalance": 517214787.4674407,
  "ethBalanceInUsd": 101.73298746311286,
  "kenduBalanceInUsd": 22612.63050807651,
  "totalUsdBalance": 101.73298746311286
}