{
  "ethBalance": 0.04459919224178026,
  "usdtBalance": 0,
  "usdcBalance": 0,
  "kenduBalance": 517214787.4674407,
  "ethBalanceInUsd": 113.66817729893566,
  "kenduBalanceInUsd": 29103.67609079289,
  "totalUsdBalance": 113.66817729893566
}