{
  "ethBalance": 0.3117728554842481,
  "usdtBalance": 0,
  "usdcBalance": 0.463046,
  "kenduBalance": 4113980899.4295063,
  "ethBalanceInUsd": 561.3376731137242,
  "kenduBalanceInUsd": 44677.832567804435,
  "totalUsdBalance": 561.8007191137242
}