{
  "ethBalance": 0.038589031500035925,
  "usdtBalance": 0,
  "usdcBalance": 0,
  "kenduBalance": 35199894.08324558,
  "ethBalanceInUsd": 99.2540761406124,
  "kenduBalanceInUsd": 1090.8447176397806,
  "totalUsdBalance": 99.2540761406124
}