{
  "ethBalance": 0.038589031500035925,
  "usdtBalance": 0,
  "usdcBalance": 0,
  "kenduBalance": 35199894.08324558,
  "ethBalanceInUsd": 150.00791393071967,
  "kenduBalanceInUsd": 1202.0763829428367,
  "totalUsdBalance": 150.00791393071967
}