{
  "ethBalance": 0.038589031500035925,
  "usdtBalance": 0,
  "usdcBalance": 0,
  "kenduBalance": 35199894.08324558,
  "ethBalanceInUsd": 127.12153112867834,
  "kenduBalanceInUsd": 316.09504886754536,
  "totalUsdBalance": 127.12153112867834
}