{
  "ethBalance": 0.10788809429719365,
  "usdtBalance": 3946.421819,
  "usdcBalance": 0,
  "kenduBalance": 13268928669.075045,
  "ethBalanceInUsd": 356.299352535539,
  "kenduBalanceInUsd": 320577.31664485304,
  "totalUsdBalance": 4302.721171535539
}