{
  "ethBalance": 0.5002741579676101,
  "usdtBalance": 0,
  "usdcBalance": 100,
  "kenduBalance": 4855925261.348792,
  "ethBalanceInUsd": 1387.0000974820396,
  "kenduBalanceInUsd": 140579.03631604754,
  "totalUsdBalance": 1487.0000974820396
}