{
  "ethBalance": 0.038589031500035925,
  "usdtBalance": 0,
  "usdcBalance": 0,
  "kenduBalance": 35199894.08324558,
  "ethBalanceInUsd": 126.37792049167264,
  "kenduBalanceInUsd": 746.2377545648063,
  "totalUsdBalance": 126.37792049167264
}