{
  "ethBalance": 0.04459919224178026,
  "usdtBalance": 0,
  "usdcBalance": 0,
  "kenduBalance": 517214787.4674407,
  "ethBalanceInUsd": 113.8269504233164,
  "kenduBalanceInUsd": 29827.776793247307,
  "totalUsdBalance": 113.8269504233164
}