{
  "ethBalance": 0.038589031500035925,
  "usdtBalance": 0,
  "usdcBalance": 0,
  "kenduBalance": 35199894.08324558,
  "ethBalanceInUsd": 154.02387443892837,
  "kenduBalanceInUsd": 1630.1070949951031,
  "totalUsdBalance": 154.02387443892837
}