{
  "ethBalance": 0.04272247540230626,
  "usdtBalance": 0,
  "usdcBalance": 0,
  "kenduBalance": 517214787.4674407,
  "ethBalanceInUsd": 110.53927840641917,
  "kenduBalanceInUsd": 30039.83485610896,
  "totalUsdBalance": 110.53927840641917
}