{
  "ethBalance": 0.038589031500035925,
  "usdtBalance": 0,
  "usdcBalance": 0,
  "kenduBalance": 35199894.08324558,
  "ethBalanceInUsd": 129.87292907463092,
  "kenduBalanceInUsd": 762.4297058430993,
  "totalUsdBalance": 129.87292907463092
}