{
  "ethBalance": 0.038589031500035925,
  "usdtBalance": 0,
  "usdcBalance": 0,
  "kenduBalance": 35199894.08324558,
  "ethBalanceInUsd": 127.23035219750845,
  "kenduBalanceInUsd": 303.7750859384094,
  "totalUsdBalance": 127.23035219750845
}