{
  "ethBalance": 0.04272247540230626,
  "usdtBalance": 0,
  "usdcBalance": 0,
  "kenduBalance": 517214787.4674407,
  "ethBalanceInUsd": 111.13482971352732,
  "kenduBalanceInUsd": 26300.37194271936,
  "totalUsdBalance": 111.13482971352732
}