{
  "ethBalance": 0.3196155371451788,
  "usdtBalance": 0,
  "usdcBalance": 884.463046,
  "kenduBalance": 5453954448.539579,
  "ethBalanceInUsd": 606.4992471313199,
  "kenduBalanceInUsd": 38177.68113977706,
  "totalUsdBalance": 1490.9622931313197
}