{
  "ethBalance": 0.045462183917402754,
  "usdtBalance": 0,
  "usdcBalance": 0,
  "kenduBalance": 307214787.46744066,
  "ethBalanceInUsd": 119.35005295100076,
  "kenduBalanceInUsd": 21526.540157843567,
  "totalUsdBalance": 119.35005295100076
}