{
  "ethBalance": 0.35703877941042383,
  "usdtBalance": 0,
  "usdcBalance": 0,
  "kenduBalance": 4855947774.956796,
  "ethBalanceInUsd": 887.8590439232833,
  "kenduBalanceInUsd": 161994.4177725587,
  "totalUsdBalance": 887.8590439232833
}