{
  "ethBalance": 0.038589031500035925,
  "usdtBalance": 0,
  "usdcBalance": 0,
  "kenduBalance": 35199894.08324558,
  "ethBalanceInUsd": 100.99907214504404,
  "kenduBalanceInUsd": 1234.4602854994225,
  "totalUsdBalance": 100.99907214504404
}