{
  "ethBalance": 0.03983369884579122,
  "usdtBalance": 0,
  "usdcBalance": 0,
  "kenduBalance": 1091213805.8365645,
  "ethBalanceInUsd": 103.97312405330733,
  "kenduBalanceInUsd": 46125.60757271158,
  "totalUsdBalance": 103.97312405330733
}