{
  "ethBalance": 0.04272247540230626,
  "usdtBalance": 0,
  "usdcBalance": 0,
  "kenduBalance": 517214787.4674407,
  "ethBalanceInUsd": 103.98436900544331,
  "kenduBalanceInUsd": 21759.226108755232,
  "totalUsdBalance": 103.98436900544331
}