{
  "ethBalance": 0.0660488809860724,
  "usdtBalance": 0,
  "usdcBalance": 0,
  "kenduBalance": 7622102282.100412,
  "ethBalanceInUsd": 166.2958910803035,
  "kenduBalanceInUsd": 57165.76711575309,
  "totalUsdBalance": 166.2958910803035
}