{
  "ethBalance": 0.0624422229661258,
  "usdtBalance": 0,
  "usdcBalance": 0,
  "kenduBalance": 6384544426.92592,
  "ethBalanceInUsd": 132.45119451128673,
  "kenduBalanceInUsd": 49288.682975868105,
  "totalUsdBalance": 132.45119451128673
}