{
  "ethBalance": 0.038589031500035925,
  "usdtBalance": 0,
  "usdcBalance": 0,
  "kenduBalance": 35199894.08324558,
  "ethBalanceInUsd": 131.3435570650973,
  "kenduBalanceInUsd": 605.438178231824,
  "totalUsdBalance": 131.3435570650973
}