{
  "ethBalance": 0.3579488855246269,
  "usdtBalance": 0,
  "usdcBalance": 0,
  "kenduBalance": 3705282011.416198,
  "ethBalanceInUsd": 644.708896696116,
  "kenduBalanceInUsd": 47168.240005328196,
  "totalUsdBalance": 644.708896696116
}