{
  "ethBalance": 0.038589031500035925,
  "usdtBalance": 0,
  "usdcBalance": 0,
  "kenduBalance": 35199894.08324558,
  "ethBalanceInUsd": 134.16017047428488,
  "kenduBalanceInUsd": 764.541699488094,
  "totalUsdBalance": 134.16017047428488
}