{
  "ethBalance": 0.06254024854608203,
  "usdtBalance": 0,
  "usdcBalance": 0,
  "kenduBalance": 6456272656.749752,
  "ethBalanceInUsd": 132.57031725804288,
  "kenduBalanceInUsd": 52812.31033221297,
  "totalUsdBalance": 132.57031725804288
}