{
  "ethBalance": 0.038589031500035925,
  "usdtBalance": 0,
  "usdcBalance": 0,
  "kenduBalance": 35199894.08324558,
  "ethBalanceInUsd": 155.02525980635434,
  "kenduBalanceInUsd": 1735.3547783040071,
  "totalUsdBalance": 155.02525980635434
}