{
  "ethBalance": 0.038589031500035925,
  "usdtBalance": 0,
  "usdcBalance": 0,
  "kenduBalance": 35199894.08324558,
  "ethBalanceInUsd": 114.71515750141678,
  "kenduBalanceInUsd": 1831.4504891512677,
  "totalUsdBalance": 114.71515750141678
}