{
  "ethBalance": 0.04459919224178026,
  "usdtBalance": 0,
  "usdcBalance": 0,
  "kenduBalance": 517214787.4674407,
  "ethBalanceInUsd": 112.4412535203643,
  "kenduBalanceInUsd": 33893.08502274139,
  "totalUsdBalance": 112.4412535203643
}