{
  "ethBalance": 0.045462183917402754,
  "usdtBalance": 0,
  "usdcBalance": 0,
  "kenduBalance": 307214787.46744066,
  "ethBalanceInUsd": 119.14774623256831,
  "kenduBalanceInUsd": 27483.434886837244,
  "totalUsdBalance": 119.14774623256831
}