{
  "ethBalance": 0.5002741579676101,
  "usdtBalance": 0,
  "usdcBalance": 100,
  "kenduBalance": 4855925261.348792,
  "ethBalanceInUsd": 1247.398593701178,
  "kenduBalanceInUsd": 110229.50343261758,
  "totalUsdBalance": 1347.398593701178
}