{
  "ethBalance": 0.04272247540230626,
  "usdtBalance": 0,
  "usdcBalance": 0,
  "kenduBalance": 517214787.4674407,
  "ethBalanceInUsd": 113.19576192693458,
  "kenduBalanceInUsd": 29507.10362501749,
  "totalUsdBalance": 113.19576192693458
}