{
  "ethBalance": 0.038589031500035925,
  "usdtBalance": 0,
  "usdcBalance": 0,
  "kenduBalance": 35199894.08324558,
  "ethBalanceInUsd": 128.888522881065,
  "kenduBalanceInUsd": 910.6212599335632,
  "totalUsdBalance": 128.888522881065
}