{
  "ethBalance": 0.0624422229661258,
  "usdtBalance": 0,
  "usdcBalance": 0,
  "kenduBalance": 6379544426.92592,
  "ethBalanceInUsd": 139.9848487121498,
  "kenduBalanceInUsd": 51546.718969561436,
  "totalUsdBalance": 139.9848487121498
}