{
  "ethBalance": 0.038589031500035925,
  "usdtBalance": 0,
  "usdcBalance": 0,
  "kenduBalance": 35199894.08324558,
  "ethBalanceInUsd": 127.97203338293914,
  "kenduBalanceInUsd": 1167.2284878004236,
  "totalUsdBalance": 127.97203338293914
}