{
  "ethBalance": 0.038589031500035925,
  "usdtBalance": 0,
  "usdcBalance": 0,
  "kenduBalance": 35199894.08324558,
  "ethBalanceInUsd": 146.1899151541061,
  "kenduBalanceInUsd": 1256.9882177127,
  "totalUsdBalance": 146.1899151541061
}