{
  "ethBalance": 13.475892841222715,
  "usdtBalance": 3949.089252,
  "usdcBalance": 8005.206012,
  "kenduBalance": 10903927414.89931,
  "ethBalanceInUsd": 44766.78125961344,
  "kenduBalanceInUsd": 203576.3248361701,
  "totalUsdBalance": 56721.07652361344
}