{
  "ethBalance": 0.35769432885289126,
  "usdtBalance": 0,
  "usdcBalance": 0,
  "kenduBalance": 4514955040.756332,
  "ethBalanceInUsd": 909.9314492822931,
  "kenduBalanceInUsd": 77341.17984815598,
  "totalUsdBalance": 909.9314492822931
}