{
  "ethBalance": 0.038589031500035925,
  "usdtBalance": 0,
  "usdcBalance": 0,
  "kenduBalance": 35199894.08324558,
  "ethBalanceInUsd": 95.48161242116889,
  "kenduBalanceInUsd": 1120.7646276105393,
  "totalUsdBalance": 95.48161242116889
}