{
  "ethBalance": 18.27649738337883,
  "usdtBalance": 0,
  "usdcBalance": 0,
  "kenduBalance": 10805029020.399477,
  "ethBalanceInUsd": 50499.78992001404,
  "kenduBalanceInUsd": 146408.1432264129,
  "totalUsdBalance": 50499.78992001404
}