{
  "ethBalance": 0.30943876692005484,
  "usdtBalance": 0,
  "usdcBalance": 0,
  "kenduBalance": 8110029020.399477,
  "ethBalanceInUsd": 848.7193667453188,
  "kenduBalanceInUsd": 85074.20442399051,
  "totalUsdBalance": 848.7193667453188
}