{
  "ethBalance": 0.04459919224178026,
  "usdtBalance": 0,
  "usdcBalance": 0,
  "kenduBalance": 517214787.4674407,
  "ethBalanceInUsd": 109.83443073383224,
  "kenduBalanceInUsd": 34224.10248672055,
  "totalUsdBalance": 109.83443073383224
}