{
  "ethBalance": 0.5002741579676101,
  "usdtBalance": 0,
  "usdcBalance": 100,
  "kenduBalance": 4855925261.348792,
  "ethBalanceInUsd": 1246.413053609982,
  "kenduBalanceInUsd": 109938.14791693665,
  "totalUsdBalance": 1346.413053609982
}