{
  "ethBalance": 0.5002741579676101,
  "usdtBalance": 0,
  "usdcBalance": 100,
  "kenduBalance": 4855925261.348792,
  "ethBalanceInUsd": 1269.0604647411756,
  "kenduBalanceInUsd": 115376.7842096473,
  "totalUsdBalance": 1369.0604647411756
}