{
  "ethBalance": 0.038589031500035925,
  "usdtBalance": 0,
  "usdcBalance": 0,
  "kenduBalance": 35199894.08324558,
  "ethBalanceInUsd": 95.09109142238852,
  "kenduBalanceInUsd": 1988.0900178217105,
  "totalUsdBalance": 95.09109142238852
}