{
  "ethBalance": 0.5002741579676101,
  "usdtBalance": 0,
  "usdcBalance": 100,
  "kenduBalance": 4855925261.348792,
  "ethBalanceInUsd": 1250.4402605816213,
  "kenduBalanceInUsd": 124360.24594314257,
  "totalUsdBalance": 1350.4402605816213
}