{
  "ethBalance": 0.35779268808449755,
  "usdtBalance": 0,
  "usdcBalance": 0,
  "kenduBalance": 4546950453.600369,
  "ethBalanceInUsd": 842.4693971444005,
  "kenduBalanceInUsd": 76797.99316131024,
  "totalUsdBalance": 842.4693971444005
}