{
  "ethBalance": 0.11828269992644785,
  "usdtBalance": 0,
  "usdcBalance": 0,
  "kenduBalance": 12696082608.223658,
  "ethBalanceInUsd": 382.56291919910956,
  "kenduBalanceInUsd": 324892.7539444434,
  "totalUsdBalance": 382.56291919910956
}