{
  "ethBalance": 0.06254024854608203,
  "usdtBalance": 0,
  "usdcBalance": 0,
  "kenduBalance": 6456272656.749752,
  "ethBalanceInUsd": 136.01565955044651,
  "kenduBalanceInUsd": 60301.58661404269,
  "totalUsdBalance": 136.01565955044651
}