{
  "ethBalance": 0.04459919224178026,
  "usdtBalance": 0,
  "usdcBalance": 0,
  "kenduBalance": 517214787.4674407,
  "ethBalanceInUsd": 105.80087978748564,
  "kenduBalanceInUsd": 28027.869332860613,
  "totalUsdBalance": 105.80087978748564
}