{
  "ethBalance": 0.04272247540230626,
  "usdtBalance": 0,
  "usdcBalance": 0,
  "kenduBalance": 517214787.4674407,
  "ethBalanceInUsd": 114.24630759707729,
  "kenduBalanceInUsd": 27381.350848526312,
  "totalUsdBalance": 114.24630759707729
}