{
  "ethBalance": 0.038589031500035925,
  "usdtBalance": 0,
  "usdcBalance": 0,
  "kenduBalance": 35199894.08324558,
  "ethBalanceInUsd": 127.87633258481905,
  "kenduBalanceInUsd": 761.373709020602,
  "totalUsdBalance": 127.87633258481905
}