{
  "ethBalance": 0.038589031500035925,
  "usdtBalance": 0,
  "usdcBalance": 0,
  "kenduBalance": 35199894.08324558,
  "ethBalanceInUsd": 126.6414835768179,
  "kenduBalanceInUsd": 670.9099812266609,
  "totalUsdBalance": 126.6414835768179
}