{
  "ethBalance": 3.9773126053695473,
  "usdtBalance": 0,
  "usdcBalance": 0,
  "kenduBalance": 8110029020.399477,
  "ethBalanceInUsd": 10530.491946480628,
  "kenduBalanceInUsd": 105187.0763945812,
  "totalUsdBalance": 10530.491946480628
}