{
  "ethBalance": 0.35703877941042383,
  "usdtBalance": 0,
  "usdcBalance": 0,
  "kenduBalance": 4855947774.956796,
  "ethBalanceInUsd": 913.5979695309808,
  "kenduBalanceInUsd": 192926.8050990335,
  "totalUsdBalance": 913.5979695309808
}