{
  "ethBalance": 0.5002741579676101,
  "usdtBalance": 0,
  "usdcBalance": 100,
  "kenduBalance": 4855925261.348792,
  "ethBalanceInUsd": 1318.4375241325786,
  "kenduBalanceInUsd": 143492.59147285682,
  "totalUsdBalance": 1418.4375241325786
}