{
  "ethBalance": 0.038589031500035925,
  "usdtBalance": 0,
  "usdcBalance": 0,
  "kenduBalance": 35199894.08324558,
  "ethBalanceInUsd": 129.18720198487526,
  "kenduBalanceInUsd": 915.1972461643851,
  "totalUsdBalance": 129.18720198487526
}