{
  "ethBalance": 0.038589031500035925,
  "usdtBalance": 0,
  "usdcBalance": 0,
  "kenduBalance": 35199894.08324558,
  "ethBalanceInUsd": 121.55429155416816,
  "kenduBalanceInUsd": 1734.6507804223425,
  "totalUsdBalance": 121.55429155416816
}