{
  "ethBalance": 0.0624422229661258,
  "usdtBalance": 0,
  "usdcBalance": 0,
  "kenduBalance": 6384544426.92592,
  "ethBalanceInUsd": 116.90807637055869,
  "kenduBalanceInUsd": 42201.83866198033,
  "totalUsdBalance": 116.90807637055869
}