{
  "ethBalance": 0.5002741579676101,
  "usdtBalance": 0,
  "usdcBalance": 100,
  "kenduBalance": 4855925261.348792,
  "ethBalanceInUsd": 1253.682037125251,
  "kenduBalanceInUsd": 124991.51622711791,
  "totalUsdBalance": 1353.682037125251
}