{
  "ethBalance": 0.038589031500035925,
  "usdtBalance": 0,
  "usdcBalance": 0,
  "kenduBalance": 35199894.08324558,
  "ethBalanceInUsd": 117.74169524196462,
  "kenduBalanceInUsd": 675.8379663983152,
  "totalUsdBalance": 117.74169524196462
}