{
  "ethBalance": 0.03983369884579122,
  "usdtBalance": 0,
  "usdcBalance": 0,
  "kenduBalance": 1091213805.8365645,
  "ethBalanceInUsd": 103.9743190642727,
  "kenduBalanceInUsd": 45318.109356392524,
  "totalUsdBalance": 103.9743190642727
}