{
  "ethBalance": 0.038589031500035925,
  "usdtBalance": 0,
  "usdcBalance": 0,
  "kenduBalance": 35199894.08324558,
  "ethBalanceInUsd": 142.82032092352296,
  "kenduBalanceInUsd": 933.5011910876729,
  "totalUsdBalance": 142.82032092352296
}