{
  "ethBalance": 0.0624422229661258,
  "usdtBalance": 0,
  "usdcBalance": 0,
  "kenduBalance": 6379544426.92592,
  "ethBalanceInUsd": 147.60779529185444,
  "kenduBalanceInUsd": 65390.33037599068,
  "totalUsdBalance": 147.60779529185444
}