{
  "ethBalance": 0.038589031500035925,
  "usdtBalance": 0,
  "usdcBalance": 0,
  "kenduBalance": 35199894.08324558,
  "ethBalanceInUsd": 135.4455711135511,
  "kenduBalanceInUsd": 1228.8283024461034,
  "totalUsdBalance": 135.4455711135511
}