{
  "ethBalance": 0.3194927667359207,
  "usdtBalance": 0,
  "usdcBalance": 884.463046,
  "kenduBalance": 4753954448.539579,
  "ethBalanceInUsd": 629.3144874227451,
  "kenduBalanceInUsd": 32231.81116109835,
  "totalUsdBalance": 1513.777533422745
}