{
  "ethBalance": 0.35779268808449755,
  "usdtBalance": 0,
  "usdcBalance": 0,
  "kenduBalance": 3546950453.60037,
  "ethBalanceInUsd": 679.6057434552181,
  "kenduBalanceInUsd": 43166.387020316506,
  "totalUsdBalance": 679.6057434552181
}