{
  "ethBalance": 0.9903603877171636,
  "usdtBalance": 0,
  "usdcBalance": 100,
  "kenduBalance": null,
  "ethBalanceInUsd": 4554.855591584901,
  "kenduBalanceInUsd": null,
  "totalUsdBalance": 4654.855591584901
}