{
  "ethBalance": 0.30943876692005484,
  "usdtBalance": 0,
  "usdcBalance": 0,
  "kenduBalance": 8110029020.399477,
  "ethBalanceInUsd": 828.1416887451352,
  "kenduBalanceInUsd": 90832.32502847414,
  "totalUsdBalance": 828.1416887451352
}