{
  "ethBalance": 0.038589031500035925,
  "usdtBalance": 0,
  "usdcBalance": 0,
  "kenduBalance": 35199894.08324558,
  "ethBalanceInUsd": 128.98962614359507,
  "kenduBalanceInUsd": 1041.9168648640693,
  "totalUsdBalance": 128.98962614359507
}