{
  "ethBalance": 0.0660488809860724,
  "usdtBalance": 0,
  "usdcBalance": 0,
  "kenduBalance": 7622102282.100412,
  "ethBalanceInUsd": 160.63880442384638,
  "kenduBalanceInUsd": 57013.32507011109,
  "totalUsdBalance": 160.63880442384638
}