{
  "ethBalance": 0.038589031500035925,
  "usdtBalance": 0,
  "usdcBalance": 0,
  "kenduBalance": 35199894.08324558,
  "ethBalanceInUsd": 116.87189847195381,
  "kenduBalanceInUsd": 1876.8583525186543,
  "totalUsdBalance": 116.87189847195381
}