{
  "ethBalance": 0.30943876692005484,
  "usdtBalance": 0,
  "usdcBalance": 0,
  "kenduBalance": 8110029020.399477,
  "ethBalanceInUsd": 828.4758826134088,
  "kenduBalanceInUsd": 81911.29310603472,
  "totalUsdBalance": 828.4758826134088
}