{
  "ethBalance": 0.038589031500035925,
  "usdtBalance": 0,
  "usdcBalance": 0,
  "kenduBalance": 35199894.08324558,
  "ethBalanceInUsd": 128.06040226507423,
  "kenduBalanceInUsd": 716.6698435348801,
  "totalUsdBalance": 128.06040226507423
}