{
  "ethBalance": 0.04272247540230626,
  "usdtBalance": 0,
  "usdcBalance": 0,
  "kenduBalance": 517214787.4674407,
  "ethBalanceInUsd": 107.31116816502092,
  "kenduBalanceInUsd": 29424.349259022703,
  "totalUsdBalance": 107.31116816502092
}