{
  "ethBalance": 0.04272247540230626,
  "usdtBalance": 0,
  "usdcBalance": 0,
  "kenduBalance": 517214787.4674407,
  "ethBalanceInUsd": 112.71086183111841,
  "kenduBalanceInUsd": 28700.248556568284,
  "totalUsdBalance": 112.71086183111841
}