{
  "ethBalance": 0.04459919224178026,
  "usdtBalance": 0,
  "usdcBalance": 0,
  "kenduBalance": 517214787.4674407,
  "ethBalanceInUsd": 104.49635341441358,
  "kenduBalanceInUsd": 27748.573347628197,
  "totalUsdBalance": 104.49635341441358
}