{
  "ethBalance": 0.5002741579676101,
  "usdtBalance": 0,
  "usdcBalance": 100,
  "kenduBalance": 4855925261.348792,
  "ethBalanceInUsd": 1283.0531329395296,
  "kenduBalanceInUsd": 126593.97156336301,
  "totalUsdBalance": 1383.0531329395296
}