{
  "ethBalance": 0.35703877941042383,
  "usdtBalance": 0,
  "usdcBalance": 0,
  "kenduBalance": 4855947774.956796,
  "ethBalanceInUsd": 885.2919350993222,
  "kenduBalanceInUsd": 156847.1131311045,
  "totalUsdBalance": 885.2919350993222
}