{
  "ethBalance": 0.3579488855246269,
  "usdtBalance": 0,
  "usdcBalance": 0,
  "kenduBalance": 3705282011.416198,
  "ethBalanceInUsd": 568.3655583914235,
  "kenduBalanceInUsd": 48613.29998978051,
  "totalUsdBalance": 568.3655583914235
}