{
  "ethBalance": 0.04459919224178026,
  "usdtBalance": 0,
  "usdcBalance": 0,
  "kenduBalance": 517214787.4674407,
  "ethBalanceInUsd": 106.90203384393519,
  "kenduBalanceInUsd": 26191.7568373512,
  "totalUsdBalance": 106.90203384393519
}