{
  "ethBalance": 0.3117728554842481,
  "usdtBalance": 0,
  "usdcBalance": 0.463046,
  "kenduBalance": 4113980899.4295063,
  "ethBalanceInUsd": 567.3424183103508,
  "kenduBalanceInUsd": 49861.448501085615,
  "totalUsdBalance": 567.8054643103508
}