{
  "ethBalance": 0.038589031500035925,
  "usdtBalance": 0,
  "usdcBalance": 0,
  "kenduBalance": 35199894.08324558,
  "ethBalanceInUsd": 103.04930738864093,
  "kenduBalanceInUsd": 1594.2032030301925,
  "totalUsdBalance": 103.04930738864093
}