{
  "ethBalance": 0.04459919224178026,
  "usdtBalance": 0,
  "usdcBalance": 0,
  "kenduBalance": 517214787.4674407,
  "ethBalanceInUsd": 105.47218374066371,
  "kenduBalanceInUsd": 25312.49169865655,
  "totalUsdBalance": 105.47218374066371
}