{
  "ethBalance": 0.04272247540230626,
  "usdtBalance": 0,
  "usdcBalance": 0,
  "kenduBalance": 517214787.4674407,
  "ethBalanceInUsd": 113.97929212581288,
  "kenduBalanceInUsd": 29388.144223899984,
  "totalUsdBalance": 113.97929212581288
}