{
  "ethBalance": 0.30943876692005484,
  "usdtBalance": 0,
  "usdcBalance": 0,
  "kenduBalance": 8110029020.399477,
  "ethBalanceInUsd": 855.7683818557578,
  "kenduBalanceInUsd": 88318.21603215032,
  "totalUsdBalance": 855.7683818557578
}