{
  "ethBalance": 0.038589031500035925,
  "usdtBalance": 0,
  "usdcBalance": 0,
  "kenduBalance": 35199894.08324558,
  "ethBalanceInUsd": 133.03105541259384,
  "kenduBalanceInUsd": 1061.2768066098542,
  "totalUsdBalance": 133.03105541259384
}