{
  "ethBalance": 0.0660488809860724,
  "usdtBalance": 0,
  "usdcBalance": 0,
  "kenduBalance": 7622102282.100412,
  "ethBalanceInUsd": 183.36556388234405,
  "kenduBalanceInUsd": 66998.27905966263,
  "totalUsdBalance": 183.36556388234405
}