{
  "ethBalance": 0.038589031500035925,
  "usdtBalance": 0,
  "usdcBalance": 0,
  "kenduBalance": 35199894.08324558,
  "ethBalanceInUsd": 140.47526547926577,
  "kenduBalanceInUsd": 1019.0369337099596,
  "totalUsdBalance": 140.47526547926577
}