{
  "ethBalance": 0.038589031500035925,
  "usdtBalance": 0,
  "usdcBalance": 0,
  "kenduBalance": 35199894.08324558,
  "ethBalanceInUsd": 119.17450598156096,
  "kenduBalanceInUsd": 1376.6678575957349,
  "totalUsdBalance": 119.17450598156096
}