{
  "ethBalance": 0.045462183917402754,
  "usdtBalance": 0,
  "usdcBalance": 0,
  "kenduBalance": 307214787.46744066,
  "ethBalanceInUsd": 116.93328325395161,
  "kenduBalanceInUsd": 21603.34385471043,
  "totalUsdBalance": 116.93328325395161
}