{
  "ethBalance": 0.038589031500035925,
  "usdtBalance": 0,
  "usdcBalance": 0,
  "kenduBalance": 35199894.08324558,
  "ethBalanceInUsd": 129.75446074792578,
  "kenduBalanceInUsd": 856.7654219861976,
  "totalUsdBalance": 129.75446074792578
}