{
  "ethBalance": 0.038589031500035925,
  "usdtBalance": 0,
  "usdcBalance": 0,
  "kenduBalance": 35199894.08324558,
  "ethBalanceInUsd": 130.68638585865165,
  "kenduBalanceInUsd": 840.925469648737,
  "totalUsdBalance": 130.68638585865165
}