{
  "ethBalance": 0.9903818468589797,
  "usdtBalance": 0,
  "usdcBalance": null,
  "kenduBalance": 4677192821.897994,
  "ethBalanceInUsd": 4286.065614833137,
  "kenduBalanceInUsd": 73993.19044242628,
  "totalUsdBalance": null
}