{
  "ethBalance": 0.10788809429719365,
  "usdtBalance": 3946.421819,
  "usdcBalance": 0,
  "kenduBalance": 13268928669.075045,
  "ethBalanceInUsd": 360.9029375192003,
  "kenduBalanceInUsd": 348442.06684991065,
  "totalUsdBalance": 4307.3247565192005
}