{
  "ethBalance": 0.04459919224178026,
  "usdtBalance": 0,
  "usdcBalance": 0,
  "kenduBalance": 517214787.4674407,
  "ethBalanceInUsd": 108.30601641570642,
  "kenduBalanceInUsd": 27608.925355011987,
  "totalUsdBalance": 108.30601641570642
}