{
  "ethBalance": 0.11828269992644785,
  "usdtBalance": 0,
  "usdcBalance": 0,
  "kenduBalance": 12696082608.223658,
  "ethBalanceInUsd": 387.90811440878576,
  "kenduBalanceInUsd": 277663.3266418514,
  "totalUsdBalance": 387.90811440878576
}