{
  "ethBalance": 0.038589031500035925,
  "usdtBalance": 0,
  "usdcBalance": 0,
  "kenduBalance": 35199894.08324558,
  "ethBalanceInUsd": 151.36740551046591,
  "kenduBalanceInUsd": 1597.0191945568522,
  "totalUsdBalance": 151.36740551046591
}