{
  "ethBalance": 0.3117728554842481,
  "usdtBalance": 0,
  "usdcBalance": 0.463046,
  "kenduBalance": 4113980899.4295063,
  "ethBalanceInUsd": 565.1974210646191,
  "kenduBalanceInUsd": 48380.41537729099,
  "totalUsdBalance": 565.6604670646191
}