{
  "ethBalance": 13.475892841222715,
  "usdtBalance": 3949.089252,
  "usdcBalance": 8005.206012,
  "kenduBalance": 10903927414.89931,
  "ethBalanceInUsd": 44115.626117525564,
  "kenduBalanceInUsd": 220913.56942585998,
  "totalUsdBalance": 56069.921381525564
}