{
  "ethBalance": 0.04459919224178026,
  "usdtBalance": 0,
  "usdcBalance": 0,
  "kenduBalance": 517214787.4674407,
  "ethBalanceInUsd": 114.98608342968028,
  "kenduBalanceInUsd": 38599.7395886951,
  "totalUsdBalance": 114.98608342968028
}