{
  "ethBalance": 0.038589031500035925,
  "usdtBalance": 0,
  "usdcBalance": 0,
  "kenduBalance": 35199894.08324558,
  "ethBalanceInUsd": 126.43927705175771,
  "kenduBalanceInUsd": 320.31903615753475,
  "totalUsdBalance": 126.43927705175771
}