{
  "ethBalance": 0.038589031500035925,
  "usdtBalance": 0,
  "usdcBalance": 0,
  "kenduBalance": 35199894.08324558,
  "ethBalanceInUsd": 102.72554541435564,
  "kenduBalanceInUsd": 1269.6601795826682,
  "totalUsdBalance": 102.72554541435564
}