{
  "ethBalance": 0.04272247540230626,
  "usdtBalance": 0,
  "usdcBalance": 0,
  "kenduBalance": 517214787.4674407,
  "ethBalanceInUsd": 111.31383688546299,
  "kenduBalanceInUsd": 23279.837583909506,
  "totalUsdBalance": 111.31383688546299
}