{
  "ethBalance": 0.038589031500035925,
  "usdtBalance": 0,
  "usdcBalance": 0,
  "kenduBalance": 35199894.08324558,
  "ethBalanceInUsd": 143.88692175418396,
  "kenduBalanceInUsd": 1362.235901021604,
  "totalUsdBalance": 143.88692175418396
}