{
  "ethBalance": 13.475892841222715,
  "usdtBalance": 3949.089252,
  "usdcBalance": 8005.206012,
  "kenduBalance": 10903927414.89931,
  "ethBalanceInUsd": 44057.6797783083,
  "kenduBalanceInUsd": 208374.05289872581,
  "totalUsdBalance": 56011.9750423083
}