{
  "ethBalance": 0.5002741579676101,
  "usdtBalance": 0,
  "usdcBalance": 100,
  "kenduBalance": 4855925261.348792,
  "ethBalanceInUsd": 1297.6861520600821,
  "kenduBalanceInUsd": 146114.79111398515,
  "totalUsdBalance": 1397.6861520600821
}