{
  "ethBalance": 0.3579488855246269,
  "usdtBalance": 0,
  "usdcBalance": 0,
  "kenduBalance": 3705282011.416198,
  "ethBalanceInUsd": 588.3784805811055,
  "kenduBalanceInUsd": 49057.93383115046,
  "totalUsdBalance": 588.3784805811055
}