{
  "ethBalance": 0.06254024854608203,
  "usdtBalance": 0,
  "usdcBalance": 0,
  "kenduBalance": 6456272656.749752,
  "ethBalanceInUsd": 139.56794566786397,
  "kenduBalanceInUsd": 62238.4684110676,
  "totalUsdBalance": 139.56794566786397
}