{
  "ethBalance": 0.04459919224178026,
  "usdtBalance": 0,
  "usdcBalance": 0,
  "kenduBalance": 517214787.4674407,
  "ethBalanceInUsd": 104.37102968421415,
  "kenduBalanceInUsd": 29212.29119616105,
  "totalUsdBalance": 104.37102968421415
}