{
  "ethBalance": 0.045462183917402754,
  "usdtBalance": 0,
  "usdcBalance": 0,
  "kenduBalance": 307214787.46744066,
  "ethBalanceInUsd": 121.34902517784896,
  "kenduBalanceInUsd": 23050.325503682074,
  "totalUsdBalance": 121.34902517784896
}