{
  "ethBalance": 0.04272247540230626,
  "usdtBalance": 0,
  "usdcBalance": 0,
  "kenduBalance": 517214787.4674407,
  "ethBalanceInUsd": 113.80327552715538,
  "kenduBalanceInUsd": 29615.718730385655,
  "totalUsdBalance": 113.80327552715538
}