{
  "ethBalance": 7.119970523255597,
  "usdtBalance": 22218.494633,
  "kenduBalance": 512835445.5049916,
  "ethBalanceInUsd": 23853.04044818997,
  "kenduBalanceInUsd": 93777.08956504276,
  "totalUsdBalance": 46071.53508118997
}