{
  "ethBalance": 0.038589031500035925,
  "usdtBalance": 0,
  "usdcBalance": 0,
  "kenduBalance": 35199894.08324558,
  "ethBalanceInUsd": 118.08436584168494,
  "kenduBalanceInUsd": 1388.283822643206,
  "totalUsdBalance": 118.08436584168494
}