{
  "ethBalance": 0.5002741579676101,
  "usdtBalance": 0,
  "usdcBalance": 100,
  "kenduBalance": 4855925261.348792,
  "ethBalanceInUsd": 1315.2007503305283,
  "kenduBalanceInUsd": 135528.8740442448,
  "totalUsdBalance": 1415.2007503305283
}