{
  "ethBalance": 0.5002528644753425,
  "usdtBalance": 0,
  "usdcBalance": null,
  "kenduBalance": 4845166789.051858,
  "ethBalanceInUsd": 1583.380356522775,
  "kenduBalanceInUsd": 109694.57610413406,
  "totalUsdBalance": null
}