{
  "ethBalance": 0.04459919224178026,
  "usdtBalance": 0,
  "usdcBalance": 0,
  "kenduBalance": 517214787.4674407,
  "ethBalanceInUsd": 103.63112908492303,
  "kenduBalanceInUsd": 26341.749125716757,
  "totalUsdBalance": 103.63112908492303
}