{
  "ethBalance": 0.3579488855246269,
  "usdtBalance": 0,
  "usdcBalance": 0,
  "kenduBalance": 3705282011.416198,
  "ethBalanceInUsd": 529.6533864219352,
  "kenduBalanceInUsd": 38831.35547964175,
  "totalUsdBalance": 529.6533864219352
}