{
  "ethBalance": 0.038589031500035925,
  "usdtBalance": 0,
  "usdcBalance": 0,
  "kenduBalance": 35199894.08324558,
  "ethBalanceInUsd": 131.3790589740773,
  "kenduBalanceInUsd": 611.7741591668082,
  "totalUsdBalance": 131.3790589740773
}