{
  "ethBalance": 0.3119048631851912,
  "usdtBalance": 0,
  "usdcBalance": 0.463046,
  "kenduBalance": 4175387837.757599,
  "ethBalanceInUsd": 621.7012494952504,
  "kenduBalanceInUsd": 42004.40164784145,
  "totalUsdBalance": 622.1642954952504
}