{
  "ethBalance": 8.056063080971311,
  "usdtBalance": 22356.072978,
  "usdcBalance": 88.007775,
  "kenduBalance": 319823769.8171208,
  "ethBalanceInUsd": 23398.915779311985,
  "kenduBalanceInUsd": 37860.73787095076,
  "totalUsdBalance": 45842.99653231198
}