{
  "ethBalance": 0.038589031500035925,
  "usdtBalance": 0,
  "usdcBalance": 0,
  "kenduBalance": 35199894.08324558,
  "ethBalanceInUsd": 149.92070271952957,
  "kenduBalanceInUsd": 1140.1245693563244,
  "totalUsdBalance": 149.92070271952957
}