{
  "ethBalance": 0.038589031500035925,
  "usdtBalance": 0,
  "usdcBalance": 0,
  "kenduBalance": 35199894.08324558,
  "ethBalanceInUsd": 128.6921047107298,
  "kenduBalanceInUsd": 914.4932482827202,
  "totalUsdBalance": 128.6921047107298
}