{
  "ethBalance": 0.3579488855246269,
  "usdtBalance": 0,
  "usdcBalance": 0,
  "kenduBalance": 3705282011.416198,
  "ethBalanceInUsd": 626.1134520931116,
  "kenduBalanceInUsd": 44796.85951802183,
  "totalUsdBalance": 626.1134520931116
}