{
  "ethBalance": 0.17126601123049806,
  "usdtBalance": 0,
  "usdcBalance": null,
  "kenduBalance": 4482236645.828448,
  "ethBalanceInUsd": 810.1944180472187,
  "kenduBalanceInUsd": 61630.753880141165,
  "totalUsdBalance": null
}