{
  "ethBalance": 0.10788809429719365,
  "usdtBalance": 3946.421819,
  "usdcBalance": 0,
  "kenduBalance": 13268928669.075045,
  "ethBalanceInUsd": 330.63385378317963,
  "kenduBalanceInUsd": 295233.66288691974,
  "totalUsdBalance": 4277.05567278318
}