{
  "ethBalance": 0.038589031500035925,
  "usdtBalance": 0,
  "usdcBalance": 0,
  "kenduBalance": 35199894.08324558,
  "ethBalanceInUsd": 154.19559562910356,
  "kenduBalanceInUsd": 1336.891977281667,
  "totalUsdBalance": 154.19559562910356
}