{
  "ethBalance": 0.3117728554842481,
  "usdtBalance": 0,
  "usdcBalance": 0.463046,
  "kenduBalance": 4113980899.4295063,
  "ethBalanceInUsd": 585.4034198285533,
  "kenduBalanceInUsd": 49984.8679280685,
  "totalUsdBalance": 585.8664658285533
}