{
  "ethBalance": 0.0660488809860724,
  "usdtBalance": 0,
  "usdcBalance": 0,
  "kenduBalance": 7622102282.100412,
  "ethBalanceInUsd": 179.70447440928606,
  "kenduBalanceInUsd": 72409.97167995392,
  "totalUsdBalance": 179.70447440928606
}