{
  "ethBalance": 0.04459919224178026,
  "usdtBalance": 0,
  "usdcBalance": 0,
  "kenduBalance": 517214787.4674407,
  "ethBalanceInUsd": 109.44061986633731,
  "kenduBalanceInUsd": 29548.480808014887,
  "totalUsdBalance": 109.44061986633731
}