{
  "ethBalance": 0.6460340112304981,
  "usdtBalance": 0,
  "usdcBalance": null,
  "kenduBalance": 4482236645.828448,
  "ethBalanceInUsd": 2866.834067896346,
  "kenduBalanceInUsd": 58269.07639576982,
  "totalUsdBalance": null
}