{
  "ethBalance": 0.3117728554842481,
  "usdtBalance": 0,
  "usdcBalance": 154.403285,
  "kenduBalance": 4113980899.4295063,
  "ethBalanceInUsd": 559.3017963674121,
  "kenduBalanceInUsd": 47516.47938841079,
  "totalUsdBalance": 713.705081367412
}