{
  "ethBalance": 0.0624422229661258,
  "usdtBalance": 0,
  "usdcBalance": 0,
  "kenduBalance": 6379544426.92592,
  "ethBalanceInUsd": 132.841458404825,
  "kenduBalanceInUsd": 57160.718065256246,
  "totalUsdBalance": 132.841458404825
}