{
  "ethBalance": 0.04272247540230626,
  "usdtBalance": 0,
  "usdcBalance": 0,
  "kenduBalance": 517214787.4674407,
  "ethBalanceInUsd": 104.22190596868016,
  "kenduBalanceInUsd": 24334.955750343084,
  "totalUsdBalance": 104.22190596868016
}