{
  "ethBalance": 0.5002741579676101,
  "usdtBalance": 0,
  "usdcBalance": 100,
  "kenduBalance": 4855925261.348792,
  "ethBalanceInUsd": 1354.6123484952166,
  "kenduBalanceInUsd": 127176.68259472487,
  "totalUsdBalance": 1454.6123484952166
}