{
  "ethBalance": 0.04459919224178026,
  "usdtBalance": 0,
  "usdcBalance": 0,
  "kenduBalance": 517214787.4674407,
  "ethBalanceInUsd": 103.82691953886444,
  "kenduBalanceInUsd": 20336.88544321977,
  "totalUsdBalance": 103.82691953886444
}