{
  "ethBalance": 0.35703877941042383,
  "usdtBalance": 0,
  "usdcBalance": 0,
  "kenduBalance": 4855947774.956796,
  "ethBalanceInUsd": 904.700563148073,
  "kenduBalanceInUsd": 129071.09185835163,
  "totalUsdBalance": 904.700563148073
}