{
  "ethBalance": 0.03983369884579122,
  "usdtBalance": 0,
  "usdcBalance": 0,
  "kenduBalance": 1091213805.8365645,
  "ethBalanceInUsd": 104.0878451059832,
  "kenduBalanceInUsd": 45776.41915484388,
  "totalUsdBalance": 104.0878451059832
}