{
  "ethBalance": 0.038589031500035925,
  "usdtBalance": 0,
  "usdcBalance": 0,
  "kenduBalance": 35199894.08324558,
  "ethBalanceInUsd": 131.21698504177715,
  "kenduBalanceInUsd": 848.669446347051,
  "totalUsdBalance": 131.21698504177715
}