{
  "ethBalance": 0.3579040556931112,
  "usdtBalance": 0,
  "usdcBalance": 0,
  "kenduBalance": 3646098337.9468102,
  "ethBalanceInUsd": 661.8290217065874,
  "kenduBalanceInUsd": 41273.833185557894,
  "totalUsdBalance": 661.8290217065874
}