{
  "ethBalance": 0.038589031500035925,
  "usdtBalance": 0,
  "usdcBalance": 0,
  "kenduBalance": 35199894.08324558,
  "ethBalanceInUsd": 94.38954282971787,
  "kenduBalanceInUsd": 1830.3944923287702,
  "totalUsdBalance": 94.38954282971787
}