{
  "ethBalance": 0.3579488855246269,
  "usdtBalance": 0,
  "usdcBalance": 0,
  "kenduBalance": 3705282011.416198,
  "ethBalanceInUsd": 556.6606298347683,
  "kenduBalanceInUsd": 42240.214930144655,
  "totalUsdBalance": 556.6606298347683
}