{
  "ethBalance": 0.3119048631851912,
  "usdtBalance": 0,
  "usdcBalance": 0.463046,
  "kenduBalance": 4175387837.757599,
  "ethBalanceInUsd": 609.1065311198324,
  "kenduBalanceInUsd": 34321.68802636746,
  "totalUsdBalance": 609.5695771198324
}