{
  "ethBalance": 0.3117728554842481,
  "usdtBalance": 0,
  "usdcBalance": 0.463046,
  "kenduBalance": 4113980899.4295063,
  "ethBalanceInUsd": 562.5722936214419,
  "kenduBalanceInUsd": 40975.24975831788,
  "totalUsdBalance": 563.0353396214418
}