{
  "ethBalance": 0.35798968333076975,
  "usdtBalance": 0,
  "usdcBalance": 4004.403285,
  "kenduBalance": 3705282011.416198,
  "ethBalanceInUsd": 524.0933164994136,
  "kenduBalanceInUsd": 40091.15136352326,
  "totalUsdBalance": 4528.496601499413
}