{
  "ethBalance": 0.1143504362553894,
  "usdtBalance": 0,
  "usdcBalance": 0,
  "kenduBalance": 12046082608.223656,
  "ethBalanceInUsd": 366.4725651199971,
  "kenduBalanceInUsd": 281757.8722063513,
  "totalUsdBalance": 366.4725651199971
}