{
  "ethBalance": 1.5619054443825804,
  "usdtBalance": 3946.421819,
  "usdcBalance": 0,
  "kenduBalance": 13053495101.864979,
  "ethBalanceInUsd": 4821.164773284599,
  "kenduBalanceInUsd": 274515.0019922205,
  "totalUsdBalance": 8767.586592284599
}