{
  "ethBalance": 0.5002741579676101,
  "usdtBalance": 0,
  "usdcBalance": 100,
  "kenduBalance": 4855925261.348792,
  "ethBalanceInUsd": 1228.2430961925982,
  "kenduBalanceInUsd": 109549.67389602875,
  "totalUsdBalance": 1328.2430961925982
}