{
  "ethBalance": 0.038589031500035925,
  "usdtBalance": 0,
  "usdcBalance": 0,
  "kenduBalance": 35199894.08324558,
  "ethBalanceInUsd": 133.16225811969397,
  "kenduBalanceInUsd": 1224.2523162152816,
  "totalUsdBalance": 133.16225811969397
}