{
  "ethBalance": 0.045462183917402754,
  "usdtBalance": 0,
  "usdcBalance": 0,
  "kenduBalance": 307214787.46744066,
  "ethBalanceInUsd": 117.51065298970265,
  "kenduBalanceInUsd": 32451.098000185757,
  "totalUsdBalance": 117.51065298970265
}