{
  "ethBalance": 0.357215510728175,
  "usdtBalance": 0,
  "usdcBalance": 0,
  "kenduBalance": 4299933763.203477,
  "ethBalanceInUsd": 927.7065421366069,
  "kenduBalanceInUsd": 100446.45270843322,
  "totalUsdBalance": 927.7065421366069
}