{
  "ethBalance": 0.038589031500035925,
  "usdtBalance": 0,
  "usdcBalance": 0,
  "kenduBalance": 35199894.08324558,
  "ethBalanceInUsd": 139.57421159373993,
  "kenduBalanceInUsd": 767.0056920739213,
  "totalUsdBalance": 139.57421159373993
}