{
  "ethBalance": 0.045462183917402754,
  "usdtBalance": 0,
  "usdcBalance": 0,
  "kenduBalance": 307214787.46744066,
  "ethBalanceInUsd": 122.00231676074203,
  "kenduBalanceInUsd": 25495.7552119229,
  "totalUsdBalance": 122.00231676074203
}