{
  "ethBalance": 0.3579040556931112,
  "usdtBalance": 0,
  "usdcBalance": 0,
  "kenduBalance": 3646098337.9468102,
  "ethBalanceInUsd": 629.9505074660019,
  "kenduBalanceInUsd": 38429.876481959385,
  "totalUsdBalance": 629.9505074660019
}