{
  "ethBalance": 0.038589031500035925,
  "usdtBalance": 0,
  "usdcBalance": 0,
  "kenduBalance": 35199894.08324558,
  "ethBalanceInUsd": 143.24943095380334,
  "kenduBalanceInUsd": 1371.3878734832479,
  "totalUsdBalance": 143.24943095380334
}