{
  "ethBalance": 0.5002741579676101,
  "usdtBalance": 0,
  "usdcBalance": 100,
  "kenduBalance": 4855925261.348792,
  "ethBalanceInUsd": 1246.793261970037,
  "kenduBalanceInUsd": 128293.5454048351,
  "totalUsdBalance": 1346.793261970037
}