{
  "ethBalance": 0.0660488809860724,
  "usdtBalance": 0,
  "usdcBalance": 0,
  "kenduBalance": 7622102282.100412,
  "ethBalanceInUsd": 177.81151348022522,
  "kenduBalanceInUsd": 62653.68075886538,
  "totalUsdBalance": 177.81151348022522
}