{
  "ethBalance": 0.038589031500035925,
  "usdtBalance": 0,
  "usdcBalance": 0,
  "kenduBalance": 35199894.08324558,
  "ethBalanceInUsd": 102.02129558947998,
  "kenduBalanceInUsd": 1384.7638332348813,
  "totalUsdBalance": 102.02129558947998
}