{
  "ethBalance": 0.5002741579676101,
  "usdtBalance": 0,
  "usdcBalance": 100,
  "kenduBalance": null,
  "ethBalanceInUsd": 1214.0253046231587,
  "kenduBalanceInUsd": null,
  "totalUsdBalance": 1314.0253046231587
}