{
  "ethBalance": 0.727034011230498,
  "usdtBalance": 0,
  "usdcBalance": null,
  "kenduBalance": 4482236645.828448,
  "ethBalanceInUsd": 2832.015583946159,
  "kenduBalanceInUsd": 45718.81378745018,
  "totalUsdBalance": null
}