{
  "ethBalance": 0.04459919224178026,
  "usdtBalance": 0,
  "usdcBalance": 0,
  "kenduBalance": 517214787.4674407,
  "ethBalanceInUsd": 104.52088297014654,
  "kenduBalanceInUsd": 27598.581059262637,
  "totalUsdBalance": 104.52088297014654
}