{
  "ethBalance": 0.3196155371451788,
  "usdtBalance": 0,
  "usdcBalance": 884.463046,
  "kenduBalance": 5453954448.539579,
  "ethBalanceInUsd": 606.2691239445753,
  "kenduBalanceInUsd": 37850.44387286468,
  "totalUsdBalance": 1490.7321699445752
}