{
  "ethBalance": 0.038589031500035925,
  "usdtBalance": 0,
  "usdcBalance": 0,
  "kenduBalance": 35199894.08324558,
  "ethBalanceInUsd": 95.32532684359374,
  "kenduBalanceInUsd": 1175.3244634395699,
  "totalUsdBalance": 95.32532684359374
}