{
  "ethBalance": 0.038589031500035925,
  "usdtBalance": 0,
  "usdcBalance": 0,
  "kenduBalance": 35199894.08324558,
  "ethBalanceInUsd": 117.23193413584914,
  "kenduBalanceInUsd": 1438.619671182247,
  "totalUsdBalance": 117.23193413584914
}