{
  "ethBalance": 0.038589031500035925,
  "usdtBalance": 0,
  "usdcBalance": 0,
  "kenduBalance": 35199894.08324558,
  "ethBalanceInUsd": 134.12929924908488,
  "kenduBalanceInUsd": 1035.580883929085,
  "totalUsdBalance": 134.12929924908488
}