{
  "ethBalance": 0.3196155371451788,
  "usdtBalance": 0,
  "usdcBalance": 884.463046,
  "kenduBalance": 5453954448.539579,
  "ethBalanceInUsd": 645.1503540382863,
  "kenduBalanceInUsd": 37577.746150437706,
  "totalUsdBalance": 1529.6134000382863
}