{
  "ethBalance": 0.04272247540230626,
  "usdtBalance": 0,
  "usdcBalance": 0,
  "kenduBalance": 517214787.4674407,
  "ethBalanceInUsd": 102.91545267087761,
  "kenduBalanceInUsd": 22245.408008974628,
  "totalUsdBalance": 102.91545267087761
}