{
  "ethBalance": 0.35798968333076975,
  "usdtBalance": 0,
  "usdcBalance": 4004.403285,
  "kenduBalance": 3705282011.416198,
  "ethBalanceInUsd": 548.7409061967371,
  "kenduBalanceInUsd": 34570.28116651313,
  "totalUsdBalance": 4553.144191196737
}