{
  "ethBalance": 0.35769432885289126,
  "usdtBalance": 0,
  "usdcBalance": 0,
  "kenduBalance": 4514955040.756332,
  "ethBalanceInUsd": 878.382809477468,
  "kenduBalanceInUsd": 77928.1240034543,
  "totalUsdBalance": 878.382809477468
}