{
  "ethBalance": 0.038589031500035925,
  "usdtBalance": 0,
  "usdcBalance": 0,
  "kenduBalance": 35199894.08324558,
  "ethBalanceInUsd": 128.60296404796472,
  "kenduBalanceInUsd": 952.1571349517931,
  "totalUsdBalance": 128.60296404796472
}