{
  "ethBalance": 0.3579488855246269,
  "usdtBalance": 0,
  "usdcBalance": 0,
  "kenduBalance": 3705282011.416198,
  "ethBalanceInUsd": 569.7722975115354,
  "kenduBalanceInUsd": 44500.43695710853,
  "totalUsdBalance": 569.7722975115354
}