{
  "ethBalance": 0.03983369884579122,
  "usdtBalance": 0,
  "usdcBalance": 0,
  "kenduBalance": 1091213805.8365645,
  "ethBalanceInUsd": 105.13308136369677,
  "kenduBalanceInUsd": 44881.6238340579,
  "totalUsdBalance": 105.13308136369677
}