{
  "ethBalance": 0.3579488855246269,
  "usdtBalance": 0,
  "usdcBalance": 0,
  "kenduBalance": 3705282011.416198,
  "ethBalanceInUsd": 644.2578811003549,
  "kenduBalanceInUsd": 46427.183603044956,
  "totalUsdBalance": 644.2578811003549
}