{
  "ethBalance": 1.2350681787309672,
  "usdtBalance": null,
  "usdcBalance": null,
  "kenduBalance": 4489413951.490725,
  "ethBalanceInUsd": 5410.648430793558,
  "kenduBalanceInUsd": 66533.11476109254,
  "totalUsdBalance": null
}