{
  "ethBalance": 0.038589031500035925,
  "usdtBalance": 0,
  "usdcBalance": 0,
  "kenduBalance": 35199894.08324558,
  "ethBalanceInUsd": 131.41571855400235,
  "kenduBalanceInUsd": 608.6061686993161,
  "totalUsdBalance": 131.41571855400235
}