{
  "ethBalance": 0.038589031500035925,
  "usdtBalance": 0,
  "usdcBalance": 0,
  "kenduBalance": 35199894.08324558,
  "ethBalanceInUsd": 94.98767281796843,
  "kenduBalanceInUsd": 1112.6686519713928,
  "totalUsdBalance": 94.98767281796843
}