{
  "ethBalance": 0.038589031500035925,
  "usdtBalance": 0,
  "usdcBalance": 0,
  "kenduBalance": 35199894.08324558,
  "ethBalanceInUsd": 134.42411944974515,
  "kenduBalanceInUsd": 1242.2042621977366,
  "totalUsdBalance": 134.42411944974515
}