{
  "ethBalance": 0.04459919224178026,
  "usdtBalance": 0,
  "usdcBalance": 0,
  "kenduBalance": 517214787.4674407,
  "ethBalanceInUsd": 112.26196476755234,
  "kenduBalanceInUsd": 33820.674952495945,
  "totalUsdBalance": 112.26196476755234
}