{
  "ethBalance": 0.11828269992644785,
  "usdtBalance": 0,
  "usdcBalance": 0,
  "kenduBalance": 12696082608.223658,
  "ethBalanceInUsd": 389.1832019139929,
  "kenduBalanceInUsd": 293406.46907604876,
  "totalUsdBalance": 389.1832019139929
}