{
  "ethBalance": 0.04272247540230626,
  "usdtBalance": 0,
  "usdcBalance": 0,
  "kenduBalance": 517214787.4674407,
  "ethBalanceInUsd": 104.33469330374224,
  "kenduBalanceInUsd": 21040.297554175486,
  "totalUsdBalance": 104.33469330374224
}