{
  "ethBalance": 0.04272247540230626,
  "usdtBalance": 0,
  "usdcBalance": 0,
  "kenduBalance": 517214787.4674407,
  "ethBalanceInUsd": 105.39207456994932,
  "kenduBalanceInUsd": 22550.564733580417,
  "totalUsdBalance": 105.39207456994932
}