{
  "ethBalance": 0.04272247540230626,
  "usdtBalance": 0,
  "usdcBalance": 0,
  "kenduBalance": 517214787.4674407,
  "ethBalanceInUsd": 105.07037433016994,
  "kenduBalanceInUsd": 24707.350397319642,
  "totalUsdBalance": 105.07037433016994
}