{
  "ethBalance": 0.04459919224178026,
  "usdtBalance": 0,
  "usdcBalance": 0,
  "kenduBalance": 517214787.4674407,
  "ethBalanceInUsd": 114.39692810016636,
  "kenduBalanceInUsd": 37348.079803023895,
  "totalUsdBalance": 114.39692810016636
}