{
  "ethBalance": 0.04459919224178026,
  "usdtBalance": 0,
  "usdcBalance": 0,
  "kenduBalance": 517214787.4674407,
  "ethBalanceInUsd": 101.72451361658693,
  "kenduBalanceInUsd": 23740.15874475553,
  "totalUsdBalance": 101.72451361658693
}