{
  "ethBalance": 0.5002741579676101,
  "usdtBalance": 0,
  "usdcBalance": 100,
  "kenduBalance": 4855925261.348792,
  "ethBalanceInUsd": 1364.567804238772,
  "kenduBalanceInUsd": 163838.91831790825,
  "totalUsdBalance": 1464.567804238772
}