{
  "ethBalance": 0.3579488855246269,
  "usdtBalance": 0,
  "usdcBalance": 0,
  "kenduBalance": 3705282011.416198,
  "ethBalanceInUsd": 580.8508155185226,
  "kenduBalanceInUsd": 37793.87651644522,
  "totalUsdBalance": 580.8508155185226
}