{
  "ethBalance": 0.04272247540230626,
  "usdtBalance": 0,
  "usdcBalance": 0,
  "kenduBalance": 517214787.4674407,
  "ethBalanceInUsd": 109.93219203095241,
  "kenduBalanceInUsd": 29222.6354919104,
  "totalUsdBalance": 109.93219203095241
}