{
  "ethBalance": 0.0660488809860724,
  "usdtBalance": 0,
  "usdcBalance": 0,
  "kenduBalance": 7622102282.100412,
  "ethBalanceInUsd": 184.43423477669867,
  "kenduBalanceInUsd": 67455.60519658864,
  "totalUsdBalance": 184.43423477669867
}