{
  "ethBalance": 0.038589031500035925,
  "usdtBalance": 0,
  "usdcBalance": 0,
  "kenduBalance": 35199894.08324558,
  "ethBalanceInUsd": 141.71590284199195,
  "kenduBalanceInUsd": 1220.3803278661244,
  "totalUsdBalance": 141.71590284199195
}