{
  "ethBalance": 0.045462183917402754,
  "usdtBalance": 0,
  "usdcBalance": 0,
  "kenduBalance": 307214787.46744066,
  "ethBalanceInUsd": 120.96532434558607,
  "kenduBalanceInUsd": 33415.75243283352,
  "totalUsdBalance": 120.96532434558607
}