{
  "ethBalance": 0.0624422229661258,
  "usdtBalance": 0,
  "usdcBalance": 0,
  "kenduBalance": 6379544426.92592,
  "ethBalanceInUsd": 143.55779271027154,
  "kenduBalanceInUsd": 54864.08207156291,
  "totalUsdBalance": 143.55779271027154
}