{
  "ethBalance": 0.3117728554842481,
  "usdtBalance": 0,
  "usdcBalance": 0.463046,
  "kenduBalance": 4113980899.4295063,
  "ethBalanceInUsd": 573.5996995199197,
  "kenduBalanceInUsd": 45089.23065774739,
  "totalUsdBalance": 574.0627455199196
}