{
  "ethBalance": 0.038589031500035925,
  "usdtBalance": 0,
  "usdcBalance": 0,
  "kenduBalance": 35199894.08324558,
  "ethBalanceInUsd": 95.41446750635882,
  "kenduBalanceInUsd": 2035.6098748340921,
  "totalUsdBalance": 95.41446750635882
}