{
  "ethBalance": 13.47560135212183,
  "usdtBalance": 3949.089252,
  "usdcBalance": 8005.206012,
  "kenduBalance": 10805029020.399477,
  "ethBalanceInUsd": 42618.47586027458,
  "kenduBalanceInUsd": 164776.69256109203,
  "totalUsdBalance": 54572.77112427458
}