{
  "ethBalance": 0.06254024854608203,
  "usdtBalance": 0,
  "usdcBalance": 0,
  "kenduBalance": 6456272656.749752,
  "ethBalanceInUsd": 155.70895841512228,
  "kenduBalanceInUsd": 59397.70844209772,
  "totalUsdBalance": 155.70895841512228
}