{
  "ethBalance": 0.038589031500035925,
  "usdtBalance": 0,
  "usdcBalance": 0,
  "kenduBalance": 35199894.08324558,
  "ethBalanceInUsd": 128.70483909112482,
  "kenduBalanceInUsd": 913.4372514602229,
  "totalUsdBalance": 128.70483909112482
}