{
  "ethBalance": 0.045462183917402754,
  "usdtBalance": 0,
  "usdcBalance": 0,
  "kenduBalance": 307214787.46744066,
  "ethBalanceInUsd": 122.00913608832964,
  "kenduBalanceInUsd": 22564.926139483516,
  "totalUsdBalance": 122.00913608832964
}