{
  "ethBalance": 0.7404211583199757,
  "usdtBalance": 0,
  "usdcBalance": null,
  "kenduBalance": 4745282940.56362,
  "ethBalanceInUsd": 3261.9180087670693,
  "kenduBalanceInUsd": 78012.45154286589,
  "totalUsdBalance": null
}