{
  "ethBalance": 0.038589031500035925,
  "usdtBalance": 0,
  "usdcBalance": 0,
  "kenduBalance": 35199894.08324558,
  "ethBalanceInUsd": 96.75196333815006,
  "kenduBalanceInUsd": 1662.1389986108563,
  "totalUsdBalance": 96.75196333815006
}