{
  "ethBalance": 0.038589031500035925,
  "usdtBalance": 0,
  "usdcBalance": 0,
  "kenduBalance": 35199894.08324558,
  "ethBalanceInUsd": 99.16763671005232,
  "kenduBalanceInUsd": 1078.1727557698123,
  "totalUsdBalance": 99.16763671005232
}