{
  "ethBalance": 0.038589031500035925,
  "usdtBalance": 0,
  "usdcBalance": 0,
  "kenduBalance": 35199894.08324558,
  "ethBalanceInUsd": 144.26200714036432,
  "kenduBalanceInUsd": 1283.7401372159666,
  "totalUsdBalance": 144.26200714036432
}