{
  "ethBalance": 0.038589031500035925,
  "usdtBalance": 0,
  "usdcBalance": 0,
  "kenduBalance": 35199894.08324558,
  "ethBalanceInUsd": 151.0297514848406,
  "kenduBalanceInUsd": 1216.8603384577998,
  "totalUsdBalance": 151.0297514848406
}