{
  "ethBalance": 0.3117728554842481,
  "usdtBalance": 0,
  "usdcBalance": 0.463046,
  "kenduBalance": 4113980899.4295063,
  "ethBalanceInUsd": 576.2497687915358,
  "kenduBalanceInUsd": 45500.628747690345,
  "totalUsdBalance": 576.7128147915357
}