{
  "ethBalance": 0.04459919224178026,
  "usdtBalance": 0,
  "usdcBalance": 0,
  "kenduBalance": 517214787.4674407,
  "ethBalanceInUsd": 102.34667234835975,
  "kenduBalanceInUsd": 23543.6171255179,
  "totalUsdBalance": 102.34667234835975
}