{
  "ethBalance": 0.038589031500035925,
  "usdtBalance": 0,
  "usdcBalance": 0,
  "kenduBalance": 35199894.08324558,
  "ethBalanceInUsd": 139.83545933699517,
  "kenduBalanceInUsd": 841.2774685895695,
  "totalUsdBalance": 139.83545933699517
}