{
  "ethBalance": 0.038589031500035925,
  "usdtBalance": 0,
  "usdcBalance": 0,
  "kenduBalance": 35199894.08324558,
  "ethBalanceInUsd": 122.10881593682369,
  "kenduBalanceInUsd": 1870.8743705245026,
  "totalUsdBalance": 122.10881593682369
}