{
  "ethBalance": 0.5002741579676101,
  "usdtBalance": 0,
  "usdcBalance": 100,
  "kenduBalance": 4855925261.348792,
  "ethBalanceInUsd": 1250.4002386489835,
  "kenduBalanceInUsd": 113143.05858942686,
  "totalUsdBalance": 1350.4002386489835
}