{
  "ethBalance": 0.04272247540230626,
  "usdtBalance": 0,
  "usdcBalance": 0,
  "kenduBalance": 517214787.4674407,
  "ethBalanceInUsd": 108.92095103817981,
  "kenduBalanceInUsd": 29476.07073776945,
  "totalUsdBalance": 108.92095103817981
}