{
  "ethBalance": 0.5002741579676101,
  "usdtBalance": 0,
  "usdcBalance": 100,
  "kenduBalance": 4855925261.348792,
  "ethBalanceInUsd": 1271.6368766547089,
  "kenduBalanceInUsd": 125719.90501632023,
  "totalUsdBalance": 1371.6368766547089
}