{
  "ethBalance": 0.04272247540230626,
  "usdtBalance": 0,
  "usdcBalance": 0,
  "kenduBalance": 517214787.4674407,
  "ethBalanceInUsd": 105.31474688947115,
  "kenduBalanceInUsd": 24143.586278980132,
  "totalUsdBalance": 105.31474688947115
}