{
  "ethBalance": 0.04272247540230626,
  "usdtBalance": 0,
  "usdcBalance": 0,
  "kenduBalance": 517214787.4674407,
  "ethBalanceInUsd": 113.42176382181277,
  "kenduBalanceInUsd": 29884.670419868726,
  "totalUsdBalance": 113.42176382181277
}