{
  "ethBalance": 0.3119048631851912,
  "usdtBalance": 0,
  "usdcBalance": 0.463046,
  "kenduBalance": 4175387837.757599,
  "ethBalanceInUsd": 621.8603209754749,
  "kenduBalanceInUsd": 38371.814228992334,
  "totalUsdBalance": 622.3233669754749
}