{
  "ethBalance": 0.038589031500035925,
  "usdtBalance": 0,
  "usdcBalance": 0,
  "kenduBalance": 35199894.08324558,
  "ethBalanceInUsd": 101.48490805162947,
  "kenduBalanceInUsd": 1889.8823133294554,
  "totalUsdBalance": 101.48490805162947
}