{
  "ethBalance": 0.5002741579676101,
  "usdtBalance": 0,
  "usdcBalance": 100,
  "kenduBalance": 4855925261.348792,
  "ethBalanceInUsd": 1303.2091787640445,
  "kenduBalanceInUsd": 127128.12334211137,
  "totalUsdBalance": 1403.2091787640445
}