{
  "ethBalance": 0.0624422229661258,
  "usdtBalance": 0,
  "usdcBalance": 0,
  "kenduBalance": 6384544426.92592,
  "ethBalanceInUsd": 116.73511141294253,
  "kenduBalanceInUsd": 44883.34732128921,
  "totalUsdBalance": 116.73511141294253
}