{
  "ethBalance": 1.4357473659562934,
  "usdtBalance": 0,
  "usdcBalance": null,
  "kenduBalance": 4482236645.828448,
  "ethBalanceInUsd": 6676.469328748977,
  "kenduBalanceInUsd": 59344.813190768655,
  "totalUsdBalance": null
}