{
  "ethBalance": 0.10788809429719365,
  "usdtBalance": 3946.421819,
  "usdcBalance": 0,
  "kenduBalance": 13268928669.075045,
  "ethBalanceInUsd": 360.3645759286573,
  "kenduBalanceInUsd": 326415.6452592461,
  "totalUsdBalance": 4306.7863949286575
}