{
  "ethBalance": 8.056063080971311,
  "usdtBalance": 22356.072978,
  "usdcBalance": 88.007775,
  "kenduBalance": 319823769.8171208,
  "ethBalanceInUsd": 23398.271294265505,
  "kenduBalanceInUsd": 36952.43836467013,
  "totalUsdBalance": 45842.3520472655
}