{
  "ethBalance": 0.04459919224178026,
  "usdtBalance": 0,
  "usdcBalance": 0,
  "kenduBalance": 517214787.4674407,
  "ethBalanceInUsd": 109.17793062403324,
  "kenduBalanceInUsd": 30448.434538208236,
  "totalUsdBalance": 109.17793062403324
}