{
  "ethBalance": 0.04272247540230626,
  "usdtBalance": 0,
  "usdcBalance": 0,
  "kenduBalance": 517214787.4674407,
  "ethBalanceInUsd": 101.14460606545202,
  "kenduBalanceInUsd": 22369.53955796681,
  "totalUsdBalance": 101.14460606545202
}