{
  "ethBalance": 0.04272247540230626,
  "usdtBalance": 0,
  "usdcBalance": 0,
  "kenduBalance": 517214787.4674407,
  "ethBalanceInUsd": 102.00717284382459,
  "kenduBalanceInUsd": 23429.829872275066,
  "totalUsdBalance": 102.00717284382459
}