{
  "ethBalance": 0.06254024854608203,
  "usdtBalance": 0,
  "usdcBalance": 0,
  "kenduBalance": 6456272656.749752,
  "ethBalanceInUsd": 137.25708348408622,
  "kenduBalanceInUsd": 62303.03113763511,
  "totalUsdBalance": 137.25708348408622
}