{
  "ethBalance": 0.04459919224178026,
  "usdtBalance": 0,
  "usdcBalance": 0,
  "kenduBalance": 517214787.4674407,
  "ethBalanceInUsd": 104.17613121411758,
  "kenduBalanceInUsd": 27412.383735774358,
  "totalUsdBalance": 104.17613121411758
}