{
  "ethBalance": 0.04272247540230626,
  "usdtBalance": 0,
  "usdcBalance": 0,
  "kenduBalance": 1091213905.8365645,
  "ethBalanceInUsd": 111.58170680623546,
  "kenduBalanceInUsd": 50665.06164799169,
  "totalUsdBalance": 111.58170680623546
}