{
  "ethBalance": 0.045462183917402754,
  "usdtBalance": 0,
  "usdcBalance": 0,
  "kenduBalance": 307214787.46744066,
  "ethBalanceInUsd": 120.95486804328507,
  "kenduBalanceInUsd": 25520.332394920297,
  "totalUsdBalance": 120.95486804328507
}