{
  "ethBalance": 0.045462183917402754,
  "usdtBalance": 0,
  "usdcBalance": 0,
  "kenduBalance": 307214787.46744066,
  "ethBalanceInUsd": 118.07302020476091,
  "kenduBalanceInUsd": 32229.9033532092,
  "totalUsdBalance": 118.07302020476091
}