{
  "ethBalance": 0.045462183917402754,
  "usdtBalance": 0,
  "usdcBalance": 0,
  "kenduBalance": 307214787.46744066,
  "ethBalanceInUsd": 119.29458908662153,
  "kenduBalanceInUsd": 27683.12449869108,
  "totalUsdBalance": 119.29458908662153
}