{
  "ethBalance": 0.3117728554842481,
  "usdtBalance": 0,
  "usdcBalance": 0.463046,
  "kenduBalance": 4113980899.4295063,
  "ethBalanceInUsd": 624.7086237194525,
  "kenduBalanceInUsd": 53646.310928560764,
  "totalUsdBalance": 625.1716697194524
}