{
  "ethBalance": 0.038589031500035925,
  "usdtBalance": 0,
  "usdcBalance": 0,
  "kenduBalance": 35199894.08324558,
  "ethBalanceInUsd": 127.37660462689358,
  "kenduBalanceInUsd": 794.8136083996853,
  "totalUsdBalance": 127.37660462689358
}