{
  "ethBalance": 0.038589031500035925,
  "usdtBalance": 0,
  "usdcBalance": 0,
  "kenduBalance": 35199894.08324558,
  "ethBalanceInUsd": 138.28379438037874,
  "kenduBalanceInUsd": 706.8138731915714,
  "totalUsdBalance": 138.28379438037874
}