{
  "ethBalance": 0.04459919224178026,
  "usdtBalance": 0,
  "usdcBalance": 0,
  "kenduBalance": 517214787.4674407,
  "ethBalanceInUsd": 108.93664899400521,
  "kenduBalanceInUsd": 29563.997251638913,
  "totalUsdBalance": 108.93664899400521
}