{
  "ethBalance": 0.3117728554842481,
  "usdtBalance": 0,
  "usdcBalance": 0.463046,
  "kenduBalance": 4113980899.4295063,
  "ethBalanceInUsd": 553.7927700110054,
  "kenduBalanceInUsd": 48503.83480427388,
  "totalUsdBalance": 554.2558160110053
}