{
  "ethBalance": 0.038589031500035925,
  "usdtBalance": 0,
  "usdcBalance": 0,
  "kenduBalance": 35199894.08324558,
  "ethBalanceInUsd": 122.37816737669394,
  "kenduBalanceInUsd": 771.5816783047431,
  "totalUsdBalance": 122.37816737669394
}