{
  "ethBalance": 0.0624422229661258,
  "usdtBalance": 0,
  "usdcBalance": 0,
  "kenduBalance": 6379544426.92592,
  "ethBalanceInUsd": 142.49315280869908,
  "kenduBalanceInUsd": 54736.49118302439,
  "totalUsdBalance": 142.49315280869908
}