{
  "ethBalance": 0.038589031500035925,
  "usdtBalance": 0,
  "usdcBalance": 0,
  "kenduBalance": 35199894.08324558,
  "ethBalanceInUsd": 99.0441518092522,
  "kenduBalanceInUsd": 1787.4506215472106,
  "totalUsdBalance": 99.0441518092522
}