{
  "ethBalance": 0.3119048631851912,
  "usdtBalance": 0,
  "usdcBalance": 0.463046,
  "kenduBalance": 4175387837.757599,
  "ethBalanceInUsd": 619.499201161163,
  "kenduBalanceInUsd": 42338.43267486205,
  "totalUsdBalance": 619.962247161163
}