{
  "ethBalance": 8.051792938400936,
  "usdtBalance": 22356.072978,
  "usdcBalance": 88.007775,
  "kenduBalance": 947823769.8171208,
  "ethBalanceInUsd": 19647.42150278028,
  "kenduBalanceInUsd": 91531.34145123936,
  "totalUsdBalance": 42091.50225578028
}