{
  "ethBalance": 1.2350681787309672,
  "usdtBalance": 0,
  "usdcBalance": 25.002104,
  "kenduBalance": null,
  "ethBalanceInUsd": 5291.884274726787,
  "kenduBalanceInUsd": null,
  "totalUsdBalance": 5316.886378726787
}