{
  "ethBalance": 13.47560135212183,
  "usdtBalance": 3949.089252,
  "usdcBalance": 8005.206012,
  "kenduBalance": 10805029020.399477,
  "ethBalanceInUsd": 42059.77742821561,
  "kenduBalanceInUsd": 161859.33472558417,
  "totalUsdBalance": 54014.07269221561
}