{
  "ethBalance": 0.03983369884579122,
  "usdtBalance": 0,
  "usdcBalance": 0,
  "kenduBalance": 1091213805.8365645,
  "ethBalanceInUsd": 103.32104640320173,
  "kenduBalanceInUsd": 45721.85846455205,
  "totalUsdBalance": 103.32104640320173
}