{
  "ethBalance": 0.35779268808449755,
  "usdtBalance": 0,
  "usdcBalance": 0,
  "kenduBalance": 3546950453.60037,
  "ethBalanceInUsd": 642.1770503546987,
  "kenduBalanceInUsd": 38697.22944878004,
  "totalUsdBalance": 642.1770503546987
}