{
  "ethBalance": 0.35769432885289126,
  "usdtBalance": 0,
  "usdcBalance": 0,
  "kenduBalance": 4514955040.756332,
  "ethBalanceInUsd": 853.4658225295756,
  "kenduBalanceInUsd": 79643.8069189417,
  "totalUsdBalance": 853.4658225295756
}