{
  "ethBalance": 0.5002741579676101,
  "usdtBalance": 0,
  "usdcBalance": 100,
  "kenduBalance": 4855925261.348792,
  "ethBalanceInUsd": 1220.1486603166823,
  "kenduBalanceInUsd": 106199.08546569808,
  "totalUsdBalance": 1320.1486603166823
}