{
  "ethBalance": 0.5002741579676101,
  "usdtBalance": 0,
  "usdcBalance": 100,
  "kenduBalance": 4855925261.348792,
  "ethBalanceInUsd": 1273.7130144102744,
  "kenduBalanceInUsd": 122903.46836473793,
  "totalUsdBalance": 1373.7130144102744
}