{
  "ethBalance": 0.04459919224178026,
  "usdtBalance": 0,
  "usdcBalance": 0,
  "kenduBalance": 517214787.4674407,
  "ethBalanceInUsd": 97.86668348767293,
  "kenduBalanceInUsd": 21231.66702553844,
  "totalUsdBalance": 97.86668348767293
}