{
  "ethBalance": 8.011063080971311,
  "usdtBalance": 22313.097842,
  "kenduBalance": 302835445.5049916,
  "ethBalanceInUsd": 26352.39200485513,
  "kenduBalanceInUsd": 54492.21006416818,
  "totalUsdBalance": 48665.489846855126
}