{
  "ethBalance": 0.5002741579676101,
  "usdtBalance": 0,
  "usdcBalance": 100,
  "kenduBalance": 4855925261.348792,
  "ethBalanceInUsd": 1342.7058235355876,
  "kenduBalanceInUsd": 169714.5878841403,
  "totalUsdBalance": 1442.7058235355876
}