{
  "ethBalance": 0.038589031500035925,
  "usdtBalance": 0,
  "usdcBalance": 0,
  "kenduBalance": 35199894.08324558,
  "ethBalanceInUsd": 132.29246134968315,
  "kenduBalanceInUsd": 727.9338096415186,
  "totalUsdBalance": 132.29246134968315
}