{
  "ethBalance": 0.7404211583199757,
  "usdtBalance": 0,
  "usdcBalance": null,
  "kenduBalance": 4745282940.56362,
  "ethBalanceInUsd": 3082.7360884536356,
  "kenduBalanceInUsd": 94336.22485840475,
  "totalUsdBalance": null
}