{
  "ethBalance": 0.038589031500035925,
  "usdtBalance": 0,
  "usdcBalance": 0,
  "kenduBalance": 35199894.08324558,
  "ethBalanceInUsd": 101.69984895708468,
  "kenduBalanceInUsd": 1863.482392767021,
  "totalUsdBalance": 101.69984895708468
}