{
  "ethBalance": 0.04459919224178026,
  "usdtBalance": 0,
  "usdcBalance": 0,
  "kenduBalance": 517214787.4674407,
  "ethBalanceInUsd": 106.88865408626266,
  "kenduBalanceInUsd": 28327.85390959173,
  "totalUsdBalance": 106.88865408626266
}