{
  "ethBalance": 0.3579488855246269,
  "usdtBalance": 0,
  "usdcBalance": 0,
  "kenduBalance": 3705282011.416198,
  "ethBalanceInUsd": 567.6425016426638,
  "kenduBalanceInUsd": 48687.405630008834,
  "totalUsdBalance": 567.6425016426638
}