{
  "ethBalance": 0.5002741579676101,
  "usdtBalance": 0,
  "usdcBalance": 100,
  "kenduBalance": 4855925261.348792,
  "ethBalanceInUsd": 1328.8982567756814,
  "kenduBalanceInUsd": 156846.38594156597,
  "totalUsdBalance": 1428.8982567756814
}