{
  "ethBalance": 0.04459919224178026,
  "usdtBalance": 0,
  "usdcBalance": 0,
  "kenduBalance": 517214787.4674407,
  "ethBalanceInUsd": 110.17338459486977,
  "kenduBalanceInUsd": 30469.12312970693,
  "totalUsdBalance": 110.17338459486977
}