{
  "ethBalance": 0.10788809429719365,
  "usdtBalance": 3946.421819,
  "usdcBalance": 0,
  "kenduBalance": 13268928669.075045,
  "ethBalanceInUsd": 360.5663266649931,
  "kenduBalanceInUsd": 346053.6596894772,
  "totalUsdBalance": 4306.988145664993
}