{
  "ethBalance": 18.27649738337883,
  "usdtBalance": 0,
  "usdcBalance": 0,
  "kenduBalance": 10805029020.399477,
  "ethBalanceInUsd": 47369.20868321508,
  "kenduBalanceInUsd": 123825.63257377801,
  "totalUsdBalance": 47369.20868321508
}