{
  "ethBalance": 0.038589031500035925,
  "usdtBalance": 0,
  "usdcBalance": 0,
  "kenduBalance": 35199894.08324558,
  "ethBalanceInUsd": 102.81700141901071,
  "kenduBalanceInUsd": 1565.6912888227635,
  "totalUsdBalance": 102.81700141901071
}