{
  "ethBalance": 0.3579488855246269,
  "usdtBalance": 0,
  "usdcBalance": 0,
  "kenduBalance": 3705282011.416198,
  "ethBalanceInUsd": 600.2444861362469,
  "kenduBalanceInUsd": 41758.52826866055,
  "totalUsdBalance": 600.2444861362469
}