{
  "ethBalance": 0.5002741579676101,
  "usdtBalance": 0,
  "usdcBalance": 100,
  "kenduBalance": 4855925261.348792,
  "ethBalanceInUsd": 1266.0838335012684,
  "kenduBalanceInUsd": 121398.1315337198,
  "totalUsdBalance": 1366.0838335012684
}