{
  "ethBalance": 0.038589031500035925,
  "usdtBalance": 0,
  "usdcBalance": 0,
  "kenduBalance": 35199894.08324558,
  "ethBalanceInUsd": 128.6924906010448,
  "kenduBalanceInUsd": 1052.1248341482105,
  "totalUsdBalance": 128.6924906010448
}