{
  "ethBalance": 0.03983369884579122,
  "usdtBalance": 0,
  "usdcBalance": 0,
  "kenduBalance": 1091213805.8365645,
  "ethBalanceInUsd": 105.07253414145117,
  "kenduBalanceInUsd": 44783.41459153261,
  "totalUsdBalance": 105.07253414145117
}