{
  "ethBalance": 0.04272247540230626,
  "usdtBalance": 0,
  "usdcBalance": 0,
  "kenduBalance": 517214787.4674407,
  "ethBalanceInUsd": 105.28014168439528,
  "kenduBalanceInUsd": 24588.39099620213,
  "totalUsdBalance": 105.28014168439528
}