{
  "ethBalance": 0.0624422229661258,
  "usdtBalance": 0,
  "usdcBalance": 0,
  "kenduBalance": 6379544426.92592,
  "ethBalanceInUsd": 132.115255351729,
  "kenduBalanceInUsd": 55055.46840437069,
  "totalUsdBalance": 132.115255351729
}