{
  "ethBalance": 0.04459919224178026,
  "usdtBalance": 0,
  "usdcBalance": 0,
  "kenduBalance": 517214787.4674407,
  "ethBalanceInUsd": 103.53211887814626,
  "kenduBalanceInUsd": 25245.253776285783,
  "totalUsdBalance": 103.53211887814626
}