{
  "ethBalance": 0.35769432885289126,
  "usdtBalance": 0,
  "usdcBalance": 0,
  "kenduBalance": 4514955040.756332,
  "ethBalanceInUsd": 883.379799251543,
  "kenduBalanceInUsd": 81359.48983442911,
  "totalUsdBalance": 883.379799251543
}