{
  "ethBalance": 0.30943876692005484,
  "usdtBalance": 0,
  "usdcBalance": 0,
  "kenduBalance": 8110029020.399477,
  "ethBalanceInUsd": 835.1040610008364,
  "kenduBalanceInUsd": 89372.51980480223,
  "totalUsdBalance": 835.1040610008364
}