{
  "ethBalance": 0.727034011230498,
  "usdtBalance": 0,
  "usdcBalance": null,
  "kenduBalance": 4482236645.828448,
  "ethBalanceInUsd": 2911.0587216471386,
  "kenduBalanceInUsd": 46570.43875015758,
  "totalUsdBalance": null
}