{
  "ethBalance": 0.038589031500035925,
  "usdtBalance": 0,
  "usdcBalance": 0,
  "kenduBalance": 35199894.08324558,
  "ethBalanceInUsd": 117.70619333298458,
  "kenduBalanceInUsd": 1845.5304467845658,
  "totalUsdBalance": 117.70619333298458
}