{
  "ethBalance": 0.038589031500035925,
  "usdtBalance": 0,
  "usdcBalance": 0,
  "kenduBalance": 35199894.08324558,
  "ethBalanceInUsd": 126.62604796421789,
  "kenduBalanceInUsd": 649.7900447767134,
  "totalUsdBalance": 126.62604796421789
}