{
  "ethBalance": 0.30943876692005484,
  "usdtBalance": 0,
  "usdcBalance": 0,
  "kenduBalance": 8110029020.399477,
  "ethBalanceInUsd": 834.9524360050457,
  "kenduBalanceInUsd": 83371.09832970663,
  "totalUsdBalance": 834.9524360050457
}