{
  "ethBalance": 0.3196155371451788,
  "usdtBalance": 0,
  "usdcBalance": 884.463046,
  "kenduBalance": 5453954448.539579,
  "ethBalanceInUsd": 608.4201365095623,
  "kenduBalanceInUsd": 37141.42979455453,
  "totalUsdBalance": 1492.8831825095622
}