{
  "ethBalance": 0.3119048631851912,
  "usdtBalance": 0,
  "usdcBalance": 0.463046,
  "kenduBalance": 4175387837.757599,
  "ethBalanceInUsd": 642.8639944623657,
  "kenduBalanceInUsd": 68810.39156624523,
  "totalUsdBalance": 643.3270404623656
}