{
  "ethBalance": 0.038589031500035925,
  "usdtBalance": 0,
  "usdcBalance": 0,
  "kenduBalance": 35199894.08324558,
  "ethBalanceInUsd": 122.6552366228642,
  "kenduBalanceInUsd": 773.6936719497379,
  "totalUsdBalance": 122.6552366228642
}