{
  "ethBalance": 18.27649738337883,
  "usdtBalance": 0,
  "usdcBalance": 0,
  "kenduBalance": 10805029020.399477,
  "ethBalanceInUsd": 50678.716829397315,
  "kenduBalanceInUsd": 162291.53588640015,
  "totalUsdBalance": 50678.716829397315
}