{
  "ethBalance": 0.04841366454199495,
  "usdtBalance": 90113.767042,
  "usdcBalance": 0,
  "kenduBalance": 946492975.4674407,
  "ethBalanceInUsd": 122.10652402459257,
  "kenduBalanceInUsd": 118377.87644171281,
  "totalUsdBalance": 90235.8735660246
}