{
  "ethBalance": 0.038589031500035925,
  "usdtBalance": 0,
  "usdcBalance": 0,
  "kenduBalance": 35199894.08324558,
  "ethBalanceInUsd": 138.14950455075862,
  "kenduBalanceInUsd": 802.2055861571669,
  "totalUsdBalance": 138.14950455075862
}