{
  "ethBalance": 0.038589031500035925,
  "usdtBalance": 0,
  "usdcBalance": 0,
  "kenduBalance": 35199894.08324558,
  "ethBalanceInUsd": 96.98928588187529,
  "kenduBalanceInUsd": 1595.963197734355,
  "totalUsdBalance": 96.98928588187529
}