{
  "ethBalance": 0.038589031500035925,
  "usdtBalance": 0,
  "usdcBalance": 0,
  "kenduBalance": 35199894.08324558,
  "ethBalanceInUsd": 105.72854384568843,
  "kenduBalanceInUsd": 1345.6919508024785,
  "totalUsdBalance": 105.72854384568843
}