{
  "ethBalance": 0.7404211583199757,
  "usdtBalance": 0,
  "usdcBalance": null,
  "kenduBalance": 4745282940.56362,
  "ethBalanceInUsd": 2837.6714934728902,
  "kenduBalanceInUsd": 90587.4513353595,
  "totalUsdBalance": null
}