{
  "ethBalance": 0.038589031500035925,
  "usdtBalance": 0,
  "usdcBalance": 0,
  "kenduBalance": 35199894.08324558,
  "ethBalanceInUsd": 117.19720400749911,
  "kenduBalanceInUsd": 1836.0264753820898,
  "totalUsdBalance": 117.19720400749911
}