{
  "ethBalance": 0.04272247540230626,
  "usdtBalance": 0,
  "usdcBalance": 0,
  "kenduBalance": 517214787.4674407,
  "ethBalanceInUsd": 111.82906993881481,
  "kenduBalanceInUsd": 23512.584238269857,
  "totalUsdBalance": 111.82906993881481
}