{
  "ethBalance": 0.04459919224178026,
  "usdtBalance": 0,
  "usdcBalance": 0,
  "kenduBalance": 517214787.4674407,
  "ethBalanceInUsd": 113.47729275614086,
  "kenduBalanceInUsd": 36520.53614307599,
  "totalUsdBalance": 113.47729275614086
}