{
  "ethBalance": 0.038589031500035925,
  "usdtBalance": 0,
  "usdcBalance": 0,
  "kenduBalance": 35199894.08324558,
  "ethBalanceInUsd": 136.8409504925924,
  "kenduBalanceInUsd": 692.0299176766082,
  "totalUsdBalance": 136.8409504925924
}