{
  "ethBalance": 0.045462183917402754,
  "usdtBalance": 0,
  "usdcBalance": 0,
  "kenduBalance": 307214787.46744066,
  "ethBalanceInUsd": 125.9798032316756,
  "kenduBalanceInUsd": 26186.988483724643,
  "totalUsdBalance": 125.9798032316756
}