{
  "ethBalance": 0.045462183917402754,
  "usdtBalance": 0,
  "usdcBalance": 0,
  "kenduBalance": 307214787.46744066,
  "ethBalanceInUsd": 118.10347986798558,
  "kenduBalanceInUsd": 27504.939921959965,
  "totalUsdBalance": 118.10347986798558
}