{
  "ethBalance": 8.051792938400936,
  "usdtBalance": 22356.072978,
  "usdcBalance": 88.007775,
  "kenduBalance": 947823769.8171208,
  "ethBalanceInUsd": 19506.193054640724,
  "kenduBalanceInUsd": 96725.41570983718,
  "totalUsdBalance": 41950.27380764072
}