{
  "ethBalance": 0.038589031500035925,
  "usdtBalance": 0,
  "usdcBalance": 0,
  "kenduBalance": 35199894.08324558,
  "ethBalanceInUsd": 154.9878284457993,
  "kenduBalanceInUsd": 1361.8839020807716,
  "totalUsdBalance": 154.9878284457993
}