{
  "ethBalance": 0.038589031500035925,
  "usdtBalance": 0,
  "usdcBalance": 0,
  "kenduBalance": 35199894.08324558,
  "ethBalanceInUsd": 130.6134525891166,
  "kenduBalanceInUsd": 936.3171826143325,
  "totalUsdBalance": 130.6134525891166
}