{
  "ethBalance": 0.3579488855246269,
  "usdtBalance": 0,
  "usdcBalance": 0,
  "kenduBalance": 3705282011.416198,
  "ethBalanceInUsd": 564.5963566268492,
  "kenduBalanceInUsd": 38127.351897472676,
  "totalUsdBalance": 564.5963566268492
}