{
  "ethBalance": 0.3117728554842481,
  "usdtBalance": 0,
  "usdcBalance": 0.463046,
  "kenduBalance": 4113980899.4295063,
  "ethBalanceInUsd": 569.1881136148176,
  "kenduBalanceInUsd": 42908.82078104975,
  "totalUsdBalance": 569.6511596148175
}