{
  "ethBalance": 0.038589031500035925,
  "usdtBalance": 0,
  "usdcBalance": 0,
  "kenduBalance": 35199894.08324558,
  "ethBalanceInUsd": 134.0332125606498,
  "kenduBalanceInUsd": 1243.6122579610665,
  "totalUsdBalance": 134.0332125606498
}