{
  "ethBalance": 0.5002741579676101,
  "usdtBalance": 0,
  "usdcBalance": 100,
  "kenduBalance": 4855925261.348792,
  "ethBalanceInUsd": 1401.5230562878394,
  "kenduBalanceInUsd": 135820.22955992573,
  "totalUsdBalance": 1501.5230562878394
}