{
  "ethBalance": 0.038589031500035925,
  "usdtBalance": 0,
  "usdcBalance": 0,
  "kenduBalance": 35199894.08324558,
  "ethBalanceInUsd": 134.15052321640988,
  "kenduBalanceInUsd": 1202.428381883669,
  "totalUsdBalance": 134.15052321640988
}