{
  "ethBalance": 0.04272247540230626,
  "usdtBalance": 0,
  "usdcBalance": 0,
  "kenduBalance": 517214787.4674407,
  "ethBalanceInUsd": 101.67863700798085,
  "kenduBalanceInUsd": 26527.946449205036,
  "totalUsdBalance": 101.67863700798085
}