{
  "ethBalance": 0.038589031500035925,
  "usdtBalance": 0,
  "usdcBalance": 0,
  "kenduBalance": 35199894.08324558,
  "ethBalanceInUsd": 129.44690616687052,
  "kenduBalanceInUsd": 724.0618212923616,
  "totalUsdBalance": 129.44690616687052
}