{
  "ethBalance": 0.038589031500035925,
  "usdtBalance": 0,
  "usdcBalance": 0,
  "kenduBalance": 35199894.08324558,
  "ethBalanceInUsd": 96.08475898351445,
  "kenduBalanceInUsd": 1087.6767271722886,
  "totalUsdBalance": 96.08475898351445
}