{
  "ethBalance": 0.04272247540230626,
  "usdtBalance": 0,
  "usdcBalance": 0,
  "kenduBalance": 517214787.4674407,
  "ethBalanceInUsd": 113.2628362133162,
  "kenduBalanceInUsd": 28539.911972453378,
  "totalUsdBalance": 113.2628362133162
}