{
  "ethBalance": 18.27649738337883,
  "usdtBalance": 0,
  "usdcBalance": 0,
  "kenduBalance": 10805029020.399477,
  "ethBalanceInUsd": 49515.78330089293,
  "kenduBalanceInUsd": 157645.37340762836,
  "totalUsdBalance": 49515.78330089293
}