{
  "ethBalance": 0.038589031500035925,
  "usdtBalance": 0,
  "usdcBalance": 0,
  "kenduBalance": 35199894.08324558,
  "ethBalanceInUsd": 129.40021343875546,
  "kenduBalanceInUsd": 547.3583529944688,
  "totalUsdBalance": 129.40021343875546
}