{
  "ethBalance": 0.3579488855246269,
  "usdtBalance": 0,
  "usdcBalance": 0,
  "kenduBalance": 3705282011.416198,
  "ethBalanceInUsd": 569.5861640910625,
  "kenduBalanceInUsd": 47316.451285784846,
  "totalUsdBalance": 569.5861640910625
}