{
  "ethBalance": 0.5002741579676101,
  "usdtBalance": 0,
  "usdcBalance": 100,
  "kenduBalance": 4855925261.348792,
  "ethBalanceInUsd": 1250.070057704725,
  "kenduBalanceInUsd": 106878.91500228691,
  "totalUsdBalance": 1350.070057704725
}