{
  "ethBalance": 0.35769432885289126,
  "usdtBalance": 0,
  "usdcBalance": 0,
  "kenduBalance": 4514955040.756332,
  "ethBalanceInUsd": 891.617499645025,
  "kenduBalanceInUsd": 83346.07005236189,
  "totalUsdBalance": 891.617499645025
}