{
  "ethBalance": 0.04272247540230626,
  "usdtBalance": 0,
  "usdcBalance": 0,
  "kenduBalance": 517214787.4674407,
  "ethBalanceInUsd": 110.03600764618,
  "kenduBalanceInUsd": 28467.50190220794,
  "totalUsdBalance": 110.03600764618
}