{
  "ethBalance": 0.04459919224178026,
  "usdtBalance": 0,
  "usdcBalance": 0,
  "kenduBalance": 517214787.4674407,
  "ethBalanceInUsd": 103.93618755985679,
  "kenduBalanceInUsd": 26290.02764697001,
  "totalUsdBalance": 103.93618755985679
}