{
  "ethBalance": 0.03983369884579122,
  "usdtBalance": 0,
  "usdcBalance": 0,
  "kenduBalance": 1091213805.8365645,
  "ethBalanceInUsd": 103.70783161899436,
  "kenduBalanceInUsd": 45896.4526734859,
  "totalUsdBalance": 103.70783161899436
}