{
  "ethBalance": 0.038589031500035925,
  "usdtBalance": 0,
  "usdcBalance": 0,
  "kenduBalance": 35199894.08324558,
  "ethBalanceInUsd": 128.87964740382,
  "kenduBalanceInUsd": 1162.6525015696016,
  "totalUsdBalance": 128.87964740382
}