{
  "ethBalance": 0.038589031500035925,
  "usdtBalance": 0,
  "usdcBalance": 0,
  "kenduBalance": 35199894.08324558,
  "ethBalanceInUsd": 103.19015735361606,
  "kenduBalanceInUsd": 1421.0197241406242,
  "totalUsdBalance": 103.19015735361606
}