{
  "ethBalance": 0.7404211583199757,
  "usdtBalance": 0,
  "usdcBalance": null,
  "kenduBalance": 4745282940.56362,
  "ethBalanceInUsd": 3112.6268906150126,
  "kenduBalanceInUsd": 97895.18706382747,
  "totalUsdBalance": null
}