{
  "ethBalance": 0.045462183917402754,
  "usdtBalance": 0,
  "usdcBalance": 0,
  "kenduBalance": 307214787.46744066,
  "ethBalanceInUsd": 126.68264859503866,
  "kenduBalanceInUsd": 24592.543736768625,
  "totalUsdBalance": 126.68264859503866
}