{
  "ethBalance": 0.04459919224178026,
  "usdtBalance": 0,
  "usdcBalance": 0,
  "kenduBalance": 517214787.4674407,
  "ethBalanceInUsd": 112.74764997106533,
  "kenduBalanceInUsd": 32119.038301728073,
  "totalUsdBalance": 112.74764997106533
}