{
  "ethBalance": 0.038589031500035925,
  "usdtBalance": 0,
  "usdcBalance": 0,
  "kenduBalance": 35199894.08324558,
  "ethBalanceInUsd": 126.6476578218579,
  "kenduBalanceInUsd": 662.8140055875143,
  "totalUsdBalance": 126.6476578218579
}