{
  "ethBalance": 0.03983369884579122,
  "usdtBalance": 0,
  "usdcBalance": 0,
  "kenduBalance": 1091213805.8365645,
  "ethBalanceInUsd": 104.4949455081872,
  "kenduBalanceInUsd": 46551.180956987846,
  "totalUsdBalance": 104.4949455081872
}