{
  "ethBalance": 0.04459919224178026,
  "usdtBalance": 0,
  "usdcBalance": 0,
  "kenduBalance": 517214787.4674407,
  "ethBalanceInUsd": 101.84047151641555,
  "kenduBalanceInUsd": 22679.868430447277,
  "totalUsdBalance": 101.84047151641555
}