{
  "ethBalance": 0.045462183917402754,
  "usdtBalance": 0,
  "usdcBalance": 0,
  "kenduBalance": 307214787.46744066,
  "ethBalanceInUsd": 119.2864058935164,
  "kenduBalanceInUsd": 25213.117607452856,
  "totalUsdBalance": 119.2864058935164
}