{
  "ethBalance": 0.038589031500035925,
  "usdtBalance": 0,
  "usdcBalance": 0,
  "kenduBalance": 35199894.08324558,
  "ethBalanceInUsd": 128.25026030005438,
  "kenduBalanceInUsd": 775.4536666539002,
  "totalUsdBalance": 128.25026030005438
}