{
  "ethBalance": 0.30943876692005484,
  "usdtBalance": 0,
  "usdcBalance": 0,
  "kenduBalance": 8110029020.399477,
  "ethBalanceInUsd": 822.336617477715,
  "kenduBalanceInUsd": 93184.23344438999,
  "totalUsdBalance": 822.336617477715
}