{
  "ethBalance": 0.038589031500035925,
  "usdtBalance": 0,
  "usdcBalance": 0,
  "kenduBalance": 35199894.08324558,
  "ethBalanceInUsd": 126.14214150920743,
  "kenduBalanceInUsd": 753.629732322288,
  "totalUsdBalance": 126.14214150920743
}