{
  "ethBalance": 0.17126601123049806,
  "usdtBalance": 0,
  "usdcBalance": 25.002104,
  "kenduBalance": null,
  "ethBalanceInUsd": 795.6487957134125,
  "kenduBalanceInUsd": null,
  "totalUsdBalance": 820.6508997134125
}