{
  "ethBalance": 0.3579488855246269,
  "usdtBalance": 0,
  "usdcBalance": 0,
  "kenduBalance": 3705282011.416198,
  "ethBalanceInUsd": 640.334761315005,
  "kenduBalanceInUsd": 45463.810280076745,
  "totalUsdBalance": 640.334761315005
}