{
  "ethBalance": 0.038589031500035925,
  "usdtBalance": 0,
  "usdcBalance": 0,
  "kenduBalance": 35199894.08324558,
  "ethBalanceInUsd": 155.15839196502944,
  "kenduBalanceInUsd": 1714.2348418540598,
  "totalUsdBalance": 155.15839196502944
}