{
  "ethBalance": 3.9774170719585187,
  "usdtBalance": 0,
  "usdcBalance": 0,
  "kenduBalance": 8310029020.399478,
  "ethBalanceInUsd": 10445.970004426097,
  "kenduBalanceInUsd": 98723.1447623458,
  "totalUsdBalance": 10445.970004426097
}