{
  "ethBalance": 0.038589031500035925,
  "usdtBalance": 0,
  "usdcBalance": 0,
  "kenduBalance": 35199894.08324558,
  "ethBalanceInUsd": 140.2738307348356,
  "kenduBalanceInUsd": 960.605109531772,
  "totalUsdBalance": 140.2738307348356
}