{
  "ethBalance": 0.04459919224178026,
  "usdtBalance": 0,
  "usdcBalance": 0,
  "kenduBalance": 517214787.4674407,
  "ethBalanceInUsd": 110.11228370149853,
  "kenduBalanceInUsd": 32000.07890061056,
  "totalUsdBalance": 110.11228370149853
}