{
  "ethBalance": 0.5002741579676101,
  "usdtBalance": 0,
  "usdcBalance": 100,
  "kenduBalance": 4855925261.348792,
  "ethBalanceInUsd": 1221.8595979369316,
  "kenduBalanceInUsd": 165684.16991722077,
  "totalUsdBalance": 1321.8595979369316
}