{
  "ethBalance": 0.04459919224178026,
  "usdtBalance": 0,
  "usdcBalance": 0,
  "kenduBalance": 517214787.4674407,
  "ethBalanceInUsd": 105.23224008640295,
  "kenduBalanceInUsd": 30050.17915185831,
  "totalUsdBalance": 105.23224008640295
}