{
  "ethBalance": 0.3579488855246269,
  "usdtBalance": 0,
  "usdcBalance": 0,
  "kenduBalance": 3705282011.416198,
  "ethBalanceInUsd": 563.9484691440497,
  "kenduBalanceInUsd": 45500.86310019091,
  "totalUsdBalance": 563.9484691440497
}