{
  "ethBalance": 0.5002528644753425,
  "usdtBalance": 0,
  "usdcBalance": null,
  "kenduBalance": 4845166789.051858,
  "ethBalanceInUsd": 1309.7470421834073,
  "kenduBalanceInUsd": 92881.84734612412,
  "totalUsdBalance": null
}