{
  "ethBalance": 0.04459919224178026,
  "usdtBalance": 0,
  "usdcBalance": 0,
  "kenduBalance": 517214787.4674407,
  "ethBalanceInUsd": 107.96795453851374,
  "kenduBalanceInUsd": 28338.19820534108,
  "totalUsdBalance": 107.96795453851374
}