{
  "ethBalance": 0.5002741579676101,
  "usdtBalance": 0,
  "usdcBalance": 100,
  "kenduBalance": 4855925261.348792,
  "ethBalanceInUsd": 1259.1600391549966,
  "kenduBalanceInUsd": 108627.04809637248,
  "totalUsdBalance": 1359.1600391549966
}