{
  "ethBalance": 0.038589031500035925,
  "usdtBalance": 0,
  "usdcBalance": 0,
  "kenduBalance": 35199894.08324558,
  "ethBalanceInUsd": 131.32233309777226,
  "kenduBalanceInUsd": 1216.8603384577998,
  "totalUsdBalance": 131.32233309777226
}