{
  "ethBalance": 0.3196155371451788,
  "usdtBalance": 0,
  "usdcBalance": 884.463046,
  "kenduBalance": 5453954448.539579,
  "ethBalanceInUsd": 608.4265288203053,
  "kenduBalanceInUsd": 37086.89025006914,
  "totalUsdBalance": 1492.8895748203054
}