{
  "ethBalance": 0.3117728554842481,
  "usdtBalance": 0,
  "usdcBalance": 154.403285,
  "kenduBalance": 4113980899.4295063,
  "ethBalanceInUsd": 558.5660124284692,
  "kenduBalanceInUsd": 47516.47938841079,
  "totalUsdBalance": 712.9692974284692
}