{
  "ethBalance": 0.038589031500035925,
  "usdtBalance": 0,
  "usdcBalance": 0,
  "kenduBalance": 35199894.08324558,
  "ethBalanceInUsd": 102.10657734909506,
  "kenduBalanceInUsd": 1498.811490064597,
  "totalUsdBalance": 102.10657734909506
}