{
  "ethBalance": 18.27649738337883,
  "usdtBalance": 0,
  "usdcBalance": 0,
  "kenduBalance": 10805029020.399477,
  "ethBalanceInUsd": 49617.76615629218,
  "kenduBalanceInUsd": 137115.81826886936,
  "totalUsdBalance": 49617.76615629218
}