{
  "ethBalance": 0.038589031500035925,
  "usdtBalance": 0,
  "usdcBalance": 0,
  "kenduBalance": 35199894.08324558,
  "ethBalanceInUsd": 92.38638620455102,
  "kenduBalanceInUsd": 1956.762112087622,
  "totalUsdBalance": 92.38638620455102
}