{
  "ethBalance": 0.045462183917402754,
  "usdtBalance": 0,
  "usdcBalance": 0,
  "kenduBalance": 307214787.46744066,
  "ethBalanceInUsd": 120.85394199498845,
  "kenduBalanceInUsd": 22334.51504888294,
  "totalUsdBalance": 120.85394199498845
}