{
  "ethBalance": 0.04459919224178026,
  "usdtBalance": 0,
  "usdcBalance": 0,
  "kenduBalance": 517214787.4674407,
  "ethBalanceInUsd": 104.74789285865721,
  "kenduBalanceInUsd": 24795.276911189107,
  "totalUsdBalance": 104.74789285865721
}