{
  "ethBalance": 0.3579488855246269,
  "usdtBalance": 0,
  "usdcBalance": 0,
  "kenduBalance": 3705282011.416198,
  "ethBalanceInUsd": 639.5222173448642,
  "kenduBalanceInUsd": 47575.82102658398,
  "totalUsdBalance": 639.5222173448642
}