{
  "ethBalance": 0.5002741579676101,
  "usdtBalance": 0,
  "usdcBalance": 100,
  "kenduBalance": 4855925261.348792,
  "ethBalanceInUsd": 1251.245701975949,
  "kenduBalanceInUsd": 120912.53900758491,
  "totalUsdBalance": 1351.245701975949
}