{
  "ethBalance": 0.35798968333076975,
  "usdtBalance": 0,
  "usdcBalance": 4004.403285,
  "kenduBalance": 3705282011.416198,
  "ethBalanceInUsd": 561.2741250101474,
  "kenduBalanceInUsd": 39720.62316238164,
  "totalUsdBalance": 4565.6774100101475
}