{
  "ethBalance": 13.475892841222715,
  "usdtBalance": 3949.089252,
  "usdcBalance": 8005.206012,
  "kenduBalance": 10903927414.89931,
  "ethBalanceInUsd": 43510.42377002625,
  "kenduBalanceInUsd": 204666.71757766005,
  "totalUsdBalance": 55464.71903402625
}