{
  "ethBalance": 0.04272247540230626,
  "usdtBalance": 0,
  "usdcBalance": 0,
  "kenduBalance": 517214787.4674407,
  "ethBalanceInUsd": 115.11741887053032,
  "kenduBalanceInUsd": 29351.939188777258,
  "totalUsdBalance": 115.11741887053032
}