{
  "ethBalance": 0.5002528644753425,
  "usdtBalance": 0,
  "usdcBalance": null,
  "kenduBalance": 4845166789.051858,
  "ethBalanceInUsd": 1523.2799773847073,
  "kenduBalanceInUsd": 103928.82762516235,
  "totalUsdBalance": null
}