{
  "ethBalance": 0.038589031500035925,
  "usdtBalance": 0,
  "usdcBalance": 0,
  "kenduBalance": 35199894.08324558,
  "ethBalanceInUsd": 93.9913040246375,
  "kenduBalanceInUsd": 1869.1143758203405,
  "totalUsdBalance": 93.9913040246375
}