{
  "ethBalance": 0.3579488855246269,
  "usdtBalance": 0,
  "usdcBalance": 0,
  "kenduBalance": 3705282011.416198,
  "ethBalanceInUsd": 635.4881334050016,
  "kenduBalanceInUsd": 47094.134365099875,
  "totalUsdBalance": 635.4881334050016
}