{
  "ethBalance": 0.038589031500035925,
  "usdtBalance": 0,
  "usdcBalance": 0,
  "kenduBalance": 35199894.08324558,
  "ethBalanceInUsd": 129.63560653090568,
  "kenduBalanceInUsd": 729.3418054048485,
  "totalUsdBalance": 129.63560653090568
}