{
  "ethBalance": 0.3117728554842481,
  "usdtBalance": 0,
  "usdcBalance": 0.463046,
  "kenduBalance": 4113980899.4295063,
  "ethBalanceInUsd": 566.1483282738461,
  "kenduBalanceInUsd": 44924.67142177021,
  "totalUsdBalance": 566.6113742738461
}