{
  "ethBalance": 0.038589031500035925,
  "usdtBalance": 0,
  "usdcBalance": 0,
  "kenduBalance": 35199894.08324558,
  "ethBalanceInUsd": 129.34811824623043,
  "kenduBalanceInUsd": 984.1890385675465,
  "totalUsdBalance": 129.34811824623043
}