{
  "ethBalance": 0.04459919224178026,
  "usdtBalance": 0,
  "usdcBalance": 0,
  "kenduBalance": 517214787.4674407,
  "ethBalanceInUsd": 104.84601108158911,
  "kenduBalanceInUsd": 28762.31433106438,
  "totalUsdBalance": 104.84601108158911
}