{
  "ethBalance": 0.5002741579676101,
  "usdtBalance": 0,
  "usdcBalance": 100,
  "kenduBalance": 4855925261.348792,
  "ethBalanceInUsd": 1219.56834229344,
  "kenduBalanceInUsd": 105810.61144479018,
  "totalUsdBalance": 1319.56834229344
}