{
  "ethBalance": 7.110675056018341,
  "usdtBalance": 22218.494633,
  "kenduBalance": 512835445.5049916,
  "ethBalanceInUsd": 23531.712496634296,
  "kenduBalanceInUsd": 94346.3369095533,
  "totalUsdBalance": 45750.20712963429
}