{
  "ethBalance": 0.038589031500035925,
  "usdtBalance": 0,
  "usdcBalance": 0,
  "kenduBalance": 35199894.08324558,
  "ethBalanceInUsd": 147.78287037442757,
  "kenduBalanceInUsd": 1522.3954191003716,
  "totalUsdBalance": 147.78287037442757
}