{
  "ethBalance": 0.04459919224178026,
  "usdtBalance": 0,
  "usdcBalance": 0,
  "kenduBalance": 517214787.4674407,
  "ethBalanceInUsd": 105.97258667761649,
  "kenduBalanceInUsd": 26357.26556934078,
  "totalUsdBalance": 105.97258667761649
}