{
  "ethBalance": 0.038589031500035925,
  "usdtBalance": 0,
  "usdcBalance": 0,
  "kenduBalance": 35199894.08324558,
  "ethBalanceInUsd": 126.06380577526235,
  "kenduBalanceInUsd": 450.20664532471096,
  "totalUsdBalance": 126.06380577526235
}