{
  "ethBalance": 0.30943876692005484,
  "usdtBalance": 0,
  "usdcBalance": 0,
  "kenduBalance": 8110029020.399477,
  "ethBalanceInUsd": 811.6486024682962,
  "kenduBalanceInUsd": 75990.9719211431,
  "totalUsdBalance": 811.6486024682962
}