{
  "ethBalance": 0.3579040556931112,
  "usdtBalance": 0,
  "usdcBalance": 0,
  "kenduBalance": 3646098337.9468102,
  "ethBalanceInUsd": 655.7876012464876,
  "kenduBalanceInUsd": 40034.15975065598,
  "totalUsdBalance": 655.7876012464876
}