{
  "ethBalance": 0.038589031500035925,
  "usdtBalance": 0,
  "usdcBalance": 0,
  "kenduBalance": 35199894.08324558,
  "ethBalanceInUsd": 101.17851114151918,
  "kenduBalanceInUsd": 1874.3943599328272,
  "totalUsdBalance": 101.17851114151918
}