{
  "ethBalance": 0.038589031500035925,
  "usdtBalance": 0,
  "usdcBalance": 0,
  "kenduBalance": 35199894.08324558,
  "ethBalanceInUsd": 126.15757712180746,
  "kenduBalanceInUsd": 504.06248327207675,
  "totalUsdBalance": 126.15757712180746
}