{
  "ethBalance": 0.038589031500035925,
  "usdtBalance": 0,
  "usdcBalance": 0,
  "kenduBalance": 35199894.08324558,
  "ethBalanceInUsd": 95.80151549230419,
  "kenduBalanceInUsd": 1774.7786596772423,
  "totalUsdBalance": 95.80151549230419
}