{
  "ethBalance": 0.35779268808449755,
  "usdtBalance": 0,
  "usdcBalance": 0,
  "kenduBalance": 3546950453.60037,
  "ethBalanceInUsd": 654.127326136721,
  "kenduBalanceInUsd": 37987.839358059966,
  "totalUsdBalance": 654.127326136721
}