{
  "ethBalance": 0.3119048631851912,
  "usdtBalance": 0,
  "usdcBalance": 0.463046,
  "kenduBalance": 4175387837.757599,
  "ethBalanceInUsd": 644.5513997721976,
  "kenduBalanceInUsd": 55908.44314757425,
  "totalUsdBalance": 645.0144457721975
}