{
  "ethBalance": 0.3196155371451788,
  "usdtBalance": 0,
  "usdcBalance": 884.463046,
  "kenduBalance": 5453954448.539579,
  "ethBalanceInUsd": 606.6974087643499,
  "kenduBalanceInUsd": 39377.55111845576,
  "totalUsdBalance": 1491.1604547643499
}