{
  "ethBalance": 18.27649738337883,
  "usdtBalance": 0,
  "usdcBalance": 0,
  "kenduBalance": 10805029020.399477,
  "ethBalanceInUsd": 51409.04566483713,
  "kenduBalanceInUsd": 135603.11420601344,
  "totalUsdBalance": 51409.04566483713
}