{
  "ethBalance": 0.045462183917402754,
  "usdtBalance": 0,
  "usdcBalance": 0,
  "kenduBalance": 307214787.46744066,
  "ethBalanceInUsd": 116.91646224590218,
  "kenduBalanceInUsd": 32125.45032547027,
  "totalUsdBalance": 116.91646224590218
}