{
  "ethBalance": 0.5002741579676101,
  "usdtBalance": 0,
  "usdcBalance": 100,
  "kenduBalance": 4855925261.348792,
  "ethBalanceInUsd": 1307.2814104099011,
  "kenduBalanceInUsd": 121883.72405985468,
  "totalUsdBalance": 1407.2814104099011
}