{
  "ethBalance": 1.3361818234309384,
  "usdtBalance": 3946.421819,
  "usdcBalance": 0,
  "kenduBalance": 13088006810.477243,
  "ethBalanceInUsd": 4144.729121736897,
  "kenduBalanceInUsd": 273146.70213466004,
  "totalUsdBalance": 8091.150940736897
}