{
  "ethBalance": 0.5002741579676101,
  "usdtBalance": 0,
  "usdcBalance": 100,
  "kenduBalance": 4855925261.348792,
  "ethBalanceInUsd": 1310.1029566608383,
  "kenduBalanceInUsd": 129410.40821494532,
  "totalUsdBalance": 1410.1029566608383
}