{
  "ethBalance": 0.038589031500035925,
  "usdtBalance": 0,
  "usdcBalance": 0,
  "kenduBalance": 35199894.08324558,
  "ethBalanceInUsd": 133.82676124212458,
  "kenduBalanceInUsd": 1207.708365996156,
  "totalUsdBalance": 133.82676124212458
}