{
  "ethBalance": 0.038589031500035925,
  "usdtBalance": 0,
  "usdcBalance": 0,
  "kenduBalance": 35199894.08324558,
  "ethBalanceInUsd": 121.1680153488528,
  "kenduBalanceInUsd": 1730.7787920731853,
  "totalUsdBalance": 121.1680153488528
}