{
  "ethBalance": 0.038589031500035925,
  "usdtBalance": 0,
  "usdcBalance": 0,
  "kenduBalance": 35199894.08324558,
  "ethBalanceInUsd": 118.55862503882038,
  "kenduBalanceInUsd": 1713.8828429132275,
  "totalUsdBalance": 118.55862503882038
}