{
  "ethBalance": 0.038589031500035925,
  "usdtBalance": 0,
  "usdcBalance": 0,
  "kenduBalance": 35199894.08324558,
  "ethBalanceInUsd": 128.34248808533948,
  "kenduBalanceInUsd": 1095.772702811435,
  "totalUsdBalance": 128.34248808533948
}