{
  "ethBalance": 0.5002741579676101,
  "usdtBalance": 0,
  "usdcBalance": 100,
  "kenduBalance": 4855925261.348792,
  "ethBalanceInUsd": 1309.0073562548891,
  "kenduBalanceInUsd": 123194.82388041886,
  "totalUsdBalance": 1409.0073562548891
}