{
  "ethBalance": 0.3579488855246269,
  "usdtBalance": 0,
  "usdcBalance": 0,
  "kenduBalance": 3705282011.416198,
  "ethBalanceInUsd": 648.5890626152029,
  "kenduBalanceInUsd": 46649.50052372993,
  "totalUsdBalance": 648.5890626152029
}