{
  "ethBalance": 0.04272247540230626,
  "usdtBalance": 0,
  "usdcBalance": 0,
  "kenduBalance": 517214787.4674407,
  "ethBalanceInUsd": 113.55505794506796,
  "kenduBalanceInUsd": 28462.329754333263,
  "totalUsdBalance": 113.55505794506796
}