{
  "ethBalance": 1.3983253659562933,
  "usdtBalance": 0,
  "usdcBalance": 25.002104,
  "kenduBalance": null,
  "ethBalanceInUsd": 6343.684804958299,
  "kenduBalanceInUsd": null,
  "totalUsdBalance": 6368.686908958299
}