{
  "ethBalance": 0.038589031500035925,
  "usdtBalance": 0,
  "usdcBalance": 0,
  "kenduBalance": 35199894.08324558,
  "ethBalanceInUsd": 123.98540053867042,
  "kenduBalanceInUsd": 1891.99430697445,
  "totalUsdBalance": 123.98540053867042
}