{
  "ethBalance": 0.045462183917402754,
  "usdtBalance": 0,
  "usdcBalance": 0,
  "kenduBalance": 307214787.46744066,
  "ethBalanceInUsd": 120.54752687538515,
  "kenduBalanceInUsd": 30282.161600665626,
  "totalUsdBalance": 120.54752687538515
}