{
  "ethBalance": 0.5002741579676101,
  "usdtBalance": 0,
  "usdcBalance": 100,
  "kenduBalance": 4855925261.348792,
  "ethBalanceInUsd": 1268.1799822231524,
  "kenduBalanceInUsd": 117464.83207202729,
  "totalUsdBalance": 1368.1799822231524
}