{
  "ethBalance": 0.038589031500035925,
  "usdtBalance": 0,
  "usdcBalance": 0,
  "kenduBalance": 35199894.08324558,
  "ethBalanceInUsd": 129.5576566872756,
  "kenduBalanceInUsd": 322.0790308616971,
  "totalUsdBalance": 129.5576566872756
}