{
  "ethBalance": 0.5002741579676101,
  "usdtBalance": 0,
  "usdcBalance": 100,
  "kenduBalance": 4855925261.348792,
  "ethBalanceInUsd": 1268.9804208759008,
  "kenduBalanceInUsd": 115425.34346226079,
  "totalUsdBalance": 1368.9804208759008
}