{
  "ethBalance": 0.30943876692005484,
  "usdtBalance": 0,
  "usdcBalance": 0,
  "kenduBalance": 8110029020.399477,
  "ethBalanceInUsd": 821.0802960840194,
  "kenduBalanceInUsd": 75909.8716309391,
  "totalUsdBalance": 821.0802960840194
}