{
  "ethBalance": 0.11327750927784742,
  "usdtBalance": 0,
  "usdcBalance": 0,
  "kenduBalance": 11796082608.223656,
  "ethBalanceInUsd": 386.11771812447074,
  "kenduBalanceInUsd": 312242.3066396802,
  "totalUsdBalance": 386.11771812447074
}