{
  "ethBalance": 0.5002741579676101,
  "usdtBalance": 0,
  "usdcBalance": 100,
  "kenduBalance": 4855925261.348792,
  "ethBalanceInUsd": 1136.873023981394,
  "kenduBalanceInUsd": 97069.94597436236,
  "totalUsdBalance": 1236.873023981394
}