{
  "ethBalance": 0.038589031500035925,
  "usdtBalance": 0,
  "usdcBalance": 0,
  "kenduBalance": 35199894.08324558,
  "ethBalanceInUsd": 132.5471489575834,
  "kenduBalanceInUsd": 734.9737884581677,
  "totalUsdBalance": 132.5471489575834
}