{
  "ethBalance": 0.5002741579676101,
  "usdtBalance": 0,
  "usdcBalance": 100,
  "kenduBalance": 4855925261.348792,
  "ethBalanceInUsd": 1258.6047348396526,
  "kenduBalanceInUsd": 111152.12923227384,
  "totalUsdBalance": 1358.6047348396526
}