{
  "ethBalance": 0.038589031500035925,
  "usdtBalance": 0,
  "usdcBalance": 0,
  "kenduBalance": 35199894.08324558,
  "ethBalanceInUsd": 134.1713612934199,
  "kenduBalanceInUsd": 911.3252578152282,
  "totalUsdBalance": 134.1713612934199
}