{
  "ethBalance": 0.5002741579676101,
  "usdtBalance": 0,
  "usdcBalance": 100,
  "kenduBalance": 4855925261.348792,
  "ethBalanceInUsd": 1268.345072695282,
  "kenduBalanceInUsd": 111637.72175840872,
  "totalUsdBalance": 1368.345072695282
}