{
  "ethBalance": 0.3117728554842481,
  "usdtBalance": 0,
  "usdcBalance": 0.463046,
  "kenduBalance": 4113980899.4295063,
  "ethBalanceInUsd": 593.166563930111,
  "kenduBalanceInUsd": 48668.39404025106,
  "totalUsdBalance": 593.629609930111
}