{
  "ethBalance": 0.038589031500035925,
  "usdtBalance": 0,
  "usdcBalance": 0,
  "kenduBalance": 35199894.08324558,
  "ethBalanceInUsd": 127.41519365839362,
  "kenduBalanceInUsd": 521.6624303136996,
  "totalUsdBalance": 127.41519365839362
}