{
  "ethBalance": 0.3119048631851912,
  "usdtBalance": 0,
  "usdcBalance": 0.463046,
  "kenduBalance": 4175387837.757599,
  "ethBalanceInUsd": 627.4746085128083,
  "kenduBalanceInUsd": 39499.16894518688,
  "totalUsdBalance": 627.9376545128083
}