{
  "ethBalance": 0.5002741579676101,
  "usdtBalance": 0,
  "usdcBalance": 100,
  "kenduBalance": 4855925261.348792,
  "ethBalanceInUsd": 1256.0983613082349,
  "kenduBalanceInUsd": 124457.36444836954,
  "totalUsdBalance": 1356.0983613082349
}