{
  "ethBalance": 0.038589031500035925,
  "usdtBalance": 0,
  "usdcBalance": 0,
  "kenduBalance": 35199894.08324558,
  "ethBalanceInUsd": 104.10355972922191,
  "kenduBalanceInUsd": 1440.0276669455768,
  "totalUsdBalance": 104.10355972922191
}