{
  "ethBalance": 0.038589031500035925,
  "usdtBalance": 0,
  "usdcBalance": 0,
  "kenduBalance": 35199894.08324558,
  "ethBalanceInUsd": 118.50498628503532,
  "kenduBalanceInUsd": 769.1176857189159,
  "totalUsdBalance": 118.50498628503532
}