{
  "ethBalance": 0.700034011230498,
  "usdtBalance": 0,
  "usdcBalance": null,
  "kenduBalance": 4482236645.828448,
  "ethBalanceInUsd": 3225.721722049573,
  "kenduBalanceInUsd": 54145.418681607654,
  "totalUsdBalance": null
}