{
  "ethBalance": 0.04459919224178026,
  "usdtBalance": 0,
  "usdcBalance": 0,
  "kenduBalance": 517214787.4674407,
  "ethBalanceInUsd": 112.51618016333049,
  "kenduBalanceInUsd": 34534.431359201015,
  "totalUsdBalance": 112.51618016333049
}