{
  "ethBalance": 0.0624422229661258,
  "usdtBalance": 0,
  "usdcBalance": 0,
  "kenduBalance": 6379544426.92592,
  "ethBalanceInUsd": 129.33532758527707,
  "kenduBalanceInUsd": 56076.19551267884,
  "totalUsdBalance": 129.33532758527707
}