{
  "ethBalance": 0.04272247540230626,
  "usdtBalance": 0,
  "usdcBalance": 0,
  "kenduBalance": 517214787.4674407,
  "ethBalanceInUsd": 103.737433097618,
  "kenduBalanceInUsd": 23491.895646771158,
  "totalUsdBalance": 103.737433097618
}