{
  "ethBalance": 0.30943876692005484,
  "usdtBalance": 0,
  "usdcBalance": 0,
  "kenduBalance": 8110029020.399477,
  "ethBalanceInUsd": 842.7936143587997,
  "kenduBalanceInUsd": 83857.70007093059,
  "totalUsdBalance": 842.7936143587997
}