{
  "ethBalance": 0.038589031500035925,
  "usdtBalance": 0,
  "usdcBalance": 0,
  "kenduBalance": 35199894.08324558,
  "ethBalanceInUsd": 129.46735835356554,
  "kenduBalanceInUsd": 1037.3408786332473,
  "totalUsdBalance": 129.46735835356554
}