{
  "ethBalance": 0.038589031500035925,
  "usdtBalance": 0,
  "usdcBalance": 0,
  "kenduBalance": 35199894.08324558,
  "ethBalanceInUsd": 157.4451779717216,
  "kenduBalanceInUsd": 1312.2520514233954,
  "totalUsdBalance": 157.4451779717216
}