{
  "ethBalance": 0.04272247540230626,
  "usdtBalance": 0,
  "usdcBalance": 0,
  "kenduBalance": 517214787.4674407,
  "ethBalanceInUsd": 112.33148624954592,
  "kenduBalanceInUsd": 29424.349259022703,
  "totalUsdBalance": 112.33148624954592
}