{
  "ethBalance": 0.038589031500035925,
  "usdtBalance": 0,
  "usdcBalance": 0,
  "kenduBalance": 35199894.08324558,
  "ethBalanceInUsd": 128.65351567922977,
  "kenduBalanceInUsd": 921.5332270993694,
  "totalUsdBalance": 128.65351567922977
}