{
  "ethBalance": 18.27649738337883,
  "usdtBalance": 0,
  "usdcBalance": 0,
  "kenduBalance": 10805029020.399477,
  "ethBalanceInUsd": 49183.516578463095,
  "kenduBalanceInUsd": 127391.29215050983,
  "totalUsdBalance": 49183.516578463095
}