{
  "ethBalance": 0.5002741579676101,
  "usdtBalance": 0,
  "usdcBalance": 100,
  "kenduBalance": 4855925261.348792,
  "ethBalanceInUsd": 1247.9789117244206,
  "kenduBalanceInUsd": 137762.59966446523,
  "totalUsdBalance": 1347.9789117244206
}