{
  "ethBalance": 0.5002741579676101,
  "usdtBalance": 0,
  "usdcBalance": 100,
  "kenduBalance": 4855925261.348792,
  "ethBalanceInUsd": 1212.6345424640087,
  "kenduBalanceInUsd": 109598.23314864223,
  "totalUsdBalance": 1312.6345424640087
}