{
  "ethBalance": 0.35779268808449755,
  "usdtBalance": 0,
  "usdcBalance": 0,
  "kenduBalance": 4546950453.600369,
  "ethBalanceInUsd": 825.3490170195573,
  "kenduBalanceInUsd": 75706.72505244616,
  "totalUsdBalance": 825.3490170195573
}