{
  "ethBalance": 0.10895982647011769,
  "usdtBalance": 3946.421819,
  "usdcBalance": 0,
  "kenduBalance": 11554476486.075047,
  "ethBalanceInUsd": 360.0817177323273,
  "kenduBalanceInUsd": 321445.5358426078,
  "totalUsdBalance": 4306.503536732327
}