{
  "ethBalance": 0.04272247540230626,
  "usdtBalance": 0,
  "usdcBalance": 0,
  "kenduBalance": 517214787.4674407,
  "ethBalanceInUsd": 111.84786782799182,
  "kenduBalanceInUsd": 30479.46742545628,
  "totalUsdBalance": 111.84786782799182
}