{
  "ethBalance": 0.038589031500035925,
  "usdtBalance": 0,
  "usdcBalance": 0,
  "kenduBalance": 35199894.08324558,
  "ethBalanceInUsd": 131.4894236041674,
  "kenduBalanceInUsd": 897.9492980635948,
  "totalUsdBalance": 131.4894236041674
}