{
  "ethBalance": 0.045462183917402754,
  "usdtBalance": 0,
  "usdcBalance": 0,
  "kenduBalance": 307214787.46744066,
  "ethBalanceInUsd": 125.49199399824187,
  "kenduBalanceInUsd": 26297.58580721292,
  "totalUsdBalance": 125.49199399824187
}