{
  "ethBalance": 0.35779268808449755,
  "usdtBalance": 0,
  "usdcBalance": 0,
  "kenduBalance": 3546950453.60037,
  "ethBalanceInUsd": 635.7224702616544,
  "kenduBalanceInUsd": 37101.10174465987,
  "totalUsdBalance": 635.7224702616544
}