{
  "ethBalance": 0.038589031500035925,
  "usdtBalance": 0,
  "usdcBalance": 0,
  "kenduBalance": 35199894.08324558,
  "ethBalanceInUsd": 141.58971670898683,
  "kenduBalanceInUsd": 725.4698170556915,
  "totalUsdBalance": 141.58971670898683
}