{
  "ethBalance": 0.0624422229661258,
  "usdtBalance": 0,
  "usdcBalance": 0,
  "kenduBalance": 6384544426.92592,
  "ethBalanceInUsd": 128.72776475581665,
  "kenduBalanceInUsd": 46543.32887228995,
  "totalUsdBalance": 128.72776475581665
}