{
  "ethBalance": 0.3579488855246269,
  "usdtBalance": 0,
  "usdcBalance": 0,
  "kenduBalance": 3705282011.416198,
  "ethBalanceInUsd": 586.3274334670493,
  "kenduBalanceInUsd": 38164.40471758683,
  "totalUsdBalance": 586.3274334670493
}