{
  "ethBalance": 0.038589031500035925,
  "usdtBalance": 0,
  "usdcBalance": 0,
  "kenduBalance": 35199894.08324558,
  "ethBalanceInUsd": 119.07533217060586,
  "kenduBalanceInUsd": 1297.4680959084324,
  "totalUsdBalance": 119.07533217060586
}