{
  "ethBalance": 0.3579488855246269,
  "usdtBalance": 0,
  "usdcBalance": 0,
  "kenduBalance": 3705282011.416198,
  "ethBalanceInUsd": 638.1763295352915,
  "kenduBalanceInUsd": 46204.866682359985,
  "totalUsdBalance": 638.1763295352915
}