{
  "ethBalance": 0.5002741579676101,
  "usdtBalance": 0,
  "usdcBalance": 100,
  "kenduBalance": 4855925261.348792,
  "ethBalanceInUsd": 1370.6811544491363,
  "kenduBalanceInUsd": 127273.80109995184,
  "totalUsdBalance": 1470.6811544491363
}