{
  "ethBalance": 0.04272247540230626,
  "usdtBalance": 0,
  "usdcBalance": 0,
  "kenduBalance": 517214787.4674407,
  "ethBalanceInUsd": 115.31052445934873,
  "kenduBalanceInUsd": 30443.262390333563,
  "totalUsdBalance": 115.31052445934873
}