{
  "ethBalance": 0.06254024854608203,
  "usdtBalance": 0,
  "usdcBalance": 0,
  "kenduBalance": 6456272656.749752,
  "ethBalanceInUsd": 138.16204088054806,
  "kenduBalanceInUsd": 60430.71206717768,
  "totalUsdBalance": 138.16204088054806
}