{
  "ethBalance": 0.357215510728175,
  "usdtBalance": 0,
  "usdcBalance": 0,
  "kenduBalance": 5355947774.956795,
  "ethBalanceInUsd": 893.8996662012923,
  "kenduBalanceInUsd": 120241.02754778005,
  "totalUsdBalance": 893.8996662012923
}