{
  "ethBalance": 3.371722737510652,
  "usdtBalance": 3949.089252,
  "usdcBalance": 5005.206012,
  "kenduBalance": 12581268339.85095,
  "ethBalanceInUsd": 10774.74461444379,
  "kenduBalanceInUsd": 287859.4196157898,
  "totalUsdBalance": 19729.03987844379
}