{
  "ethBalance": 0.5002741579676101,
  "usdtBalance": 0,
  "usdcBalance": 100,
  "kenduBalance": 4855925261.348792,
  "ethBalanceInUsd": 1267.1294064914205,
  "kenduBalanceInUsd": 128730.57867835647,
  "totalUsdBalance": 1367.1294064914205
}