{
  "ethBalance": 0.5002741579676101,
  "usdtBalance": 0,
  "usdcBalance": 100,
  "kenduBalance": 4855925261.348792,
  "ethBalanceInUsd": 1395.9049774938633,
  "kenduBalanceInUsd": 125331.43099541232,
  "totalUsdBalance": 1495.9049774938633
}