{
  "ethBalance": 0.038589031500035925,
  "usdtBalance": 0,
  "usdcBalance": 0,
  "kenduBalance": 35199894.08324558,
  "ethBalanceInUsd": 122.49702159371404,
  "kenduBalanceInUsd": 750.4617418547958,
  "totalUsdBalance": 122.49702159371404
}