{
  "ethBalance": 0.038589031500035925,
  "usdtBalance": 0,
  "usdcBalance": 0,
  "kenduBalance": 35199894.08324558,
  "ethBalanceInUsd": 123.65392075808512,
  "kenduBalanceInUsd": 1438.9716701230795,
  "totalUsdBalance": 123.65392075808512
}