{
  "ethBalance": 0.04459919224178026,
  "usdtBalance": 0,
  "usdcBalance": 0,
  "kenduBalance": 517214787.4674407,
  "ethBalanceInUsd": 112.26642468677652,
  "kenduBalanceInUsd": 34503.39847195297,
  "totalUsdBalance": 112.26642468677652
}