{
  "ethBalance": 0.038589031500035925,
  "usdtBalance": 0,
  "usdcBalance": 0,
  "kenduBalance": 35199894.08324558,
  "ethBalanceInUsd": 130.53704630674653,
  "kenduBalanceInUsd": 310.46306581422607,
  "totalUsdBalance": 130.53704630674653
}