{
  "ethBalance": 0.038589031500035925,
  "usdtBalance": 0,
  "usdcBalance": 0,
  "kenduBalance": 35199894.08324558,
  "ethBalanceInUsd": 126.13751082542743,
  "kenduBalanceInUsd": 717.0218424757126,
  "totalUsdBalance": 126.13751082542743
}