{
  "ethBalance": 0.3119048631851912,
  "usdtBalance": 0,
  "usdcBalance": 0.463046,
  "kenduBalance": 4175387837.757599,
  "ethBalanceInUsd": 613.516865885271,
  "kenduBalanceInUsd": 34446.94966150019,
  "totalUsdBalance": 613.979911885271
}