{
  "ethBalance": 0.04272247540230626,
  "usdtBalance": 0,
  "usdcBalance": 0,
  "kenduBalance": 517214787.4674407,
  "ethBalanceInUsd": 113.73192899323352,
  "kenduBalanceInUsd": 30319.130841341375,
  "totalUsdBalance": 113.73192899323352
}