{
  "ethBalance": 0.038589031500035925,
  "usdtBalance": 0,
  "usdcBalance": 0,
  "kenduBalance": 35199894.08324558,
  "ethBalanceInUsd": 137.52822114360805,
  "kenduBalanceInUsd": 731.1018001090107,
  "totalUsdBalance": 137.52822114360805
}