{
  "ethBalance": 0.04459919224178026,
  "usdtBalance": 0,
  "usdcBalance": 0,
  "kenduBalance": 517214787.4674407,
  "ethBalanceInUsd": 101.46360834197252,
  "kenduBalanceInUsd": 28798.5193661871,
  "totalUsdBalance": 101.46360834197252
}