{
  "ethBalance": 0.038589031500035925,
  "usdtBalance": 0,
  "usdcBalance": 0,
  "kenduBalance": 35199894.08324558,
  "ethBalanceInUsd": 127.55295650084875,
  "kenduBalanceInUsd": 1516.0594381653873,
  "totalUsdBalance": 127.55295650084875
}