{
  "ethBalance": 0.35798968333076975,
  "usdtBalance": 0,
  "usdcBalance": 4004.403285,
  "kenduBalance": 3705282011.416198,
  "ethBalanceInUsd": 528.9476566053788,
  "kenduBalanceInUsd": 40054.0985434091,
  "totalUsdBalance": 4533.3509416053785
}