{
  "ethBalance": 0.045462183917402754,
  "usdtBalance": 0,
  "usdcBalance": 0,
  "kenduBalance": 307214787.46744066,
  "ethBalanceInUsd": 121.33084030428199,
  "kenduBalanceInUsd": 27824.4433009261,
  "totalUsdBalance": 121.33084030428199
}