{
  "ethBalance": 0.038589031500035925,
  "usdtBalance": 0,
  "usdcBalance": 0,
  "kenduBalance": 35199894.08324558,
  "ethBalanceInUsd": 144.0223692547491,
  "kenduBalanceInUsd": 975.0370661059026,
  "totalUsdBalance": 144.0223692547491
}