{
  "ethBalance": 0.04272247540230626,
  "usdtBalance": 0,
  "usdcBalance": 0,
  "kenduBalance": 517214787.4674407,
  "ethBalanceInUsd": 104.5880375828779,
  "kenduBalanceInUsd": 22855.721458186206,
  "totalUsdBalance": 104.5880375828779
}