{
  "ethBalance": 0.5002741579676101,
  "usdtBalance": 0,
  "usdcBalance": 100,
  "kenduBalance": 4855925261.348792,
  "ethBalanceInUsd": 1131.8902933680365,
  "kenduBalanceInUsd": 95564.60914334423,
  "totalUsdBalance": 1231.8902933680365
}