{
  "ethBalance": 4.6141126098146295,
  "usdtBalance": 3949.089252,
  "usdcBalance": 5005.206012,
  "kenduBalance": 12446766212.484573,
  "ethBalanceInUsd": 14622.999541898425,
  "kenduBalanceInUsd": 292872.408979762,
  "totalUsdBalance": 23577.294805898426
}