{
  "ethBalance": 0.038589031500035925,
  "usdtBalance": 0,
  "usdcBalance": 0,
  "kenduBalance": 35199894.08324558,
  "ethBalanceInUsd": 153.9339619955333,
  "kenduBalanceInUsd": 1784.9866289613835,
  "totalUsdBalance": 153.9339619955333
}