{
  "ethBalance": 0.038589031500035925,
  "usdtBalance": 0,
  "usdcBalance": 0,
  "kenduBalance": 35199894.08324558,
  "ethBalanceInUsd": 96.08090008036444,
  "kenduBalanceInUsd": 1112.6686519713928,
  "totalUsdBalance": 96.08090008036444
}