{
  "ethBalance": 0.038589031500035925,
  "usdtBalance": 0,
  "usdcBalance": 0,
  "kenduBalance": 35199894.08324558,
  "ethBalanceInUsd": 130.71455585164668,
  "kenduBalanceInUsd": 1135.19658418467,
  "totalUsdBalance": 130.71455585164668
}