{
  "ethBalance": 0.30943876692005484,
  "usdtBalance": 0,
  "usdcBalance": 0,
  "kenduBalance": 8110029020.399477,
  "ethBalanceInUsd": 842.2397189660129,
  "kenduBalanceInUsd": 88885.91806357827,
  "totalUsdBalance": 842.2397189660129
}