{
  "ethBalance": 0.10895982647011769,
  "usdtBalance": 3946.421819,
  "usdcBalance": 0,
  "kenduBalance": 11554476486.075047,
  "ethBalanceInUsd": 360.01416263991587,
  "kenduBalanceInUsd": 321329.991077747,
  "totalUsdBalance": 4306.435981639916
}