{
  "ethBalance": 0.04272247540230626,
  "usdtBalance": 0,
  "usdcBalance": 0,
  "kenduBalance": 517214787.4674407,
  "ethBalanceInUsd": 112.36609145462178,
  "kenduBalanceInUsd": 30117.417074229073,
  "totalUsdBalance": 112.36609145462178
}