{
  "ethBalance": 0.35769432885289126,
  "usdtBalance": 0,
  "usdcBalance": 0,
  "kenduBalance": 4514955040.756332,
  "ethBalanceInUsd": 894.2537068486708,
  "kenduBalanceInUsd": 78289.3204067148,
  "totalUsdBalance": 894.2537068486708
}