{
  "ethBalance": 0.11327750927784742,
  "usdtBalance": 0,
  "usdcBalance": 0,
  "kenduBalance": 11796082608.223656,
  "ethBalanceInUsd": 385.36895378814415,
  "kenduBalanceInUsd": 315309.2881178183,
  "totalUsdBalance": 385.36895378814415
}