{
  "ethBalance": 0.038589031500035925,
  "usdtBalance": 0,
  "usdcBalance": 0,
  "kenduBalance": 35199894.08324558,
  "ethBalanceInUsd": 130.70645215503168,
  "kenduBalanceInUsd": 788.4776274647011,
  "totalUsdBalance": 130.70645215503168
}