{
  "ethBalance": 0.35769432885289126,
  "usdtBalance": 0,
  "usdcBalance": 0,
  "kenduBalance": 4514955040.756332,
  "ethBalanceInUsd": 887.3609371316757,
  "kenduBalanceInUsd": 78876.26456201312,
  "totalUsdBalance": 887.3609371316757
}