{
  "ethBalance": 0.5002741579676101,
  "usdtBalance": 0,
  "usdcBalance": 100,
  "kenduBalance": 4855925261.348792,
  "ethBalanceInUsd": 1258.4146306596247,
  "kenduBalanceInUsd": 122952.02761735143,
  "totalUsdBalance": 1358.4146306596247
}