{
  "ethBalance": 0.04459919224178026,
  "usdtBalance": 0,
  "usdcBalance": 0,
  "kenduBalance": 517214787.4674407,
  "ethBalanceInUsd": 104.70418565026026,
  "kenduBalanceInUsd": 24614.2517355755,
  "totalUsdBalance": 104.70418565026026
}