{
  "ethBalance": 3.9774170719585187,
  "usdtBalance": 0,
  "usdcBalance": 0,
  "kenduBalance": 8310029020.399478,
  "ethBalanceInUsd": 10602.401817866226,
  "kenduBalanceInUsd": 105537.36855907338,
  "totalUsdBalance": 10602.401817866226
}