{
  "ethBalance": 0.9903818468589797,
  "usdtBalance": 0,
  "usdcBalance": null,
  "kenduBalance": 4677192821.897994,
  "ethBalanceInUsd": 4255.611373042224,
  "kenduBalanceInUsd": 73057.75187804666,
  "totalUsdBalance": null
}