{
  "ethBalance": 0.0660488809860724,
  "usdtBalance": 0,
  "usdcBalance": 0,
  "kenduBalance": 7622102282.100412,
  "ethBalanceInUsd": 164.60503972706005,
  "kenduBalanceInUsd": 71571.54042892288,
  "totalUsdBalance": 164.60503972706005
}