{
  "ethBalance": 0.06254024854608203,
  "usdtBalance": 0,
  "usdcBalance": 0,
  "kenduBalance": 6456272656.749752,
  "ethBalanceInUsd": 157.48635227880192,
  "kenduBalanceInUsd": 71148.12467738226,
  "totalUsdBalance": 157.48635227880192
}