{
  "ethBalance": 0.10788809429719365,
  "usdtBalance": 3946.421819,
  "usdcBalance": 0,
  "kenduBalance": 13268928669.075045,
  "ethBalanceInUsd": 360.11211778800185,
  "kenduBalanceInUsd": 343930.63110242516,
  "totalUsdBalance": 4306.533936788002
}