{
  "ethBalance": 0.3117728554842481,
  "usdtBalance": 0,
  "usdcBalance": 0.463046,
  "kenduBalance": 4113980899.4295063,
  "ethBalanceInUsd": 556.3867201686343,
  "kenduBalanceInUsd": 46611.403590536305,
  "totalUsdBalance": 556.8497661686342
}