{
  "ethBalance": 0.11327750927784742,
  "usdtBalance": 0,
  "usdcBalance": 0,
  "kenduBalance": 11796082608.223656,
  "ethBalanceInUsd": 374.4365413677391,
  "kenduBalanceInUsd": 294430.22190126247,
  "totalUsdBalance": 374.4365413677391
}