{
  "ethBalance": 0.04459919224178026,
  "usdtBalance": 0,
  "usdcBalance": 0,
  "kenduBalance": 517214787.4674407,
  "ethBalanceInUsd": 103.23062833859184,
  "kenduBalanceInUsd": 24940.097051679993,
  "totalUsdBalance": 103.23062833859184
}