{
  "ethBalance": 8.051792938400936,
  "usdtBalance": 22356.072978,
  "usdcBalance": 88.007775,
  "kenduBalance": 947823769.8171208,
  "ethBalanceInUsd": 19581.799390332308,
  "kenduBalanceInUsd": 96772.80689832804,
  "totalUsdBalance": 42025.8801433323
}