{
  "ethBalance": 0.045462183917402754,
  "usdtBalance": 0,
  "usdcBalance": 0,
  "kenduBalance": 307214787.46744066,
  "ethBalanceInUsd": 118.89043027159582,
  "kenduBalanceInUsd": 27065.622775881522,
  "totalUsdBalance": 118.89043027159582
}