{
  "ethBalance": 0.3579488855246269,
  "usdtBalance": 0,
  "usdcBalance": 0,
  "kenduBalance": 3705282011.416198,
  "ethBalanceInUsd": 641.0363411306333,
  "kenduBalanceInUsd": 45834.338481218365,
  "totalUsdBalance": 641.0363411306333
}