{
  "ethBalance": 0.04272247540230626,
  "usdtBalance": 0,
  "usdcBalance": 0,
  "kenduBalance": 517214787.4674407,
  "ethBalanceInUsd": 109.62928968035004,
  "kenduBalanceInUsd": 29103.67609079289,
  "totalUsdBalance": 109.62928968035004
}