{
  "ethBalance": 0.35779268808449755,
  "usdtBalance": 0,
  "usdcBalance": 0,
  "kenduBalance": 3546950453.60037,
  "ethBalanceInUsd": 693.4880997528966,
  "kenduBalanceInUsd": 43059.978506708496,
  "totalUsdBalance": 693.4880997528966
}