{
  "ethBalance": 0.038589031500035925,
  "usdtBalance": 0,
  "usdcBalance": 0,
  "kenduBalance": 35199894.08324558,
  "ethBalanceInUsd": 119.68079407484142,
  "kenduBalanceInUsd": 1467.4835843305084,
  "totalUsdBalance": 119.68079407484142
}