{
  "ethBalance": 0.038589031500035925,
  "usdtBalance": 0,
  "usdcBalance": 0,
  "kenduBalance": 35199894.08324558,
  "ethBalanceInUsd": 128.905502054925,
  "kenduBalanceInUsd": 916.2532429868825,
  "totalUsdBalance": 128.905502054925
}