{
  "ethBalance": 18.27649738337883,
  "usdtBalance": 0,
  "usdcBalance": 0,
  "kenduBalance": 10805029020.399477,
  "ethBalanceInUsd": 51746.24704156048,
  "kenduBalanceInUsd": 129660.34824479373,
  "totalUsdBalance": 51746.24704156048
}