{
  "ethBalance": 0.06262558795641449,
  "usdtBalance": 0,
  "usdcBalance": 0,
  "kenduBalance": 7456272656.749752,
  "ethBalanceInUsd": 155.5212538515619,
  "kenduBalanceInUsd": 68150.33208269274,
  "totalUsdBalance": 155.5212538515619
}