{
  "ethBalance": 0.35798968333076975,
  "usdtBalance": 0,
  "usdcBalance": 4004.403285,
  "kenduBalance": 3705282011.416198,
  "ethBalanceInUsd": 555.8649008950194,
  "kenduBalanceInUsd": 34755.54526708394,
  "totalUsdBalance": 4560.268185895019
}