{
  "ethBalance": 0.3117728554842481,
  "usdtBalance": 0,
  "usdcBalance": 0.463046,
  "kenduBalance": 4113980899.4295063,
  "ethBalanceInUsd": 556.1154777843631,
  "kenduBalanceInUsd": 48462.694995279584,
  "totalUsdBalance": 556.578523784363
}