{
  "ethBalance": 0.04272247540230626,
  "usdtBalance": 0,
  "usdcBalance": 0,
  "kenduBalance": 517214787.4674407,
  "ethBalanceInUsd": 115.41476729933036,
  "kenduBalanceInUsd": 31012.198656547745,
  "totalUsdBalance": 115.41476729933036
}