{
  "ethBalance": 0.038589031500035925,
  "usdtBalance": 0,
  "usdcBalance": 0,
  "kenduBalance": 35199894.08324558,
  "ethBalanceInUsd": 133.5111029644543,
  "kenduBalanceInUsd": 635.7100871434152,
  "totalUsdBalance": 133.5111029644543
}