{
  "ethBalance": 3.0028890292473904,
  "usdtBalance": 3946.421819,
  "usdcBalance": 5005.206012,
  "kenduBalance": 12632979609.52522,
  "ethBalanceInUsd": 9643.658001866825,
  "kenduBalanceInUsd": 288284.59468936553,
  "totalUsdBalance": 18595.285832866823
}