{
  "ethBalance": 0.35779268808449755,
  "usdtBalance": 0,
  "usdcBalance": 0,
  "kenduBalance": 3546950453.60037,
  "ethBalanceInUsd": 655.1863924934511,
  "kenduBalanceInUsd": 37987.839358059966,
  "totalUsdBalance": 655.1863924934511
}