{
  "ethBalance": 0.3579040556931112,
  "usdtBalance": 0,
  "usdcBalance": 0,
  "kenduBalance": 3646098337.9468102,
  "ethBalanceInUsd": 662.5949363857706,
  "kenduBalanceInUsd": 37445.42993071374,
  "totalUsdBalance": 662.5949363857706
}