{
  "ethBalance": 0.5002741579676101,
  "usdtBalance": 0,
  "usdcBalance": 100,
  "kenduBalance": 4855925261.348792,
  "ethBalanceInUsd": 1194.744738575087,
  "kenduBalanceInUsd": 101828.75273048418,
  "totalUsdBalance": 1294.744738575087
}