{
  "ethBalance": 0.0624422229661258,
  "usdtBalance": 0,
  "usdcBalance": 0,
  "kenduBalance": 6379544426.92592,
  "ethBalanceInUsd": 137.5352403051887,
  "kenduBalanceInUsd": 53588.17318617772,
  "totalUsdBalance": 137.5352403051887
}