{
  "ethBalance": 0.06254024854608203,
  "usdtBalance": 0,
  "usdcBalance": 0,
  "kenduBalance": 6456272656.749752,
  "ethBalanceInUsd": 131.9824389217097,
  "kenduBalanceInUsd": 51521.05580086302,
  "totalUsdBalance": 131.9824389217097
}