{
  "ethBalance": 0.038589031500035925,
  "usdtBalance": 0,
  "usdcBalance": 0,
  "kenduBalance": 35199894.08324558,
  "ethBalanceInUsd": 149.15123743141885,
  "kenduBalanceInUsd": 1081.6927451781366,
  "totalUsdBalance": 149.15123743141885
}