{
  "ethBalance": 0.3579488855246269,
  "usdtBalance": 0,
  "usdcBalance": 0,
  "kenduBalance": 3705282011.416198,
  "ethBalanceInUsd": 572.0309549791957,
  "kenduBalanceInUsd": 39757.675982495806,
  "totalUsdBalance": 572.0309549791957
}