{
  "ethBalance": 0.038589031500035925,
  "usdtBalance": 0,
  "usdcBalance": 0,
  "kenduBalance": 35199894.08324558,
  "ethBalanceInUsd": 131.73639340576764,
  "kenduBalanceInUsd": 1013.0529517158078,
  "totalUsdBalance": 131.73639340576764
}