{
  "ethBalance": 0.04272247540230626,
  "usdtBalance": 0,
  "usdcBalance": 0,
  "kenduBalance": 517214787.4674407,
  "ethBalanceInUsd": 103.90704132496515,
  "kenduBalanceInUsd": 24371.160785465807,
  "totalUsdBalance": 103.90704132496515
}