{
  "ethBalance": 0.04459919224178026,
  "usdtBalance": 0,
  "usdcBalance": 0,
  "kenduBalance": 517214787.4674407,
  "ethBalanceInUsd": 112.48228477722674,
  "kenduBalanceInUsd": 31989.73460486121,
  "totalUsdBalance": 112.48228477722674
}