{
  "ethBalance": 0.0660488809860724,
  "usdtBalance": 0,
  "usdcBalance": 0,
  "kenduBalance": 7622102282.100412,
  "ethBalanceInUsd": 179.39338417984166,
  "kenduBalanceInUsd": 68827.58360736672,
  "totalUsdBalance": 179.39338417984166
}