{
  "ethBalance": 0.038589031500035925,
  "usdtBalance": 0,
  "usdcBalance": 0,
  "kenduBalance": 35199894.08324558,
  "ethBalanceInUsd": 151.36277482668592,
  "kenduBalanceInUsd": 1133.7885884213401,
  "totalUsdBalance": 151.36277482668592
}