{
  "ethBalance": 0.038589031500035925,
  "usdtBalance": 0,
  "usdcBalance": 0,
  "kenduBalance": 35199894.08324558,
  "ethBalanceInUsd": 142.3001407789025,
  "kenduBalanceInUsd": 897.24530018193,
  "totalUsdBalance": 142.3001407789025
}