{
  "ethBalance": 0.04272247540230626,
  "usdtBalance": 0,
  "usdcBalance": 0,
  "kenduBalance": 517214787.4674407,
  "ethBalanceInUsd": 100.1585713331668,
  "kenduBalanceInUsd": 23352.247654154948,
  "totalUsdBalance": 100.1585713331668
}