{
  "ethBalance": 0.0660488809860724,
  "usdtBalance": 0,
  "usdcBalance": 0,
  "kenduBalance": 7622102282.100412,
  "ethBalanceInUsd": 159.63750338809754,
  "kenduBalanceInUsd": 57394.43018421611,
  "totalUsdBalance": 159.63750338809754
}