{
  "ethBalance": 0.09959930940546294,
  "usdtBalance": 0,
  "usdcBalance": 2800,
  "kenduBalance": 5981415733.861656,
  "ethBalanceInUsd": 187.9717846547421,
  "kenduBalanceInUsd": 41032.51193429096,
  "totalUsdBalance": 2987.971784654742
}