{
  "ethBalance": 0.5002741579676101,
  "usdtBalance": 0,
  "usdcBalance": 100,
  "kenduBalance": 4855925261.348792,
  "ethBalanceInUsd": 1314.4603445767361,
  "kenduBalanceInUsd": 124603.04220621001,
  "totalUsdBalance": 1414.4603445767361
}