{
  "ethBalance": 18.27649738337883,
  "usdtBalance": 0,
  "usdcBalance": 0,
  "kenduBalance": 10805029020.399477,
  "ethBalanceInUsd": 52002.66629984928,
  "kenduBalanceInUsd": 127823.49331132582,
  "totalUsdBalance": 52002.66629984928
}