{
  "ethBalance": 0.35769432885289126,
  "usdtBalance": 0,
  "usdcBalance": 0,
  "kenduBalance": 4514955040.756332,
  "ethBalanceInUsd": 889.4534489554651,
  "kenduBalanceInUsd": 77296.03029774841,
  "totalUsdBalance": 889.4534489554651
}