{
  "ethBalance": 0.03983369884579122,
  "usdtBalance": 0,
  "usdcBalance": 0,
  "kenduBalance": 1091213805.8365645,
  "ethBalanceInUsd": 104.55190769753668,
  "kenduBalanceInUsd": 44532.435416190194,
  "totalUsdBalance": 104.55190769753668
}