{
  "ethBalance": 0.3579488855246269,
  "usdtBalance": 0,
  "usdcBalance": 0,
  "kenduBalance": 3705282011.416198,
  "ethBalanceInUsd": 624.6279642181844,
  "kenduBalanceInUsd": 47724.03230704063,
  "totalUsdBalance": 624.6279642181844
}