{
  "ethBalance": 0.5002528644753425,
  "usdtBalance": 0,
  "usdcBalance": null,
  "kenduBalance": 4845166789.051858,
  "ethBalanceInUsd": 1483.4048215573778,
  "kenduBalanceInUsd": 112698.57951334622,
  "totalUsdBalance": null
}