{
  "ethBalance": 0.045462183917402754,
  "usdtBalance": 0,
  "usdcBalance": 0,
  "kenduBalance": 307214787.46744066,
  "ethBalanceInUsd": 118.29123868756443,
  "kenduBalanceInUsd": 26463.48179244534,
  "totalUsdBalance": 118.29123868756443
}