{
  "ethBalance": 0.04272247540230626,
  "usdtBalance": 0,
  "usdcBalance": 0,
  "kenduBalance": 517214787.4674407,
  "ethBalanceInUsd": 102.92271549169601,
  "kenduBalanceInUsd": 24443.57085571125,
  "totalUsdBalance": 102.92271549169601
}