{
  "ethBalance": 18.27649738337883,
  "usdtBalance": 0,
  "usdcBalance": 0,
  "kenduBalance": 10805029020.399477,
  "ethBalanceInUsd": 50301.30715843054,
  "kenduBalanceInUsd": 161427.13356476818,
  "totalUsdBalance": 50301.30715843054
}