{
  "ethBalance": 0.038589031500035925,
  "usdtBalance": 0,
  "usdcBalance": 0,
  "kenduBalance": 35199894.08324558,
  "ethBalanceInUsd": 149.7184961944694,
  "kenduBalanceInUsd": 1215.4523426944702,
  "totalUsdBalance": 149.7184961944694
}