{
  "ethBalance": 0.04272247540230626,
  "usdtBalance": 0,
  "usdcBalance": 0,
  "kenduBalance": 517214787.4674407,
  "ethBalanceInUsd": 110.73024787146748,
  "kenduBalanceInUsd": 28120.967994604754,
  "totalUsdBalance": 110.73024787146748
}