{
  "ethBalance": 0.3579040556931112,
  "usdtBalance": 0,
  "usdcBalance": 0,
  "kenduBalance": 3646098337.9468102,
  "ethBalanceInUsd": 664.3379291369961,
  "kenduBalanceInUsd": 41857.20891962938,
  "totalUsdBalance": 664.3379291369961
}