{
  "ethBalance": 0.038589031500035925,
  "usdtBalance": 0,
  "usdcBalance": 0,
  "kenduBalance": 35199894.08324558,
  "ethBalanceInUsd": 97.40527564144568,
  "kenduBalanceInUsd": 1101.0526869239218,
  "totalUsdBalance": 97.40527564144568
}