{
  "ethBalance": 18.27649738337883,
  "usdtBalance": 0,
  "usdcBalance": 0,
  "kenduBalance": 10805029020.399477,
  "ethBalanceInUsd": 51712.61828637506,
  "kenduBalanceInUsd": 126851.04069948985,
  "totalUsdBalance": 51712.61828637506
}