{
  "ethBalance": 0.5002741579676101,
  "usdtBalance": 0,
  "usdcBalance": 100,
  "kenduBalance": 4855925261.348792,
  "ethBalanceInUsd": 1285.5294900214694,
  "kenduBalanceInUsd": 143249.79520978936,
  "totalUsdBalance": 1385.5294900214694
}