{
  "ethBalance": 1.2350681787309672,
  "usdtBalance": 0,
  "usdcBalance": 25.002104,
  "kenduBalance": null,
  "ethBalanceInUsd": 5339.829621425124,
  "kenduBalanceInUsd": null,
  "totalUsdBalance": 5364.831725425124
}