{
  "ethBalance": 0.038589031500035925,
  "usdtBalance": 0,
  "usdcBalance": 0,
  "kenduBalance": 35199894.08324558,
  "ethBalanceInUsd": 120.14656368504684,
  "kenduBalanceInUsd": 1164.0604973329314,
  "totalUsdBalance": 120.14656368504684
}