{
  "ethBalance": 3.9773126053695473,
  "usdtBalance": 0,
  "usdcBalance": 0,
  "kenduBalance": 8110029020.399477,
  "ethBalanceInUsd": 10718.419967084339,
  "kenduBalanceInUsd": 107376.78423008908,
  "totalUsdBalance": 10718.419967084339
}