{
  "ethBalance": 0.038589031500035925,
  "usdtBalance": 0,
  "usdcBalance": 0,
  "kenduBalance": 35199894.08324558,
  "ethBalanceInUsd": 154.3534247679387,
  "kenduBalanceInUsd": 1442.491659531404,
  "totalUsdBalance": 154.3534247679387
}