{
  "ethBalance": 0.04272247540230626,
  "usdtBalance": 0,
  "usdcBalance": 0,
  "kenduBalance": 517214787.4674407,
  "ethBalanceInUsd": 110.5508134747778,
  "kenduBalanceInUsd": 30303.614397717352,
  "totalUsdBalance": 110.5508134747778
}