{
  "ethBalance": 0.04459919224178026,
  "usdtBalance": 0,
  "usdcBalance": 0,
  "kenduBalance": 517214787.4674407,
  "ethBalanceInUsd": 109.07044657073055,
  "kenduBalanceInUsd": 28736.45359169101,
  "totalUsdBalance": 109.07044657073055
}