{
  "ethBalance": 0.04272247540230626,
  "usdtBalance": 0,
  "usdcBalance": 0,
  "kenduBalance": 517214787.4674407,
  "ethBalanceInUsd": 104.09502021673529,
  "kenduBalanceInUsd": 24241.857088598947,
  "totalUsdBalance": 104.09502021673529
}