{
  "ethBalance": 0.5002741579676101,
  "usdtBalance": 0,
  "usdcBalance": 100,
  "kenduBalance": 4855925261.348792,
  "ethBalanceInUsd": 1240.6148761191373,
  "kenduBalanceInUsd": 160099.85586666968,
  "totalUsdBalance": 1340.6148761191373
}