{
  "ethBalance": 0.038589031500035925,
  "usdtBalance": 0,
  "usdcBalance": 0,
  "kenduBalance": 35199894.08324558,
  "ethBalanceInUsd": 101.94218807490489,
  "kenduBalanceInUsd": 1467.1315853896758,
  "totalUsdBalance": 101.94218807490489
}