{
  "ethBalance": 0.11828269992644785,
  "usdtBalance": 0,
  "usdcBalance": 0,
  "kenduBalance": 12696082608.223658,
  "ethBalanceInUsd": 386.7205561015242,
  "kenduBalanceInUsd": 294676.07733687107,
  "totalUsdBalance": 386.7205561015242
}