{
  "ethBalance": 0.5002741579676101,
  "usdtBalance": 0,
  "usdcBalance": 100,
  "kenduBalance": 4855925261.348792,
  "ethBalanceInUsd": 1284.6990349192429,
  "kenduBalanceInUsd": 139267.93649548336,
  "totalUsdBalance": 1384.6990349192429
}