{
  "ethBalance": 0.35703877941042383,
  "usdtBalance": 0,
  "usdcBalance": 0,
  "kenduBalance": 4855947774.956796,
  "ethBalanceInUsd": 850.06648912269,
  "kenduBalanceInUsd": 174328.52512094897,
  "totalUsdBalance": 850.06648912269
}