{
  "ethBalance": 0.35703877941042383,
  "usdtBalance": 0,
  "usdcBalance": 0,
  "kenduBalance": 4855947774.956796,
  "ethBalanceInUsd": 857.1072938526635,
  "kenduBalanceInUsd": 175251.15519819077,
  "totalUsdBalance": 857.1072938526635
}