{
  "ethBalance": 0.35703877941042383,
  "usdtBalance": 0,
  "usdcBalance": 0,
  "kenduBalance": 4855947774.956796,
  "ethBalanceInUsd": 926.9333679419601,
  "kenduBalanceInUsd": 141793.67502873845,
  "totalUsdBalance": 926.9333679419601
}