{
  "ethBalance": 0.038589031500035925,
  "usdtBalance": 0,
  "usdcBalance": 0,
  "kenduBalance": 35199894.08324558,
  "ethBalanceInUsd": 93.47536867348202,
  "kenduBalanceInUsd": 1947.610139625978,
  "totalUsdBalance": 93.47536867348202
}