{
  "ethBalance": 0.04459919224178026,
  "usdtBalance": 0,
  "usdcBalance": 0,
  "kenduBalance": 517214787.4674407,
  "ethBalanceInUsd": 109.62793647375281,
  "kenduBalanceInUsd": 29362.28348452661,
  "totalUsdBalance": 109.62793647375281
}