{
  "ethBalance": 0.3196155371451788,
  "usdtBalance": 0,
  "usdcBalance": 884.463046,
  "kenduBalance": 5453954448.539579,
  "ethBalanceInUsd": 642.3505219328946,
  "kenduBalanceInUsd": 38123.14159529166,
  "totalUsdBalance": 1526.8135679328946
}