{
  "ethBalance": 0.3119048631851912,
  "usdtBalance": 0,
  "usdcBalance": 0.463046,
  "kenduBalance": 4175387837.757599,
  "ethBalanceInUsd": 626.7790606679054,
  "kenduBalanceInUsd": 43716.31066132206,
  "totalUsdBalance": 627.2421066679053
}