{
  "ethBalance": 0.5002741579676101,
  "usdtBalance": 0,
  "usdcBalance": 100,
  "kenduBalance": 4855925261.348792,
  "ethBalanceInUsd": 1313.6499004408288,
  "kenduBalanceInUsd": 127662.27512085975,
  "totalUsdBalance": 1413.6499004408288
}