{
  "ethBalance": 0.11327750927784742,
  "usdtBalance": 0,
  "usdcBalance": 0,
  "kenduBalance": 11796082608.223656,
  "ethBalanceInUsd": 373.3898571820118,
  "kenduBalanceInUsd": 295255.9476838381,
  "totalUsdBalance": 373.3898571820118
}