{
  "ethBalance": 0.038589031500035925,
  "usdtBalance": 0,
  "usdcBalance": 0,
  "kenduBalance": 35199894.08324558,
  "ethBalanceInUsd": 94.32046846333282,
  "kenduBalanceInUsd": 1999.7059828691815,
  "totalUsdBalance": 94.32046846333282
}