{
  "ethBalance": 0.0624422229661258,
  "usdtBalance": 0,
  "usdcBalance": 0,
  "kenduBalance": 6384544426.92592,
  "ethBalanceInUsd": 129.1430055385414,
  "kenduBalanceInUsd": 46734.86520509773,
  "totalUsdBalance": 129.1430055385414
}