{
  "ethBalance": 0.038589031500035925,
  "usdtBalance": 0,
  "usdcBalance": 0,
  "kenduBalance": 35199894.08324558,
  "ethBalanceInUsd": 138.91318148414433,
  "kenduBalanceInUsd": 695.5499070849328,
  "totalUsdBalance": 138.91318148414433
}