{
  "ethBalance": 0.04841366454199495,
  "usdtBalance": 90113.767042,
  "usdcBalance": 0,
  "kenduBalance": 946492975.4674407,
  "ethBalanceInUsd": 117.61083113522291,
  "kenduBalanceInUsd": 104653.72829743492,
  "totalUsdBalance": 90231.37787313524
}