{
  "ethBalance": 13.475892841222715,
  "usdtBalance": 3949.089252,
  "usdcBalance": 8005.206012,
  "kenduBalance": 10903927414.89931,
  "ethBalanceInUsd": 44089.078608628355,
  "kenduBalanceInUsd": 209355.40636606672,
  "totalUsdBalance": 56043.373872628355
}