{
  "ethBalance": 0.04272247540230626,
  "usdtBalance": 0,
  "usdcBalance": 0,
  "kenduBalance": 517214787.4674407,
  "ethBalanceInUsd": 110.17186511795934,
  "kenduBalanceInUsd": 24872.859129309225,
  "totalUsdBalance": 110.17186511795934
}