{
  "ethBalance": 0.04459919224178026,
  "usdtBalance": 0,
  "usdcBalance": 0,
  "kenduBalance": 517214787.4674407,
  "ethBalanceInUsd": 104.72247131907939,
  "kenduBalanceInUsd": 28286.476726594334,
  "totalUsdBalance": 104.72247131907939
}