{
  "ethBalance": 0.3579488855246269,
  "usdtBalance": 0,
  "usdcBalance": 0,
  "kenduBalance": 3705282011.416198,
  "ethBalanceInUsd": 550.217549895325,
  "kenduBalanceInUsd": 39350.09496124002,
  "totalUsdBalance": 550.217549895325
}