{
  "ethBalance": 0.700034011230498,
  "usdtBalance": 0,
  "usdcBalance": null,
  "kenduBalance": 4482236645.828448,
  "ethBalanceInUsd": 3174.9552555551377,
  "kenduBalanceInUsd": 50649.27409786147,
  "totalUsdBalance": null
}