{
  "ethBalance": 0.04272247540230626,
  "usdtBalance": 0,
  "usdcBalance": 0,
  "kenduBalance": 517214787.4674407,
  "ethBalanceInUsd": 104.37442520586637,
  "kenduBalanceInUsd": 23600.510752139322,
  "totalUsdBalance": 104.37442520586637
}