{
  "ethBalance": 0.038589031500035925,
  "usdtBalance": 0,
  "usdcBalance": 0,
  "kenduBalance": 35199894.08324558,
  "ethBalanceInUsd": 125.85812623736717,
  "kenduBalanceInUsd": 682.5259462741318,
  "totalUsdBalance": 125.85812623736717
}