{
  "ethBalance": 0.10788809429719365,
  "usdtBalance": 3946.421819,
  "usdcBalance": 0,
  "kenduBalance": 13268928669.075045,
  "ethBalanceInUsd": 360.7335532111537,
  "kenduBalanceInUsd": 341144.1560819194,
  "totalUsdBalance": 4307.155372211154
}