{
  "ethBalance": 0.06254024854608203,
  "usdtBalance": 0,
  "usdcBalance": 0,
  "kenduBalance": 6456272656.749752,
  "ethBalanceInUsd": 133.59597733419858,
  "kenduBalanceInUsd": 55201.13121521038,
  "totalUsdBalance": 133.59597733419858
}