{
  "ethBalance": 0.04459919224178026,
  "usdtBalance": 0,
  "usdcBalance": 0,
  "kenduBalance": 517214787.4674407,
  "ethBalanceInUsd": 113.00364933453315,
  "kenduBalanceInUsd": 34751.66156993734,
  "totalUsdBalance": 113.00364933453315
}