{
  "ethBalance": 0.03983369884579122,
  "usdtBalance": 0,
  "usdcBalance": 0,
  "kenduBalance": 1091213805.8365645,
  "ethBalanceInUsd": 103.6620228653217,
  "kenduBalanceInUsd": 44619.732520657126,
  "totalUsdBalance": 103.6620228653217
}