{
  "ethBalance": 0.35703877941042383,
  "usdtBalance": 0,
  "usdcBalance": 0,
  "kenduBalance": 4855947774.956796,
  "ethBalanceInUsd": 928.6221613685714,
  "kenduBalanceInUsd": 139171.46323026175,
  "totalUsdBalance": 928.6221613685714
}