{
  "ethBalance": 0.5002741579676101,
  "usdtBalance": 0,
  "usdcBalance": 100,
  "kenduBalance": 4855925261.348792,
  "ethBalanceInUsd": 1138.4388820958327,
  "kenduBalanceInUsd": 98915.19757367489,
  "totalUsdBalance": 1238.4388820958327
}