{
  "ethBalance": 0.35769432885289126,
  "usdtBalance": 0,
  "usdcBalance": 0,
  "kenduBalance": 4514955040.756332,
  "ethBalanceInUsd": 900.7208203143311,
  "kenduBalanceInUsd": 78650.5168099753,
  "totalUsdBalance": 900.7208203143311
}