{
  "ethBalance": 0.04459919224178026,
  "usdtBalance": 0,
  "usdcBalance": 0,
  "kenduBalance": 517214787.4674407,
  "ethBalanceInUsd": 103.51472519317198,
  "kenduBalanceInUsd": 22452.293923961603,
  "totalUsdBalance": 103.51472519317198
}