{
  "ethBalance": 0.35703877941042383,
  "usdtBalance": 0,
  "usdcBalance": 0,
  "kenduBalance": 4855947774.956796,
  "ethBalanceInUsd": 884.3136488437378,
  "kenduBalanceInUsd": 160343.3955290734,
  "totalUsdBalance": 884.3136488437378
}