{
  "ethBalance": 0.5002741579676101,
  "usdtBalance": 0,
  "usdcBalance": 100,
  "kenduBalance": 4855925261.348792,
  "ethBalanceInUsd": 1318.527573481013,
  "kenduBalanceInUsd": 135091.84077072341,
  "totalUsdBalance": 1418.527573481013
}