{
  "ethBalance": 0.04459919224178026,
  "usdtBalance": 0,
  "usdcBalance": 0,
  "kenduBalance": 517214787.4674407,
  "ethBalanceInUsd": 113.009893221447,
  "kenduBalanceInUsd": 32641.425237070183,
  "totalUsdBalance": 113.009893221447
}