{
  "ethBalance": 0.3194927667359207,
  "usdtBalance": 0,
  "usdcBalance": 884.463046,
  "kenduBalance": 4753954448.539579,
  "ethBalanceInUsd": 632.3241092853975,
  "kenduBalanceInUsd": 32897.364783893885,
  "totalUsdBalance": 1516.7871552853976
}