{
  "ethBalance": 0.3196155371451788,
  "usdtBalance": 0,
  "usdcBalance": 884.463046,
  "kenduBalance": 5453954448.539579,
  "ethBalanceInUsd": 602.3026951286037,
  "kenduBalanceInUsd": 36105.178449332016,
  "totalUsdBalance": 1486.7657411286036
}