{
  "ethBalance": 0.038589031500035925,
  "usdtBalance": 0,
  "usdcBalance": 0,
  "kenduBalance": 35199894.08324558,
  "ethBalanceInUsd": 144.6938184028497,
  "kenduBalanceInUsd": 1398.491791927347,
  "totalUsdBalance": 144.6938184028497
}