{
  "ethBalance": 0.038589031500035925,
  "usdtBalance": 0,
  "usdcBalance": 0,
  "kenduBalance": 35199894.08324558,
  "ethBalanceInUsd": 118.88508824531068,
  "kenduBalanceInUsd": 1076.0607621248175,
  "totalUsdBalance": 118.88508824531068
}