{
  "ethBalance": 0.3603761199402911,
  "usdtBalance": 0,
  "usdcBalance": 154.403285,
  "kenduBalance": 4113980899.4295063,
  "ethBalanceInUsd": 553.2530230935344,
  "kenduBalanceInUsd": 37725.204847768575,
  "totalUsdBalance": 707.6563080935343
}