{
  "ethBalance": 0.038589031500035925,
  "usdtBalance": 0,
  "usdcBalance": 0,
  "kenduBalance": 35199894.08324558,
  "ethBalanceInUsd": 124.68424789913607,
  "kenduBalanceInUsd": 739.9017736298221,
  "totalUsdBalance": 124.68424789913607
}