{
  "ethBalance": 0.3119048631851912,
  "usdtBalance": 0,
  "usdcBalance": 0.463046,
  "kenduBalance": 4175387837.757599,
  "ethBalanceInUsd": 640.0163030614849,
  "kenduBalanceInUsd": 59123.4917826476,
  "totalUsdBalance": 640.4793490614849
}