{
  "ethBalance": 0.5002741579676101,
  "usdtBalance": 0,
  "usdcBalance": 100,
  "kenduBalance": 4855925261.348792,
  "ethBalanceInUsd": 1257.639205714775,
  "kenduBalanceInUsd": 112268.99204238407,
  "totalUsdBalance": 1357.639205714775
}