{
  "ethBalance": 18.27649738337883,
  "usdtBalance": 0,
  "usdcBalance": 0,
  "kenduBalance": 10805029020.399477,
  "ethBalanceInUsd": 51423.849627717675,
  "kenduBalanceInUsd": 164020.34052966407,
  "totalUsdBalance": 51423.849627717675
}