{
  "ethBalance": 0.04459919224178026,
  "usdtBalance": 0,
  "usdcBalance": 0,
  "kenduBalance": 517214787.4674407,
  "ethBalanceInUsd": 110.08195625077413,
  "kenduBalanceInUsd": 30732.902671315325,
  "totalUsdBalance": 110.08195625077413
}