{
  "ethBalance": 0.3579488855246269,
  "usdtBalance": 0,
  "usdcBalance": 0,
  "kenduBalance": 3705282011.416198,
  "ethBalanceInUsd": 578.1125065442591,
  "kenduBalanceInUsd": 39905.88726295245,
  "totalUsdBalance": 578.1125065442591
}