{
  "ethBalance": 0.5002528644753425,
  "usdtBalance": 0,
  "usdcBalance": null,
  "kenduBalance": 4845166789.051858,
  "ethBalanceInUsd": 1877.8041799097377,
  "kenduBalanceInUsd": 116816.97128404031,
  "totalUsdBalance": null
}