{
  "ethBalance": 0.30943876692005484,
  "usdtBalance": 0,
  "usdcBalance": 0,
  "kenduBalance": 8110029020.399477,
  "ethBalanceInUsd": 831.8054437454687,
  "kenduBalanceInUsd": 88804.81777337428,
  "totalUsdBalance": 831.8054437454687
}