{
  "ethBalance": 0.04459919224178026,
  "usdtBalance": 0,
  "usdcBalance": 0,
  "kenduBalance": 517214787.4674407,
  "ethBalanceInUsd": 110.68359935411573,
  "kenduBalanceInUsd": 32600.048054072788,
  "totalUsdBalance": 110.68359935411573
}