{
  "ethBalance": 0.038589031500035925,
  "usdtBalance": 0,
  "usdcBalance": 0,
  "kenduBalance": 35199894.08324558,
  "ethBalanceInUsd": 118.43475424770526,
  "kenduBalanceInUsd": 1031.708895579928,
  "totalUsdBalance": 118.43475424770526
}