{
  "ethBalance": 0.04272247540230626,
  "usdtBalance": 0,
  "usdcBalance": 0,
  "kenduBalance": 517214787.4674407,
  "ethBalanceInUsd": 103.64387087648694,
  "kenduBalanceInUsd": 24200.47990560155,
  "totalUsdBalance": 103.64387087648694
}