{
  "ethBalance": 0.5002741579676101,
  "usdtBalance": 0,
  "usdcBalance": 100,
  "kenduBalance": 4855925261.348792,
  "ethBalanceInUsd": 1274.2383022761403,
  "kenduBalanceInUsd": 116639.32477759798,
  "totalUsdBalance": 1374.2383022761403
}