{
  "ethBalance": 0.3603761199402911,
  "usdtBalance": 0,
  "usdcBalance": 154.403285,
  "kenduBalance": 4113980899.4295063,
  "ethBalanceInUsd": 571.4267908221233,
  "kenduBalanceInUsd": 41222.08861228365,
  "totalUsdBalance": 725.8300758221233
}