{
  "ethBalance": 1.1670281787309673,
  "usdtBalance": 0,
  "usdcBalance": null,
  "kenduBalance": 4489413951.490725,
  "ethBalanceInUsd": 5016.984118673704,
  "kenduBalanceInUsd": 60831.55904269932,
  "totalUsdBalance": null
}