{
  "ethBalance": 0.04459919224178026,
  "usdtBalance": 0,
  "usdcBalance": 0,
  "kenduBalance": 517214787.4674407,
  "ethBalanceInUsd": 102.02645014806377,
  "kenduBalanceInUsd": 26708.971624818638,
  "totalUsdBalance": 102.02645014806377
}