{
  "ethBalance": 1.1670281787309673,
  "usdtBalance": 0,
  "usdcBalance": null,
  "kenduBalance": 4489413951.490725,
  "ethBalanceInUsd": 5014.381645835135,
  "kenduBalanceInUsd": 61011.13560075895,
  "totalUsdBalance": null
}