{
  "ethBalance": 0.038589031500035925,
  "usdtBalance": 0,
  "usdcBalance": 0,
  "kenduBalance": 35199894.08324558,
  "ethBalanceInUsd": 122.06057964744863,
  "kenduBalanceInUsd": 1062.3328034323517,
  "totalUsdBalance": 122.06057964744863
}