{
  "ethBalance": 0.9901811623811279,
  "usdtBalance": 0,
  "usdcBalance": 100,
  "kenduBalance": null,
  "ethBalanceInUsd": 4311.832987893235,
  "kenduBalanceInUsd": null,
  "totalUsdBalance": 4411.832987893235
}