{
  "ethBalance": 0.06254024854608203,
  "usdtBalance": 0,
  "usdcBalance": 0,
  "kenduBalance": 6456272656.749752,
  "ethBalanceInUsd": 137.33213178234155,
  "kenduBalanceInUsd": 61270.02751255515,
  "totalUsdBalance": 137.33213178234155
}