{
  "ethBalance": 0.30943876692005484,
  "usdtBalance": 0,
  "usdcBalance": 0,
  "kenduBalance": 8110029020.399477,
  "ethBalanceInUsd": 838.7956654901926,
  "kenduBalanceInUsd": 90994.52560888213,
  "totalUsdBalance": 838.7956654901926
}