{
  "ethBalance": 0.038589031500035925,
  "usdtBalance": 0,
  "usdcBalance": 0,
  "kenduBalance": 35199894.08324558,
  "ethBalanceInUsd": 149.8180558957395,
  "kenduBalanceInUsd": 1217.9163352802973,
  "totalUsdBalance": 149.8180558957395
}