{
  "ethBalance": 0.04459919224178026,
  "usdtBalance": 0,
  "usdcBalance": 0,
  "kenduBalance": 517214787.4674407,
  "ethBalanceInUsd": 101.51846534842988,
  "kenduBalanceInUsd": 21324.765687282583,
  "totalUsdBalance": 101.51846534842988
}