{
  "ethBalance": 0.04272247540230626,
  "usdtBalance": 0,
  "usdcBalance": 0,
  "kenduBalance": 517214787.4674407,
  "ethBalanceInUsd": 103.25210577704779,
  "kenduBalanceInUsd": 22338.506670718765,
  "totalUsdBalance": 103.25210577704779
}