{
  "ethBalance": 0.045462183917402754,
  "usdtBalance": 0,
  "usdcBalance": 0,
  "kenduBalance": 307214787.46744066,
  "ethBalanceInUsd": 120.38659074431753,
  "kenduBalanceInUsd": 30085.544136686465,
  "totalUsdBalance": 120.38659074431753
}