{
  "ethBalance": 0.04272247540230626,
  "usdtBalance": 0,
  "usdcBalance": 0,
  "kenduBalance": 517214787.4674407,
  "ethBalanceInUsd": 112.91123024075522,
  "kenduBalanceInUsd": 30401.885207336167,
  "totalUsdBalance": 112.91123024075522
}