{
  "ethBalance": 13.475892841222715,
  "usdtBalance": 3949.089252,
  "usdcBalance": 8005.206012,
  "kenduBalance": 10903927414.89931,
  "ethBalanceInUsd": 44037.600697974885,
  "kenduBalanceInUsd": 219605.09813607208,
  "totalUsdBalance": 55991.895961974886
}