{
  "ethBalance": 0.038589031500035925,
  "usdtBalance": 0,
  "usdcBalance": 0,
  "kenduBalance": 35199894.08324558,
  "ethBalanceInUsd": 133.44087092712422,
  "kenduBalanceInUsd": 1209.116361759486,
  "totalUsdBalance": 133.44087092712422
}