{
  "ethBalance": 0.3603761199402911,
  "usdtBalance": 0,
  "usdcBalance": 154.403285,
  "kenduBalance": 4113980899.4295063,
  "ethBalanceInUsd": 541.7101759718469,
  "kenduBalanceInUsd": 36326.451341962544,
  "totalUsdBalance": 696.1134609718468
}