{
  "ethBalance": 0.3579488855246269,
  "usdtBalance": 0,
  "usdcBalance": 0,
  "kenduBalance": 3705282011.416198,
  "ethBalanceInUsd": 643.4345986636483,
  "kenduBalanceInUsd": 47835.190767383116,
  "totalUsdBalance": 643.4345986636483
}