{
  "ethBalance": 8.056063080971311,
  "usdtBalance": 22313.097842,
  "usdcBalance": 88.007775,
  "kenduBalance": 319721753.5049916,
  "ethBalanceInUsd": 25125.410658194945,
  "kenduBalanceInUsd": 39795.766658766304,
  "totalUsdBalance": 47526.51627519495
}