{
  "ethBalance": 0.038589031500035925,
  "usdtBalance": 0,
  "usdcBalance": 0,
  "kenduBalance": 35199894.08324558,
  "ethBalanceInUsd": 128.28923522186943,
  "kenduBalanceInUsd": 784.9576380563765,
  "totalUsdBalance": 128.28923522186943
}