{
  "ethBalance": 0.3194927667359207,
  "usdtBalance": 0,
  "usdcBalance": 884.463046,
  "kenduBalance": 4753954448.539579,
  "ethBalanceInUsd": 631.6499795475846,
  "kenduBalanceInUsd": 34466.16975191195,
  "totalUsdBalance": 1516.1130255475846
}