{
  "ethBalance": 0.06254024854608203,
  "usdtBalance": 0,
  "usdcBalance": 0,
  "kenduBalance": 6456272656.749752,
  "ethBalanceInUsd": 150.53750526284676,
  "kenduBalanceInUsd": 57396.26391850529,
  "totalUsdBalance": 150.53750526284676
}