{
  "ethBalance": 0.038589031500035925,
  "usdtBalance": 0,
  "usdcBalance": 0,
  "kenduBalance": 35199894.08324558,
  "ethBalanceInUsd": 119.09076778320588,
  "kenduBalanceInUsd": 1413.9797453239753,
  "totalUsdBalance": 119.09076778320588
}