{
  "ethBalance": 0.35779268808449755,
  "usdtBalance": 0,
  "usdcBalance": 0,
  "kenduBalance": 3546950453.60037,
  "ethBalanceInUsd": 656.8429726392823,
  "kenduBalanceInUsd": 37668.61381723593,
  "totalUsdBalance": 656.8429726392823
}