{
  "ethBalance": 0.35798968333076975,
  "usdtBalance": 0,
  "usdcBalance": 4004.403285,
  "kenduBalance": 3705282011.416198,
  "ethBalanceInUsd": 555.965138006352,
  "kenduBalanceInUsd": 37386.295495189435,
  "totalUsdBalance": 4560.368423006352
}