{
  "ethBalance": 0.038589031500035925,
  "usdtBalance": 0,
  "usdcBalance": 0,
  "kenduBalance": 35199894.08324558,
  "ethBalanceInUsd": 132.26390546637313,
  "kenduBalanceInUsd": 1130.9725968946805,
  "totalUsdBalance": 132.26390546637313
}