{
  "ethBalance": 4.092998430208601,
  "usdtBalance": 0,
  "usdcBalance": 0,
  "kenduBalance": 8310029020.399478,
  "ethBalanceInUsd": 10939.070394528413,
  "kenduBalanceInUsd": 122240.52689007632,
  "totalUsdBalance": 10939.070394528413
}