{
  "ethBalance": 0.3579040556931112,
  "usdtBalance": 0,
  "usdcBalance": 0,
  "kenduBalance": 3646098337.9468102,
  "ethBalanceInUsd": 651.6788626871306,
  "kenduBalanceInUsd": 43169.804321290234,
  "totalUsdBalance": 651.6788626871306
}