{
  "ethBalance": 0.038589031500035925,
  "usdtBalance": 0,
  "usdcBalance": 0,
  "kenduBalance": 35199894.08324558,
  "ethBalanceInUsd": 98.69530696449188,
  "kenduBalanceInUsd": 1658.619009202532,
  "totalUsdBalance": 98.69530696449188
}