{
  "ethBalance": 0.038589031500035925,
  "usdtBalance": 0,
  "usdcBalance": 0,
  "kenduBalance": 35199894.08324558,
  "ethBalanceInUsd": 139.58231529035496,
  "kenduBalanceInUsd": 1007.0689697216561,
  "totalUsdBalance": 139.58231529035496
}