{
  "ethBalance": 0.04459919224178026,
  "usdtBalance": 0,
  "usdcBalance": 0,
  "kenduBalance": 517214787.4674407,
  "ethBalanceInUsd": 112.05636249131773,
  "kenduBalanceInUsd": 32812.10611693444,
  "totalUsdBalance": 112.05636249131773
}