{
  "ethBalance": 0.06254024854608203,
  "usdtBalance": 0,
  "usdcBalance": 0,
  "kenduBalance": 6456272656.749752,
  "ethBalanceInUsd": 155.0704224774668,
  "kenduBalanceInUsd": 69727.74469289732,
  "totalUsdBalance": 155.0704224774668
}