{
  "ethBalance": 0.5002741579676101,
  "usdtBalance": 0,
  "usdcBalance": 100,
  "kenduBalance": 4855925261.348792,
  "ethBalanceInUsd": 1153.4671178011797,
  "kenduBalanceInUsd": 93913.59455448565,
  "totalUsdBalance": 1253.4671178011797
}