{
  "ethBalance": 0.5002741579676101,
  "usdtBalance": 0,
  "usdcBalance": 100,
  "kenduBalance": 4855925261.348792,
  "ethBalanceInUsd": 1261.1861494947652,
  "kenduBalanceInUsd": 135043.2815181099,
  "totalUsdBalance": 1361.1861494947652
}