{
  "ethBalance": 0.038589031500035925,
  "usdtBalance": 0,
  "usdcBalance": 0,
  "kenduBalance": 35199894.08324558,
  "ethBalanceInUsd": 116.07773620368307,
  "kenduBalanceInUsd": 689.565925090781,
  "totalUsdBalance": 116.07773620368307
}