{
  "ethBalance": 8.056063080971311,
  "usdtBalance": 22356.072978,
  "usdcBalance": 88.007775,
  "kenduBalance": 1319823769.8171208,
  "ethBalanceInUsd": 22921.513481133625,
  "kenduBalanceInUsd": 155752.40307611844,
  "totalUsdBalance": 45365.59423413363
}