{
  "ethBalance": 0.0624422229661258,
  "usdtBalance": 0,
  "usdcBalance": 0,
  "kenduBalance": 6379544426.92592,
  "ethBalanceInUsd": 138.94393685530449,
  "kenduBalanceInUsd": 53077.80963202365,
  "totalUsdBalance": 138.94393685530449
}