{
  "ethBalance": 0.3117728554842481,
  "usdtBalance": 0,
  "usdcBalance": 154.403285,
  "kenduBalance": 4113980899.4295063,
  "ethBalanceInUsd": 558.9058448409471,
  "kenduBalanceInUsd": 47434.19977042221,
  "totalUsdBalance": 713.3091298409471
}