{
  "ethBalance": 0.038589031500035925,
  "usdtBalance": 0,
  "usdcBalance": 0,
  "kenduBalance": 35199894.08324558,
  "ethBalanceInUsd": 101.5126921543095,
  "kenduBalanceInUsd": 1217.9163352802973,
  "totalUsdBalance": 101.5126921543095
}