{
  "ethBalance": 18.27649738337883,
  "usdtBalance": 0,
  "usdcBalance": 0,
  "kenduBalance": 10805029020.399477,
  "ethBalanceInUsd": 52585.86933135289,
  "kenduBalanceInUsd": 159698.3289215043,
  "totalUsdBalance": 52585.86933135289
}