{
  "ethBalance": 0.038589031500035925,
  "usdtBalance": 0,
  "usdcBalance": 0,
  "kenduBalance": 35199894.08324558,
  "ethBalanceInUsd": 95.34423546902877,
  "kenduBalanceInUsd": 1177.7884560253972,
  "totalUsdBalance": 95.34423546902877
}