{
  "ethBalance": 0.038589031500035925,
  "usdtBalance": 0,
  "usdcBalance": 0,
  "kenduBalance": 35199894.08324558,
  "ethBalanceInUsd": 134.99292177405567,
  "kenduBalanceInUsd": 1230.5882971502656,
  "totalUsdBalance": 134.99292177405567
}