{
  "ethBalance": 0.5002741579676101,
  "usdtBalance": 0,
  "usdcBalance": 100,
  "kenduBalance": 4855925261.348792,
  "ethBalanceInUsd": 1201.833623393488,
  "kenduBalanceInUsd": 104936.5448977474,
  "totalUsdBalance": 1301.833623393488
}