{
  "ethBalance": 0.038589031500035925,
  "usdtBalance": 0,
  "usdcBalance": 0,
  "kenduBalance": 35199894.08324558,
  "ethBalanceInUsd": 123.23445798567974,
  "kenduBalanceInUsd": 1998.6499860466843,
  "totalUsdBalance": 123.23445798567974
}