{
  "ethBalance": 2.820276563877437,
  "usdtBalance": 3946.421819,
  "usdcBalance": 5005.206012,
  "kenduBalance": 12744988397.019342,
  "ethBalanceInUsd": 9027.225833955816,
  "kenduBalanceInUsd": 293644.53266732563,
  "totalUsdBalance": 17978.853664955815
}