{
  "ethBalance": 0.30943876692005484,
  "usdtBalance": 0,
  "usdcBalance": 0,
  "kenduBalance": 8110029020.399477,
  "ethBalanceInUsd": 827.4237908058806,
  "kenduBalanceInUsd": 83695.4994905226,
  "totalUsdBalance": 827.4237908058806
}