{
  "ethBalance": 0.3579488855246269,
  "usdtBalance": 0,
  "usdcBalance": 0,
  "kenduBalance": 3705282011.416198,
  "ethBalanceInUsd": 599.1205266356995,
  "kenduBalanceInUsd": 48353.930248981385,
  "totalUsdBalance": 599.1205266356995
}