{
  "ethBalance": 0.35769432885289126,
  "usdtBalance": 0,
  "usdcBalance": 0,
  "kenduBalance": 4514955040.756332,
  "ethBalanceInUsd": 925.5269220202791,
  "kenduBalanceInUsd": 78876.26456201312,
  "totalUsdBalance": 925.5269220202791
}