{
  "ethBalance": 8.056063080971311,
  "usdtBalance": 22313.097842,
  "usdcBalance": 88.007775,
  "kenduBalance": 319823769.8171208,
  "ethBalanceInUsd": 24408.34048335769,
  "kenduBalanceInUsd": 41023.79495444208,
  "totalUsdBalance": 46809.44610035769
}