{
  "ethBalance": 8.051792938400936,
  "usdtBalance": 22356.072978,
  "usdcBalance": 88.007775,
  "kenduBalance": 947823769.8171208,
  "ethBalanceInUsd": 19528.335485221327,
  "kenduBalanceInUsd": 90953.1689516509,
  "totalUsdBalance": 41972.416238221325
}