{
  "ethBalance": 0.045462183917402754,
  "usdtBalance": 0,
  "usdcBalance": 0,
  "kenduBalance": 307214787.46744066,
  "ethBalanceInUsd": 125.55609567756541,
  "kenduBalanceInUsd": 25898.20658350525,
  "totalUsdBalance": 125.55609567756541
}