{
  "ethBalance": 0.04459919224178026,
  "usdtBalance": 0,
  "usdcBalance": 0,
  "kenduBalance": 517214787.4674407,
  "ethBalanceInUsd": 112.8096428482814,
  "kenduBalanceInUsd": 30117.417074229073,
  "totalUsdBalance": 112.8096428482814
}