{
  "ethBalance": 0.04459919224178026,
  "usdtBalance": 0,
  "usdcBalance": 0,
  "kenduBalance": 517214787.4674407,
  "ethBalanceInUsd": 112.5688072101758,
  "kenduBalanceInUsd": 36292.96163659031,
  "totalUsdBalance": 112.5688072101758
}