{
  "ethBalance": 0.5002741579676101,
  "usdtBalance": 0,
  "usdcBalance": 100,
  "kenduBalance": 4855925261.348792,
  "ethBalanceInUsd": 1261.456297540068,
  "kenduBalanceInUsd": 110666.53670613897,
  "totalUsdBalance": 1361.456297540068
}