{
  "ethBalance": 0.35769432885289126,
  "usdtBalance": 0,
  "usdcBalance": 0,
  "kenduBalance": 4514955040.756332,
  "ethBalanceInUsd": 930.9674527621315,
  "kenduBalanceInUsd": 101180.14246334942,
  "totalUsdBalance": 930.9674527621315
}