{
  "ethBalance": 0.038589031500035925,
  "usdtBalance": 0,
  "usdcBalance": 0,
  "kenduBalance": 35199894.08324558,
  "ethBalanceInUsd": 101.91942054631988,
  "kenduBalanceInUsd": 1491.7715112479477,
  "totalUsdBalance": 101.91942054631988
}