{
  "ethBalance": 0.09970106613863479,
  "usdtBalance": 0,
  "usdcBalance": 2500,
  "kenduBalance": 6024495045.797036,
  "ethBalanceInUsd": 188.08506425987315,
  "kenduBalanceInUsd": 42532.935023327074,
  "totalUsdBalance": 2688.085064259873
}