{
  "ethBalance": 0.038589031500035925,
  "usdtBalance": 0,
  "usdcBalance": 0,
  "kenduBalance": 35199894.08324558,
  "ethBalanceInUsd": 102.20961006320016,
  "kenduBalanceInUsd": 1766.6826840380957,
  "totalUsdBalance": 102.20961006320016
}