{
  "ethBalance": 0.0660488809860724,
  "usdtBalance": 0,
  "usdcBalance": 0,
  "kenduBalance": 7622102282.100412,
  "ethBalanceInUsd": 185.7221879559271,
  "kenduBalanceInUsd": 67379.38417376764,
  "totalUsdBalance": 185.7221879559271
}