{
  "ethBalance": 8.051792938400936,
  "usdtBalance": 22356.072978,
  "usdcBalance": 88.007775,
  "kenduBalance": 947823769.8171208,
  "ethBalanceInUsd": 17960.409846326515,
  "kenduBalanceInUsd": 85512.66051290063,
  "totalUsdBalance": 40404.49059932651
}