{
  "ethBalance": 0.06254024854608203,
  "usdtBalance": 0,
  "usdcBalance": 0,
  "kenduBalance": 6456272656.749752,
  "ethBalanceInUsd": 146.78821736250913,
  "kenduBalanceInUsd": 54942.88030894039,
  "totalUsdBalance": 146.78821736250913
}