{
  "ethBalance": 0.038589031500035925,
  "usdtBalance": 0,
  "usdcBalance": 0,
  "kenduBalance": 35199894.08324558,
  "ethBalanceInUsd": 128.63576472473974,
  "kenduBalanceInUsd": 761.7257079614344,
  "totalUsdBalance": 128.63576472473974
}