{
  "ethBalance": 0.04459919224178026,
  "usdtBalance": 0,
  "usdcBalance": 0,
  "kenduBalance": 517214787.4674407,
  "ethBalanceInUsd": 103.99639646938321,
  "kenduBalanceInUsd": 23910.839624619784,
  "totalUsdBalance": 103.99639646938321
}