{
  "ethBalance": 0.038589031500035925,
  "usdtBalance": 0,
  "usdcBalance": 0,
  "kenduBalance": 35199894.08324558,
  "ethBalanceInUsd": 96.32439686912967,
  "kenduBalanceInUsd": 1655.4510187350397,
  "totalUsdBalance": 96.32439686912967
}