{
  "ethBalance": 0.3579488855246269,
  "usdtBalance": 0,
  "usdcBalance": 0,
  "kenduBalance": 3705282011.416198,
  "ethBalanceInUsd": 520.2071153329402,
  "kenduBalanceInUsd": 38571.98573884262,
  "totalUsdBalance": 520.2071153329402
}