{
  "ethBalance": 0.038589031500035925,
  "usdtBalance": 0,
  "usdcBalance": 0,
  "kenduBalance": 35199894.08324558,
  "ethBalanceInUsd": 95.75983933828415,
  "kenduBalanceInUsd": 1221.0843257477893,
  "totalUsdBalance": 95.75983933828415
}