{
  "ethBalance": 0.04272247540230626,
  "usdtBalance": 0,
  "usdcBalance": 0,
  "kenduBalance": 517214787.4674407,
  "ethBalanceInUsd": 111.82437046652055,
  "kenduBalanceInUsd": 28715.765000192307,
  "totalUsdBalance": 111.82437046652055
}