{
  "ethBalance": 0.357215510728175,
  "usdtBalance": 0,
  "usdcBalance": 0,
  "kenduBalance": 4299933763.203477,
  "ethBalanceInUsd": 924.5987671932717,
  "kenduBalanceInUsd": 99715.46396868862,
  "totalUsdBalance": 924.5987671932717
}