{
  "ethBalance": 8.051792938400936,
  "usdtBalance": 22356.072978,
  "usdcBalance": 88.007775,
  "kenduBalance": 947823769.8171208,
  "ethBalanceInUsd": 20457.351354454026,
  "kenduBalanceInUsd": 112904.76746061543,
  "totalUsdBalance": 42901.43210745403
}