{
  "ethBalance": 0.3119048631851912,
  "usdtBalance": 0,
  "usdcBalance": 0.463046,
  "kenduBalance": 4175387837.757599,
  "ethBalanceInUsd": 622.237725859929,
  "kenduBalanceInUsd": 38831.106891145675,
  "totalUsdBalance": 622.700771859929
}