{
  "ethBalance": 0.0624422229661258,
  "usdtBalance": 0,
  "usdcBalance": 0,
  "kenduBalance": 6384544426.92592,
  "ethBalanceInUsd": 132.30195759839768,
  "kenduBalanceInUsd": 49033.30119879106,
  "totalUsdBalance": 132.30195759839768
}