{
  "ethBalance": 0.038589031500035925,
  "usdtBalance": 0,
  "usdcBalance": 0,
  "kenduBalance": 35199894.08324558,
  "ethBalanceInUsd": 125.90559074611221,
  "kenduBalanceInUsd": 785.309636997209,
  "totalUsdBalance": 125.90559074611221
}