{
  "ethBalance": 0.04459919224178026,
  "usdtBalance": 0,
  "usdcBalance": 0,
  "kenduBalance": 517214787.4674407,
  "ethBalanceInUsd": 112.44838939112299,
  "kenduBalanceInUsd": 33939.63435361346,
  "totalUsdBalance": 112.44838939112299
}