{
  "ethBalance": 13.47560135212183,
  "usdtBalance": 3949.089252,
  "usdcBalance": 8005.206012,
  "kenduBalance": 10805029020.399477,
  "ethBalanceInUsd": 41710.35508515509,
  "kenduBalanceInUsd": 155916.56876436446,
  "totalUsdBalance": 53664.65034915509
}