{
  "ethBalance": 0.038589031500035925,
  "usdtBalance": 0,
  "usdcBalance": 0,
  "kenduBalance": 35199894.08324558,
  "ethBalanceInUsd": 132.47807459119835,
  "kenduBalanceInUsd": 1044.028858509064,
  "totalUsdBalance": 132.47807459119835
}