{
  "ethBalance": 0.35703877941042383,
  "usdtBalance": 0,
  "usdcBalance": 0,
  "kenduBalance": 4855947774.956796,
  "ethBalanceInUsd": 896.3065814441338,
  "kenduBalanceInUsd": 180495.57879514407,
  "totalUsdBalance": 896.3065814441338
}