{
  "ethBalance": 0.045462183917402754,
  "usdtBalance": 0,
  "usdcBalance": 0,
  "kenduBalance": 307214787.46744066,
  "ethBalanceInUsd": 124.30043015776674,
  "kenduBalanceInUsd": 29879.71022908328,
  "totalUsdBalance": 124.30043015776674
}