{
  "ethBalance": 4.778379203455415,
  "usdtBalance": 3949.089252,
  "usdcBalance": 5005.206012,
  "kenduBalance": 12330098030.836285,
  "ethBalanceInUsd": 14828.505263123017,
  "kenduBalanceInUsd": 288894.19686249417,
  "totalUsdBalance": 23782.800527123018
}