{
  "ethBalance": 0.35703877941042383,
  "usdtBalance": 0,
  "usdcBalance": 0,
  "kenduBalance": 4855947774.956796,
  "ethBalanceInUsd": 896.1316324422228,
  "kenduBalanceInUsd": 180835.49513939107,
  "totalUsdBalance": 896.1316324422228
}