{
  "ethBalance": 0.038589031500035925,
  "usdtBalance": 0,
  "usdcBalance": 0,
  "kenduBalance": 35199894.08324558,
  "ethBalanceInUsd": 127.2762731449935,
  "kenduBalanceInUsd": 783.1976433522142,
  "totalUsdBalance": 127.2762731449935
}