{
  "ethBalance": 0.3579488855246269,
  "usdtBalance": 0,
  "usdcBalance": 0,
  "kenduBalance": 3705282011.416198,
  "ethBalanceInUsd": 573.9602994721735,
  "kenduBalanceInUsd": 47649.9266668123,
  "totalUsdBalance": 573.9602994721735
}