{
  "ethBalance": 0.046325213179724774,
  "usdtBalance": 50113.767042,
  "usdcBalance": 0,
  "kenduBalance": 946492975.4674407,
  "ethBalanceInUsd": 124.05706788677576,
  "kenduBalanceInUsd": 104985.00083884853,
  "totalUsdBalance": 50237.82410988677
}