{
  "ethBalance": 0.04459919224178026,
  "usdtBalance": 0,
  "usdcBalance": 0,
  "kenduBalance": 517214787.4674407,
  "ethBalanceInUsd": 106.52784662102665,
  "kenduBalanceInUsd": 27484.793806019803,
  "totalUsdBalance": 106.52784662102665
}