{
  "ethBalance": 0.038589031500035925,
  "usdtBalance": 0,
  "usdcBalance": 0,
  "kenduBalance": 35199894.08324558,
  "ethBalanceInUsd": 130.77668419236176,
  "kenduBalanceInUsd": 1124.284617018864,
  "totalUsdBalance": 130.77668419236176
}