{
  "ethBalance": 0.038589031500035925,
  "usdtBalance": 0,
  "usdcBalance": 0,
  "kenduBalance": 35199894.08324558,
  "ethBalanceInUsd": 117.78993153133966,
  "kenduBalanceInUsd": 1832.1544870329326,
  "totalUsdBalance": 117.78993153133966
}