{
  "ethBalance": 6.824272781585091,
  "usdtBalance": 3949.089252,
  "usdcBalance": 8005.206012,
  "kenduBalance": 11913367923.794878,
  "ethBalanceInUsd": 21336.70303617613,
  "kenduBalanceInUsd": 267216.8425307191,
  "totalUsdBalance": 33290.998300176136
}