{
  "ethBalance": 0.04728286928787694,
  "usdtBalance": 90113.767042,
  "usdcBalance": 0,
  "kenduBalance": 946492975.4674407,
  "ethBalanceInUsd": 116.46669080120562,
  "kenduBalanceInUsd": 102855.39164404679,
  "totalUsdBalance": 90230.2337328012
}