{
  "ethBalance": 0.3117728554842481,
  "usdtBalance": 0,
  "usdcBalance": 0.463046,
  "kenduBalance": 4113980899.4295063,
  "ethBalanceInUsd": 587.785364444453,
  "kenduBalanceInUsd": 46117.72588260476,
  "totalUsdBalance": 588.2484104444529
}