{
  "ethBalance": 0.5002528644753425,
  "usdtBalance": 0,
  "usdcBalance": null,
  "kenduBalance": 4845166789.051858,
  "ethBalanceInUsd": 1516.9067558912916,
  "kenduBalanceInUsd": 109306.96276100991,
  "totalUsdBalance": null
}