{
  "ethBalance": 0.3579040556931112,
  "usdtBalance": 0,
  "usdcBalance": 0,
  "kenduBalance": 3646098337.9468102,
  "ethBalanceInUsd": 663.6758066339637,
  "kenduBalanceInUsd": 42586.42858721875,
  "totalUsdBalance": 663.6758066339637
}