{
  "ethBalance": 0.038589031500035925,
  "usdtBalance": 0,
  "usdcBalance": 0,
  "kenduBalance": 35199894.08324558,
  "ethBalanceInUsd": 97.01899943613031,
  "kenduBalanceInUsd": 1036.988879692415,
  "totalUsdBalance": 97.01899943613031
}