{
  "ethBalance": 0.5002741579676101,
  "usdtBalance": 0,
  "usdcBalance": 100,
  "kenduBalance": 4855925261.348792,
  "ethBalanceInUsd": 1262.736999384465,
  "kenduBalanceInUsd": 114648.39542044498,
  "totalUsdBalance": 1362.736999384465
}