{
  "ethBalance": 3.9774170719585187,
  "usdtBalance": 0,
  "usdcBalance": 0,
  "kenduBalance": 8310029020.399478,
  "ethBalanceInUsd": 10486.698755242951,
  "kenduBalanceInUsd": 104457.06478642144,
  "totalUsdBalance": 10486.698755242951
}