{
  "ethBalance": 0.5002741579676101,
  "usdtBalance": 0,
  "usdcBalance": 100,
  "kenduBalance": 4855925261.348792,
  "ethBalanceInUsd": 1329.708700911589,
  "kenduBalanceInUsd": 146454.70588227955,
  "totalUsdBalance": 1429.708700911589
}