{
  "ethBalance": 0.3119048631851912,
  "usdtBalance": 0,
  "usdcBalance": 0.463046,
  "kenduBalance": 4175387837.757599,
  "ethBalanceInUsd": 640.6588270796464,
  "kenduBalanceInUsd": 65010.78863388581,
  "totalUsdBalance": 641.1218730796463
}