{
  "ethBalance": 0.038589031500035925,
  "usdtBalance": 0,
  "usdcBalance": 0,
  "kenduBalance": 35199894.08324558,
  "ethBalanceInUsd": 121.07540167325271,
  "kenduBalanceInUsd": 804.6695787429941,
  "totalUsdBalance": 121.07540167325271
}