{
  "ethBalance": 0.04459919224178026,
  "usdtBalance": 0,
  "usdcBalance": 0,
  "kenduBalance": 517214787.4674407,
  "ethBalanceInUsd": 102.86179301875232,
  "kenduBalanceInUsd": 25933.149443617476,
  "totalUsdBalance": 102.86179301875232
}