{
  "ethBalance": 0.0624422229661258,
  "usdtBalance": 0,
  "usdcBalance": 0,
  "kenduBalance": 6384544426.92592,
  "ethBalanceInUsd": 126.22070950372671,
  "kenduBalanceInUsd": 47437.165092059586,
  "totalUsdBalance": 126.22070950372671
}