{
  "ethBalance": 0.038589031500035925,
  "usdtBalance": 0,
  "usdcBalance": 0,
  "kenduBalance": 35199894.08324558,
  "ethBalanceInUsd": 99.23593929580738,
  "kenduBalanceInUsd": 1145.7565524096437,
  "totalUsdBalance": 99.23593929580738
}