{
  "ethBalance": 0.04459919224178026,
  "usdtBalance": 0,
  "usdcBalance": 0,
  "kenduBalance": 517214787.4674407,
  "ethBalanceInUsd": 99.11456888659795,
  "kenduBalanceInUsd": 21816.11973537665,
  "totalUsdBalance": 99.11456888659795
}