{
  "ethBalance": 0.11828269992644785,
  "usdtBalance": 0,
  "usdcBalance": 0,
  "kenduBalance": 12696082608.223658,
  "ethBalanceInUsd": 381.04890064005104,
  "kenduBalanceInUsd": 319941.2817272362,
  "totalUsdBalance": 381.04890064005104
}