{
  "ethBalance": 0.3117728554842481,
  "usdtBalance": 0,
  "usdcBalance": 0.463046,
  "kenduBalance": 4113980899.4295063,
  "ethBalanceInUsd": 567.517011109422,
  "kenduBalanceInUsd": 45459.48893869604,
  "totalUsdBalance": 567.980057109422
}