{
  "ethBalance": 0.04459919224178026,
  "usdtBalance": 0,
  "usdcBalance": 0,
  "kenduBalance": 517214787.4674407,
  "ethBalanceInUsd": 102.65931268597464,
  "kenduBalanceInUsd": 22912.615084807625,
  "totalUsdBalance": 102.65931268597464
}