{
  "ethBalance": 0.3119048631851912,
  "usdtBalance": 0,
  "usdcBalance": 0.463046,
  "kenduBalance": 4175387837.757599,
  "ethBalanceInUsd": 643.1415897906005,
  "kenduBalanceInUsd": 68935.65320137795,
  "totalUsdBalance": 643.6046357906005
}