{
  "ethBalance": 0.04272247540230626,
  "usdtBalance": 0,
  "usdcBalance": 0,
  "kenduBalance": 517214787.4674407,
  "ethBalanceInUsd": 102.45063213850054,
  "kenduBalanceInUsd": 25959.01018299085,
  "totalUsdBalance": 102.45063213850054
}