{
  "ethBalance": 0.3579488855246269,
  "usdtBalance": 0,
  "usdcBalance": 0,
  "kenduBalance": 3705282011.416198,
  "ethBalanceInUsd": 569.3534973154715,
  "kenduBalanceInUsd": 39090.72522044089,
  "totalUsdBalance": 569.3534973154715
}