{
  "ethBalance": 0.038589031500035925,
  "usdtBalance": 0,
  "usdcBalance": 0,
  "kenduBalance": 35199894.08324558,
  "ethBalanceInUsd": 95.86557328459425,
  "kenduBalanceInUsd": 1055.644823556535,
  "totalUsdBalance": 95.86557328459425
}