{
  "ethBalance": 0.04459919224178026,
  "usdtBalance": 0,
  "usdcBalance": 0,
  "kenduBalance": 517214787.4674407,
  "ethBalanceInUsd": 108.235103700042,
  "kenduBalanceInUsd": 28912.306619429935,
  "totalUsdBalance": 108.235103700042
}