{
  "ethBalance": 0.11420553765466597,
  "usdtBalance": 0,
  "usdcBalance": 0,
  "kenduBalance": 11896082608.223656,
  "ethBalanceInUsd": 368.453331747613,
  "kenduBalanceInUsd": 294903.88785786444,
  "totalUsdBalance": 368.453331747613
}