{
  "ethBalance": 0.0660488809860724,
  "usdtBalance": 0,
  "usdcBalance": 0,
  "kenduBalance": 7622102282.100412,
  "ethBalanceInUsd": 185.4645973200814,
  "kenduBalanceInUsd": 65245.19553477952,
  "totalUsdBalance": 185.4645973200814
}