{
  "ethBalance": 0.038589031500035925,
  "usdtBalance": 0,
  "usdcBalance": 0,
  "kenduBalance": 35199894.08324558,
  "ethBalanceInUsd": 134.85978961538055,
  "kenduBalanceInUsd": 1223.1963193927838,
  "totalUsdBalance": 134.85978961538055
}