{
  "ethBalance": 0.04272247540230626,
  "usdtBalance": 0,
  "usdcBalance": 0,
  "kenduBalance": 517214787.4674407,
  "ethBalanceInUsd": 100.17010640152542,
  "kenduBalanceInUsd": 23921.183920369134,
  "totalUsdBalance": 100.17010640152542
}