{
  "ethBalance": 0.038589031500035925,
  "usdtBalance": 0,
  "usdcBalance": 0,
  "kenduBalance": 35199894.08324558,
  "ethBalanceInUsd": 126.5469404496428,
  "kenduBalanceInUsd": 458.3026209638575,
  "totalUsdBalance": 126.5469404496428
}