{
  "ethBalance": 0.5002741579676101,
  "usdtBalance": 0,
  "usdcBalance": 100,
  "kenduBalance": 4855925261.348792,
  "ethBalanceInUsd": 1255.5930844086874,
  "kenduBalanceInUsd": 114259.92139953708,
  "totalUsdBalance": 1355.5930844086874
}