{
  "ethBalance": 0.038589031500035925,
  "usdtBalance": 0,
  "usdcBalance": 0,
  "kenduBalance": 13206739398.082659,
  "ethBalanceInUsd": 128.75037414829487,
  "kenduBalanceInUsd": 369260.43357039115,
  "totalUsdBalance": 128.75037414829487
}