{
  "ethBalance": 0.0660488809860724,
  "usdtBalance": 0,
  "usdcBalance": 0,
  "kenduBalance": 7622102282.100412,
  "ethBalanceInUsd": 180.45611067490753,
  "kenduBalanceInUsd": 62806.1228045074,
  "totalUsdBalance": 180.45611067490753
}