{
  "ethBalance": 0.038589031500035925,
  "usdtBalance": 0,
  "usdcBalance": 0,
  "kenduBalance": 35199894.08324558,
  "ethBalanceInUsd": 131.021338652072,
  "kenduBalanceInUsd": 1077.1167589473148,
  "totalUsdBalance": 131.021338652072
}