{
  "ethBalance": 0.3119048631851912,
  "usdtBalance": 0,
  "usdcBalance": 0.463046,
  "kenduBalance": 4175387837.757599,
  "ethBalanceInUsd": 632.8050626246433,
  "kenduBalanceInUsd": 56075.45866108455,
  "totalUsdBalance": 633.2681086246432
}