{
  "ethBalance": 0.3117728554842481,
  "usdtBalance": 0,
  "usdcBalance": 0.463046,
  "kenduBalance": 4113980899.4295063,
  "ethBalanceInUsd": 595.9101650583724,
  "kenduBalanceInUsd": 46076.586073610466,
  "totalUsdBalance": 596.3732110583724
}