{
  "ethBalance": 0.04459919224178026,
  "usdtBalance": 0,
  "usdcBalance": 0,
  "kenduBalance": 517214787.4674407,
  "ethBalanceInUsd": 109.07847442533406,
  "kenduBalanceInUsd": 28865.757288557867,
  "totalUsdBalance": 109.07847442533406
}