{
  "ethBalance": 0.038589031500035925,
  "usdtBalance": 0,
  "usdcBalance": 0,
  "kenduBalance": 35199894.08324558,
  "ethBalanceInUsd": 94.27184628364276,
  "kenduBalanceInUsd": 1948.314137507643,
  "totalUsdBalance": 94.27184628364276
}