{
  "ethBalance": 0.3579488855246269,
  "usdtBalance": 0,
  "usdcBalance": 0,
  "kenduBalance": 3705282011.416198,
  "ethBalanceInUsd": 530.3299098155767,
  "kenduBalanceInUsd": 39424.20060146834,
  "totalUsdBalance": 530.3299098155767
}