{
  "ethBalance": 0.3119048631851912,
  "usdtBalance": 0,
  "usdcBalance": 0.463046,
  "kenduBalance": 4175387837.757599,
  "ethBalanceInUsd": 622.9769403856778,
  "kenduBalanceInUsd": 42129.66328297417,
  "totalUsdBalance": 623.4399863856778
}