{
  "ethBalance": 0.06254024854608203,
  "usdtBalance": 0,
  "usdcBalance": 0,
  "kenduBalance": 6456272656.749752,
  "ethBalanceInUsd": 155.77775268852298,
  "kenduBalanceInUsd": 69404.93106005984,
  "totalUsdBalance": 155.77775268852298
}