{
  "ethBalance": 18.27649738337883,
  "usdtBalance": 0,
  "usdcBalance": 0,
  "kenduBalance": 10805029020.399477,
  "ethBalanceInUsd": 47244.92850100811,
  "kenduBalanceInUsd": 116910.41400072233,
  "totalUsdBalance": 47244.92850100811
}