{
  "ethBalance": 0.9903603877171636,
  "usdtBalance": 0,
  "usdcBalance": null,
  "kenduBalance": 4565348937.707456,
  "ethBalanceInUsd": 4530.205521534622,
  "kenduBalanceInUsd": 80943.63666555319,
  "totalUsdBalance": null
}