{
  "ethBalance": 0.04459919224178026,
  "usdtBalance": 0,
  "usdcBalance": 0,
  "kenduBalance": 517214787.4674407,
  "ethBalanceInUsd": 112.8769876285665,
  "kenduBalanceInUsd": 29931.219750740795,
  "totalUsdBalance": 112.8769876285665
}