{
  "ethBalance": 0.038589031500035925,
  "usdtBalance": 0,
  "usdcBalance": 0,
  "kenduBalance": 35199894.08324558,
  "ethBalanceInUsd": 140.1900925364805,
  "kenduBalanceInUsd": 1003.9009792541641,
  "totalUsdBalance": 140.1900925364805
}