{
  "ethBalance": 1.126230410262131,
  "usdtBalance": 0,
  "usdcBalance": null,
  "kenduBalance": 4547808469.985,
  "ethBalanceInUsd": 4838.747596954322,
  "kenduBalanceInUsd": 60394.89648140079,
  "totalUsdBalance": null
}