{
  "ethBalance": 0.3579040556931112,
  "usdtBalance": 0,
  "usdcBalance": 0,
  "kenduBalance": 3646098337.9468102,
  "ethBalanceInUsd": 659.6386488857455,
  "kenduBalanceInUsd": 40289.38663431225,
  "totalUsdBalance": 659.6386488857455
}