{
  "ethBalance": 0.3119048631851912,
  "usdtBalance": 0,
  "usdcBalance": 0.463046,
  "kenduBalance": 4175387837.757599,
  "ethBalanceInUsd": 627.608727603978,
  "kenduBalanceInUsd": 62171.524904210644,
  "totalUsdBalance": 628.0717736039779
}