{
  "ethBalance": 0.3119048631851912,
  "usdtBalance": 0,
  "usdcBalance": 0.463046,
  "kenduBalance": 4175387837.757599,
  "ethBalanceInUsd": 620.4349157507186,
  "kenduBalanceInUsd": 39916.70772896265,
  "totalUsdBalance": 620.8979617507185
}