{
  "ethBalance": 0.357215510728175,
  "usdtBalance": 0,
  "usdcBalance": 0,
  "kenduBalance": 4299933763.203477,
  "ethBalanceInUsd": 921.4624150090784,
  "kenduBalanceInUsd": 99371.46926763236,
  "totalUsdBalance": 921.4624150090784
}