{
  "ethBalance": 0.04459919224178026,
  "usdtBalance": 0,
  "usdcBalance": 0,
  "kenduBalance": 517214787.4674407,
  "ethBalanceInUsd": 112.2508149694919,
  "kenduBalanceInUsd": 33541.37896726353,
  "totalUsdBalance": 112.2508149694919
}