{
  "ethBalance": 0.30943876692005484,
  "usdtBalance": 0,
  "usdcBalance": 0,
  "kenduBalance": 8110029020.399477,
  "ethBalanceInUsd": 829.3051785087547,
  "kenduBalanceInUsd": 96347.14476234578,
  "totalUsdBalance": 829.3051785087547
}