{
  "ethBalance": 18.27649738337883,
  "usdtBalance": 0,
  "usdcBalance": 0,
  "kenduBalance": 10805029020.399477,
  "ethBalanceInUsd": 49562.022839272875,
  "kenduBalanceInUsd": 146192.0426460049,
  "totalUsdBalance": 49562.022839272875
}