{
  "ethBalance": 0.038589031500035925,
  "usdtBalance": 0,
  "usdcBalance": 0,
  "kenduBalance": 35199894.08324558,
  "ethBalanceInUsd": 116.5523812911335,
  "kenduBalanceInUsd": 691.6779187357757,
  "totalUsdBalance": 116.5523812911335
}