{
  "ethBalance": 0.3119048631851912,
  "usdtBalance": 0,
  "usdcBalance": 0.463046,
  "kenduBalance": 4175387837.757599,
  "ethBalanceInUsd": 633.294753259844,
  "kenduBalanceInUsd": 58330.16809347366,
  "totalUsdBalance": 633.757799259844
}