{
  "ethBalance": 0.0624422229661258,
  "usdtBalance": 0,
  "usdcBalance": 0,
  "kenduBalance": 6384544426.92592,
  "ethBalanceInUsd": 133.22298038714806,
  "kenduBalanceInUsd": 53630.17318617772,
  "totalUsdBalance": 133.22298038714806
}