{
  "ethBalance": 0.3579488855246269,
  "usdtBalance": 0,
  "usdcBalance": 0,
  "kenduBalance": 3705282011.416198,
  "ethBalanceInUsd": 586.5779976869165,
  "kenduBalanceInUsd": 40758.102125578174,
  "totalUsdBalance": 586.5779976869165
}