{
  "ethBalance": 0.04272247540230626,
  "usdtBalance": 0,
  "usdcBalance": 0,
  "kenduBalance": 517214787.4674407,
  "ethBalanceInUsd": 108.0741915757061,
  "kenduBalanceInUsd": 26067.625288359013,
  "totalUsdBalance": 108.0741915757061
}