{
  "ethBalance": 0.045462183917402754,
  "usdtBalance": 0,
  "usdcBalance": 0,
  "kenduBalance": 307214787.46744066,
  "ethBalanceInUsd": 118.21804457145743,
  "kenduBalanceInUsd": 27508.012069834636,
  "totalUsdBalance": 118.21804457145743
}