{
  "ethBalance": 0.038589031500035925,
  "usdtBalance": 0,
  "usdcBalance": 0,
  "kenduBalance": 35199894.08324558,
  "ethBalanceInUsd": 142.52434305191767,
  "kenduBalanceInUsd": 1369.6278787790857,
  "totalUsdBalance": 142.52434305191767
}