{
  "ethBalance": 0.038589031500035925,
  "usdtBalance": 0,
  "usdcBalance": 0,
  "kenduBalance": 35199894.08324558,
  "ethBalanceInUsd": 131.82244694601272,
  "kenduBalanceInUsd": 1066.2047917815087,
  "totalUsdBalance": 131.82244694601272
}