{
  "ethBalance": 0.04459919224178026,
  "usdtBalance": 0,
  "usdcBalance": 0,
  "kenduBalance": 517214787.4674407,
  "ethBalanceInUsd": 104.26265364706663,
  "kenduBalanceInUsd": 27427.90017939838,
  "totalUsdBalance": 104.26265364706663
}