{
  "ethBalance": 0.045462183917402754,
  "usdtBalance": 0,
  "usdcBalance": 0,
  "kenduBalance": 307214787.46744066,
  "ethBalanceInUsd": 120.06017226379059,
  "kenduBalanceInUsd": 29600.144772487907,
  "totalUsdBalance": 120.06017226379059
}