{
  "ethBalance": 0.3579040556931112,
  "usdtBalance": 0,
  "usdcBalance": 0,
  "kenduBalance": 3646098337.9468102,
  "ethBalanceInUsd": 657.5484892004978,
  "kenduBalanceInUsd": 37044.35911353959,
  "totalUsdBalance": 657.5484892004978
}