{
  "ethBalance": 0.35769432885289126,
  "usdtBalance": 0,
  "usdcBalance": 0,
  "kenduBalance": 4514955040.756332,
  "ethBalanceInUsd": 964.4619497159163,
  "kenduBalanceInUsd": 92150.23238183674,
  "totalUsdBalance": 964.4619497159163
}