{
  "ethBalance": 0.8895064501468166,
  "usdtBalance": 0,
  "usdcBalance": null,
  "kenduBalance": 4730282940.56362,
  "ethBalanceInUsd": 3441.3314493925054,
  "kenduBalanceInUsd": 90206.49567654822,
  "totalUsdBalance": null
}