{
  "ethBalance": 0.7404211583199757,
  "usdtBalance": 0,
  "usdcBalance": null,
  "kenduBalance": 4730282940.56362,
  "ethBalanceInUsd": 2721.151415788075,
  "kenduBalanceInUsd": 80130.99301314772,
  "totalUsdBalance": null
}