{
  "ethBalance": 18.27649738337883,
  "usdtBalance": 0,
  "usdcBalance": 0,
  "kenduBalance": 10805029020.399477,
  "ethBalanceInUsd": 51874.18252324413,
  "kenduBalanceInUsd": 129336.19737418175,
  "totalUsdBalance": 51874.18252324413
}