{
  "ethBalance": 0.045462183917402754,
  "usdtBalance": 0,
  "usdcBalance": 0,
  "kenduBalance": 307214787.46744066,
  "ethBalanceInUsd": 119.82467815109842,
  "kenduBalanceInUsd": 28334.419848122052,
  "totalUsdBalance": 119.82467815109842
}