{
  "ethBalance": 0.5002741579676101,
  "usdtBalance": 0,
  "usdcBalance": 100,
  "kenduBalance": 4855925261.348792,
  "ethBalanceInUsd": 1389.5064710134573,
  "kenduBalanceInUsd": 141258.86585263637,
  "totalUsdBalance": 1489.5064710134573
}