{
  "ethBalance": 0.5002741579676101,
  "usdtBalance": 0,
  "usdcBalance": 100,
  "kenduBalance": 4855925261.348792,
  "ethBalanceInUsd": 1323.0250381611415,
  "kenduBalanceInUsd": 147911.48346068422,
  "totalUsdBalance": 1423.0250381611415
}