{
  "ethBalance": 0.5002741579676101,
  "usdtBalance": 0,
  "usdcBalance": 100,
  "kenduBalance": 4855925261.348792,
  "ethBalanceInUsd": 1241.7705094240423,
  "kenduBalanceInUsd": 128779.13793096997,
  "totalUsdBalance": 1341.7705094240423
}