{
  "ethBalance": 0.30943876692005484,
  "usdtBalance": 0,
  "usdcBalance": 0,
  "kenduBalance": 8110029020.399477,
  "ethBalanceInUsd": 859.2774174726311,
  "kenduBalanceInUsd": 91075.62589908612,
  "totalUsdBalance": 859.2774174726311
}