{
  "ethBalance": 0.5002528644753425,
  "usdtBalance": 0,
  "usdcBalance": null,
  "kenduBalance": 4845166789.051858,
  "ethBalanceInUsd": 1826.9734863503982,
  "kenduBalanceInUsd": 98017.72414251909,
  "totalUsdBalance": null
}