{
  "ethBalance": 0.038589031500035925,
  "usdtBalance": 0,
  "usdcBalance": 0,
  "kenduBalance": 35199894.08324558,
  "ethBalanceInUsd": 132.38546091559826,
  "kenduBalanceInUsd": 884.221339371129,
  "totalUsdBalance": 132.38546091559826
}