{
  "ethBalance": 0.038589031500035925,
  "usdtBalance": 0,
  "usdcBalance": 0,
  "kenduBalance": 35199894.08324558,
  "ethBalanceInUsd": 128.3490482206945,
  "kenduBalanceInUsd": 1172.156472972078,
  "totalUsdBalance": 128.3490482206945
}