{
  "ethBalance": 0.35703877941042383,
  "usdtBalance": 0,
  "usdcBalance": 0,
  "kenduBalance": 4855947774.956796,
  "ethBalanceInUsd": 883.7495275722692,
  "kenduBalanceInUsd": 155778.80462061398,
  "totalUsdBalance": 883.7495275722692
}