{
  "ethBalance": 0.06254024854608203,
  "usdtBalance": 0,
  "usdcBalance": 0,
  "kenduBalance": 6456272656.749752,
  "ethBalanceInUsd": 146.39984241903795,
  "kenduBalanceInUsd": 55394.81939491287,
  "totalUsdBalance": 146.39984241903795
}