{
  "ethBalance": 0.04459919224178026,
  "usdtBalance": 0,
  "usdcBalance": 0,
  "kenduBalance": 517214787.4674407,
  "ethBalanceInUsd": 109.01558956427316,
  "kenduBalanceInUsd": 29062.298907795495,
  "totalUsdBalance": 109.01558956427316
}