{
  "ethBalance": 0.038589031500035925,
  "usdtBalance": 0,
  "usdcBalance": 0,
  "kenduBalance": 35199894.08324558,
  "ethBalanceInUsd": 143.96294214623902,
  "kenduBalanceInUsd": 1347.0999465658083,
  "totalUsdBalance": 143.96294214623902
}