{
  "ethBalance": 0.04272247540230626,
  "usdtBalance": 0,
  "usdcBalance": 0,
  "kenduBalance": 517214787.4674407,
  "ethBalanceInUsd": 102.88511971334198,
  "kenduBalanceInUsd": 24578.04670045278,
  "totalUsdBalance": 102.88511971334198
}