{
  "ethBalance": 0.045462183917402754,
  "usdtBalance": 0,
  "usdcBalance": 0,
  "kenduBalance": 307214787.46744066,
  "ethBalanceInUsd": 126.1230091110154,
  "kenduBalanceInUsd": 26254.57573696748,
  "totalUsdBalance": 126.1230091110154
}