{
  "ethBalance": 0.04272247540230626,
  "usdtBalance": 0,
  "usdcBalance": 0,
  "kenduBalance": 517214787.4674407,
  "ethBalanceInUsd": 102.06612985987978,
  "kenduBalanceInUsd": 23057.435225298505,
  "totalUsdBalance": 102.06612985987978
}