{
  "ethBalance": 0.0660488809860724,
  "usdtBalance": 0,
  "usdcBalance": 0,
  "kenduBalance": 7622102282.100412,
  "ethBalanceInUsd": 169.8473394109246,
  "kenduBalanceInUsd": 60976.81825680329,
  "totalUsdBalance": 169.8473394109246
}