{
  "ethBalance": 0.9903603877171636,
  "usdtBalance": 0,
  "usdcBalance": null,
  "kenduBalance": 4565348937.707456,
  "ethBalanceInUsd": 4524.659503363405,
  "kenduBalanceInUsd": 77565.27845164968,
  "totalUsdBalance": null
}