{
  "ethBalance": 0.04459919224178026,
  "usdtBalance": 0,
  "usdcBalance": 0,
  "kenduBalance": 517214787.4674407,
  "ethBalanceInUsd": 108.29620459341324,
  "kenduBalanceInUsd": 28964.02809817668,
  "totalUsdBalance": 108.29620459341324
}