{
  "ethBalance": 0.5002741579676101,
  "usdtBalance": 0,
  "usdcBalance": 100,
  "kenduBalance": 4855925261.348792,
  "ethBalanceInUsd": 1251.3807759986003,
  "kenduBalanceInUsd": 130915.74504596343,
  "totalUsdBalance": 1351.3807759986003
}