{
  "ethBalance": 0.045462183917402754,
  "usdtBalance": 0,
  "usdcBalance": 0,
  "kenduBalance": 307214787.46744066,
  "ethBalanceInUsd": 119.21821261764029,
  "kenduBalanceInUsd": 32647.715464164918,
  "totalUsdBalance": 119.21821261764029
}