{
  "ethBalance": 0.04272247540230626,
  "usdtBalance": 0,
  "usdcBalance": 0,
  "kenduBalance": 517214787.4674407,
  "ethBalanceInUsd": 104.0450349205146,
  "kenduBalanceInUsd": 23978.077546990553,
  "totalUsdBalance": 104.0450349205146
}