{
  "ethBalance": 0.038589031500035925,
  "usdtBalance": 0,
  "usdcBalance": 0,
  "kenduBalance": 35199894.08324558,
  "ethBalanceInUsd": 105.54293060417326,
  "kenduBalanceInUsd": 1347.4519455066409,
  "totalUsdBalance": 105.54293060417326
}