{
  "ethBalance": 0.5002741579676101,
  "usdtBalance": 0,
  "usdcBalance": 100,
  "kenduBalance": 4855925261.348792,
  "ethBalanceInUsd": 1363.8924341255158,
  "kenduBalanceInUsd": 165926.96618028823,
  "totalUsdBalance": 1463.8924341255158
}