{
  "ethBalance": 0.038589031500035925,
  "usdtBalance": 0,
  "usdcBalance": 0,
  "kenduBalance": 35199894.08324558,
  "ethBalanceInUsd": 130.76472159259674,
  "kenduBalanceInUsd": 784.9576380563765,
  "totalUsdBalance": 130.76472159259674
}