{
  "ethBalance": 0.7404211583199757,
  "usdtBalance": 0,
  "usdcBalance": 100,
  "kenduBalance": null,
  "ethBalanceInUsd": 2981.7352382472077,
  "kenduBalanceInUsd": null,
  "totalUsdBalance": 3081.7352382472077
}