{
  "ethBalance": 0.04459919224178026,
  "usdtBalance": 0,
  "usdcBalance": 0,
  "kenduBalance": 517214787.4674407,
  "ethBalanceInUsd": 104.40046515109374,
  "kenduBalanceInUsd": 25074.572896421523,
  "totalUsdBalance": 104.40046515109374
}