{
  "ethBalance": 0.11828269992644785,
  "usdtBalance": 0,
  "usdcBalance": 0,
  "kenduBalance": 12696082608.223658,
  "ethBalanceInUsd": 386.0652699439317,
  "kenduBalanceInUsd": 342032.4654655453,
  "totalUsdBalance": 386.0652699439317
}