{
  "ethBalance": 0.890283224186648,
  "usdtBalance": 0,
  "usdcBalance": null,
  "kenduBalance": 4809031095.836518,
  "ethBalanceInUsd": 3424.100502879783,
  "kenduBalanceInUsd": 93679.92574689537,
  "totalUsdBalance": null
}