{
  "ethBalance": 0.045462183917402754,
  "usdtBalance": 0,
  "usdcBalance": 0,
  "kenduBalance": 307214787.46744066,
  "ethBalanceInUsd": 120.57253107653972,
  "kenduBalanceInUsd": 27809.08256155273,
  "totalUsdBalance": 120.57253107653972
}