{
  "ethBalance": 0.04272247540230626,
  "usdtBalance": 0,
  "usdcBalance": 0,
  "kenduBalance": 517214787.4674407,
  "ethBalanceInUsd": 103.10727658543398,
  "kenduBalanceInUsd": 24003.938286363922,
  "totalUsdBalance": 103.10727658543398
}