{
  "ethBalance": 0.3196155371451788,
  "usdtBalance": 0,
  "usdcBalance": 884.463046,
  "kenduBalance": 5453954448.539579,
  "ethBalanceInUsd": 611.4564841124416,
  "kenduBalanceInUsd": 34359.913025799346,
  "totalUsdBalance": 1495.9195301124414
}