{
  "ethBalance": 0.04272247540230626,
  "usdtBalance": 0,
  "usdcBalance": 0,
  "kenduBalance": 517214787.4674407,
  "ethBalanceInUsd": 110.32993827694787,
  "kenduBalanceInUsd": 30215.687883847888,
  "totalUsdBalance": 110.32993827694787
}