{
  "ethBalance": 0.5002741579676101,
  "usdtBalance": 0,
  "usdcBalance": 100,
  "kenduBalance": 4855925261.348792,
  "ethBalanceInUsd": 1258.9899459412875,
  "kenduBalanceInUsd": 125525.66800586629,
  "totalUsdBalance": 1358.9899459412875
}