{
  "ethBalance": 0.038589031500035925,
  "usdtBalance": 0,
  "usdcBalance": 0,
  "kenduBalance": 35199894.08324558,
  "ethBalanceInUsd": 129.12314419258522,
  "kenduBalanceInUsd": 1075.0047653023203,
  "totalUsdBalance": 129.12314419258522
}