{
  "ethBalance": 0.9903818468589797,
  "usdtBalance": 0,
  "usdcBalance": null,
  "kenduBalance": 4677192821.897994,
  "ethBalanceInUsd": 4723.546988046155,
  "kenduBalanceInUsd": 81196.06738814918,
  "totalUsdBalance": null
}