{
  "ethBalance": 0.045462183917402754,
  "usdtBalance": 0,
  "usdcBalance": 0,
  "kenduBalance": 307214787.46744066,
  "ethBalanceInUsd": 119.64828487749892,
  "kenduBalanceInUsd": 20525.019950699712,
  "totalUsdBalance": 119.64828487749892
}