{
  "ethBalance": 0.5002528644753425,
  "usdtBalance": 0,
  "usdcBalance": 100,
  "kenduBalance": 4845166789.051858,
  "ethBalanceInUsd": 1821.5557478281303,
  "kenduBalanceInUsd": 92397.33066721892,
  "totalUsdBalance": 1921.5557478281303
}