{
  "ethBalance": 0.038589031500035925,
  "usdtBalance": 0,
  "usdcBalance": 0,
  "kenduBalance": 35199894.08324558,
  "ethBalanceInUsd": 149.44721530302414,
  "kenduBalanceInUsd": 1146.4605502913087,
  "totalUsdBalance": 149.44721530302414
}