{
  "ethBalance": 0.5002741579676101,
  "usdtBalance": 0,
  "usdcBalance": 100,
  "kenduBalance": 4855925261.348792,
  "ethBalanceInUsd": 1217.7673553247564,
  "kenduBalanceInUsd": 104499.51162422601,
  "totalUsdBalance": 1317.7673553247564
}