{
  "ethBalance": 0.5002741579676101,
  "usdtBalance": 0,
  "usdcBalance": 100,
  "kenduBalance": 4855925261.348792,
  "ethBalanceInUsd": 1378.7956012913708,
  "kenduBalanceInUsd": 139850.64752684522,
  "totalUsdBalance": 1478.7956012913708
}