{
  "ethBalance": 0.038589031500035925,
  "usdtBalance": 0,
  "usdcBalance": 0,
  "kenduBalance": 35199894.08324558,
  "ethBalanceInUsd": 103.31865882851118,
  "kenduBalanceInUsd": 1234.812284440255,
  "totalUsdBalance": 103.31865882851118
}