{
  "ethBalance": 0.04272247540230626,
  "usdtBalance": 0,
  "usdcBalance": 0,
  "kenduBalance": 517214787.4674407,
  "ethBalanceInUsd": 114.61671145881529,
  "kenduBalanceInUsd": 29657.09591338305,
  "totalUsdBalance": 114.61671145881529
}