{
  "ethBalance": 0.9902157498683816,
  "usdtBalance": 0,
  "usdcBalance": null,
  "kenduBalance": 4558502396.376256,
  "ethBalanceInUsd": 4353.711293918809,
  "kenduBalanceInUsd": 65824.77460367314,
  "totalUsdBalance": null
}