{
  "ethBalance": 0.038589031500035925,
  "usdtBalance": 0,
  "usdcBalance": 0,
  "kenduBalance": 35199894.08324558,
  "ethBalanceInUsd": 102.06451530476001,
  "kenduBalanceInUsd": 1627.9951013501081,
  "totalUsdBalance": 102.06451530476001
}