{
  "ethBalance": 0.038589031500035925,
  "usdtBalance": 0,
  "usdcBalance": 0,
  "kenduBalance": 35199894.08324558,
  "ethBalanceInUsd": 122.65137771971419,
  "kenduBalanceInUsd": 749.053746091466,
  "totalUsdBalance": 122.65137771971419
}