{
  "ethBalance": 0.038589031500035925,
  "usdtBalance": 0,
  "usdcBalance": 0,
  "kenduBalance": 35199894.08324558,
  "ethBalanceInUsd": 154.5733822474889,
  "kenduBalanceInUsd": 1809.274555878823,
  "totalUsdBalance": 154.5733822474889
}