{
  "ethBalance": 18.27649738337883,
  "usdtBalance": 0,
  "usdcBalance": 0,
  "kenduBalance": 10805029020.399477,
  "ethBalanceInUsd": 50617.673328136836,
  "kenduBalanceInUsd": 141221.72929662117,
  "totalUsdBalance": 50617.673328136836
}