{
  "ethBalance": 0.30943876692005484,
  "usdtBalance": 0,
  "usdcBalance": 0,
  "kenduBalance": 8110029020.399477,
  "ethBalanceInUsd": 812.9296789633453,
  "kenduBalanceInUsd": 75098.86872889915,
  "totalUsdBalance": 812.9296789633453
}