{
  "ethBalance": 0.0624422229661258,
  "usdtBalance": 0,
  "usdcBalance": 0,
  "kenduBalance": 6379544426.92592,
  "ethBalanceInUsd": 139.31109712634532,
  "kenduBalanceInUsd": 53332.99140910069,
  "totalUsdBalance": 139.31109712634532
}