{
  "ethBalance": 0.3117728554842481,
  "usdtBalance": 0,
  "usdcBalance": 0.463046,
  "kenduBalance": 4113980899.4295063,
  "ethBalanceInUsd": 557.958055360275,
  "kenduBalanceInUsd": 49573.46983812555,
  "totalUsdBalance": 558.421101360275
}