{
  "ethBalance": 0.5002741579676101,
  "usdtBalance": 0,
  "usdcBalance": 100,
  "kenduBalance": 4855925261.348792,
  "ethBalanceInUsd": 1221.1942333068348,
  "kenduBalanceInUsd": 105956.28920263065,
  "totalUsdBalance": 1321.1942333068348
}