{
  "ethBalance": 0.04272247540230626,
  "usdtBalance": 0,
  "usdcBalance": 0,
  "kenduBalance": 517214787.4674407,
  "ethBalanceInUsd": 110.83705405997324,
  "kenduBalanceInUsd": 29755.366723001865,
  "totalUsdBalance": 110.83705405997324
}