{
  "ethBalance": 0.5002741579676101,
  "usdtBalance": 0,
  "usdcBalance": 100,
  "kenduBalance": 4855925261.348792,
  "ethBalanceInUsd": 1263.6725120598644,
  "kenduBalanceInUsd": 121106.77601803887,
  "totalUsdBalance": 1363.6725120598644
}