{
  "ethBalance": 0.038589031500035925,
  "usdtBalance": 0,
  "usdcBalance": 0,
  "kenduBalance": 35199894.08324558,
  "ethBalanceInUsd": 121.94442666263352,
  "kenduBalanceInUsd": 774.7496687722353,
  "totalUsdBalance": 121.94442666263352
}