{
  "ethBalance": 0.5002741579676101,
  "usdtBalance": 0,
  "usdcBalance": 100,
  "kenduBalance": 4855925261.348792,
  "ethBalanceInUsd": 1242.6960166162826,
  "kenduBalanceInUsd": 114308.48065215057,
  "totalUsdBalance": 1342.6960166162826
}