{
  "ethBalance": 0.0624422229661258,
  "usdtBalance": 0,
  "usdcBalance": 0,
  "kenduBalance": 6379544426.92592,
  "ethBalanceInUsd": 136.2420618675602,
  "kenduBalanceInUsd": 52758.83241067736,
  "totalUsdBalance": 136.2420618675602
}