{
  "ethBalance": 0.038589031500035925,
  "usdtBalance": 0,
  "usdcBalance": 0,
  "kenduBalance": 35199894.08324558,
  "ethBalanceInUsd": 93.7698029838273,
  "kenduBalanceInUsd": 2004.633968040836,
  "totalUsdBalance": 93.7698029838273
}