{
  "ethBalance": 0.04459919224178026,
  "usdtBalance": 0,
  "usdcBalance": 0,
  "kenduBalance": 517214787.4674407,
  "ethBalanceInUsd": 101.81371200107048,
  "kenduBalanceInUsd": 23719.47015325683,
  "totalUsdBalance": 101.81371200107048
}