{
  "ethBalance": 0.038589031500035925,
  "usdtBalance": 0,
  "usdcBalance": 0,
  "kenduBalance": 35199894.08324558,
  "ethBalanceInUsd": 135.23487500156088,
  "kenduBalanceInUsd": 790.5896211096957,
  "totalUsdBalance": 135.23487500156088
}