{
  "ethBalance": 0.04272247540230626,
  "usdtBalance": 0,
  "usdcBalance": 0,
  "kenduBalance": 517214787.4674407,
  "ethBalanceInUsd": 114.40993467786812,
  "kenduBalanceInUsd": 29574.34154738826,
  "totalUsdBalance": 114.40993467786812
}