{
  "ethBalance": 3.9774170719585187,
  "usdtBalance": 0,
  "usdcBalance": 0,
  "kenduBalance": 8310029020.399478,
  "ethBalanceInUsd": 10576.628155239934,
  "kenduBalanceInUsd": 100052.74940560972,
  "totalUsdBalance": 10576.628155239934
}