{
  "ethBalance": 0.04272247540230626,
  "usdtBalance": 0,
  "usdcBalance": 0,
  "kenduBalance": 517214787.4674407,
  "ethBalanceInUsd": 110.56192131838239,
  "kenduBalanceInUsd": 30365.680172213444,
  "totalUsdBalance": 110.56192131838239
}