{
  "ethBalance": 0.5002741579676101,
  "usdtBalance": 0,
  "usdcBalance": 100,
  "kenduBalance": 4855925261.348792,
  "ethBalanceInUsd": 1260.7459082357539,
  "kenduBalanceInUsd": 113822.88812601568,
  "totalUsdBalance": 1360.7459082357539
}