{
  "ethBalance": 0.038589031500035925,
  "usdtBalance": 0,
  "usdcBalance": 0,
  "kenduBalance": 35199894.08324558,
  "ethBalanceInUsd": 130.52855671981652,
  "kenduBalanceInUsd": 1172.8604708537428,
  "totalUsdBalance": 130.52855671981652
}