{
  "ethBalance": 13.47560135212183,
  "usdtBalance": 3949.089252,
  "usdcBalance": 8005.206012,
  "kenduBalance": 10805029020.399477,
  "ethBalanceInUsd": 41792.69100941656,
  "kenduBalanceInUsd": 147380.59583824888,
  "totalUsdBalance": 53746.98627341656
}