{
  "ethBalance": 0.038589031500035925,
  "usdtBalance": 0,
  "usdcBalance": 0,
  "kenduBalance": 35199894.08324558,
  "ethBalanceInUsd": 126.59054605523785,
  "kenduBalanceInUsd": 795.8696052221826,
  "totalUsdBalance": 126.59054605523785
}