{
  "ethBalance": 0.038589031500035925,
  "usdtBalance": 0,
  "usdcBalance": 0,
  "kenduBalance": 35199894.08324558,
  "ethBalanceInUsd": 128.8090294761749,
  "kenduBalanceInUsd": 1177.0844581437323,
  "totalUsdBalance": 128.8090294761749
}