{
  "ethBalance": 0.727034011230498,
  "usdtBalance": 0,
  "usdcBalance": null,
  "kenduBalance": 4482236645.828448,
  "ethBalanceInUsd": 3043.8369431181645,
  "kenduBalanceInUsd": 47242.77424703185,
  "totalUsdBalance": null
}