{
  "ethBalance": 0.038589031500035925,
  "usdtBalance": 0,
  "usdcBalance": 0,
  "kenduBalance": 35199894.08324558,
  "ethBalanceInUsd": 101.15805895482418,
  "kenduBalanceInUsd": 1262.620200766019,
  "totalUsdBalance": 101.15805895482418
}