{
  "ethBalance": 0.038589031500035925,
  "usdtBalance": 0,
  "usdcBalance": 0,
  "kenduBalance": 35199894.08324558,
  "ethBalanceInUsd": 122.3445949192889,
  "kenduBalanceInUsd": 1366.4598883115934,
  "totalUsdBalance": 122.3445949192889
}