{
  "ethBalance": 0.038589031500035925,
  "usdtBalance": 0,
  "usdcBalance": 0,
  "kenduBalance": 35199894.08324558,
  "ethBalanceInUsd": 134.44920232022017,
  "kenduBalanceInUsd": 1254.1722261860402,
  "totalUsdBalance": 134.44920232022017
}