{
  "ethBalance": 0.04272247540230626,
  "usdtBalance": 0,
  "usdcBalance": 0,
  "kenduBalance": 517214787.4674407,
  "ethBalanceInUsd": 113.34657226510473,
  "kenduBalanceInUsd": 30019.14626461026,
  "totalUsdBalance": 113.34657226510473
}