{
  "ethBalance": 0.038589031500035925,
  "usdtBalance": 0,
  "usdcBalance": 0,
  "kenduBalance": 35199894.08324558,
  "ethBalanceInUsd": 151.55301875198109,
  "kenduBalanceInUsd": 895.1333065369352,
  "totalUsdBalance": 151.55301875198109
}