{
  "ethBalance": 0.038589031500035925,
  "usdtBalance": 0,
  "usdcBalance": 0,
  "kenduBalance": 35199894.08324558,
  "ethBalanceInUsd": 142.18090067156737,
  "kenduBalanceInUsd": 925.0532165076938,
  "totalUsdBalance": 142.18090067156737
}