{
  "ethBalance": 0.35779268808449755,
  "usdtBalance": 0,
  "usdcBalance": 0,
  "kenduBalance": 4546950453.600369,
  "ethBalanceInUsd": 837.8109363455403,
  "kenduBalanceInUsd": 75342.96901615812,
  "totalUsdBalance": 837.8109363455403
}