{
  "ethBalance": 0.3194927667359207,
  "usdtBalance": 0,
  "usdcBalance": 884.463046,
  "kenduBalance": 4753954448.539579,
  "ethBalanceInUsd": 630.1036345565828,
  "kenduBalanceInUsd": 33705.53704014562,
  "totalUsdBalance": 1514.566680556583
}