{
  "ethBalance": 0.3117728554842481,
  "usdtBalance": 0,
  "usdcBalance": 0.463046,
  "kenduBalance": 4113980899.4295063,
  "ethBalanceInUsd": 573.1164515939191,
  "kenduBalanceInUsd": 50848.8039169487,
  "totalUsdBalance": 573.5794975939191
}