{
  "ethBalance": 0.04272247540230626,
  "usdtBalance": 0,
  "usdcBalance": 0,
  "kenduBalance": 517214787.4674407,
  "ethBalanceInUsd": 101.16639452790719,
  "kenduBalanceInUsd": 22126.448607857114,
  "totalUsdBalance": 101.16639452790719
}