{
  "ethBalance": 13.475892841222715,
  "usdtBalance": 3949.089252,
  "usdcBalance": 8005.206012,
  "kenduBalance": 10903927414.89931,
  "ethBalanceInUsd": 43701.51193051479,
  "kenduBalanceInUsd": 201395.53935319025,
  "totalUsdBalance": 55655.80719451479
}