{
  "ethBalance": 0.3119048631851912,
  "usdtBalance": 0,
  "usdcBalance": 0.463046,
  "kenduBalance": 4175387837.757599,
  "ethBalanceInUsd": 620.2727252218623,
  "kenduBalanceInUsd": 39791.446093829916,
  "totalUsdBalance": 620.7357712218623
}