{
  "ethBalance": 1.2248621787309673,
  "usdtBalance": 0,
  "usdcBalance": 25.002104,
  "kenduBalance": 4489413951.490725,
  "ethBalanceInUsd": 5282.377377860532,
  "kenduBalanceInUsd": 60831.55904269932,
  "totalUsdBalance": 5307.379481860532
}