{
  "ethBalance": 0.04459919224178026,
  "usdtBalance": 0,
  "usdcBalance": 0,
  "kenduBalance": 517214787.4674407,
  "ethBalanceInUsd": 104.5449665339571,
  "kenduBalanceInUsd": 27846.844157247007,
  "totalUsdBalance": 104.5449665339571
}