{
  "ethBalance": 0.038589031500035925,
  "usdtBalance": 0,
  "usdcBalance": 0,
  "kenduBalance": 35199894.08324558,
  "ethBalanceInUsd": 120.65130821706732,
  "kenduBalanceInUsd": 975.0370661059026,
  "totalUsdBalance": 120.65130821706732
}