{
  "ethBalance": 0.0660488809860724,
  "usdtBalance": 0,
  "usdcBalance": 0,
  "kenduBalance": 7622102282.100412,
  "ethBalanceInUsd": 179.81345506291305,
  "kenduBalanceInUsd": 62729.9017816864,
  "totalUsdBalance": 179.81345506291305
}