{
  "ethBalance": 0.04272247540230626,
  "usdtBalance": 0,
  "usdcBalance": 0,
  "kenduBalance": 517214787.4674407,
  "ethBalanceInUsd": 105.47581062173784,
  "kenduBalanceInUsd": 22064.38283336102,
  "totalUsdBalance": 105.47581062173784
}