{
  "ethBalance": 0.038589031500035925,
  "usdtBalance": 0,
  "usdcBalance": 0,
  "kenduBalance": 35199894.08324558,
  "ethBalanceInUsd": 149.7238986588794,
  "kenduBalanceInUsd": 1177.4364570845648,
  "totalUsdBalance": 149.7238986588794
}