{
  "ethBalance": 0.04272247540230626,
  "usdtBalance": 0,
  "usdcBalance": 0,
  "kenduBalance": 517214787.4674407,
  "ethBalanceInUsd": 102.04690474594874,
  "kenduBalanceInUsd": 26160.72395010315,
  "totalUsdBalance": 102.04690474594874
}