{
  "ethBalance": 0.3119048631851912,
  "usdtBalance": 0,
  "usdcBalance": 0.463046,
  "kenduBalance": 4175387837.757599,
  "ethBalanceInUsd": 620.9370825804467,
  "kenduBalanceInUsd": 42421.9404316172,
  "totalUsdBalance": 621.4001285804467
}