{
  "ethBalance": 0.35779268808449755,
  "usdtBalance": 0,
  "usdcBalance": 0,
  "kenduBalance": 3546950453.60037,
  "ethBalanceInUsd": 657.5299346004045,
  "kenduBalanceInUsd": 37952.36985352395,
  "totalUsdBalance": 657.5299346004045
}