{
  "ethBalance": 0.038589031500035925,
  "usdtBalance": 0,
  "usdcBalance": 0,
  "kenduBalance": 35199894.08324558,
  "ethBalanceInUsd": 139.70927320399008,
  "kenduBalanceInUsd": 1026.4289114674411,
  "totalUsdBalance": 139.70927320399008
}