{
  "ethBalance": 0.3119048631851912,
  "usdtBalance": 0,
  "usdcBalance": 0.463046,
  "kenduBalance": 4175387837.757599,
  "ethBalanceInUsd": 650.861235154434,
  "kenduBalanceInUsd": 49353.08424229482,
  "totalUsdBalance": 651.324281154434
}