{
  "ethBalance": 0.038589031500035925,
  "usdtBalance": 0,
  "usdcBalance": 0,
  "kenduBalance": 35199894.08324558,
  "ethBalanceInUsd": 125.29704171935666,
  "kenduBalanceInUsd": 678.6539579249747,
  "totalUsdBalance": 125.29704171935666
}