{
  "ethBalance": 2.037084045317489,
  "usdtBalance": 0,
  "usdcBalance": 0,
  "kenduBalance": 8110029020.399477,
  "ethBalanceInUsd": 5272.034621803022,
  "kenduBalanceInUsd": 100888.76101376949,
  "totalUsdBalance": 5272.034621803022
}