{
  "ethBalance": 0.06254024854608203,
  "usdtBalance": 0,
  "usdcBalance": 0,
  "kenduBalance": 6456272656.749752,
  "ethBalanceInUsd": 152.45311307581323,
  "kenduBalanceInUsd": 67468.0492630349,
  "totalUsdBalance": 152.45311307581323
}