{
  "ethBalance": 0.04459919224178026,
  "usdtBalance": 0,
  "usdcBalance": 0,
  "kenduBalance": 517214787.4674407,
  "ethBalanceInUsd": 101.87347491867446,
  "kenduBalanceInUsd": 22333.334522844092,
  "totalUsdBalance": 101.87347491867446
}