{
  "ethBalance": 0.04459919224178026,
  "usdtBalance": 0,
  "usdcBalance": 0,
  "kenduBalance": 517214787.4674407,
  "ethBalanceInUsd": 106.88731611049539,
  "kenduBalanceInUsd": 26683.110885445265,
  "totalUsdBalance": 106.88731611049539
}