{
  "ethBalance": 3.9773126053695473,
  "usdtBalance": 0,
  "usdcBalance": 0,
  "kenduBalance": 8110029020.399477,
  "ethBalanceInUsd": 10646.947659565849,
  "kenduBalanceInUsd": 107701.18539090506,
  "totalUsdBalance": 10646.947659565849
}