{
  "ethBalance": 0.700034011230498,
  "usdtBalance": 0,
  "usdcBalance": null,
  "kenduBalance": 4482236645.828448,
  "ethBalanceInUsd": 3178.7144381954454,
  "kenduBalanceInUsd": 50380.339899111765,
  "totalUsdBalance": null
}