{
  "ethBalance": 0.30943876692005484,
  "usdtBalance": 0,
  "usdcBalance": 0,
  "kenduBalance": 8110029020.399477,
  "ethBalanceInUsd": 833.9436656248862,
  "kenduBalanceInUsd": 82803.39629827866,
  "totalUsdBalance": 833.9436656248862
}