{
  "ethBalance": 0.038589031500035925,
  "usdtBalance": 0,
  "usdcBalance": 0,
  "kenduBalance": 35199894.08324558,
  "ethBalanceInUsd": 149.76325947100943,
  "kenduBalanceInUsd": 1205.596372351161,
  "totalUsdBalance": 149.76325947100943
}