{
  "ethBalance": 0.038589031500035925,
  "usdtBalance": 0,
  "usdcBalance": 0,
  "kenduBalance": 35199894.08324558,
  "ethBalanceInUsd": 134.26243140776,
  "kenduBalanceInUsd": 1214.3963458719725,
  "totalUsdBalance": 134.26243140776
}