{
  "ethBalance": 0.35703877941042383,
  "usdtBalance": 0,
  "usdcBalance": 0,
  "kenduBalance": 4855947774.956796,
  "ethBalanceInUsd": 885.3490613040279,
  "kenduBalanceInUsd": 157624.06477509756,
  "totalUsdBalance": 885.3490613040279
}