{
  "ethBalance": 0.3117728554842481,
  "usdtBalance": 0,
  "usdcBalance": 0.463046,
  "kenduBalance": 4113980899.4295063,
  "ethBalanceInUsd": 558.3695955295142,
  "kenduBalanceInUsd": 46775.96282651348,
  "totalUsdBalance": 558.8326415295141
}