{
  "ethBalance": 0.9903603877171636,
  "usdtBalance": 0,
  "usdcBalance": null,
  "kenduBalance": 4565348937.707456,
  "ethBalanceInUsd": 4591.786130442874,
  "kenduBalanceInUsd": 77976.15985604333,
  "totalUsdBalance": null
}