{
  "ethBalance": 3.9774170719585187,
  "usdtBalance": 0,
  "usdcBalance": 0,
  "kenduBalance": 8310029020.399478,
  "ethBalanceInUsd": 10401.104739854405,
  "kenduBalanceInUsd": 100634.45143703767,
  "totalUsdBalance": 10401.104739854405
}