{
  "ethBalance": 0.045462183917402754,
  "usdtBalance": 0,
  "usdcBalance": 0,
  "kenduBalance": 307214787.46744066,
  "ethBalanceInUsd": 118.99999413483675,
  "kenduBalanceInUsd": 26832.139537406267,
  "totalUsdBalance": 118.99999413483675
}