{
  "ethBalance": 0.038589031500035925,
  "usdtBalance": 0,
  "usdcBalance": 0,
  "kenduBalance": 35199894.08324558,
  "ethBalanceInUsd": 131.2513292798122,
  "kenduBalanceInUsd": 1056.7008203790324,
  "totalUsdBalance": 131.2513292798122
}