{
  "ethBalance": 0.038589031500035925,
  "usdtBalance": 0,
  "usdcBalance": 0,
  "kenduBalance": 35199894.08324558,
  "ethBalanceInUsd": 108.82608540419632,
  "kenduBalanceInUsd": 1963.4500919634386,
  "totalUsdBalance": 108.82608540419632
}