{
  "ethBalance": 0.038589031500035925,
  "usdtBalance": 0,
  "usdcBalance": 0,
  "kenduBalance": 35199894.08324558,
  "ethBalanceInUsd": 95.39517299060881,
  "kenduBalanceInUsd": 1183.068440137884,
  "totalUsdBalance": 95.39517299060881
}