{
  "ethBalance": 0.038589031500035925,
  "usdtBalance": 0,
  "usdcBalance": 0,
  "kenduBalance": 35199894.08324558,
  "ethBalanceInUsd": 129.36046673631043,
  "kenduBalanceInUsd": 1168.6364835637535,
  "totalUsdBalance": 129.36046673631043
}