{
  "ethBalance": 0.04272247540230626,
  "usdtBalance": 0,
  "usdcBalance": 0,
  "kenduBalance": 517214787.4674407,
  "ethBalanceInUsd": 104.20567142802727,
  "kenduBalanceInUsd": 23791.880223502274,
  "totalUsdBalance": 104.20567142802727
}