{
  "ethBalance": 0.35769432885289126,
  "usdtBalance": 0,
  "usdcBalance": 0,
  "kenduBalance": 4514955040.756332,
  "ethBalanceInUsd": 887.235744116577,
  "kenduBalanceInUsd": 76934.8338944879,
  "totalUsdBalance": 887.235744116577
}