{
  "ethBalance": 0.04272247540230626,
  "usdtBalance": 0,
  "usdcBalance": 0,
  "kenduBalance": 517214787.4674407,
  "ethBalanceInUsd": 104.15611335656058,
  "kenduBalanceInUsd": 22116.104312107764,
  "totalUsdBalance": 104.15611335656058
}