{
  "ethBalance": 0.04459919224178026,
  "usdtBalance": 0,
  "usdcBalance": 0,
  "kenduBalance": 517214787.4674407,
  "ethBalanceInUsd": 101.53942696878353,
  "kenduBalanceInUsd": 22814.34427518881,
  "totalUsdBalance": 101.53942696878353
}