{
  "ethBalance": 0.3117728554842481,
  "usdtBalance": 0,
  "usdcBalance": 0.463046,
  "kenduBalance": 4113980899.4295063,
  "ethBalanceInUsd": 585.3878311857791,
  "kenduBalanceInUsd": 49203.211557176895,
  "totalUsdBalance": 585.850877185779
}