{
  "ethBalance": 0.30943876692005484,
  "usdtBalance": 0,
  "usdcBalance": 0,
  "kenduBalance": 8110029020.399477,
  "ethBalanceInUsd": 844.3903183961073,
  "kenduBalanceInUsd": 91724.42822071808,
  "totalUsdBalance": 844.3903183961073
}