{
  "ethBalance": 0.038589031500035925,
  "usdtBalance": 0,
  "usdcBalance": 0,
  "kenduBalance": 35199894.08324558,
  "ethBalanceInUsd": 125.81066172862212,
  "kenduBalanceInUsd": 508.9904684437311,
  "totalUsdBalance": 125.81066172862212
}