{
  "ethBalance": 0.04272247540230626,
  "usdtBalance": 0,
  "usdcBalance": 0,
  "kenduBalance": 517214787.4674407,
  "ethBalanceInUsd": 101.78501597173259,
  "kenduBalanceInUsd": 27929.5985232418,
  "totalUsdBalance": 101.78501597173259
}