{
  "ethBalance": 0.038589031500035925,
  "usdtBalance": 0,
  "usdcBalance": 0,
  "kenduBalance": 35199894.08324558,
  "ethBalanceInUsd": 95.61667403141902,
  "kenduBalanceInUsd": 1097.8846964564298,
  "totalUsdBalance": 95.61667403141902
}