{
  "ethBalance": 8.056063080971311,
  "usdtBalance": 22313.097842,
  "usdcBalance": 88.007775,
  "kenduBalance": 319823769.8171208,
  "ethBalanceInUsd": 24212.578150490088,
  "kenduBalanceInUsd": 41388.394052033604,
  "totalUsdBalance": 46613.68376749008
}