{
  "ethBalance": 0.3117728554842481,
  "usdtBalance": 0,
  "usdcBalance": 0.463046,
  "kenduBalance": 4113980899.4295063,
  "ethBalanceInUsd": 624.5433841060458,
  "kenduBalanceInUsd": 52741.23513068627,
  "totalUsdBalance": 625.0064301060457
}