{
  "ethBalance": 0.5002741579676101,
  "usdtBalance": 0,
  "usdcBalance": 100,
  "kenduBalance": 4855925261.348792,
  "ethBalanceInUsd": 1203.6246048790122,
  "kenduBalanceInUsd": 104111.03760331811,
  "totalUsdBalance": 1303.6246048790122
}