{
  "ethBalance": 0.038589031500035925,
  "usdtBalance": 0,
  "usdcBalance": 0,
  "kenduBalance": 35199894.08324558,
  "ethBalanceInUsd": 153.55694715777796,
  "kenduBalanceInUsd": 1727.9628005465256,
  "totalUsdBalance": 153.55694715777796
}