{
  "ethBalance": 0.038589031500035925,
  "usdtBalance": 0,
  "usdcBalance": 0,
  "kenduBalance": 35199894.08324558,
  "ethBalanceInUsd": 101.87697261166986,
  "kenduBalanceInUsd": 1631.5150907584327,
  "totalUsdBalance": 101.87697261166986
}