{
  "ethBalance": 0.3579040556931112,
  "usdtBalance": 0,
  "usdcBalance": 0,
  "kenduBalance": 3646098337.9468102,
  "ethBalanceInUsd": 652.0653990672793,
  "kenduBalanceInUsd": 44409.47775619215,
  "totalUsdBalance": 652.0653990672793
}