{
  "ethBalance": 0.3579040556931112,
  "usdtBalance": 0,
  "usdcBalance": 0,
  "kenduBalance": 3646098337.9468102,
  "ethBalanceInUsd": 661.2170057713521,
  "kenduBalanceInUsd": 41784.28695287045,
  "totalUsdBalance": 661.2170057713521
}