{
  "ethBalance": 0.30943876692005484,
  "usdtBalance": 0,
  "usdcBalance": 0,
  "kenduBalance": 8110029020.399477,
  "ethBalanceInUsd": 861.4094505767104,
  "kenduBalanceInUsd": 87101.71167909038,
  "totalUsdBalance": 861.4094505767104
}