{
  "ethBalance": 0.10788809429719365,
  "usdtBalance": 3946.421819,
  "usdcBalance": 0,
  "kenduBalance": 13268928669.075045,
  "ethBalanceInUsd": 359.90497264695125,
  "kenduBalanceInUsd": 344461.38824918814,
  "totalUsdBalance": 4306.326791646951
}