{
  "ethBalance": 0.038589031500035925,
  "usdtBalance": 0,
  "usdcBalance": 0,
  "kenduBalance": 35199894.08324558,
  "ethBalanceInUsd": 131.28181461469723,
  "kenduBalanceInUsd": 1104.5726763322464,
  "totalUsdBalance": 131.28181461469723
}