{
  "ethBalance": 0.038589031500035925,
  "usdtBalance": 0,
  "usdcBalance": 0,
  "kenduBalance": 35199894.08324558,
  "ethBalanceInUsd": 131.30381036265223,
  "kenduBalanceInUsd": 1230.940296091098,
  "totalUsdBalance": 131.30381036265223
}