{
  "ethBalance": 0.038589031500035925,
  "usdtBalance": 0,
  "usdcBalance": 0,
  "kenduBalance": 35199894.08324558,
  "ethBalanceInUsd": 151.6506490016762,
  "kenduBalanceInUsd": 930.3332006201807,
  "totalUsdBalance": 151.6506490016762
}