{
  "ethBalance": 0.700034011230498,
  "usdtBalance": 0,
  "usdcBalance": null,
  "kenduBalance": 4482236645.828448,
  "ethBalanceInUsd": 3231.588007063685,
  "kenduBalanceInUsd": 53921.306849316235,
  "totalUsdBalance": null
}