{
  "ethBalance": 0.04272247540230626,
  "usdtBalance": 0,
  "usdcBalance": 0,
  "kenduBalance": 517214787.4674407,
  "ethBalanceInUsd": 111.03485912108593,
  "kenduBalanceInUsd": 29884.670419868726,
  "totalUsdBalance": 111.03485912108593
}