{
  "ethBalance": 0.5002741579676101,
  "usdtBalance": 0,
  "usdcBalance": 100,
  "kenduBalance": 4855925261.348792,
  "ethBalanceInUsd": 1239.274141375784,
  "kenduBalanceInUsd": 157817.57099383572,
  "totalUsdBalance": 1339.274141375784
}