{
  "ethBalance": 18.27649738337883,
  "usdtBalance": 0,
  "usdcBalance": 0,
  "kenduBalance": 10805029020.399477,
  "ethBalanceInUsd": 52400.54564788544,
  "kenduBalanceInUsd": 170827.50881251573,
  "totalUsdBalance": 52400.54564788544
}