{
  "ethBalance": 0.038589031500035925,
  "usdtBalance": 0,
  "usdcBalance": 0,
  "kenduBalance": 35199894.08324558,
  "ethBalanceInUsd": 139.23578578748462,
  "kenduBalanceInUsd": 898.3012970044273,
  "totalUsdBalance": 139.23578578748462
}