{
  "ethBalance": 0.04459919224178026,
  "usdtBalance": 0,
  "usdcBalance": 0,
  "kenduBalance": 517214787.4674407,
  "ethBalanceInUsd": 108.30869236724092,
  "kenduBalanceInUsd": 27898.565635993753,
  "totalUsdBalance": 108.30869236724092
}