{
  "ethBalance": 0.038589031500035925,
  "usdtBalance": 0,
  "usdcBalance": 0,
  "kenduBalance": 35199894.08324558,
  "ethBalanceInUsd": 142.03310468092224,
  "kenduBalanceInUsd": 946.8771508393062,
  "totalUsdBalance": 142.03310468092224
}