{
  "ethBalance": 0.038589031500035925,
  "usdtBalance": 0,
  "usdcBalance": 0,
  "kenduBalance": 35199894.08324558,
  "ethBalanceInUsd": 132.84659984202366,
  "kenduBalanceInUsd": 1126.044611723026,
  "totalUsdBalance": 132.84659984202366
}