{
  "ethBalance": 0.0624422229661258,
  "usdtBalance": 0,
  "usdcBalance": 0,
  "kenduBalance": 6379544426.92592,
  "ethBalanceInUsd": 133.32601005504216,
  "kenduBalanceInUsd": 57288.30895379476,
  "totalUsdBalance": 133.32601005504216
}