{
  "ethBalance": 0.30943876692005484,
  "usdtBalance": 0,
  "usdcBalance": 0,
  "kenduBalance": 8110029020.399477,
  "ethBalanceInUsd": 830.0076045096631,
  "kenduBalanceInUsd": 89778.02125582221,
  "totalUsdBalance": 830.0076045096631
}