{
  "ethBalance": 0.045462183917402754,
  "usdtBalance": 0,
  "usdcBalance": 0,
  "kenduBalance": 307214787.46744066,
  "ethBalanceInUsd": 118.82132775204137,
  "kenduBalanceInUsd": 25142.458206335345,
  "totalUsdBalance": 118.82132775204137
}