{
  "ethBalance": 0.5002741579676101,
  "usdtBalance": 0,
  "usdcBalance": 100,
  "kenduBalance": 4855925261.348792,
  "ethBalanceInUsd": 1330.8143068006973,
  "kenduBalanceInUsd": 146357.58737705258,
  "totalUsdBalance": 1430.8143068006973
}