{
  "ethBalance": 0.5002741579676101,
  "usdtBalance": 0,
  "usdcBalance": 100,
  "kenduBalance": 4855925261.348792,
  "ethBalanceInUsd": 1324.0105782523378,
  "kenduBalanceInUsd": 154272.74555305115,
  "totalUsdBalance": 1424.0105782523378
}