{
  "ethBalance": 0.038589031500035925,
  "usdtBalance": 0,
  "usdcBalance": 0,
  "kenduBalance": 35199894.08324558,
  "ethBalanceInUsd": 120.92451856008758,
  "kenduBalanceInUsd": 1939.1621650459992,
  "totalUsdBalance": 120.92451856008758
}