{
  "ethBalance": 0.038589031500035925,
  "usdtBalance": 0,
  "usdcBalance": 0,
  "kenduBalance": 35199894.08324558,
  "ethBalanceInUsd": 96.7751167570501,
  "kenduBalanceInUsd": 1698.042890575767,
  "totalUsdBalance": 96.7751167570501
}