{
  "ethBalance": 0.04272247540230626,
  "usdtBalance": 0,
  "usdcBalance": 0,
  "kenduBalance": 517214787.4674407,
  "ethBalanceInUsd": 100.02057773761734,
  "kenduBalanceInUsd": 23114.328851919927,
  "totalUsdBalance": 100.02057773761734
}