{
  "ethBalance": 0.04272247540230626,
  "usdtBalance": 0,
  "usdcBalance": 0,
  "kenduBalance": 517214787.4674407,
  "ethBalanceInUsd": 103.07737085265235,
  "kenduBalanceInUsd": 23538.44497764323,
  "totalUsdBalance": 103.07737085265235
}