{
  "ethBalance": 0.04272247540230626,
  "usdtBalance": 0,
  "usdcBalance": 0,
  "kenduBalance": 517214787.4674407,
  "ethBalanceInUsd": 102.96415629283625,
  "kenduBalanceInUsd": 22147.137199355813,
  "totalUsdBalance": 102.96415629283625
}