{
  "ethBalance": 0.5002741579676101,
  "usdtBalance": 0,
  "usdcBalance": 100,
  "kenduBalance": 4855925261.348792,
  "ethBalanceInUsd": 1244.0267458764763,
  "kenduBalanceInUsd": 110375.18119045805,
  "totalUsdBalance": 1344.0267458764763
}