{
  "ethBalance": 0.3579488855246269,
  "usdtBalance": 0,
  "usdcBalance": 0,
  "kenduBalance": 3705282011.416198,
  "ethBalanceInUsd": 650.9014124156921,
  "kenduBalanceInUsd": 44945.07079847848,
  "totalUsdBalance": 650.9014124156921
}