{
  "ethBalance": 0.038589031500035925,
  "usdtBalance": 0,
  "usdcBalance": 0,
  "kenduBalance": 35199894.08324558,
  "ethBalanceInUsd": 128.22710688115438,
  "kenduBalanceInUsd": 267.87119397349886,
  "totalUsdBalance": 128.22710688115438
}