{
  "ethBalance": 0.038589031500035925,
  "usdtBalance": 0,
  "usdcBalance": 0,
  "kenduBalance": 35199894.08324558,
  "ethBalanceInUsd": 130.04503615512107,
  "kenduBalanceInUsd": 601.2141909418345,
  "totalUsdBalance": 130.04503615512107
}