{
  "ethBalance": 8.011063080971311,
  "usdtBalance": 22313.097842,
  "usdcBalance": 88.007775,
  "kenduBalance": 302835445.5049916,
  "ethBalanceInUsd": 25500.1751143014,
  "kenduBalanceInUsd": 46297.48290880312,
  "totalUsdBalance": 47901.2807313014
}