{
  "ethBalance": 0.3579488855246269,
  "usdtBalance": 0,
  "usdcBalance": 0,
  "kenduBalance": 3705282011.416198,
  "ethBalanceInUsd": 615.7150369686211,
  "kenduBalanceInUsd": 46501.289243273284,
  "totalUsdBalance": 615.7150369686211
}