{
  "ethBalance": 0.038589031500035925,
  "usdtBalance": 0,
  "usdcBalance": 0,
  "kenduBalance": 35199894.08324558,
  "ethBalanceInUsd": 133.29847740088908,
  "kenduBalanceInUsd": 821.9175268437843,
  "totalUsdBalance": 133.29847740088908
}