{
  "ethBalance": 8.056063080971311,
  "usdtBalance": 22313.097842,
  "usdcBalance": 88.007775,
  "kenduBalance": 317835445.5049916,
  "ethBalanceInUsd": 25617.7166730731,
  "kenduBalanceInUsd": 42443.74539273658,
  "totalUsdBalance": 48018.8222900731
}