{
  "ethBalance": 0.038589031500035925,
  "usdtBalance": 0,
  "usdcBalance": 0,
  "kenduBalance": 35199894.08324558,
  "ethBalanceInUsd": 127.54099390108374,
  "kenduBalanceInUsd": 1059.8688108465246,
  "totalUsdBalance": 127.54099390108374
}