{
  "ethBalance": 0.0660488809860724,
  "usdtBalance": 0,
  "usdcBalance": 0,
  "kenduBalance": 7622102282.100412,
  "ethBalanceInUsd": 186.41438022866114,
  "kenduBalanceInUsd": 68522.6995160827,
  "totalUsdBalance": 186.41438022866114
}