{
  "ethBalance": 0.3406431199402911,
  "usdtBalance": 0,
  "usdcBalance": 154.403285,
  "kenduBalance": 4113980899.4295063,
  "ethBalanceInUsd": 609.7954682987133,
  "kenduBalanceInUsd": 46775.96282651348,
  "totalUsdBalance": 764.1987532987133
}