{
  "ethBalance": 0.04459919224178026,
  "usdtBalance": 0,
  "usdcBalance": 0,
  "kenduBalance": 517214787.4674407,
  "ethBalanceInUsd": 114.93256439899015,
  "kenduBalanceInUsd": 37761.851632997845,
  "totalUsdBalance": 114.93256439899015
}