{
  "ethBalance": 0.0660488809860724,
  "usdtBalance": 0,
  "usdcBalance": 0,
  "kenduBalance": 7622102282.100412,
  "ethBalanceInUsd": 158.41427811223548,
  "kenduBalanceInUsd": 57013.32507011109,
  "totalUsdBalance": 158.41427811223548
}