{
  "ethBalance": 0.045462183917402754,
  "usdtBalance": 0,
  "usdcBalance": 0,
  "kenduBalance": 307214787.46744066,
  "ethBalanceInUsd": 124.66049065439258,
  "kenduBalanceInUsd": 24592.543736768625,
  "totalUsdBalance": 124.66049065439258
}