{
  "ethBalance": 0.038589031500035925,
  "usdtBalance": 0,
  "usdcBalance": 0,
  "kenduBalance": 35199894.08324558,
  "ethBalanceInUsd": 130.47376029508646,
  "kenduBalanceInUsd": 1154.2045269896228,
  "totalUsdBalance": 130.47376029508646
}