{
  "ethBalance": 0.3579488855246269,
  "usdtBalance": 0,
  "usdcBalance": 0,
  "kenduBalance": 3705282011.416198,
  "ethBalanceInUsd": 650.9479457708102,
  "kenduBalanceInUsd": 48465.08870932387,
  "totalUsdBalance": 650.9479457708102
}