{
  "ethBalance": 0.04272247540230626,
  "usdtBalance": 0,
  "usdcBalance": 0,
  "kenduBalance": 517214787.4674407,
  "ethBalanceInUsd": 104.32828493243188,
  "kenduBalanceInUsd": 23026.402338050462,
  "totalUsdBalance": 104.32828493243188
}