{
  "ethBalance": 0.3117728554842481,
  "usdtBalance": 0,
  "usdcBalance": 0.463046,
  "kenduBalance": 4113980899.4295063,
  "ethBalanceInUsd": 565.8646149753555,
  "kenduBalanceInUsd": 47105.08129846785,
  "totalUsdBalance": 566.3276609753555
}