{
  "ethBalance": 0.038589031500035925,
  "usdtBalance": 0,
  "usdcBalance": 0,
  "kenduBalance": 35199894.08324558,
  "ethBalanceInUsd": 128.81288837932493,
  "kenduBalanceInUsd": 1115.4846434980527,
  "totalUsdBalance": 128.81288837932493
}