{
  "ethBalance": 0.038589031500035925,
  "usdtBalance": 0,
  "usdcBalance": 0,
  "kenduBalance": 35199894.08324558,
  "ethBalanceInUsd": 154.3626861354987,
  "kenduBalanceInUsd": 1744.1547518248185,
  "totalUsdBalance": 154.3626861354987
}