{
  "ethBalance": 0.3579488855246269,
  "usdtBalance": 0,
  "usdcBalance": 0,
  "kenduBalance": 3705282011.416198,
  "ethBalanceInUsd": 637.8112216720564,
  "kenduBalanceInUsd": 47131.18718521404,
  "totalUsdBalance": 637.8112216720564
}