{
  "ethBalance": 0.038589031500035925,
  "usdtBalance": 0,
  "usdcBalance": 0,
  "kenduBalance": 35199894.08324558,
  "ethBalanceInUsd": 129.15787432093526,
  "kenduBalanceInUsd": 848.3174474062185,
  "totalUsdBalance": 129.15787432093526
}