{
  "ethBalance": 0.038589031500035925,
  "usdtBalance": 0,
  "usdcBalance": 0,
  "kenduBalance": 35199894.08324558,
  "ethBalanceInUsd": 133.08199293417388,
  "kenduBalanceInUsd": 638.5260786700749,
  "totalUsdBalance": 133.08199293417388
}