{
  "ethBalance": 0.04459919224178026,
  "usdtBalance": 0,
  "usdcBalance": 0,
  "kenduBalance": 517214787.4674407,
  "ethBalanceInUsd": 104.50348928517225,
  "kenduBalanceInUsd": 20000.695831365934,
  "totalUsdBalance": 104.50348928517225
}