{
  "ethBalance": 0.04459919224178026,
  "usdtBalance": 0,
  "usdcBalance": 0,
  "kenduBalance": 517214787.4674407,
  "ethBalanceInUsd": 107.86537639635765,
  "kenduBalanceInUsd": 28901.96232368059,
  "totalUsdBalance": 107.86537639635765
}