{
  "ethBalance": 0.038589031500035925,
  "usdtBalance": 0,
  "usdcBalance": 0,
  "kenduBalance": 35199894.08324558,
  "ethBalanceInUsd": 96.41045040937475,
  "kenduBalanceInUsd": 1128.156605368021,
  "totalUsdBalance": 96.41045040937475
}