{
  "ethBalance": 0.04272247540230626,
  "usdtBalance": 0,
  "usdcBalance": 0,
  "kenduBalance": 517214787.4674407,
  "ethBalanceInUsd": 113.92118955926574,
  "kenduBalanceInUsd": 29357.111336651935,
  "totalUsdBalance": 113.92118955926574
}