{
  "ethBalance": 0.35798968333076975,
  "usdtBalance": 0,
  "usdcBalance": 4004.403285,
  "kenduBalance": 3705282011.416198,
  "ethBalanceInUsd": 522.4429840592588,
  "kenduBalanceInUsd": 40276.41546409407,
  "totalUsdBalance": 4526.846269059259
}