{
  "ethBalance": 0.3196155371451788,
  "usdtBalance": 0,
  "usdcBalance": 884.463046,
  "kenduBalance": 5453954448.539579,
  "ethBalanceInUsd": 650.1651218160943,
  "kenduBalanceInUsd": 35941.55981587583,
  "totalUsdBalance": 1534.6281678160942
}