{
  "ethBalance": 0.3194927667359207,
  "usdtBalance": 0,
  "usdcBalance": 884.463046,
  "kenduBalance": 4753954448.539579,
  "ethBalanceInUsd": 632.445516536757,
  "kenduBalanceInUsd": 32944.904328379285,
  "totalUsdBalance": 1516.908562536757
}