{
  "ethBalance": 0.038589031500035925,
  "usdtBalance": 0,
  "usdcBalance": 0,
  "kenduBalance": 35199894.08324558,
  "ethBalanceInUsd": 117.15166895032907,
  "kenduBalanceInUsd": 1793.08260460053,
  "totalUsdBalance": 117.15166895032907
}