{
  "ethBalance": 0.5002741579676101,
  "usdtBalance": 0,
  "usdcBalance": 100,
  "kenduBalance": 4855925261.348792,
  "ethBalanceInUsd": 1209.9830894267805,
  "kenduBalanceInUsd": 107121.71126535434,
  "totalUsdBalance": 1309.9830894267805
}