{
  "ethBalance": 0.04272247540230626,
  "usdtBalance": 0,
  "usdcBalance": 0,
  "kenduBalance": 517214787.4674407,
  "ethBalanceInUsd": 110.03899821945816,
  "kenduBalanceInUsd": 29186.43045678768,
  "totalUsdBalance": 110.03899821945816
}