{
  "ethBalance": 0.038589031500035925,
  "usdtBalance": 0,
  "usdcBalance": 0,
  "kenduBalance": 35199894.08324558,
  "ethBalanceInUsd": 127.43603173540363,
  "kenduBalanceInUsd": 770.8776804230782,
  "totalUsdBalance": 127.43603173540363
}