{
  "ethBalance": 0.04272247540230626,
  "usdtBalance": 0,
  "usdcBalance": 0,
  "kenduBalance": 517214787.4674407,
  "ethBalanceInUsd": 104.03905377395827,
  "kenduBalanceInUsd": 22591.941916577813,
  "totalUsdBalance": 104.03905377395827
}