{
  "ethBalance": 0.30943876692005484,
  "usdtBalance": 0,
  "usdcBalance": 0,
  "kenduBalance": 8110029020.399477,
  "ethBalanceInUsd": 843.938537796404,
  "kenduBalanceInUsd": 90751.22473827015,
  "totalUsdBalance": 843.938537796404
}