{
  "ethBalance": 0.35779268808449755,
  "usdtBalance": 0,
  "usdcBalance": 0,
  "kenduBalance": 3546950453.60037,
  "ethBalanceInUsd": 645.3041584485572,
  "kenduBalanceInUsd": 38448.942917028005,
  "totalUsdBalance": 645.3041584485572
}