{
  "ethBalance": 0.7404211583199757,
  "usdtBalance": 0,
  "usdcBalance": null,
  "kenduBalance": 4745282940.56362,
  "ethBalanceInUsd": 2990.2945068373865,
  "kenduBalanceInUsd": 91204.33811763277,
  "totalUsdBalance": null
}