{
  "ethBalance": 0.3579488855246269,
  "usdtBalance": 0,
  "usdcBalance": 0,
  "kenduBalance": 3705282011.416198,
  "ethBalanceInUsd": 507.49635040796073,
  "kenduBalanceInUsd": 37534.506775646085,
  "totalUsdBalance": 507.49635040796073
}