{
  "ethBalance": 0.038589031500035925,
  "usdtBalance": 0,
  "usdcBalance": 0,
  "kenduBalance": 35199894.08324558,
  "ethBalanceInUsd": 132.31831600078817,
  "kenduBalanceInUsd": 1153.5005291079578,
  "totalUsdBalance": 132.31831600078817
}