{
  "ethBalance": 18.27649738337883,
  "usdtBalance": 0,
  "usdcBalance": 0,
  "kenduBalance": 10805029020.399477,
  "ethBalanceInUsd": 51527.8428978291,
  "kenduBalanceInUsd": 159590.27863130026,
  "totalUsdBalance": 51527.8428978291
}