{
  "ethBalance": 0.04272247540230626,
  "usdtBalance": 0,
  "usdcBalance": 0,
  "kenduBalance": 517214787.4674407,
  "ethBalanceInUsd": 104.15141388426635,
  "kenduBalanceInUsd": 21614.405968264346,
  "totalUsdBalance": 104.15141388426635
}