{
  "ethBalance": 0.0624422229661258,
  "usdtBalance": 0,
  "usdcBalance": 0,
  "kenduBalance": 6384544426.92592,
  "ethBalanceInUsd": 129.1960814280626,
  "kenduBalanceInUsd": 46671.01976082847,
  "totalUsdBalance": 129.1960814280626
}