{
  "ethBalance": 0.04272247540230626,
  "usdtBalance": 0,
  "usdcBalance": 0,
  "kenduBalance": 517214787.4674407,
  "ethBalanceInUsd": 103.10044098936962,
  "kenduBalanceInUsd": 24593.563144076805,
  "totalUsdBalance": 103.10044098936962
}