{
  "ethBalance": 0.3119048631851912,
  "usdtBalance": 0,
  "usdcBalance": 0.463046,
  "kenduBalance": 4175387837.757599,
  "ethBalanceInUsd": 614.1718660979599,
  "kenduBalanceInUsd": 34655.71905338807,
  "totalUsdBalance": 614.6349120979598
}