{
  "ethBalance": 0.038589031500035925,
  "usdtBalance": 0,
  "usdcBalance": 0,
  "kenduBalance": 35199894.08324558,
  "ethBalanceInUsd": 123.29041208135479,
  "kenduBalanceInUsd": 1517.4674339287171,
  "totalUsdBalance": 123.29041208135479
}