{
  "ethBalance": 7.089812771415156,
  "usdtBalance": 22118.494633,
  "kenduBalance": 512735445.5049916,
  "ethBalanceInUsd": 23242.320514147163,
  "kenduBalanceInUsd": 90918.24919694511,
  "totalUsdBalance": 45360.815147147165
}