{
  "ethBalance": 0.04272247540230626,
  "usdtBalance": 0,
  "usdcBalance": 0,
  "kenduBalance": 517214787.4674407,
  "ethBalanceInUsd": 104.14201493967782,
  "kenduBalanceInUsd": 23998.766138489253,
  "totalUsdBalance": 104.14201493967782
}