{
  "ethBalance": 0.045462183917402754,
  "usdtBalance": 0,
  "usdcBalance": 0,
  "kenduBalance": 307214787.46744066,
  "ethBalanceInUsd": 121.19308988701228,
  "kenduBalanceInUsd": 27240.735204737965,
  "totalUsdBalance": 121.19308988701228
}