{
  "ethBalance": 0.038589031500035925,
  "usdtBalance": 0,
  "usdcBalance": 0,
  "kenduBalance": 35199894.08324558,
  "ethBalanceInUsd": 143.35130599696348,
  "kenduBalanceInUsd": 1275.2921626359873,
  "totalUsdBalance": 143.35130599696348
}