{
  "ethBalance": 0.04459919224178026,
  "usdtBalance": 0,
  "usdcBalance": 0,
  "kenduBalance": 517214787.4674407,
  "ethBalanceInUsd": 110.31030411505203,
  "kenduBalanceInUsd": 35786.091144872225,
  "totalUsdBalance": 110.31030411505203
}