{
  "ethBalance": 0.5002741579676101,
  "usdtBalance": 0,
  "usdcBalance": 100,
  "kenduBalance": 4855925261.348792,
  "ethBalanceInUsd": 1205.9358714888226,
  "kenduBalanceInUsd": 102411.46376184603,
  "totalUsdBalance": 1305.9358714888226
}