{
  "ethBalance": 0.04272247540230626,
  "usdtBalance": 0,
  "usdcBalance": 0,
  "kenduBalance": 517214787.4674407,
  "ethBalanceInUsd": 112.15717854990451,
  "kenduBalanceInUsd": 30965.649325675677,
  "totalUsdBalance": 112.15717854990451
}