{
  "ethBalance": 0.0624422229661258,
  "usdtBalance": 0,
  "usdcBalance": 0,
  "kenduBalance": 6384544426.92592,
  "ethBalanceInUsd": 134.53988686950365,
  "kenduBalanceInUsd": 54013.24585179328,
  "totalUsdBalance": 134.53988686950365
}