{
  "ethBalance": 0.3194927667359207,
  "usdtBalance": 0,
  "usdcBalance": 884.463046,
  "kenduBalance": 4753954448.539579,
  "ethBalanceInUsd": 629.4358946741047,
  "kenduBalanceInUsd": 34608.788385368134,
  "totalUsdBalance": 1513.8989406741048
}