{
  "ethBalance": 8.056063080971311,
  "usdtBalance": 22313.097842,
  "usdcBalance": 88.007775,
  "kenduBalance": 319721753.5049916,
  "ethBalanceInUsd": 25813.479005940706,
  "kenduBalanceInUsd": 44028.8826751724,
  "totalUsdBalance": 48214.5846229407
}