{
  "ethBalance": 0.04459919224178026,
  "usdtBalance": 0,
  "usdcBalance": 0,
  "kenduBalance": 517214787.4674407,
  "ethBalanceInUsd": 101.57064640335277,
  "kenduBalanceInUsd": 28617.494190573496,
  "totalUsdBalance": 101.57064640335277
}