{
  "ethBalance": 0.5002741579676101,
  "usdtBalance": 0,
  "usdcBalance": 100,
  "kenduBalance": 4855925261.348792,
  "ethBalanceInUsd": 1219.8384903387425,
  "kenduBalanceInUsd": 107752.98154932969,
  "totalUsdBalance": 1319.8384903387425
}