{
  "ethBalance": 0.038589031500035925,
  "usdtBalance": 0,
  "usdcBalance": 0,
  "kenduBalance": 35199894.08324558,
  "ethBalanceInUsd": 135.4451852232361,
  "kenduBalanceInUsd": 1274.5881647543226,
  "totalUsdBalance": 135.4451852232361
}