{
  "ethBalance": 0.04568258673874373,
  "usdtBalance": 0,
  "usdcBalance": 0,
  "kenduBalance": 763674787.4674407,
  "ethBalanceInUsd": 122.13924803404218,
  "kenduBalanceInUsd": 85859.95635496436,
  "totalUsdBalance": 122.13924803404218
}