{
  "ethBalance": 0.35798968333076975,
  "usdtBalance": 0,
  "usdcBalance": 4004.403285,
  "kenduBalance": 3705282011.416198,
  "ethBalanceInUsd": 560.4650683258197,
  "kenduBalanceInUsd": 36978.71447393365,
  "totalUsdBalance": 4564.86835332582
}