{
  "ethBalance": 0.04272247540230626,
  "usdtBalance": 0,
  "usdcBalance": 0,
  "kenduBalance": 517214787.4674407,
  "ethBalanceInUsd": 103.03123057921786,
  "kenduBalanceInUsd": 24303.922863095042,
  "totalUsdBalance": 103.03123057921786
}