{
  "ethBalance": 0.5002741579676101,
  "usdtBalance": 0,
  "usdcBalance": 100,
  "kenduBalance": 4855925261.348792,
  "ethBalanceInUsd": 1261.1661385284465,
  "kenduBalanceInUsd": 164227.39233881613,
  "totalUsdBalance": 1361.1661385284465
}