{
  "ethBalance": 0.038589031500035925,
  "usdtBalance": 0,
  "usdcBalance": 0,
  "kenduBalance": 35199894.08324558,
  "ethBalanceInUsd": 139.93964972204526,
  "kenduBalanceInUsd": 1079.2287525923095,
  "totalUsdBalance": 139.93964972204526
}