{
  "ethBalance": 0.045462183917402754,
  "usdtBalance": 0,
  "usdcBalance": 0,
  "kenduBalance": 307214787.46744066,
  "ethBalanceInUsd": 123.13978060235544,
  "kenduBalanceInUsd": 24128.649407692792,
  "totalUsdBalance": 123.13978060235544
}