{
  "ethBalance": 13.47560135212183,
  "usdtBalance": 3949.089252,
  "usdcBalance": 8005.206012,
  "kenduBalance": 10805029020.399477,
  "ethBalanceInUsd": 44671.2142142433,
  "kenduBalanceInUsd": 195895.17613984252,
  "totalUsdBalance": 56625.5094782433
}