{
  "ethBalance": 0.045462183917402754,
  "usdtBalance": 0,
  "usdcBalance": 0,
  "kenduBalance": 307214787.46744066,
  "ethBalanceInUsd": 117.18287064365818,
  "kenduBalanceInUsd": 24128.649407692792,
  "totalUsdBalance": 117.18287064365818
}