{
  "ethBalance": 0.038589031500035925,
  "usdtBalance": 0,
  "usdcBalance": 0,
  "kenduBalance": 35199894.08324558,
  "ethBalanceInUsd": 150.61646295747522,
  "kenduBalanceInUsd": 1277.0521573401497,
  "totalUsdBalance": 150.61646295747522
}