{
  "ethBalance": 0.04272247540230626,
  "usdtBalance": 0,
  "usdcBalance": 0,
  "kenduBalance": 517214787.4674407,
  "ethBalanceInUsd": 113.02102700253913,
  "kenduBalanceInUsd": 29750.19457512719,
  "totalUsdBalance": 113.02102700253913
}