{
  "ethBalance": 0.04272247540230626,
  "usdtBalance": 0,
  "usdcBalance": 0,
  "kenduBalance": 517214787.4674407,
  "ethBalanceInUsd": 108.39888238876364,
  "kenduBalanceInUsd": 26812.414582312125,
  "totalUsdBalance": 108.39888238876364
}