{
  "ethBalance": 0.22910001123049806,
  "usdtBalance": 0,
  "usdcBalance": null,
  "kenduBalance": 4482236645.828448,
  "ethBalanceInUsd": 1057.915121859071,
  "kenduBalanceInUsd": 60106.793420559494,
  "totalUsdBalance": null
}