{
  "ethBalance": 0.0624422229661258,
  "usdtBalance": 0,
  "usdcBalance": 0,
  "kenduBalance": 6384544426.92592,
  "ethBalanceInUsd": 127.06305509153974,
  "kenduBalanceInUsd": 45968.71987386662,
  "totalUsdBalance": 127.06305509153974
}