{
  "ethBalance": 0.038589031500035925,
  "usdtBalance": 0,
  "usdcBalance": 0,
  "kenduBalance": 35199894.08324558,
  "ethBalanceInUsd": 104.37908541413216,
  "kenduBalanceInUsd": 1243.6122579610665,
  "totalUsdBalance": 104.37908541413216
}