{
  "ethBalance": 1.2350681787309672,
  "usdtBalance": 0,
  "usdcBalance": null,
  "kenduBalance": 4489413951.490725,
  "ethBalanceInUsd": 5319.043423977082,
  "kenduBalanceInUsd": 64423.090203891894,
  "totalUsdBalance": null
}