{
  "ethBalance": 0.038589031500035925,
  "usdtBalance": 0,
  "usdcBalance": 0,
  "kenduBalance": 35199894.08324558,
  "ethBalanceInUsd": 94.75073616455822,
  "kenduBalanceInUsd": 2032.0898854257675,
  "totalUsdBalance": 94.75073616455822
}