{
  "ethBalance": 1.2350681787309672,
  "usdtBalance": 0,
  "usdcBalance": null,
  "kenduBalance": 4489413951.490725,
  "ethBalanceInUsd": 5349.35199708314,
  "kenduBalanceInUsd": 65545.44369176458,
  "totalUsdBalance": null
}