{
  "ethBalance": 1.5619054443825804,
  "usdtBalance": 3946.421819,
  "usdcBalance": 0,
  "kenduBalance": 13053495101.864979,
  "ethBalanceInUsd": 4832.7541116819175,
  "kenduBalanceInUsd": 279736.4000329665,
  "totalUsdBalance": 8779.175930681919
}