{
  "ethBalance": 2.037084045317489,
  "usdtBalance": 0,
  "usdcBalance": 0,
  "kenduBalance": 8110029020.399477,
  "ethBalanceInUsd": 5355.249505054241,
  "kenduBalanceInUsd": 102267.4659472374,
  "totalUsdBalance": 5355.249505054241
}