{
  "ethBalance": 0.04272247540230626,
  "usdtBalance": 0,
  "usdcBalance": 0,
  "kenduBalance": 517214787.4674407,
  "ethBalanceInUsd": 105.21093127424353,
  "kenduBalanceInUsd": 26274.511203345988,
  "totalUsdBalance": 105.21093127424353
}