{
  "ethBalance": 0.5002741579676101,
  "usdtBalance": 0,
  "usdcBalance": 100,
  "kenduBalance": 4855925261.348792,
  "ethBalanceInUsd": 1243.0662194931786,
  "kenduBalanceInUsd": 103674.00432979672,
  "totalUsdBalance": 1343.0662194931786
}