{
  "ethBalance": 0.5002741579676101,
  "usdtBalance": 0,
  "usdcBalance": 100,
  "kenduBalance": 4855925261.348792,
  "ethBalanceInUsd": 1277.069854010237,
  "kenduBalanceInUsd": 121301.01302849283,
  "totalUsdBalance": 1377.069854010237
}