{
  "ethBalance": 0.04272247540230626,
  "usdtBalance": 0,
  "usdcBalance": 0,
  "kenduBalance": 517214787.4674407,
  "ethBalanceInUsd": 100.75668598879909,
  "kenduBalanceInUsd": 22654.007691073904,
  "totalUsdBalance": 100.75668598879909
}