{
  "ethBalance": 0.30943876692005484,
  "usdtBalance": 0,
  "usdcBalance": 0,
  "kenduBalance": 8110029020.399477,
  "ethBalanceInUsd": 846.4914076234945,
  "kenduBalanceInUsd": 89453.62009500623,
  "totalUsdBalance": 846.4914076234945
}