{
  "ethBalance": 0.3579488855246269,
  "usdtBalance": 0,
  "usdcBalance": 0,
  "kenduBalance": 3705282011.416198,
  "ethBalanceInUsd": 573.8063814513979,
  "kenduBalanceInUsd": 44241.0672163094,
  "totalUsdBalance": 573.8063814513979
}