{
  "ethBalance": 13.47560135212183,
  "usdtBalance": 3949.089252,
  "usdcBalance": 8005.206012,
  "kenduBalance": 10805029020.399477,
  "ethBalanceInUsd": 41503.3698483865,
  "kenduBalanceInUsd": 145435.69061457695,
  "totalUsdBalance": 53457.6651123865
}