{
  "ethBalance": 0.038589031500035925,
  "usdtBalance": 0,
  "usdcBalance": 0,
  "kenduBalance": 35199894.08324558,
  "ethBalanceInUsd": 95.89335738727426,
  "kenduBalanceInUsd": 1818.0745293996345,
  "totalUsdBalance": 95.89335738727426
}