{
  "ethBalance": 0.5002741579676101,
  "usdtBalance": 0,
  "usdcBalance": 100,
  "kenduBalance": 4855925261.348792,
  "ethBalanceInUsd": 1360.6356493571468,
  "kenduBalanceInUsd": 137762.59966446523,
  "totalUsdBalance": 1460.6356493571468
}