{
  "ethBalance": 0.038589031500035925,
  "usdtBalance": 0,
  "usdcBalance": 0,
  "kenduBalance": 35199894.08324558,
  "ethBalanceInUsd": 125.12956532264649,
  "kenduBalanceInUsd": 1516.4114371062196,
  "totalUsdBalance": 125.12956532264649
}