{
  "ethBalance": 0.3119048631851912,
  "usdtBalance": 0,
  "usdcBalance": 0.463046,
  "kenduBalance": 4175387837.757599,
  "ethBalanceInUsd": 652.8418310356599,
  "kenduBalanceInUsd": 48309.237282855414,
  "totalUsdBalance": 653.3048770356598
}