{
  "ethBalance": 0.038589031500035925,
  "usdtBalance": 0,
  "usdcBalance": 0,
  "kenduBalance": 35199894.08324558,
  "ethBalanceInUsd": 134.3654641218651,
  "kenduBalanceInUsd": 1198.2043945936796,
  "totalUsdBalance": 134.3654641218651
}