{
  "ethBalance": 0.35703877941042383,
  "usdtBalance": 0,
  "usdcBalance": 0,
  "kenduBalance": 4855947774.956796,
  "ethBalanceInUsd": 909.8669142861418,
  "kenduBalanceInUsd": 163111.28576079878,
  "totalUsdBalance": 909.8669142861418
}