{
  "ethBalance": 0.04459919224178026,
  "usdtBalance": 0,
  "usdcBalance": 0,
  "kenduBalance": 517214787.4674407,
  "ethBalanceInUsd": 108.50091488580303,
  "kenduBalanceInUsd": 27789.950530625592,
  "totalUsdBalance": 108.50091488580303
}