{
  "ethBalance": 0.038589031500035925,
  "usdtBalance": 0,
  "usdcBalance": 0,
  "kenduBalance": 35199894.08324558,
  "ethBalanceInUsd": 118.42742233172025,
  "kenduBalanceInUsd": 1311.9000524825628,
  "totalUsdBalance": 118.42742233172025
}