{
  "ethBalance": 0.038589031500035925,
  "usdtBalance": 0,
  "usdcBalance": 0,
  "kenduBalance": 35199894.08324558,
  "ethBalanceInUsd": 132.85315997737868,
  "kenduBalanceInUsd": 1059.8688108465246,
  "totalUsdBalance": 132.85315997737868
}