{
  "ethBalance": 0.038589031500035925,
  "usdtBalance": 0,
  "usdcBalance": 0,
  "kenduBalance": 35199894.08324558,
  "ethBalanceInUsd": 126.4207543166377,
  "kenduBalanceInUsd": 1515.3554402837224,
  "totalUsdBalance": 126.4207543166377
}