{
  "ethBalance": 13.47560135212183,
  "usdtBalance": 3949.089252,
  "usdcBalance": 8005.206012,
  "kenduBalance": 10805029020.399477,
  "ethBalanceInUsd": 44026.67620157131,
  "kenduBalanceInUsd": 185306.24769985102,
  "totalUsdBalance": 55980.97146557131
}