{
  "ethBalance": 0.038589031500035925,
  "usdtBalance": 0,
  "usdcBalance": 0,
  "kenduBalance": 35199894.08324558,
  "ethBalanceInUsd": 120.49810976201218,
  "kenduBalanceInUsd": 758.5577174939423,
  "totalUsdBalance": 120.49810976201218
}