{
  "ethBalance": 0.9903603877171636,
  "usdtBalance": 0,
  "usdcBalance": null,
  "kenduBalance": 4565348937.707456,
  "ethBalanceInUsd": 4556.598625867284,
  "kenduBalanceInUsd": 77610.93194102675,
  "totalUsdBalance": null
}