{
  "ethBalance": 0.3579488855246269,
  "usdtBalance": 0,
  "usdcBalance": 0,
  "kenduBalance": 3705282011.416198,
  "ethBalanceInUsd": 573.5092838764125,
  "kenduBalanceInUsd": 39535.35906181083,
  "totalUsdBalance": 573.5092838764125
}