{
  "ethBalance": 0.038589031500035925,
  "usdtBalance": 0,
  "usdcBalance": 0,
  "kenduBalance": 35199894.08324558,
  "ethBalanceInUsd": 139.69422348170505,
  "kenduBalanceInUsd": 1016.2209421832999,
  "totalUsdBalance": 139.69422348170505
}