{
  "ethBalance": 0.038589031500035925,
  "usdtBalance": 0,
  "usdcBalance": 0,
  "kenduBalance": 35199894.08324558,
  "ethBalanceInUsd": 112.20802812485947,
  "kenduBalanceInUsd": 1947.610139625978,
  "totalUsdBalance": 112.20802812485947
}