{
  "ethBalance": 0.3196155371451788,
  "usdtBalance": 0,
  "usdcBalance": 884.463046,
  "kenduBalance": 5453954448.539579,
  "ethBalanceInUsd": 609.6027139969996,
  "kenduBalanceInUsd": 37305.04842801072,
  "totalUsdBalance": 1494.0657599969995
}