{
  "ethBalance": 0.04459919224178026,
  "usdtBalance": 0,
  "usdcBalance": 0,
  "kenduBalance": 517214787.4674407,
  "ethBalanceInUsd": 112.33064752360468,
  "kenduBalanceInUsd": 36153.31364397411,
  "totalUsdBalance": 112.33064752360468
}