{
  "ethBalance": 0.038589031500035925,
  "usdtBalance": 0,
  "usdcBalance": 0,
  "kenduBalance": 35199894.08324558,
  "ethBalanceInUsd": 126.64225535744791,
  "kenduBalanceInUsd": 1489.6595176029532,
  "totalUsdBalance": 126.64225535744791
}