{
  "ethBalance": 0.5002741579676101,
  "usdtBalance": 0,
  "usdcBalance": 100,
  "kenduBalance": 4855925261.348792,
  "ethBalanceInUsd": 1248.2840789607806,
  "kenduBalanceInUsd": 161071.04091893946,
  "totalUsdBalance": 1348.2840789607806
}