{
  "ethBalance": 0.3579488855246269,
  "usdtBalance": 0,
  "usdcBalance": 0,
  "kenduBalance": 3705282011.416198,
  "ethBalanceInUsd": 564.635731004257,
  "kenduBalanceInUsd": 44611.59541745102,
  "totalUsdBalance": 564.635731004257
}