{
  "ethBalance": 0.20528601123049806,
  "usdtBalance": 0,
  "usdcBalance": null,
  "kenduBalance": 4482236645.828448,
  "ethBalanceInUsd": 955.2902418206735,
  "kenduBalanceInUsd": 60599.839451600616,
  "totalUsdBalance": null
}