{
  "ethBalance": 0.038589031500035925,
  "usdtBalance": 0,
  "usdcBalance": 0,
  "kenduBalance": 35199894.08324558,
  "ethBalanceInUsd": 129.24624320307032,
  "kenduBalanceInUsd": 916.605241927715,
  "totalUsdBalance": 129.24624320307032
}