{
  "ethBalance": 0.03983369884579122,
  "usdtBalance": 0,
  "usdcBalance": 0,
  "kenduBalance": 1091213805.8365645,
  "ethBalanceInUsd": 105.07651751133575,
  "kenduBalanceInUsd": 44750.67817735751,
  "totalUsdBalance": 105.07651751133575
}