{
  "ethBalance": 0.04459919224178026,
  "usdtBalance": 0,
  "usdcBalance": 0,
  "kenduBalance": 517214787.4674407,
  "ethBalanceInUsd": 105.54532641594024,
  "kenduBalanceInUsd": 20409.29551346521,
  "totalUsdBalance": 105.54532641594024
}