{
  "ethBalance": 0.0624422229661258,
  "usdtBalance": 0,
  "usdcBalance": 0,
  "kenduBalance": 6384544426.92592,
  "ethBalanceInUsd": 126.99811517965496,
  "kenduBalanceInUsd": 47373.319647790326,
  "totalUsdBalance": 126.99811517965496
}