{
  "ethBalance": 0.038589031500035925,
  "usdtBalance": 0,
  "usdcBalance": 0,
  "kenduBalance": 35199894.08324558,
  "ethBalanceInUsd": 149.42560544538412,
  "kenduBalanceInUsd": 1029.5969019349334,
  "totalUsdBalance": 149.42560544538412
}