{
  "ethBalance": 0.038589031500035925,
  "usdtBalance": 0,
  "usdcBalance": 0,
  "kenduBalance": 35199894.08324558,
  "ethBalanceInUsd": 129.27402730575034,
  "kenduBalanceInUsd": 611.4221602259759,
  "totalUsdBalance": 129.27402730575034
}