{
  "ethBalance": 0.3579488855246269,
  "usdtBalance": 0,
  "usdcBalance": 0,
  "kenduBalance": 3705282011.416198,
  "ethBalanceInUsd": 644.884291650023,
  "kenduBalanceInUsd": 48057.507688068086,
  "totalUsdBalance": 644.884291650023
}