{
  "ethBalance": 0.0624422229661258,
  "usdtBalance": 0,
  "usdcBalance": 0,
  "kenduBalance": 6384544426.92592,
  "ethBalanceInUsd": 133.61511754737532,
  "kenduBalanceInUsd": 51587.11896956143,
  "totalUsdBalance": 133.61511754737532
}