{
  "ethBalance": 0.7135340112304981,
  "usdtBalance": 0,
  "usdcBalance": null,
  "kenduBalance": 4482236645.828448,
  "ethBalanceInUsd": 3187.384969527084,
  "kenduBalanceInUsd": 49976.938600987196,
  "totalUsdBalance": null
}