{
  "ethBalance": 0.3117728554842481,
  "usdtBalance": 0,
  "usdcBalance": 0.463046,
  "kenduBalance": 4113980899.4295063,
  "ethBalanceInUsd": 574.3541898301916,
  "kenduBalanceInUsd": 44718.97237679873,
  "totalUsdBalance": 574.8172358301915
}