{
  "ethBalance": 0.9902157498683816,
  "usdtBalance": 0,
  "usdcBalance": null,
  "kenduBalance": 4558502396.376256,
  "ethBalanceInUsd": 4284.970516562947,
  "kenduBalanceInUsd": 61676.53742297074,
  "totalUsdBalance": null
}