{
  "ethBalance": 0.038589031500035925,
  "usdtBalance": 0,
  "usdcBalance": 0,
  "kenduBalance": 35199894.08324558,
  "ethBalanceInUsd": 128.9776635438301,
  "kenduBalanceInUsd": 751.1657397364608,
  "totalUsdBalance": 128.9776635438301
}