{
  "ethBalance": 0.04272247540230626,
  "usdtBalance": 0,
  "usdcBalance": 0,
  "kenduBalance": 517214787.4674407,
  "ethBalanceInUsd": 110.94086967520086,
  "kenduBalanceInUsd": 29445.0378505214,
  "totalUsdBalance": 110.94086967520086
}