{
  "ethBalance": 0.045462183917402754,
  "usdtBalance": 0,
  "usdcBalance": 0,
  "kenduBalance": 307214787.46744066,
  "ethBalanceInUsd": 120.55161847193772,
  "kenduBalanceInUsd": 27225.37446536459,
  "totalUsdBalance": 120.55161847193772
}