{
  "ethBalance": 0.038589031500035925,
  "usdtBalance": 0,
  "usdcBalance": 0,
  "kenduBalance": 35199894.08324558,
  "ethBalanceInUsd": 151.92347345438145,
  "kenduBalanceInUsd": 1296.0601001451025,
  "totalUsdBalance": 151.92347345438145
}