{
  "ethBalance": 0.5002741579676101,
  "usdtBalance": 0,
  "usdcBalance": 100,
  "kenduBalance": 4855925261.348792,
  "ethBalanceInUsd": 1224.5310619404786,
  "kenduBalanceInUsd": 101877.31198309765,
  "totalUsdBalance": 1324.5310619404786
}