{
  "ethBalance": 0.3117728554842481,
  "usdtBalance": 0,
  "usdcBalance": 0.463046,
  "kenduBalance": 4113980899.4295063,
  "ethBalanceInUsd": 595.7324545307464,
  "kenduBalanceInUsd": 49079.79213019401,
  "totalUsdBalance": 596.1955005307464
}