{
  "ethBalance": 0.038589031500035925,
  "usdtBalance": 0,
  "usdcBalance": 0,
  "kenduBalance": 35199894.08324558,
  "ethBalanceInUsd": 137.8149376476533,
  "kenduBalanceInUsd": 797.6295999263449,
  "totalUsdBalance": 137.8149376476533
}