{
  "ethBalance": 0.038589031500035925,
  "usdtBalance": 0,
  "usdcBalance": 0,
  "kenduBalance": 35199894.08324558,
  "ethBalanceInUsd": 127.96161434443414,
  "kenduBalanceInUsd": 714.9098488307178,
  "totalUsdBalance": 127.96161434443414
}