{
  "ethBalance": 0.04841366454199495,
  "usdtBalance": 90113.767042,
  "usdcBalance": 0,
  "kenduBalance": 946492975.4674407,
  "ethBalanceInUsd": 117.54256786821871,
  "kenduBalanceInUsd": 104407.6401238134,
  "totalUsdBalance": 90231.30960986823
}