{
  "ethBalance": 18.27649738337883,
  "usdtBalance": 0,
  "usdcBalance": 0,
  "kenduBalance": 10805029020.399477,
  "ethBalanceInUsd": 48831.69400383305,
  "kenduBalanceInUsd": 155592.41789375246,
  "totalUsdBalance": 48831.69400383305
}