{
  "ethBalance": 0.04272247540230626,
  "usdtBalance": 0,
  "usdcBalance": 0,
  "kenduBalance": 517214787.4674407,
  "ethBalanceInUsd": 103.36019363981563,
  "kenduBalanceInUsd": 26207.273280975223,
  "totalUsdBalance": 103.36019363981563
}