{
  "ethBalance": 0.038589031500035925,
  "usdtBalance": 0,
  "usdcBalance": 0,
  "kenduBalance": 13206739398.082659,
  "ethBalanceInUsd": 126.99650266661823,
  "kenduBalanceInUsd": 252116.65510939792,
  "totalUsdBalance": 126.99650266661823
}