{
  "ethBalance": 0.5002741579676101,
  "usdtBalance": 0,
  "usdcBalance": 100,
  "kenduBalance": 4855925261.348792,
  "ethBalanceInUsd": 1210.053127808896,
  "kenduBalanceInUsd": 102460.02301445953,
  "totalUsdBalance": 1310.053127808896
}