{
  "ethBalance": 0.5002741579676101,
  "usdtBalance": 0,
  "usdcBalance": 100,
  "kenduBalance": 4855925261.348792,
  "ethBalanceInUsd": 1282.3577518599545,
  "kenduBalanceInUsd": 132226.8448665276,
  "totalUsdBalance": 1382.3577518599545
}