{
  "ethBalance": 0.038589031500035925,
  "usdtBalance": 0,
  "usdcBalance": 0,
  "kenduBalance": 35199894.08324558,
  "ethBalanceInUsd": 148.63028550616838,
  "kenduBalanceInUsd": 870.8453796194957,
  "totalUsdBalance": 148.63028550616838
}