{
  "ethBalance": 0.35769432885289126,
  "usdtBalance": 0,
  "usdcBalance": 0,
  "kenduBalance": 4514955040.756332,
  "ethBalanceInUsd": 954.7505486875602,
  "kenduBalanceInUsd": 104521.2091935091,
  "totalUsdBalance": 954.7505486875602
}