{
  "ethBalance": 0.3119048631851912,
  "usdtBalance": 0,
  "usdcBalance": 0.463046,
  "kenduBalance": 4175387837.757599,
  "ethBalanceInUsd": 614.7644853380118,
  "kenduBalanceInUsd": 34530.45741825535,
  "totalUsdBalance": 615.2275313380118
}