{
  "ethBalance": 0.0624422229661258,
  "usdtBalance": 0,
  "usdcBalance": 0,
  "kenduBalance": 6379544426.92592,
  "ethBalanceInUsd": 128.48923546408605,
  "kenduBalanceInUsd": 53907.15040752402,
  "totalUsdBalance": 128.48923546408605
}