{
  "ethBalance": 0.038589031500035925,
  "usdtBalance": 0,
  "usdcBalance": 0,
  "kenduBalance": 35199894.08324558,
  "ethBalanceInUsd": 104.0892817875669,
  "kenduBalanceInUsd": 1875.802355696157,
  "totalUsdBalance": 104.0892817875669
}