{
  "ethBalance": 8.011063080971311,
  "usdtBalance": 22313.097842,
  "usdcBalance": 88.007775,
  "kenduBalance": 302835445.5049916,
  "ethBalanceInUsd": 25547.11994395589,
  "kenduBalanceInUsd": 46015.84594448347,
  "totalUsdBalance": 47948.225560955885
}