{
  "ethBalance": 0.038589031500035925,
  "usdtBalance": 0,
  "usdcBalance": 0,
  "kenduBalance": 35199894.08324558,
  "ethBalanceInUsd": 134.8273748289205,
  "kenduBalanceInUsd": 1230.940296091098,
  "totalUsdBalance": 134.8273748289205
}