{
  "ethBalance": 3.9774170719585187,
  "usdtBalance": 0,
  "usdcBalance": 0,
  "kenduBalance": 8310029020.399478,
  "ethBalanceInUsd": 10516.688479965518,
  "kenduBalanceInUsd": 106617.6723317253,
  "totalUsdBalance": 10516.688479965518
}