{
  "ethBalance": 0.04272247540230626,
  "usdtBalance": 0,
  "usdcBalance": 0,
  "kenduBalance": 517214787.4674407,
  "ethBalanceInUsd": 113.90666391762895,
  "kenduBalanceInUsd": 27241.702855910105,
  "totalUsdBalance": 113.90666391762895
}