{
  "ethBalance": 0.04272247540230626,
  "usdtBalance": 0,
  "usdcBalance": 0,
  "kenduBalance": 517214787.4674407,
  "ethBalanceInUsd": 111.80557257734353,
  "kenduBalanceInUsd": 30034.662708234282,
  "totalUsdBalance": 111.80557257734353
}