{
  "ethBalance": 0.04459919224178026,
  "usdtBalance": 0,
  "usdcBalance": 0,
  "kenduBalance": 517214787.4674407,
  "ethBalanceInUsd": 101.20537901889259,
  "kenduBalanceInUsd": 22902.270789058275,
  "totalUsdBalance": 101.20537901889259
}