{
  "ethBalance": 0.1143504362553894,
  "usdtBalance": 0,
  "usdcBalance": 0,
  "kenduBalance": 12046082608.223656,
  "ethBalanceInUsd": 367.0763354234255,
  "kenduBalanceInUsd": 294285.79811890394,
  "totalUsdBalance": 367.0763354234255
}