{
  "ethBalance": 0.045462183917402754,
  "usdtBalance": 0,
  "usdcBalance": 0,
  "kenduBalance": 307214787.46744066,
  "ethBalanceInUsd": 122.26236045274958,
  "kenduBalanceInUsd": 24531.100779275137,
  "totalUsdBalance": 122.26236045274958
}