{
  "ethBalance": 0.038589031500035925,
  "usdtBalance": 0,
  "usdcBalance": 0,
  "kenduBalance": 35199894.08324558,
  "ethBalanceInUsd": 128.8152037212149,
  "kenduBalanceInUsd": 917.6612387502123,
  "totalUsdBalance": 128.8152037212149
}