{
  "ethBalance": 0.038589031500035925,
  "usdtBalance": 0,
  "usdcBalance": 0,
  "kenduBalance": 35199894.08324558,
  "ethBalanceInUsd": 94.65310591486312,
  "kenduBalanceInUsd": 1974.3620591292447,
  "totalUsdBalance": 94.65310591486312
}