{
  "ethBalance": 0.04841366454199495,
  "usdtBalance": 90113.767042,
  "usdcBalance": 0,
  "kenduBalance": 946492975.4674407,
  "ethBalanceInUsd": 113.71062631971981,
  "kenduBalanceInUsd": 102978.43573085756,
  "totalUsdBalance": 90227.47766831973
}