{
  "ethBalance": 0.0624422229661258,
  "usdtBalance": 0,
  "usdcBalance": 0,
  "kenduBalance": 6384544426.92592,
  "ethBalanceInUsd": 130.4255687982656,
  "kenduBalanceInUsd": 48011.77409048291,
  "totalUsdBalance": 130.4255687982656
}