{
  "ethBalance": 0.35779268808449755,
  "usdtBalance": 0,
  "usdcBalance": 0,
  "kenduBalance": 3546950453.60037,
  "ethBalanceInUsd": 791.7916408041121,
  "kenduBalanceInUsd": 55155.079553485746,
  "totalUsdBalance": 791.7916408041121
}