{
  "ethBalance": 0.038589031500035925,
  "usdtBalance": 0,
  "usdcBalance": 0,
  "kenduBalance": 35199894.08324558,
  "ethBalanceInUsd": 125.86275692114717,
  "kenduBalanceInUsd": 733.5657926948379,
  "totalUsdBalance": 125.86275692114717
}