{
  "ethBalance": 0.04272247540230626,
  "usdtBalance": 0,
  "usdcBalance": 0,
  "kenduBalance": 517214787.4674407,
  "ethBalanceInUsd": 102.70653976616035,
  "kenduBalanceInUsd": 24883.20342505857,
  "totalUsdBalance": 102.70653976616035
}