{
  "ethBalance": 3.9773126053695473,
  "usdtBalance": 0,
  "usdcBalance": 0,
  "kenduBalance": 8110029020.399477,
  "ethBalanceInUsd": 10376.92790678731,
  "kenduBalanceInUsd": 104294.97320233728,
  "totalUsdBalance": 10376.92790678731
}