{
  "ethBalance": 0.3579488855246269,
  "usdtBalance": 0,
  "usdcBalance": 0,
  "kenduBalance": 3705282011.416198,
  "ethBalanceInUsd": 633.4335068020902,
  "kenduBalanceInUsd": 47872.24358749727,
  "totalUsdBalance": 633.4335068020902
}