{
  "ethBalance": 0.038589031500035925,
  "usdtBalance": 0,
  "usdcBalance": 0,
  "kenduBalance": 35199894.08324558,
  "ethBalanceInUsd": 124.9192551009713,
  "kenduBalanceInUsd": 300.2550965300848,
  "totalUsdBalance": 124.9192551009713
}