{
  "ethBalance": 0.5002741579676101,
  "usdtBalance": 0,
  "usdcBalance": 100,
  "kenduBalance": 4855925261.348792,
  "ethBalanceInUsd": 1284.158738828638,
  "kenduBalanceInUsd": 144075.30250421865,
  "totalUsdBalance": 1384.158738828638
}