{
  "ethBalance": 0.04459919224178026,
  "usdtBalance": 0,
  "usdcBalance": 0,
  "kenduBalance": 517214787.4674407,
  "ethBalanceInUsd": 102.0772932272194,
  "kenduBalanceInUsd": 21402.347905402698,
  "totalUsdBalance": 102.0772932272194
}