{
  "ethBalance": 0.0624422229661258,
  "usdtBalance": 0,
  "usdcBalance": 0,
  "kenduBalance": 6384544426.92592,
  "ethBalanceInUsd": 132.01722106167216,
  "kenduBalanceInUsd": 48394.84675609847,
  "totalUsdBalance": 132.01722106167216
}