{
  "ethBalance": 0.0660488809860724,
  "usdtBalance": 0,
  "usdcBalance": 0,
  "kenduBalance": 7622102282.100412,
  "ethBalanceInUsd": 185.9309024198431,
  "kenduBalanceInUsd": 66693.3949683786,
  "totalUsdBalance": 185.9309024198431
}