{
  "ethBalance": 0.038589031500035925,
  "usdtBalance": 0,
  "usdcBalance": 0,
  "kenduBalance": 35199894.08324558,
  "ethBalanceInUsd": 145.021439280285,
  "kenduBalanceInUsd": 1402.7157792173364,
  "totalUsdBalance": 145.021439280285
}