{
  "ethBalance": 0.038589031500035925,
  "usdtBalance": 0,
  "usdcBalance": 0,
  "kenduBalance": 35199894.08324558,
  "ethBalanceInUsd": 132.04780688997295,
  "kenduBalanceInUsd": 353.75893553661814,
  "totalUsdBalance": 132.04780688997295
}