{
  "ethBalance": 0.045462183917402754,
  "usdtBalance": 0,
  "usdcBalance": 0,
  "kenduBalance": 307214787.46744066,
  "ethBalanceInUsd": 119.3473252199657,
  "kenduBalanceInUsd": 26537.213341437524,
  "totalUsdBalance": 119.3473252199657
}