{
  "ethBalance": 0.0660488809860724,
  "usdtBalance": 0,
  "usdcBalance": 0,
  "kenduBalance": 7622102282.100412,
  "ethBalanceInUsd": 186.42626902723865,
  "kenduBalanceInUsd": 66617.1739455576,
  "totalUsdBalance": 186.42626902723865
}