{
  "ethBalance": 0.03983369884579122,
  "usdtBalance": 0,
  "usdcBalance": 0,
  "kenduBalance": 1091213805.8365645,
  "ethBalanceInUsd": 103.70663660802899,
  "kenduBalanceInUsd": 45820.067707077345,
  "totalUsdBalance": 103.70663660802899
}