{
  "ethBalance": 0.04272247540230626,
  "usdtBalance": 0,
  "usdcBalance": 0,
  "kenduBalance": 517214787.4674407,
  "ethBalanceInUsd": 112.0977943090953,
  "kenduBalanceInUsd": 28239.92739572226,
  "totalUsdBalance": 112.0977943090953
}