{
  "ethBalance": 0.038589031500035925,
  "usdtBalance": 0,
  "usdcBalance": 0,
  "kenduBalance": 35199894.08324558,
  "ethBalanceInUsd": 127.42406913563863,
  "kenduBalanceInUsd": 1077.8207568289797,
  "totalUsdBalance": 127.42406913563863
}