{
  "ethBalance": 0.7404211583199757,
  "usdtBalance": 0,
  "usdcBalance": null,
  "kenduBalance": 4730282940.56362,
  "ethBalanceInUsd": 2651.381530039584,
  "kenduBalanceInUsd": 72609.84313765157,
  "totalUsdBalance": null
}