{
  "ethBalance": 0.038589031500035925,
  "usdtBalance": 0,
  "usdcBalance": 0,
  "kenduBalance": 35199894.08324558,
  "ethBalanceInUsd": 129.71934472926077,
  "kenduBalanceInUsd": 1210.876356463648,
  "totalUsdBalance": 129.71934472926077
}