{
  "ethBalance": 8.011063080971311,
  "usdtBalance": 22313.097842,
  "kenduBalance": 302835445.5049916,
  "ethBalanceInUsd": 25851.300009140374,
  "kenduBalanceInUsd": 45476.79885148459,
  "totalUsdBalance": 48164.39785114037
}