{
  "ethBalance": 0.045462183917402754,
  "usdtBalance": 0,
  "usdcBalance": 0,
  "kenduBalance": 307214787.46744066,
  "ethBalanceInUsd": 118.9886285888574,
  "kenduBalanceInUsd": 26285.297215714225,
  "totalUsdBalance": 118.9886285888574
}