{
  "ethBalance": 0.038589031500035925,
  "usdtBalance": 0,
  "usdcBalance": 0,
  "kenduBalance": 35199894.08324558,
  "ethBalanceInUsd": 120.03465549369676,
  "kenduBalanceInUsd": 990.5250195025308,
  "totalUsdBalance": 120.03465549369676
}