{
  "ethBalance": 0.35769432885289126,
  "usdtBalance": 0,
  "usdcBalance": 0,
  "kenduBalance": 4514955040.756332,
  "ethBalanceInUsd": 954.661125105347,
  "kenduBalanceInUsd": 104611.50829432422,
  "totalUsdBalance": 954.661125105347
}