{
  "ethBalance": 0.038589031500035925,
  "usdtBalance": 0,
  "usdcBalance": 0,
  "kenduBalance": 35199894.08324558,
  "ethBalanceInUsd": 103.5378445274314,
  "kenduBalanceInUsd": 1577.659252811067,
  "totalUsdBalance": 103.5378445274314
}