{
  "ethBalance": 0.9901811623811279,
  "usdtBalance": 0,
  "usdcBalance": null,
  "kenduBalance": 4558502396.376256,
  "ethBalanceInUsd": 4314.2391281178225,
  "kenduBalanceInUsd": 69881.84173644801,
  "totalUsdBalance": null
}