{
  "ethBalance": 0.038589031500035925,
  "usdtBalance": 0,
  "usdcBalance": 0,
  "kenduBalance": 35199894.08324558,
  "ethBalanceInUsd": 99.72679177648784,
  "kenduBalanceInUsd": 1152.796531226293,
  "totalUsdBalance": 99.72679177648784
}