{
  "ethBalance": 0.038589031500035925,
  "usdtBalance": 0,
  "usdcBalance": 0,
  "kenduBalance": 35199894.08324558,
  "ethBalanceInUsd": 137.75782588103326,
  "kenduBalanceInUsd": 855.3574262228677,
  "totalUsdBalance": 137.75782588103326
}