{
  "ethBalance": 0.045462183917402754,
  "usdtBalance": 0,
  "usdcBalance": 0,
  "kenduBalance": 307214787.46744066,
  "ethBalanceInUsd": 126.11027969951854,
  "kenduBalanceInUsd": 28174.668158638982,
  "totalUsdBalance": 126.11027969951854
}