{
  "ethBalance": 0.3579488855246269,
  "usdtBalance": 0,
  "usdcBalance": 0,
  "kenduBalance": 3705282011.416198,
  "ethBalanceInUsd": 561.1815242589443,
  "kenduBalanceInUsd": 46834.76462430074,
  "totalUsdBalance": 561.1815242589443
}