{
  "ethBalance": 0.35769432885289126,
  "usdtBalance": 0,
  "usdcBalance": 0,
  "kenduBalance": 4514955040.756332,
  "ethBalanceInUsd": 883.8519557656286,
  "kenduBalanceInUsd": 78334.46995712238,
  "totalUsdBalance": 883.8519557656286
}