{
  "ethBalance": 8.056063080971311,
  "usdtBalance": 22356.072978,
  "usdcBalance": 88.007775,
  "kenduBalance": 319823769.8171208,
  "ethBalanceInUsd": 23391.66532253911,
  "kenduBalanceInUsd": 39021.69815538691,
  "totalUsdBalance": 45835.74607553911
}