{
  "ethBalance": 0.3117728554842481,
  "usdtBalance": 0,
  "usdcBalance": 0.463046,
  "kenduBalance": 4113980899.4295063,
  "ethBalanceInUsd": 581.90532839002,
  "kenduBalanceInUsd": 45212.650084730274,
  "totalUsdBalance": 582.36837439002
}