{
  "ethBalance": 8.051792938400936,
  "usdtBalance": 22380.187863,
  "usdcBalance": 88.007775,
  "kenduBalance": 947823769.8171208,
  "ethBalanceInUsd": 20166.84266523652,
  "kenduBalanceInUsd": 111871.63955151477,
  "totalUsdBalance": 42635.03830323651
}