{
  "ethBalance": 0.038589031500035925,
  "usdtBalance": 0,
  "usdcBalance": 0,
  "kenduBalance": 35199894.08324558,
  "ethBalanceInUsd": 96.39578657740475,
  "kenduBalanceInUsd": 1691.3549106999503,
  "totalUsdBalance": 96.39578657740475
}