{
  "ethBalance": 0.038589031500035925,
  "usdtBalance": 0,
  "usdcBalance": 0,
  "kenduBalance": 35199894.08324558,
  "ethBalanceInUsd": 141.9918144172172,
  "kenduBalanceInUsd": 936.669181555165,
  "totalUsdBalance": 141.9918144172172
}