{
  "ethBalance": 0.35769432885289126,
  "usdtBalance": 0,
  "usdcBalance": 0,
  "kenduBalance": 4514955040.756332,
  "ethBalanceInUsd": 931.7329186258768,
  "kenduBalanceInUsd": 103527.9190845427,
  "totalUsdBalance": 931.7329186258768
}