{
  "ethBalance": 0.04272247540230626,
  "usdtBalance": 0,
  "usdcBalance": 0,
  "kenduBalance": 517214787.4674407,
  "ethBalanceInUsd": 114.42574199376696,
  "kenduBalanceInUsd": 29998.457673111563,
  "totalUsdBalance": 114.42574199376696
}