{
  "ethBalance": 0.04459919224178026,
  "usdtBalance": 0,
  "usdcBalance": 0,
  "kenduBalance": 517214787.4674407,
  "ethBalanceInUsd": 106.9372672058062,
  "kenduBalanceInUsd": 28586.461303325446,
  "totalUsdBalance": 106.9372672058062
}