{
  "ethBalance": 0.04459919224178026,
  "usdtBalance": 0,
  "usdcBalance": 0,
  "kenduBalance": 517214787.4674407,
  "ethBalanceInUsd": 109.83889065305642,
  "kenduBalanceInUsd": 31606.995662135305,
  "totalUsdBalance": 109.83889065305642
}