{
  "ethBalance": 0.038589031500035925,
  "usdtBalance": 0,
  "usdcBalance": 0,
  "kenduBalance": 35199894.08324558,
  "ethBalanceInUsd": 142.14887177542232,
  "kenduBalanceInUsd": 722.6538255290319,
  "totalUsdBalance": 142.14887177542232
}