{
  "ethBalance": 0.3579488855246269,
  "usdtBalance": 0,
  "usdcBalance": 0,
  "kenduBalance": 3705282011.416198,
  "ethBalanceInUsd": 643.4596550856351,
  "kenduBalanceInUsd": 48502.14152943803,
  "totalUsdBalance": 643.4596550856351
}