{
  "ethBalance": 8.051792938400936,
  "usdtBalance": 22380.187863,
  "usdcBalance": 88.007775,
  "kenduBalance": 947823769.8171208,
  "ethBalanceInUsd": 20026.82198603773,
  "kenduBalanceInUsd": 111236.5976257373,
  "totalUsdBalance": 42495.017624037726
}