{
  "ethBalance": 0.3196155371451788,
  "usdtBalance": 0,
  "usdcBalance": 884.463046,
  "kenduBalance": 5453954448.539579,
  "ethBalanceInUsd": 607.4293283444124,
  "kenduBalanceInUsd": 37195.96933903993,
  "totalUsdBalance": 1491.8923743444125
}