{
  "ethBalance": 0.5002741579676101,
  "usdtBalance": 0,
  "usdcBalance": 100,
  "kenduBalance": 4855925261.348792,
  "ethBalanceInUsd": 1137.55339683623,
  "kenduBalanceInUsd": 91291.39491335729,
  "totalUsdBalance": 1237.55339683623
}