{
  "ethBalance": 0.3579488855246269,
  "usdtBalance": 0,
  "usdcBalance": 0,
  "kenduBalance": 3705282011.416198,
  "ethBalanceInUsd": 547.5758871201532,
  "kenduBalanceInUsd": 38090.29907735851,
  "totalUsdBalance": 547.5758871201532
}