{
  "ethBalance": 0.045462183917402754,
  "usdtBalance": 0,
  "usdcBalance": 0,
  "kenduBalance": 307214787.46744066,
  "ethBalanceInUsd": 117.68613701962381,
  "kenduBalanceInUsd": 32223.75905745985,
  "totalUsdBalance": 117.68613701962381
}