{
  "ethBalance": 0.038589031500035925,
  "usdtBalance": 0,
  "usdcBalance": 0,
  "kenduBalance": 35199894.08324558,
  "ethBalanceInUsd": 124.19185185719563,
  "kenduBalanceInUsd": 766.6536931330888,
  "totalUsdBalance": 124.19185185719563
}