{
  "ethBalance": 0.30943876692005484,
  "usdtBalance": 0,
  "usdcBalance": 0,
  "kenduBalance": 8110029020.399477,
  "ethBalanceInUsd": 833.2226732979625,
  "kenduBalanceInUsd": 88399.31632235431,
  "totalUsdBalance": 833.2226732979625
}