{
  "ethBalance": 0.0660488809860724,
  "usdtBalance": 0,
  "usdcBalance": 0,
  "kenduBalance": 7622102282.100412,
  "ethBalanceInUsd": 185.67463276161715,
  "kenduBalanceInUsd": 67226.94212812564,
  "totalUsdBalance": 185.67463276161715
}