{
  "ethBalance": 0.3117728554842481,
  "usdtBalance": 0,
  "usdcBalance": 0.463046,
  "kenduBalance": 4113980899.4295063,
  "ethBalanceInUsd": 625.5971763575825,
  "kenduBalanceInUsd": 53070.35360264063,
  "totalUsdBalance": 626.0602223575825
}