{
  "ethBalance": 8.011063080971311,
  "usdtBalance": 22313.097842,
  "usdcBalance": 88.007775,
  "kenduBalance": 302835445.5049916,
  "ethBalanceInUsd": 25868.36357350284,
  "kenduBalanceInUsd": 46300.511263258166,
  "totalUsdBalance": 48269.46919050284
}