{
  "ethBalance": 0.038589031500035925,
  "usdtBalance": 0,
  "usdcBalance": 0,
  "kenduBalance": 35199894.08324558,
  "ethBalanceInUsd": 131.87492802885276,
  "kenduBalanceInUsd": 873.3093722053229,
  "totalUsdBalance": 131.87492802885276
}