{
  "ethBalance": 0.31196667582056836,
  "usdtBalance": 0,
  "usdcBalance": 5000.463046,
  "kenduBalance": 4175387837.757599,
  "ethBalanceInUsd": 609.239721209988,
  "kenduBalanceInUsd": 30563.838972385623,
  "totalUsdBalance": 5609.7027672099875
}