{
  "ethBalance": 0.038589031500035925,
  "usdtBalance": 0,
  "usdcBalance": 0,
  "kenduBalance": 35199894.08324558,
  "ethBalanceInUsd": 126.69975301438295,
  "kenduBalanceInUsd": 812.0615565004756,
  "totalUsdBalance": 126.69975301438295
}