{
  "ethBalance": 0.038589031500035925,
  "usdtBalance": 0,
  "usdcBalance": 0,
  "kenduBalance": 35199894.08324558,
  "ethBalanceInUsd": 93.60579959995215,
  "kenduBalanceInUsd": 1997.5939892241868,
  "totalUsdBalance": 93.60579959995215
}