{
  "ethBalance": 0.06254024854608203,
  "usdtBalance": 0,
  "usdcBalance": 0,
  "kenduBalance": 6456272656.749752,
  "ethBalanceInUsd": 139.20646303126762,
  "kenduBalanceInUsd": 61399.15296569015,
  "totalUsdBalance": 139.20646303126762
}