{
  "ethBalance": 0.3196155371451788,
  "usdtBalance": 0,
  "usdcBalance": 884.463046,
  "kenduBalance": 5453954448.539579,
  "ethBalanceInUsd": 598.7230011125777,
  "kenduBalanceInUsd": 37632.2856949231,
  "totalUsdBalance": 1483.1860471125776
}