{
  "ethBalance": 0.04459919224178026,
  "usdtBalance": 0,
  "usdcBalance": 0,
  "kenduBalance": 517214787.4674407,
  "ethBalanceInUsd": 105.2563236502135,
  "kenduBalanceInUsd": 27593.408911387964,
  "totalUsdBalance": 105.2563236502135
}