{
  "ethBalance": 0.038589031500035925,
  "usdtBalance": 0,
  "usdcBalance": 0,
  "kenduBalance": 35199894.08324558,
  "ethBalanceInUsd": 149.5170614500392,
  "kenduBalanceInUsd": 1122.172623373869,
  "totalUsdBalance": 149.5170614500392
}