{
  "ethBalance": 0.0624422229661258,
  "usdtBalance": 0,
  "usdcBalance": 0,
  "kenduBalance": 6379544426.92592,
  "ethBalanceInUsd": 132.83396533806908,
  "kenduBalanceInUsd": 60350.4902787192,
  "totalUsdBalance": 132.83396533806908
}