{
  "ethBalance": 0.04459919224178026,
  "usdtBalance": 0,
  "usdcBalance": 0,
  "kenduBalance": 517214787.4674407,
  "ethBalanceInUsd": 109.84781049150477,
  "kenduBalanceInUsd": 29320.906301529216,
  "totalUsdBalance": 109.84781049150477
}