{
  "ethBalance": 0.3579488855246269,
  "usdtBalance": 0,
  "usdcBalance": 0,
  "kenduBalance": 3705282011.416198,
  "ethBalanceInUsd": 570.2268925961516,
  "kenduBalanceInUsd": 48872.669730579655,
  "totalUsdBalance": 570.2268925961516
}