{
  "ethBalance": 13.47560135212183,
  "usdtBalance": 3949.089252,
  "usdcBalance": 8005.206012,
  "kenduBalance": 10805029020.399477,
  "ethBalanceInUsd": 44481.20823517838,
  "kenduBalanceInUsd": 189412.15872760283,
  "totalUsdBalance": 56435.50349917838
}