{
  "ethBalance": 0.038589031500035925,
  "usdtBalance": 0,
  "usdcBalance": 0,
  "kenduBalance": 35199894.08324558,
  "ethBalanceInUsd": 155.89852958920014,
  "kenduBalanceInUsd": 1344.2839550391489,
  "totalUsdBalance": 155.89852958920014
}