{
  "ethBalance": 0.04459919224178026,
  "usdtBalance": 0,
  "usdcBalance": 0,
  "kenduBalance": 517214787.4674407,
  "ethBalanceInUsd": 102.48671381199894,
  "kenduBalanceInUsd": 29124.364682291587,
  "totalUsdBalance": 102.48671381199894
}