{
  "ethBalance": 0.700034011230498,
  "usdtBalance": 0,
  "usdcBalance": 25.002104,
  "kenduBalance": 4482236645.828448,
  "ethBalanceInUsd": 3224.538664570594,
  "kenduBalanceInUsd": 55041.866010773345,
  "totalUsdBalance": 3249.540768570594
}