{
  "ethBalance": 0.038589031500035925,
  "usdtBalance": 0,
  "usdcBalance": 0,
  "kenduBalance": 35199894.08324558,
  "ethBalanceInUsd": 141.20459817461645,
  "kenduBalanceInUsd": 1130.2685990130158,
  "totalUsdBalance": 141.20459817461645
}