{
  "ethBalance": 0.37198401123049807,
  "usdtBalance": 0,
  "usdcBalance": 25.002104,
  "kenduBalance": null,
  "ethBalanceInUsd": 1680.3670937716413,
  "kenduBalanceInUsd": null,
  "totalUsdBalance": 1705.3691977716412
}