{
  "ethBalance": 0.5002741579676101,
  "usdtBalance": 0,
  "usdcBalance": 100,
  "kenduBalance": 4855925261.348792,
  "ethBalanceInUsd": 1399.3918883748975,
  "kenduBalanceInUsd": 131595.57458255228,
  "totalUsdBalance": 1499.3918883748975
}