{
  "ethBalance": 0.038589031500035925,
  "usdtBalance": 0,
  "usdcBalance": 0,
  "kenduBalance": 35199894.08324558,
  "ethBalanceInUsd": 127.86398409473904,
  "kenduBalanceInUsd": 507.2304737395688,
  "totalUsdBalance": 127.86398409473904
}