{
  "ethBalance": 0.5002741579676101,
  "usdtBalance": 0,
  "usdcBalance": 100,
  "kenduBalance": 4855925261.348792,
  "ethBalanceInUsd": 1318.7677050768373,
  "kenduBalanceInUsd": 113968.56588385615,
  "totalUsdBalance": 1418.7677050768373
}