{
  "ethBalance": 0.038589031500035925,
  "usdtBalance": 0,
  "usdcBalance": 0,
  "kenduBalance": 35199894.08324558,
  "ethBalanceInUsd": 151.93543605414644,
  "kenduBalanceInUsd": 1184.4764359012138,
  "totalUsdBalance": 151.93543605414644
}