{
  "ethBalance": 0.038589031500035925,
  "usdtBalance": 0,
  "usdcBalance": 0,
  "kenduBalance": 35199894.08324558,
  "ethBalanceInUsd": 126.30112831898758,
  "kenduBalanceInUsd": 674.7819695758178,
  "totalUsdBalance": 126.30112831898758
}