{
  "ethBalance": 0.5002741579676101,
  "usdtBalance": 0,
  "usdcBalance": 100,
  "kenduBalance": 4855925261.348792,
  "ethBalanceInUsd": 1387.7054840447738,
  "kenduBalanceInUsd": 140239.1215477531,
  "totalUsdBalance": 1487.7054840447738
}