{
  "ethBalance": 0.0624422229661258,
  "usdtBalance": 0,
  "usdcBalance": 0,
  "kenduBalance": 6384544426.92592,
  "ethBalanceInUsd": 136.26079453445007,
  "kenduBalanceInUsd": 51012.5099711381,
  "totalUsdBalance": 136.26079453445007
}