{
  "ethBalance": 0.038589031500035925,
  "usdtBalance": 0,
  "usdcBalance": 0,
  "kenduBalance": 35199894.08324558,
  "ethBalanceInUsd": 97.36359948742565,
  "kenduBalanceInUsd": 1623.4191151192863,
  "totalUsdBalance": 97.36359948742565
}