{
  "ethBalance": 0.04272247540230626,
  "usdtBalance": 0,
  "usdcBalance": 0,
  "kenduBalance": 517214787.4674407,
  "ethBalanceInUsd": 103.07267138035812,
  "kenduBalanceInUsd": 24293.578567345692,
  "totalUsdBalance": 103.07267138035812
}