{
  "ethBalance": 0.04272247540230626,
  "usdtBalance": 0,
  "usdcBalance": 0,
  "kenduBalance": 517214787.4674407,
  "ethBalanceInUsd": 101.34668337410494,
  "kenduBalanceInUsd": 22064.38283336102,
  "totalUsdBalance": 101.34668337410494
}