{
  "ethBalance": 0.04272247540230626,
  "usdtBalance": 0,
  "usdcBalance": 0,
  "kenduBalance": 517214787.4674407,
  "ethBalanceInUsd": 110.34318224432259,
  "kenduBalanceInUsd": 29382.972076025308,
  "totalUsdBalance": 110.34318224432259
}