{
  "ethBalance": 0.038589031500035925,
  "usdtBalance": 0,
  "usdcBalance": 0,
  "kenduBalance": 35199894.08324558,
  "ethBalanceInUsd": 133.7221849667595,
  "kenduBalanceInUsd": 1229.8842992686007,
  "totalUsdBalance": 133.7221849667595
}