{
  "ethBalance": 0.11064889545570843,
  "usdtBalance": 0,
  "usdcBalance": 0,
  "kenduBalance": 11696082608.223656,
  "ethBalanceInUsd": 368.85030597951317,
  "kenduBalanceInUsd": 338484.6306819926,
  "totalUsdBalance": 368.85030597951317
}