{
  "ethBalance": 0.04272247540230626,
  "usdtBalance": 0,
  "usdcBalance": 0,
  "kenduBalance": 517214787.4674407,
  "ethBalanceInUsd": 102.77233237827988,
  "kenduBalanceInUsd": 22679.868430447277,
  "totalUsdBalance": 102.77233237827988
}