{
  "ethBalance": 0.06254024854608203,
  "usdtBalance": 0,
  "usdcBalance": 0,
  "kenduBalance": 6456272656.749752,
  "ethBalanceInUsd": 132.59595875994674,
  "kenduBalanceInUsd": 52747.74760564547,
  "totalUsdBalance": 132.59595875994674
}