{
  "ethBalance": 0.3579488855246269,
  "usdtBalance": 0,
  "usdcBalance": 0,
  "kenduBalance": 3705282011.416198,
  "ethBalanceInUsd": 645.4820662888492,
  "kenduBalanceInUsd": 45945.49694156085,
  "totalUsdBalance": 645.4820662888492
}