{
  "ethBalance": 0.35779268808449755,
  "usdtBalance": 0,
  "usdcBalance": 0,
  "kenduBalance": 3546950453.60037,
  "ethBalanceInUsd": 789.8917616303835,
  "kenduBalanceInUsd": 56467.45122131789,
  "totalUsdBalance": 789.8917616303835
}