{
  "ethBalance": 0.700034011230498,
  "usdtBalance": 0,
  "usdcBalance": null,
  "kenduBalance": 4482236645.828448,
  "ethBalanceInUsd": 3205.630745927258,
  "kenduBalanceInUsd": 54369.53051389908,
  "totalUsdBalance": null
}