{
  "ethBalance": 13.47560135212183,
  "usdtBalance": 3949.089252,
  "usdcBalance": 8005.206012,
  "kenduBalance": 10805029020.399477,
  "ethBalanceInUsd": 45208.890708192965,
  "kenduBalanceInUsd": 202918.44500310218,
  "totalUsdBalance": 57163.185972192965
}