{
  "ethBalance": 0.04459919224178026,
  "usdtBalance": 0,
  "usdcBalance": 0,
  "kenduBalance": 517214787.4674407,
  "ethBalanceInUsd": 102.09513290411611,
  "kenduBalanceInUsd": 25457.31183914743,
  "totalUsdBalance": 102.09513290411611
}