{
  "ethBalance": 0.038589031500035925,
  "usdtBalance": 0,
  "usdcBalance": 0,
  "kenduBalance": 35199894.08324558,
  "ethBalanceInUsd": 141.52064234260175,
  "kenduBalanceInUsd": 900.0612917085896,
  "totalUsdBalance": 141.52064234260175
}