{
  "ethBalance": 13.475892841222715,
  "usdtBalance": 3949.089252,
  "usdcBalance": 8005.206012,
  "kenduBalance": 10903927414.89931,
  "ethBalanceInUsd": 43665.12701984349,
  "kenduBalanceInUsd": 204666.71757766005,
  "totalUsdBalance": 55619.42228384349
}