{
  "ethBalance": 0.10895982647011769,
  "usdtBalance": 3946.421819,
  "usdcBalance": 0,
  "kenduBalance": 11554476486.075047,
  "ethBalanceInUsd": 358.41681158386393,
  "kenduBalanceInUsd": 316014.93189415254,
  "totalUsdBalance": 4304.838630583864
}