{
  "ethBalance": 0.038589031500035925,
  "usdtBalance": 0,
  "usdcBalance": 0,
  "kenduBalance": 35199894.08324558,
  "ethBalanceInUsd": 126.69473644028794,
  "kenduBalanceInUsd": 714.2058509490529,
  "totalUsdBalance": 126.69473644028794
}