{
  "ethBalance": 0.038589031500035925,
  "usdtBalance": 0,
  "usdcBalance": 0,
  "kenduBalance": 35199894.08324558,
  "ethBalanceInUsd": 97.67346941037093,
  "kenduBalanceInUsd": 1641.723060042574,
  "totalUsdBalance": 97.67346941037093
}