{
  "ethBalance": 0.038589031500035925,
  "usdtBalance": 0,
  "usdcBalance": 0,
  "kenduBalance": 35199894.08324558,
  "ethBalanceInUsd": 143.63956606226873,
  "kenduBalanceInUsd": 984.8930364492114,
  "totalUsdBalance": 143.63956606226873
}