{
  "ethBalance": 0.038589031500035925,
  "usdtBalance": 0,
  "usdcBalance": 0,
  "kenduBalance": 35199894.08324558,
  "ethBalanceInUsd": 101.43975888477443,
  "kenduBalanceInUsd": 1882.1383366311413,
  "totalUsdBalance": 101.43975888477443
}