{
  "ethBalance": 0.5002741579676101,
  "usdtBalance": 0,
  "usdcBalance": 100,
  "kenduBalance": 4855925261.348792,
  "ethBalanceInUsd": 1238.4486890151375,
  "kenduBalanceInUsd": 105907.72995001715,
  "totalUsdBalance": 1338.4486890151375
}