{
  "ethBalance": 0.038589031500035925,
  "usdtBalance": 0,
  "usdcBalance": 0,
  "kenduBalance": 35199894.08324558,
  "ethBalanceInUsd": 128.4729190118096,
  "kenduBalanceInUsd": 601.566189882667,
  "totalUsdBalance": 128.4729190118096
}