{
  "ethBalance": 0.727034011230498,
  "usdtBalance": 0,
  "usdcBalance": null,
  "kenduBalance": 4482236645.828448,
  "ethBalanceInUsd": 2940.336381279391,
  "kenduBalanceInUsd": 44643.076992451344,
  "totalUsdBalance": null
}