{
  "ethBalance": 3.9774170719585187,
  "usdtBalance": 0,
  "usdcBalance": 0,
  "kenduBalance": 8310029020.399478,
  "ethBalanceInUsd": 10502.449326847907,
  "kenduBalanceInUsd": 99637.24795458975,
  "totalUsdBalance": 10502.449326847907
}