{
  "ethBalance": 18.27649738337883,
  "usdtBalance": 0,
  "usdcBalance": 0,
  "kenduBalance": 10805029020.399477,
  "ethBalanceInUsd": 47464.42923458249,
  "kenduBalanceInUsd": 115937.9613888864,
  "totalUsdBalance": 47464.42923458249
}