{
  "ethBalance": 0.04272247540230626,
  "usdtBalance": 0,
  "usdcBalance": 0,
  "kenduBalance": 517214787.4674407,
  "ethBalanceInUsd": 104.35733621570544,
  "kenduBalanceInUsd": 24034.97117361197,
  "totalUsdBalance": 104.35733621570544
}