{
  "ethBalance": 0.038589031500035925,
  "usdtBalance": 0,
  "usdcBalance": 0,
  "kenduBalance": 35199894.08324558,
  "ethBalanceInUsd": 134.7988189456105,
  "kenduBalanceInUsd": 1259.452210298527,
  "totalUsdBalance": 134.7988189456105
}