{
  "ethBalance": 0.038589031500035925,
  "usdtBalance": 0,
  "usdcBalance": 0,
  "kenduBalance": 35199894.08324558,
  "ethBalanceInUsd": 95.54798555534894,
  "kenduBalanceInUsd": 1096.8286996339323,
  "totalUsdBalance": 95.54798555534894
}