{
  "ethBalance": 0.045462183917402754,
  "usdtBalance": 0,
  "usdcBalance": 0,
  "kenduBalance": 307214787.46744066,
  "ethBalanceInUsd": 125.6715696247156,
  "kenduBalanceInUsd": 26217.70996247139,
  "totalUsdBalance": 125.6715696247156
}