{
  "ethBalance": 0.04459919224178026,
  "usdtBalance": 0,
  "usdcBalance": 0,
  "kenduBalance": 517214787.4674407,
  "ethBalanceInUsd": 107.74852651268417,
  "kenduBalanceInUsd": 28239.92739572226,
  "totalUsdBalance": 107.74852651268417
}