{
  "ethBalance": 0.35779268808449755,
  "usdtBalance": 0,
  "usdcBalance": 0,
  "kenduBalance": 3546950453.60037,
  "ethBalanceInUsd": 643.5831756188708,
  "kenduBalanceInUsd": 38732.698953316045,
  "totalUsdBalance": 643.5831756188708
}