{
  "ethBalance": 8.056063080971311,
  "usdtBalance": 22313.097842,
  "usdcBalance": 88.007775,
  "kenduBalance": 319721753.5049916,
  "ethBalanceInUsd": 25350.094257523237,
  "kenduBalanceInUsd": 43705.963704132344,
  "totalUsdBalance": 47751.199874523234
}