{
  "ethBalance": 0.04459919224178026,
  "usdtBalance": 0,
  "usdcBalance": 0,
  "kenduBalance": 517214787.4674407,
  "ethBalanceInUsd": 102.7538629735272,
  "kenduBalanceInUsd": 26145.20750647913,
  "totalUsdBalance": 102.7538629735272
}