{
  "ethBalance": 0.038589031500035925,
  "usdtBalance": 0,
  "usdcBalance": 0,
  "kenduBalance": 35199894.08324558,
  "ethBalanceInUsd": 94.28651011561277,
  "kenduBalanceInUsd": 1901.850277317759,
  "totalUsdBalance": 94.28651011561277
}