{
  "ethBalance": 0.03983369884579122,
  "usdtBalance": 0,
  "usdcBalance": 0,
  "kenduBalance": 1091213805.8365645,
  "ethBalanceInUsd": 103.88031153499664,
  "kenduBalanceInUsd": 47009.490755439205,
  "totalUsdBalance": 103.88031153499664
}