{
  "ethBalance": 0.04459919224178026,
  "usdtBalance": 0,
  "usdcBalance": 0,
  "kenduBalance": 517214787.4674407,
  "ethBalanceInUsd": 109.96555235902306,
  "kenduBalanceInUsd": 30050.17915185831,
  "totalUsdBalance": 109.96555235902306
}