{
  "ethBalance": 0.3579488855246269,
  "usdtBalance": 0,
  "usdcBalance": 0,
  "kenduBalance": 3705282011.416198,
  "ethBalanceInUsd": 627.4378629695527,
  "kenduBalanceInUsd": 47353.504105899,
  "totalUsdBalance": 627.4378629695527
}