{
  "ethBalance": 0.04459919224178026,
  "usdtBalance": 0,
  "usdcBalance": 0,
  "kenduBalance": 517214787.4674407,
  "ethBalanceInUsd": 105.94538117034901,
  "kenduBalanceInUsd": 28167.51732547682,
  "totalUsdBalance": 105.94538117034901
}