{
  "ethBalance": 0.20528601123049806,
  "usdtBalance": 0,
  "usdcBalance": 25.002104,
  "kenduBalance": 4482236645.828448,
  "ethBalanceInUsd": 944.7200651024152,
  "kenduBalanceInUsd": 60061.97105410121,
  "totalUsdBalance": 969.7221691024153
}