{
  "ethBalance": 0.04272247540230626,
  "usdtBalance": 0,
  "usdcBalance": 0,
  "kenduBalance": 517214787.4674407,
  "ethBalanceInUsd": 111.59665967262626,
  "kenduBalanceInUsd": 28058.90222010866,
  "totalUsdBalance": 111.59665967262626
}