{
  "ethBalance": 0.038589031500035925,
  "usdtBalance": 0,
  "usdcBalance": 0,
  "kenduBalance": 35199894.08324558,
  "ethBalanceInUsd": 96.55631694844489,
  "kenduBalanceInUsd": 1639.6110663975792,
  "totalUsdBalance": 96.55631694844489
}