{
  "ethBalance": 18.27649738337883,
  "usdtBalance": 0,
  "usdcBalance": 0,
  "kenduBalance": 10805029020.399477,
  "ethBalanceInUsd": 50939.339682084305,
  "kenduBalanceInUsd": 162939.8376276241,
  "totalUsdBalance": 50939.339682084305
}