{
  "ethBalance": 8.051792938400936,
  "usdtBalance": 22356.072978,
  "usdcBalance": 88.007775,
  "kenduBalance": 947823769.8171208,
  "ethBalanceInUsd": 21922.777669242994,
  "kenduBalanceInUsd": 106061.47984253582,
  "totalUsdBalance": 44366.85842224299
}