{
  "ethBalance": 0.5002741579676101,
  "usdtBalance": 0,
  "usdcBalance": null,
  "kenduBalance": 4855925261.348792,
  "ethBalanceInUsd": 1284.1987607612753,
  "kenduBalanceInUsd": 98866.63832106141,
  "totalUsdBalance": null
}