{
  "ethBalance": 0.3119048631851912,
  "usdtBalance": 0,
  "usdcBalance": 0.463046,
  "kenduBalance": 4175387837.757599,
  "ethBalanceInUsd": 621.2521064922638,
  "kenduBalanceInUsd": 39749.69221545234,
  "totalUsdBalance": 621.7151524922638
}