{
  "ethBalance": 0.038589031500035925,
  "usdtBalance": 0,
  "usdcBalance": 0,
  "kenduBalance": 35199894.08324558,
  "ethBalanceInUsd": 142.90483090250805,
  "kenduBalanceInUsd": 812.7655543821405,
  "totalUsdBalance": 142.90483090250805
}