{
  "ethBalance": 0.5002741579676101,
  "usdtBalance": 0,
  "usdcBalance": 100,
  "kenduBalance": 4855925261.348792,
  "ethBalanceInUsd": 1253.39187811363,
  "kenduBalanceInUsd": 132858.11515050294,
  "totalUsdBalance": 1353.39187811363
}