{
  "ethBalance": 0.04459919224178026,
  "usdtBalance": 0,
  "usdcBalance": 0,
  "kenduBalance": 517214787.4674407,
  "ethBalanceInUsd": 107.30119661449913,
  "kenduBalanceInUsd": 26714.143772693315,
  "totalUsdBalance": 107.30119661449913
}