{
  "ethBalance": 0.038589031500035925,
  "usdtBalance": 0,
  "usdcBalance": 0,
  "kenduBalance": 35199894.08324558,
  "ethBalanceInUsd": 121.00015306182765,
  "kenduBalanceInUsd": 1744.506750765651,
  "totalUsdBalance": 121.00015306182765
}