{
  "ethBalance": 0.04459919224178026,
  "usdtBalance": 0,
  "usdcBalance": 0,
  "kenduBalance": 517214787.4674407,
  "ethBalanceInUsd": 102.75832289275138,
  "kenduBalanceInUsd": 23631.543639387364,
  "totalUsdBalance": 102.75832289275138
}