{
  "ethBalance": 0.5002741579676101,
  "usdtBalance": 0,
  "usdcBalance": 100,
  "kenduBalance": 4855925261.348792,
  "ethBalanceInUsd": 1281.0620417908185,
  "kenduBalanceInUsd": 112608.90681067848,
  "totalUsdBalance": 1381.0620417908185
}