{
  "ethBalance": 0.0624422229661258,
  "usdtBalance": 0,
  "usdcBalance": 0,
  "kenduBalance": 6379544426.92592,
  "ethBalanceInUsd": 136.21458728945512,
  "kenduBalanceInUsd": 55310.65018144772,
  "totalUsdBalance": 136.21458728945512
}