{
  "ethBalance": 0.04459919224178026,
  "usdtBalance": 0,
  "usdcBalance": 0,
  "kenduBalance": 517214787.4674407,
  "ethBalanceInUsd": 105.80712367439949,
  "kenduBalanceInUsd": 25162.499410290988,
  "totalUsdBalance": 105.80712367439949
}