{
  "ethBalance": 0.5002741579676101,
  "usdtBalance": 0,
  "usdcBalance": 100,
  "kenduBalance": 4855925261.348792,
  "ethBalanceInUsd": 1329.028328056753,
  "kenduBalanceInUsd": 119649.99843963425,
  "totalUsdBalance": 1429.028328056753
}