{
  "ethBalance": 0.038589031500035925,
  "usdtBalance": 0,
  "usdcBalance": 0,
  "kenduBalance": 35199894.08324558,
  "ethBalanceInUsd": 118.53161271677034,
  "kenduBalanceInUsd": 1190.812416836198,
  "totalUsdBalance": 118.53161271677034
}