{
  "ethBalance": 0.3196155371451788,
  "usdtBalance": 0,
  "usdcBalance": 884.463046,
  "kenduBalance": 5453954448.539579,
  "ethBalanceInUsd": 616.9954213711676,
  "kenduBalanceInUsd": 37686.82523940849,
  "totalUsdBalance": 1501.4584673711674
}