{
  "ethBalance": 0.038589031500035925,
  "usdtBalance": 0,
  "usdcBalance": 0,
  "kenduBalance": 35199894.08324558,
  "ethBalanceInUsd": 126.90118775881315,
  "kenduBalanceInUsd": 813.117553322973,
  "totalUsdBalance": 126.90118775881315
}