{
  "ethBalance": 1.3983253659562933,
  "usdtBalance": 0,
  "usdcBalance": null,
  "kenduBalance": 4482236645.828448,
  "ethBalanceInUsd": 6462.02508067918,
  "kenduBalanceInUsd": 59255.16845785209,
  "totalUsdBalance": null
}