{
  "ethBalance": 0.038589031500035925,
  "usdtBalance": 0,
  "usdcBalance": 0,
  "kenduBalance": 35199894.08324558,
  "ethBalanceInUsd": 102.3701404342403,
  "kenduBalanceInUsd": 1240.7962664344068,
  "totalUsdBalance": 102.3701404342403
}