{
  "ethBalance": 0.5002741579676101,
  "usdtBalance": 0,
  "usdcBalance": 100,
  "kenduBalance": 4855925261.348792,
  "ethBalanceInUsd": 1118.6880583392713,
  "kenduBalanceInUsd": 96778.59045868143,
  "totalUsdBalance": 1218.6880583392713
}