{
  "ethBalance": 0.04459919224178026,
  "usdtBalance": 0,
  "usdcBalance": 0,
  "kenduBalance": 517214787.4674407,
  "ethBalanceInUsd": 112.3988842877346,
  "kenduBalanceInUsd": 33996.527980234874,
  "totalUsdBalance": 112.3988842877346
}