{
  "ethBalance": 0.04459919224178026,
  "usdtBalance": 0,
  "usdcBalance": 0,
  "kenduBalance": 517214787.4674407,
  "ethBalanceInUsd": 103.4001052691106,
  "kenduBalanceInUsd": 25545.2383530169,
  "totalUsdBalance": 103.4001052691106
}