{
  "ethBalance": 0.5002741579676101,
  "usdtBalance": 0,
  "usdcBalance": 100,
  "kenduBalance": 4855925261.348792,
  "ethBalanceInUsd": 1262.256736192816,
  "kenduBalanceInUsd": 165732.7291698343,
  "totalUsdBalance": 1362.256736192816
}