{
  "ethBalance": 0.04459919224178026,
  "usdtBalance": 0,
  "usdcBalance": 0,
  "kenduBalance": 517214787.4674407,
  "ethBalanceInUsd": 105.69607168571744,
  "kenduBalanceInUsd": 24728.03898881834,
  "totalUsdBalance": 105.69607168571744
}