{
  "ethBalance": 0.04459919224178026,
  "usdtBalance": 0,
  "usdcBalance": 0,
  "kenduBalance": 517214787.4674407,
  "ethBalanceInUsd": 105.22733417525635,
  "kenduBalanceInUsd": 24862.514833559875,
  "totalUsdBalance": 105.22733417525635
}