{
  "ethBalance": 0.5002741579676101,
  "usdtBalance": 0,
  "usdcBalance": 100,
  "kenduBalance": 4855925261.348792,
  "ethBalanceInUsd": 1303.9796009673148,
  "kenduBalanceInUsd": 120718.30199713097,
  "totalUsdBalance": 1403.9796009673148
}