{
  "ethBalance": 0.038589031500035925,
  "usdtBalance": 0,
  "usdcBalance": 0,
  "kenduBalance": 35199894.08324558,
  "ethBalanceInUsd": 117.69963319762957,
  "kenduBalanceInUsd": 713.1498541265555,
  "totalUsdBalance": 117.69963319762957
}