{
  "ethBalance": 0.3119048631851912,
  "usdtBalance": 0,
  "usdcBalance": 0.463046,
  "kenduBalance": 4175387837.757599,
  "ethBalanceInUsd": 631.6666098740174,
  "kenduBalanceInUsd": 57202.813377279104,
  "totalUsdBalance": 632.1296558740173
}