{
  "ethBalance": 0.038589031500035925,
  "usdtBalance": 0,
  "usdcBalance": 0,
  "kenduBalance": 35199894.08324558,
  "ethBalanceInUsd": 128.62997637001476,
  "kenduBalanceInUsd": 822.9735236662817,
  "totalUsdBalance": 128.62997637001476
}