{
  "ethBalance": 0.7135340112304981,
  "usdtBalance": 0,
  "usdcBalance": null,
  "kenduBalance": 4482236645.828448,
  "ethBalanceInUsd": 2985.0838066630135,
  "kenduBalanceInUsd": 48049.57684328097,
  "totalUsdBalance": null
}