{
  "ethBalance": 0.0624422229661258,
  "usdtBalance": 0,
  "usdcBalance": 0,
  "kenduBalance": 6379544426.92592,
  "ethBalanceInUsd": 140.49999705162034,
  "kenduBalanceInUsd": 53715.764074716244,
  "totalUsdBalance": 140.49999705162034
}