{
  "ethBalance": 0.038589031500035925,
  "usdtBalance": 0,
  "usdcBalance": 0,
  "kenduBalance": 35199894.08324558,
  "ethBalanceInUsd": 129.91074632550095,
  "kenduBalanceInUsd": 689.9179240316133,
  "totalUsdBalance": 129.91074632550095
}