{
  "ethBalance": 0.04272247540230626,
  "usdtBalance": 0,
  "usdcBalance": 0,
  "kenduBalance": 517214787.4674407,
  "ethBalanceInUsd": 114.19845842462671,
  "kenduBalanceInUsd": 27360.662257027612,
  "totalUsdBalance": 114.19845842462671
}