{
  "ethBalance": 0.3196155371451788,
  "usdtBalance": 0,
  "usdcBalance": 884.463046,
  "kenduBalance": 5453954448.539579,
  "ethBalanceInUsd": 629.9909891114905,
  "kenduBalanceInUsd": 36159.71799381741,
  "totalUsdBalance": 1514.4540351114906
}