{
  "ethBalance": 0.0624422229661258,
  "usdtBalance": 0,
  "usdcBalance": 0,
  "kenduBalance": 6384544426.92592,
  "ethBalanceInUsd": 118.16191620771849,
  "kenduBalanceInUsd": 46032.56531813588,
  "totalUsdBalance": 118.16191620771849
}