{
  "ethBalance": 9.40272155275617,
  "usdtBalance": 3949.089252,
  "usdcBalance": 8005.206012,
  "kenduBalance": 11652025441.98484,
  "ethBalanceInUsd": 29516.08322625689,
  "kenduBalanceInUsd": 246323.81784355955,
  "totalUsdBalance": 41470.378490256895
}