{
  "ethBalance": 0.06254024854608203,
  "usdtBalance": 0,
  "usdcBalance": 0,
  "kenduBalance": 6456272656.749752,
  "ethBalanceInUsd": 138.87062189657516,
  "kenduBalanceInUsd": 60818.08842658266,
  "totalUsdBalance": 138.87062189657516
}