{
  "ethBalance": 0.5002741579676101,
  "usdtBalance": 0,
  "usdcBalance": 100,
  "kenduBalance": 4855925261.348792,
  "ethBalanceInUsd": 1277.470073336611,
  "kenduBalanceInUsd": 126448.29380552255,
  "totalUsdBalance": 1377.470073336611
}