{
  "ethBalance": 0.5002741579676101,
  "usdtBalance": 0,
  "usdcBalance": 100,
  "kenduBalance": 4855925261.348792,
  "ethBalanceInUsd": 1278.4706216525462,
  "kenduBalanceInUsd": 112948.82157897291,
  "totalUsdBalance": 1378.4706216525462
}