{
  "ethBalance": 0.3119048631851912,
  "usdtBalance": 0,
  "usdcBalance": 0.463046,
  "kenduBalance": 4175387837.757599,
  "ethBalanceInUsd": 615.7656999488363,
  "kenduBalanceInUsd": 34697.472931765646,
  "totalUsdBalance": 616.2287459488363
}