{
  "ethBalance": 0.3117728554842481,
  "usdtBalance": 0,
  "usdcBalance": 0.463046,
  "kenduBalance": 4113980899.4295063,
  "ethBalanceInUsd": 557.8239930324168,
  "kenduBalanceInUsd": 39864.47491547192,
  "totalUsdBalance": 558.2870390324167
}