{
  "ethBalance": 0.04841366454199495,
  "usdtBalance": 90113.767042,
  "usdcBalance": 0,
  "kenduBalance": 946492975.4674407,
  "ethBalanceInUsd": 121.0007559264534,
  "kenduBalanceInUsd": 116286.12696592977,
  "totalUsdBalance": 90234.76779792646
}