{
  "ethBalance": 0.04459919224178026,
  "usdtBalance": 0,
  "usdcBalance": 0,
  "kenduBalance": 517214787.4674407,
  "ethBalanceInUsd": 102.48180790085236,
  "kenduBalanceInUsd": 26858.963913184198,
  "totalUsdBalance": 102.48180790085236
}