{
  "ethBalance": 0.038589031500035925,
  "usdtBalance": 0,
  "usdcBalance": 0,
  "kenduBalance": 35199894.08324558,
  "ethBalanceInUsd": 141.0386653391663,
  "kenduBalanceInUsd": 895.8373044186001,
  "totalUsdBalance": 141.0386653391663
}