{
  "ethBalance": 0.04272247540230626,
  "usdtBalance": 0,
  "usdcBalance": 0,
  "kenduBalance": 517214787.4674407,
  "ethBalanceInUsd": 113.51404436868177,
  "kenduBalanceInUsd": 29910.5311592421,
  "totalUsdBalance": 113.51404436868177
}