{
  "ethBalance": 0.04272247540230626,
  "usdtBalance": 0,
  "usdcBalance": 0,
  "kenduBalance": 517214787.4674407,
  "ethBalanceInUsd": 113.58966315014385,
  "kenduBalanceInUsd": 30970.821473550353,
  "totalUsdBalance": 113.58966315014385
}