{
  "ethBalance": 3.0028890292473904,
  "usdtBalance": 3946.421819,
  "usdcBalance": 5005.206012,
  "kenduBalance": 12632979609.52522,
  "ethBalanceInUsd": 9671.314609826193,
  "kenduBalanceInUsd": 288537.25428155606,
  "totalUsdBalance": 18622.94244082619
}