{
  "ethBalance": 0.038589031500035925,
  "usdtBalance": 0,
  "usdcBalance": 0,
  "kenduBalance": 35199894.08324558,
  "ethBalanceInUsd": 95.1671118144436,
  "kenduBalanceInUsd": 1182.0124433153867,
  "totalUsdBalance": 95.1671118144436
}