{
  "ethBalance": 0.3117728554842481,
  "usdtBalance": 0,
  "usdcBalance": 0.463046,
  "kenduBalance": 4113980899.4295063,
  "ethBalanceInUsd": 560.1092880631162,
  "kenduBalanceInUsd": 49367.77079315408,
  "totalUsdBalance": 560.5723340631162
}