{
  "ethBalance": 0.038589031500035925,
  "usdtBalance": 0,
  "usdcBalance": 0,
  "kenduBalance": 35199894.08324558,
  "ethBalanceInUsd": 146.54609191485144,
  "kenduBalanceInUsd": 1241.5002643160717,
  "totalUsdBalance": 146.54609191485144
}