{
  "ethBalance": 0.3119048631851912,
  "usdtBalance": 0,
  "usdcBalance": 0.463046,
  "kenduBalance": 4175387837.757599,
  "ethBalanceInUsd": 643.2289231522924,
  "kenduBalanceInUsd": 58747.70687724942,
  "totalUsdBalance": 643.6919691522924
}