{
  "ethBalance": 0.3196155371451788,
  "usdtBalance": 0,
  "usdcBalance": 884.463046,
  "kenduBalance": 5453954448.539579,
  "ethBalanceInUsd": 587.1976648431225,
  "kenduBalanceInUsd": 38668.53704014562,
  "totalUsdBalance": 1471.6607108431226
}