{
  "ethBalance": 0.0660488809860724,
  "usdtBalance": 0,
  "usdcBalance": 0,
  "kenduBalance": 7622102282.100412,
  "ethBalanceInUsd": 165.2192943202305,
  "kenduBalanceInUsd": 71495.31940610187,
  "totalUsdBalance": 165.2192943202305
}