{
  "ethBalance": 0.038589031500035925,
  "usdtBalance": 0,
  "usdcBalance": 0,
  "kenduBalance": 35199894.08324558,
  "ethBalanceInUsd": 139.8586127558952,
  "kenduBalanceInUsd": 915.5492451052177,
  "totalUsdBalance": 139.8586127558952
}