{
  "ethBalance": 0.038589031500035925,
  "usdtBalance": 0,
  "usdcBalance": 0,
  "kenduBalance": 35199894.08324558,
  "ethBalanceInUsd": 131.05413932884701,
  "kenduBalanceInUsd": 1136.6045799479998,
  "totalUsdBalance": 131.05413932884701
}