{
  "ethBalance": 6.7554413704538945,
  "usdtBalance": 22002.126666,
  "kenduBalance": 501472065.1465608,
  "ethBalanceInUsd": 22122.314073480185,
  "kenduBalanceInUsd": 88725.45248638101,
  "totalUsdBalance": 44124.44073948018
}