{
  "ethBalance": 0.045462183917402754,
  "usdtBalance": 0,
  "usdcBalance": 0,
  "kenduBalance": 307214787.46744066,
  "ethBalanceInUsd": 120.95032182489334,
  "kenduBalanceInUsd": 30487.995508268814,
  "totalUsdBalance": 120.95032182489334
}