{
  "ethBalance": 0.038589031500035925,
  "usdtBalance": 0,
  "usdcBalance": 0,
  "kenduBalance": 35199894.08324558,
  "ethBalanceInUsd": 118.85653236200065,
  "kenduBalanceInUsd": 808.1895681513186,
  "totalUsdBalance": 118.85653236200065
}