{
  "ethBalance": 0.5002741579676101,
  "usdtBalance": 0,
  "usdcBalance": 100,
  "kenduBalance": 4855925261.348792,
  "ethBalanceInUsd": 1205.865833106707,
  "kenduBalanceInUsd": 106199.08546569808,
  "totalUsdBalance": 1305.865833106707
}