{
  "ethBalance": 0.038589031500035925,
  "usdtBalance": 0,
  "usdcBalance": 0,
  "kenduBalance": 35199894.08324558,
  "ethBalanceInUsd": 138.582473484189,
  "kenduBalanceInUsd": 709.9818636590634,
  "totalUsdBalance": 138.582473484189
}