{
  "ethBalance": 0.038589031500035925,
  "usdtBalance": 0,
  "usdcBalance": 0,
  "kenduBalance": 35199894.08324558,
  "ethBalanceInUsd": 123.7476921046302,
  "kenduBalanceInUsd": 1806.1065654113308,
  "totalUsdBalance": 123.7476921046302
}