{
  "ethBalance": 0.04459919224178026,
  "usdtBalance": 0,
  "usdcBalance": 0,
  "kenduBalance": 517214787.4674407,
  "ethBalanceInUsd": 104.43257656950782,
  "kenduBalanceInUsd": 29708.817392129793,
  "totalUsdBalance": 104.43257656950782
}