{
  "ethBalance": 0.3196155371451788,
  "usdtBalance": 0,
  "usdcBalance": 884.463046,
  "kenduBalance": 5453954448.539579,
  "ethBalanceInUsd": 606.4513048007481,
  "kenduBalanceInUsd": 37195.96933903993,
  "totalUsdBalance": 1490.914350800748
}