{
  "ethBalance": 0.04459919224178026,
  "usdtBalance": 0,
  "usdcBalance": 0,
  "kenduBalance": 517214787.4674407,
  "ethBalanceInUsd": 107.57815759832059,
  "kenduBalanceInUsd": 28172.689473351496,
  "totalUsdBalance": 107.57815759832059
}