{
  "ethBalance": 0.04272247540230626,
  "usdtBalance": 0,
  "usdcBalance": 0,
  "kenduBalance": 517214787.4674407,
  "ethBalanceInUsd": 112.38189877052065,
  "kenduBalanceInUsd": 28607.149894824146,
  "totalUsdBalance": 112.38189877052065
}