{
  "ethBalance": 0.5002741579676101,
  "usdtBalance": 0,
  "usdcBalance": 100,
  "kenduBalance": 4855925261.348792,
  "ethBalanceInUsd": 1336.8676241121054,
  "kenduBalanceInUsd": 155680.96387884227,
  "totalUsdBalance": 1436.8676241121054
}