{
  "ethBalance": 0.700034011230498,
  "usdtBalance": 0,
  "usdcBalance": null,
  "kenduBalance": 4482236645.828448,
  "ethBalanceInUsd": 3119.8065761503985,
  "kenduBalanceInUsd": 49573.53730286264,
  "totalUsdBalance": null
}