{
  "ethBalance": 0.04459919224178026,
  "usdtBalance": 0,
  "usdcBalance": 0,
  "kenduBalance": 517214787.4674407,
  "ethBalanceInUsd": 103.99773444515046,
  "kenduBalanceInUsd": 21004.092519052767,
  "totalUsdBalance": 103.99773444515046
}