{
  "ethBalance": 0.5002741579676101,
  "usdtBalance": 0,
  "usdcBalance": 100,
  "kenduBalance": 4855925261.348792,
  "ethBalanceInUsd": 1165.3186126034323,
  "kenduBalanceInUsd": 99643.58636287722,
  "totalUsdBalance": 1265.3186126034323
}