{
  "ethBalance": 0.0624422229661258,
  "usdtBalance": 0,
  "usdcBalance": 0,
  "kenduBalance": 6379544426.92592,
  "ethBalanceInUsd": 146.18223934153778,
  "kenduBalanceInUsd": 64688.58048902882,
  "totalUsdBalance": 146.18223934153778
}