{
  "ethBalance": 0.038589031500035925,
  "usdtBalance": 0,
  "usdcBalance": 0,
  "kenduBalance": 35199894.08324558,
  "ethBalanceInUsd": 129.40484412253548,
  "kenduBalanceInUsd": 1146.108551350476,
  "totalUsdBalance": 129.40484412253548
}