{
  "ethBalance": 0.3579488855246269,
  "usdtBalance": 0,
  "usdcBalance": 0,
  "kenduBalance": 3705282011.416198,
  "ethBalanceInUsd": 633.4191888466693,
  "kenduBalanceInUsd": 48094.56050818224,
  "totalUsdBalance": 633.4191888466693
}