{
  "ethBalance": 0.045462183917402754,
  "usdtBalance": 0,
  "usdcBalance": 0,
  "kenduBalance": 307214787.46744066,
  "ethBalanceInUsd": 124.68003939347706,
  "kenduBalanceInUsd": 24549.533666523184,
  "totalUsdBalance": 124.68003939347706
}