{
  "ethBalance": 0.038589031500035925,
  "usdtBalance": 0,
  "usdcBalance": 0,
  "kenduBalance": 35199894.08324558,
  "ethBalanceInUsd": 130.25110158333126,
  "kenduBalanceInUsd": 665.2779981733414,
  "totalUsdBalance": 130.25110158333126
}