{
  "ethBalance": 0.5002741579676101,
  "usdtBalance": 0,
  "usdcBalance": 100,
  "kenduBalance": 4855925261.348792,
  "ethBalanceInUsd": 1370.6111160670207,
  "kenduBalanceInUsd": 138102.51443275964,
  "totalUsdBalance": 1470.6111160670207
}