{
  "ethBalance": 0.038589031500035925,
  "usdtBalance": 0,
  "usdcBalance": 0,
  "kenduBalance": 35199894.08324558,
  "ethBalanceInUsd": 122.78335220744431,
  "kenduBalanceInUsd": 788.1256285238686,
  "totalUsdBalance": 122.78335220744431
}