{
  "ethBalance": 0.04459919224178026,
  "usdtBalance": 0,
  "usdcBalance": 0,
  "kenduBalance": 517214787.4674407,
  "ethBalanceInUsd": 102.88543059064045,
  "kenduBalanceInUsd": 23409.141280776366,
  "totalUsdBalance": 102.88543059064045
}