{
  "ethBalance": 0.04459919224178026,
  "usdtBalance": 0,
  "usdcBalance": 0,
  "kenduBalance": 517214787.4674407,
  "ethBalanceInUsd": 109.57887736228683,
  "kenduBalanceInUsd": 34255.135373968595,
  "totalUsdBalance": 109.57887736228683
}