{
  "ethBalance": 0.04459919224178026,
  "usdtBalance": 0,
  "usdcBalance": 0,
  "kenduBalance": 517214787.4674407,
  "ethBalanceInUsd": 113.99821132152485,
  "kenduBalanceInUsd": 29512.275772892168,
  "totalUsdBalance": 113.99821132152485
}