{
  "ethBalance": 0.038589031500035925,
  "usdtBalance": 0,
  "usdcBalance": 0,
  "kenduBalance": 35199894.08324558,
  "ethBalanceInUsd": 128.83295467570494,
  "kenduBalanceInUsd": 903.581281116914,
  "totalUsdBalance": 128.83295467570494
}