{
  "ethBalance": 0.04459919224178026,
  "usdtBalance": 0,
  "usdcBalance": 0,
  "kenduBalance": 517214787.4674407,
  "ethBalanceInUsd": 111.02612115053262,
  "kenduBalanceInUsd": 32812.10611693444,
  "totalUsdBalance": 111.02612115053262
}