{
  "ethBalance": 8.051792938400936,
  "usdtBalance": 22380.187863,
  "usdcBalance": 88.007775,
  "kenduBalance": 947823769.8171208,
  "ethBalanceInUsd": 20228.84147086221,
  "kenduBalanceInUsd": 111539.90123207877,
  "totalUsdBalance": 42697.03710886221
}