{
  "ethBalance": 0.04272247540230626,
  "usdtBalance": 0,
  "usdcBalance": 0,
  "kenduBalance": 517214787.4674407,
  "ethBalanceInUsd": 113.97715600204275,
  "kenduBalanceInUsd": 30644.97615744586,
  "totalUsdBalance": 113.97715600204275
}