{
  "ethBalance": 0.03983369884579122,
  "usdtBalance": 0,
  "usdcBalance": 0,
  "kenduBalance": 1091213805.8365645,
  "ethBalanceInUsd": 104.45112843945682,
  "kenduBalanceInUsd": 46573.00523310457,
  "totalUsdBalance": 104.45112843945682
}