{
  "ethBalance": 0.3196155371451788,
  "usdtBalance": 0,
  "usdcBalance": 884.463046,
  "kenduBalance": 5453954448.539579,
  "ethBalanceInUsd": 620.3417960450776,
  "kenduBalanceInUsd": 36105.178449332016,
  "totalUsdBalance": 1504.8048420450775
}