{
  "ethBalance": 0.038589031500035925,
  "usdtBalance": 0,
  "usdcBalance": 0,
  "kenduBalance": 35199894.08324558,
  "ethBalanceInUsd": 140.7924673181961,
  "kenduBalanceInUsd": 884.925337252794,
  "totalUsdBalance": 140.7924673181961
}