{
  "ethBalance": 0.04459919224178026,
  "usdtBalance": 0,
  "usdcBalance": 0,
  "kenduBalance": 517214787.4674407,
  "ethBalanceInUsd": 113.39969016164015,
  "kenduBalanceInUsd": 35946.427728987124,
  "totalUsdBalance": 113.39969016164015
}