{
  "ethBalance": 0.038589031500035925,
  "usdtBalance": 0,
  "usdcBalance": 0,
  "kenduBalance": 35199894.08324558,
  "ethBalanceInUsd": 127.24617370042345,
  "kenduBalanceInUsd": 508.6384695028987,
  "totalUsdBalance": 127.24617370042345
}