{
  "ethBalance": 0.045462183917402754,
  "usdtBalance": 0,
  "usdcBalance": 0,
  "kenduBalance": 307214787.46744066,
  "ethBalanceInUsd": 118.10893533005566,
  "kenduBalanceInUsd": 27695.413090189773,
  "totalUsdBalance": 118.10893533005566
}