{
  "ethBalance": 0.038589031500035925,
  "usdtBalance": 0,
  "usdcBalance": 0,
  "kenduBalance": 35199894.08324558,
  "ethBalanceInUsd": 149.77676563203443,
  "kenduBalanceInUsd": 1132.3805926580103,
  "totalUsdBalance": 149.77676563203443
}