{
  "ethBalance": 0.04459919224178026,
  "usdtBalance": 0,
  "usdcBalance": 0,
  "kenduBalance": 517214787.4674407,
  "ethBalanceInUsd": 103.94599938214999,
  "kenduBalanceInUsd": 26383.126308714152,
  "totalUsdBalance": 103.94599938214999
}