{
  "ethBalance": 18.27649738337883,
  "usdtBalance": 0,
  "usdcBalance": 0,
  "kenduBalance": 10805029020.399477,
  "ethBalanceInUsd": 49375.054271040906,
  "kenduBalanceInUsd": 127175.19157010186,
  "totalUsdBalance": 49375.054271040906
}