{
  "ethBalance": 0.038589031500035925,
  "usdtBalance": 0,
  "usdcBalance": 0,
  "kenduBalance": 35199894.08324558,
  "ethBalanceInUsd": 129.24354197086532,
  "kenduBalanceInUsd": 924.349218626029,
  "totalUsdBalance": 129.24354197086532
}