{
  "ethBalance": 0.038589031500035925,
  "usdtBalance": 0,
  "usdcBalance": 0,
  "kenduBalance": 35199894.08324558,
  "ethBalanceInUsd": 96.40967862874476,
  "kenduBalanceInUsd": 1175.3244634395699,
  "totalUsdBalance": 96.40967862874476
}