{
  "ethBalance": 0.7404211583199757,
  "usdtBalance": 0,
  "usdcBalance": null,
  "kenduBalance": 4730282940.56362,
  "ethBalanceInUsd": 2719.1522786606115,
  "kenduBalanceInUsd": 81833.89487175063,
  "totalUsdBalance": null
}