{
  "ethBalance": 0.5002741579676101,
  "usdtBalance": 0,
  "usdcBalance": 100,
  "kenduBalance": 4855925261.348792,
  "ethBalanceInUsd": 1318.3824939752024,
  "kenduBalanceInUsd": 137714.04041185175,
  "totalUsdBalance": 1418.3824939752024
}