{
  "ethBalance": 0.038589031500035925,
  "usdtBalance": 0,
  "usdcBalance": 0,
  "kenduBalance": 35199894.08324558,
  "ethBalanceInUsd": 128.3733593105395,
  "kenduBalanceInUsd": 1100.348689042257,
  "totalUsdBalance": 128.3733593105395
}