{
  "ethBalance": 0.3119048631851912,
  "usdtBalance": 0,
  "usdcBalance": 0.463046,
  "kenduBalance": 4175387837.757599,
  "ethBalanceInUsd": 637.9982785966766,
  "kenduBalanceInUsd": 51566.039796306344,
  "totalUsdBalance": 638.4613245966766
}