{
  "ethBalance": 0.3579488855246269,
  "usdtBalance": 0,
  "usdcBalance": 0,
  "kenduBalance": 3705282011.416198,
  "ethBalanceInUsd": 563.837504989537,
  "kenduBalanceInUsd": 48798.56409035132,
  "totalUsdBalance": 563.837504989537
}