{
  "ethBalance": 0.038589031500035925,
  "usdtBalance": 0,
  "usdcBalance": 0,
  "kenduBalance": 35199894.08324558,
  "ethBalanceInUsd": 126.58707304240285,
  "kenduBalanceInUsd": 705.0538784874091,
  "totalUsdBalance": 126.58707304240285
}