{
  "ethBalance": 0.038589031500035925,
  "usdtBalance": 0,
  "usdcBalance": 0,
  "kenduBalance": 35199894.08324558,
  "ethBalanceInUsd": 128.95914080871006,
  "kenduBalanceInUsd": 1726.5548047831958,
  "totalUsdBalance": 128.95914080871006
}