{
  "ethBalance": 0.038589031500035925,
  "usdtBalance": 0,
  "usdcBalance": 0,
  "kenduBalance": 35199894.08324558,
  "ethBalanceInUsd": 97.26944225056556,
  "kenduBalanceInUsd": 1630.8110928767678,
  "totalUsdBalance": 97.26944225056556
}