{
  "ethBalance": 0.04459919224178026,
  "usdtBalance": 0,
  "usdcBalance": 0,
  "kenduBalance": 517214787.4674407,
  "ethBalanceInUsd": 106.6745779635021,
  "kenduBalanceInUsd": 22674.6962825726,
  "totalUsdBalance": 106.6745779635021
}