{
  "ethBalance": 0.04841366454199495,
  "usdtBalance": 90113.767042,
  "usdcBalance": 0,
  "kenduBalance": 946492975.4674407,
  "ethBalanceInUsd": 117.27096721013811,
  "kenduBalanceInUsd": 104521.21928086948,
  "totalUsdBalance": 90231.03800921014
}