{
  "ethBalance": 0.038589031500035925,
  "usdtBalance": 0,
  "usdcBalance": 0,
  "kenduBalance": 35199894.08324558,
  "ethBalanceInUsd": 153.8332446233182,
  "kenduBalanceInUsd": 1776.8906533222369,
  "totalUsdBalance": 153.8332446233182
}