{
  "ethBalance": 0.9901682600569678,
  "usdtBalance": 0,
  "usdcBalance": null,
  "kenduBalance": 4550810118.308841,
  "ethBalanceInUsd": 4251.307227919793,
  "kenduBalanceInUsd": 59661.120651028905,
  "totalUsdBalance": null
}