{
  "ethBalance": 0.35779268808449755,
  "usdtBalance": 0,
  "usdcBalance": 0,
  "kenduBalance": 3546950453.60037,
  "ethBalanceInUsd": 657.6050710649023,
  "kenduBalanceInUsd": 39903.192603004165,
  "totalUsdBalance": 657.6050710649023
}