{
  "ethBalance": 0.10788809429719365,
  "usdtBalance": 3946.421819,
  "usdcBalance": 0,
  "kenduBalance": 13268928669.075045,
  "ethBalanceInUsd": 349.4150132384351,
  "kenduBalanceInUsd": 325619.50953910156,
  "totalUsdBalance": 4295.836832238435
}