{
  "ethBalance": 0.35703877941042383,
  "usdtBalance": 0,
  "usdcBalance": 0,
  "kenduBalance": 4855947774.956796,
  "ethBalanceInUsd": 918.2430440511104,
  "kenduBalanceInUsd": 192635.4482325361,
  "totalUsdBalance": 918.2430440511104
}