{
  "ethBalance": 0.038589031500035925,
  "usdtBalance": 0,
  "usdcBalance": 0,
  "kenduBalance": 35199894.08324558,
  "ethBalanceInUsd": 123.48335723885496,
  "kenduBalanceInUsd": 740.2537725706546,
  "totalUsdBalance": 123.48335723885496
}