{
  "ethBalance": 0.0624422229661258,
  "usdtBalance": 0,
  "usdcBalance": 0,
  "kenduBalance": 6379544426.92592,
  "ethBalanceInUsd": 137.99044411061175,
  "kenduBalanceInUsd": 54289.92307313957,
  "totalUsdBalance": 137.99044411061175
}