{
  "ethBalance": 0.038589031500035925,
  "usdtBalance": 0,
  "usdcBalance": 0,
  "kenduBalance": 35199894.08324558,
  "ethBalanceInUsd": 138.50298007929894,
  "kenduBalanceInUsd": 763.8377016064292,
  "totalUsdBalance": 138.50298007929894
}