{
  "ethBalance": 0.3117728554842481,
  "usdtBalance": 0,
  "usdcBalance": 0.463046,
  "kenduBalance": 4113980899.4295063,
  "ethBalanceInUsd": 564.19351246996,
  "kenduBalanceInUsd": 48915.23289421683,
  "totalUsdBalance": 564.6565584699599
}