{
  "ethBalance": 0.7404211583199757,
  "usdtBalance": 0,
  "usdcBalance": null,
  "kenduBalance": 4745282940.56362,
  "ethBalanceInUsd": 3269.870132007426,
  "kenduBalanceInUsd": 78297.16851929972,
  "totalUsdBalance": null
}