{
  "ethBalance": 0.04459919224178026,
  "usdtBalance": 0,
  "usdcBalance": 0,
  "kenduBalance": 517214787.4674407,
  "ethBalanceInUsd": 112.76147572066027,
  "kenduBalanceInUsd": 32419.022878459185,
  "totalUsdBalance": 112.76147572066027
}