{
  "ethBalance": 0.35769432885289126,
  "usdtBalance": 0,
  "usdcBalance": 0,
  "kenduBalance": 4514955040.756332,
  "ethBalanceInUsd": 956.4245581465918,
  "kenduBalanceInUsd": 91789.03597857624,
  "totalUsdBalance": 956.4245581465918
}