{
  "ethBalance": 0.0624422229661258,
  "usdtBalance": 0,
  "usdcBalance": 0,
  "kenduBalance": 6379544426.92592,
  "ethBalanceInUsd": 148.6124906593794,
  "kenduBalanceInUsd": 67240.3982597992,
  "totalUsdBalance": 148.6124906593794
}