{
  "ethBalance": 0.04459919224178026,
  "usdtBalance": 0,
  "usdcBalance": 0,
  "kenduBalance": 517214787.4674407,
  "ethBalanceInUsd": 105.34730600238673,
  "kenduBalanceInUsd": 27417.555883649035,
  "totalUsdBalance": 105.34730600238673
}