{
  "ethBalance": 0.35779268808449755,
  "usdtBalance": 0,
  "usdcBalance": 0,
  "kenduBalance": 3546950453.60037,
  "ethBalanceInUsd": 634.8888132984175,
  "kenduBalanceInUsd": 37278.449267339885,
  "totalUsdBalance": 634.8888132984175
}