{
  "ethBalance": 0.045462183917402754,
  "usdtBalance": 0,
  "usdcBalance": 0,
  "kenduBalance": 307214787.46744066,
  "ethBalanceInUsd": 119.29367984294318,
  "kenduBalanceInUsd": 29726.10283534956,
  "totalUsdBalance": 119.29367984294318
}