{
  "ethBalance": 0.3579488855246269,
  "usdtBalance": 0,
  "usdcBalance": 0,
  "kenduBalance": 3705282011.416198,
  "ethBalanceInUsd": 562.4880376911092,
  "kenduBalanceInUsd": 45537.915920305066,
  "totalUsdBalance": 562.4880376911092
}