{
  "ethBalance": 0.35703877941042383,
  "usdtBalance": 0,
  "usdcBalance": 0,
  "kenduBalance": 4855947774.956796,
  "ethBalanceInUsd": 904.979053396013,
  "kenduBalanceInUsd": 127128.71274836891,
  "totalUsdBalance": 904.979053396013
}