{
  "ethBalance": 13.137286239147711,
  "usdtBalance": 3949.089252,
  "usdcBalance": 8005.206012,
  "kenduBalance": 10956565319.655027,
  "ethBalanceInUsd": 42325.7088052861,
  "kenduBalanceInUsd": 228992.21518079008,
  "totalUsdBalance": 54280.0040692861
}