{
  "ethBalance": 0.5002741579676101,
  "usdtBalance": 0,
  "usdcBalance": 100,
  "kenduBalance": 4855925261.348792,
  "ethBalanceInUsd": 1271.8219780931568,
  "kenduBalanceInUsd": 121349.57228110632,
  "totalUsdBalance": 1371.8219780931568
}