{
  "ethBalance": 0.5002741579676101,
  "usdtBalance": 0,
  "usdcBalance": 100,
  "kenduBalance": 4855925261.348792,
  "ethBalanceInUsd": 1173.0428456024522,
  "kenduBalanceInUsd": 97458.41999527025,
  "totalUsdBalance": 1273.0428456024522
}