{
  "ethBalance": 0.038589031500035925,
  "usdtBalance": 0,
  "usdcBalance": 0,
  "kenduBalance": 35199894.08324558,
  "ethBalanceInUsd": 151.48625972748604,
  "kenduBalanceInUsd": 1255.9322208902022,
  "totalUsdBalance": 151.48625972748604
}