{
  "ethBalance": 0.038589031500035925,
  "usdtBalance": 0,
  "usdcBalance": 0,
  "kenduBalance": 35199894.08324558,
  "ethBalanceInUsd": 99.44277650464757,
  "kenduBalanceInUsd": 1137.3085778296647,
  "totalUsdBalance": 99.44277650464757
}