{
  "ethBalance": 0.038589031500035925,
  "usdtBalance": 0,
  "usdcBalance": 0,
  "kenduBalance": 35199894.08324558,
  "ethBalanceInUsd": 102.84517141200574,
  "kenduBalanceInUsd": 1211.9323532861454,
  "totalUsdBalance": 102.84517141200574
}