{
  "ethBalance": 0.04272247540230626,
  "usdtBalance": 0,
  "usdcBalance": 0,
  "kenduBalance": 517214787.4674407,
  "ethBalanceInUsd": 106.17859534210577,
  "kenduBalanceInUsd": 26341.749125716757,
  "totalUsdBalance": 106.17859534210577
}