{
  "ethBalance": 0.045462183917402754,
  "usdtBalance": 0,
  "usdcBalance": 0,
  "kenduBalance": 307214787.46744066,
  "ethBalanceInUsd": 120.13018402702339,
  "kenduBalanceInUsd": 18248.558375565975,
  "totalUsdBalance": 120.13018402702339
}