{
  "ethBalance": 0.04272247540230626,
  "usdtBalance": 0,
  "usdcBalance": 0,
  "kenduBalance": 517214787.4674407,
  "ethBalanceInUsd": 109.96466111225814,
  "kenduBalanceInUsd": 24640.112474948874,
  "totalUsdBalance": 109.96466111225814
}