{
  "ethBalance": 0.038589031500035925,
  "usdtBalance": 0,
  "usdcBalance": 0,
  "kenduBalance": 35199894.08324558,
  "ethBalanceInUsd": 126.46088690939773,
  "kenduBalanceInUsd": 670.205983344996,
  "totalUsdBalance": 126.46088690939773
}