{
  "ethBalance": 0.038589031500035925,
  "usdtBalance": 0,
  "usdcBalance": 0,
  "kenduBalance": 35199894.08324558,
  "ethBalanceInUsd": 121.34089420997297,
  "kenduBalanceInUsd": 1877.5623504003195,
  "totalUsdBalance": 121.34089420997297
}