{
  "ethBalance": 0.35779268808449755,
  "usdtBalance": 0,
  "usdcBalance": 0,
  "kenduBalance": 3546950453.60037,
  "ethBalanceInUsd": 759.6368119259583,
  "kenduBalanceInUsd": 53523.48234482958,
  "totalUsdBalance": 759.6368119259583
}