{
  "ethBalance": 0.0660488809860724,
  "usdtBalance": 0,
  "usdcBalance": 0,
  "kenduBalance": 7622102282.100412,
  "ethBalanceInUsd": 181.14632148121203,
  "kenduBalanceInUsd": 69361.13076711375,
  "totalUsdBalance": 181.14632148121203
}