{
  "ethBalance": 0.35703877941042383,
  "usdtBalance": 0,
  "usdcBalance": 0,
  "kenduBalance": 4855947774.956796,
  "ethBalanceInUsd": 884.3743454362375,
  "kenduBalanceInUsd": 159517.88440733074,
  "totalUsdBalance": 884.3743454362375
}