{
  "ethBalance": 13.47560135212183,
  "usdtBalance": 3949.089252,
  "usdcBalance": 8005.206012,
  "kenduBalance": 10805029020.399477,
  "ethBalanceInUsd": 44681.590427284435,
  "kenduBalanceInUsd": 196975.67904188245,
  "totalUsdBalance": 56635.885691284435
}