{
  "ethBalance": 0.038589031500035925,
  "usdtBalance": 0,
  "usdcBalance": 0,
  "kenduBalance": 35199894.08324558,
  "ethBalanceInUsd": 121.20544670940784,
  "kenduBalanceInUsd": 972.9250724609079,
  "totalUsdBalance": 121.20544670940784
}