{
  "ethBalance": 0.038589031500035925,
  "usdtBalance": 0,
  "usdcBalance": 0,
  "kenduBalance": 35199894.08324558,
  "ethBalanceInUsd": 150.10322883852473,
  "kenduBalanceInUsd": 1222.8443204519517,
  "totalUsdBalance": 150.10322883852473
}