{
  "ethBalance": 0.09970106613863479,
  "usdtBalance": 0,
  "usdcBalance": 2500,
  "kenduBalance": 6024495045.797036,
  "ethBalanceInUsd": 193.08008767341875,
  "kenduBalanceInUsd": 43075.13957744881,
  "totalUsdBalance": 2693.080087673419
}