{
  "ethBalance": 0.038589031500035925,
  "usdtBalance": 0,
  "usdcBalance": 0,
  "kenduBalance": 35199894.08324558,
  "ethBalanceInUsd": 121.79470122041339,
  "kenduBalanceInUsd": 1230.5882971502656,
  "totalUsdBalance": 121.79470122041339
}