{
  "ethBalance": 0.35769432885289126,
  "usdtBalance": 0,
  "usdcBalance": 0,
  "kenduBalance": 4514955040.756332,
  "ethBalanceInUsd": 891.1417661876507,
  "kenduBalanceInUsd": 77431.4789489711,
  "totalUsdBalance": 891.1417661876507
}