{
  "ethBalance": 0.045462183917402754,
  "usdtBalance": 0,
  "usdcBalance": 0,
  "kenduBalance": 307214787.46744066,
  "ethBalanceInUsd": 119.56008824069916,
  "kenduBalanceInUsd": 19603.37558829739,
  "totalUsdBalance": 119.56008824069916
}