{
  "ethBalance": 0.038589031500035925,
  "usdtBalance": 0,
  "usdcBalance": 0,
  "kenduBalance": 35199894.08324558,
  "ethBalanceInUsd": 100.962412565119,
  "kenduBalanceInUsd": 1260.8602060618568,
  "totalUsdBalance": 100.962412565119
}