{
  "ethBalance": 0.30943876692005484,
  "usdtBalance": 0,
  "usdcBalance": 0,
  "kenduBalance": 8110029020.399477,
  "ethBalanceInUsd": 848.8586141904328,
  "kenduBalanceInUsd": 89534.72038521022,
  "totalUsdBalance": 848.8586141904328
}