{
  "ethBalance": 0.04272247540230626,
  "usdtBalance": 0,
  "usdcBalance": 0,
  "kenduBalance": 517214787.4674407,
  "ethBalanceInUsd": 100.014169366307,
  "kenduBalanceInUsd": 23109.15670404525,
  "totalUsdBalance": 100.014169366307
}