{
  "ethBalance": 0.5002741579676101,
  "usdtBalance": 0,
  "usdcBalance": 100,
  "kenduBalance": 4855925261.348792,
  "ethBalanceInUsd": 1253.146743776226,
  "kenduBalanceInUsd": 124797.27921666396,
  "totalUsdBalance": 1353.146743776226
}