{
  "ethBalance": 0.045462183917402754,
  "usdtBalance": 0,
  "usdcBalance": 0,
  "kenduBalance": 307214787.46744066,
  "ethBalanceInUsd": 121.06625039388271,
  "kenduBalanceInUsd": 25065.654509468484,
  "totalUsdBalance": 121.06625039388271
}