{
  "ethBalance": 0.3117728554842481,
  "usdtBalance": 0,
  "usdcBalance": 0.463046,
  "kenduBalance": 4113980899.4295063,
  "ethBalanceInUsd": 551.9501924350934,
  "kenduBalanceInUsd": 47146.221107462145,
  "totalUsdBalance": 552.4132384350934
}