{
  "ethBalance": 0.3119048631851912,
  "usdtBalance": 0,
  "usdcBalance": 0.463046,
  "kenduBalance": 4175387837.757599,
  "ethBalanceInUsd": 642.202756152413,
  "kenduBalanceInUsd": 52651.64063412332,
  "totalUsdBalance": 642.665802152413
}