{
  "ethBalance": 0.045462183917402754,
  "usdtBalance": 0,
  "usdcBalance": 0,
  "kenduBalance": 307214787.46744066,
  "ethBalanceInUsd": 125.48608391433261,
  "kenduBalanceInUsd": 26266.864328466178,
  "totalUsdBalance": 125.48608391433261
}