{
  "ethBalance": 0.038589031500035925,
  "usdtBalance": 0,
  "usdcBalance": 0,
  "kenduBalance": 35199894.08324558,
  "ethBalanceInUsd": 143.15758905883328,
  "kenduBalanceInUsd": 736.0297852806652,
  "totalUsdBalance": 143.15758905883328
}