{
  "ethBalance": 2.037084045317489,
  "usdtBalance": 0,
  "usdcBalance": 0,
  "kenduBalance": 8110029020.399477,
  "ethBalanceInUsd": 5588.6993366476245,
  "kenduBalanceInUsd": 100645.46014315751,
  "totalUsdBalance": 5588.6993366476245
}