{
  "ethBalance": 0.5002741579676101,
  "usdtBalance": 0,
  "usdcBalance": 100,
  "kenduBalance": 4855925261.348792,
  "ethBalanceInUsd": 1277.0598485270775,
  "kenduBalanceInUsd": 130867.18579334996,
  "totalUsdBalance": 1377.0598485270775
}