{
  "ethBalance": 0.038589031500035925,
  "usdtBalance": 0,
  "usdcBalance": 0,
  "kenduBalance": 35199894.08324558,
  "ethBalanceInUsd": 101.96688505506494,
  "kenduBalanceInUsd": 1448.1236425847233,
  "totalUsdBalance": 101.96688505506494
}