{
  "ethBalance": 0.0624422229661258,
  "usdtBalance": 0,
  "usdcBalance": 0,
  "kenduBalance": 6384544426.92592,
  "ethBalanceInUsd": 133.23172229836328,
  "kenduBalanceInUsd": 52672.491522138844,
  "totalUsdBalance": 133.23172229836328
}