{
  "ethBalance": 0.038589031500035925,
  "usdtBalance": 0,
  "usdcBalance": 0,
  "kenduBalance": 35199894.08324558,
  "ethBalanceInUsd": 117.99561106923485,
  "kenduBalanceInUsd": 1298.172093790097,
  "totalUsdBalance": 117.99561106923485
}