{
  "ethBalance": 0.35769432885289126,
  "usdtBalance": 0,
  "usdcBalance": 0,
  "kenduBalance": 4514955040.756332,
  "ethBalanceInUsd": 898.617577660676,
  "kenduBalanceInUsd": 80907.99433035348,
  "totalUsdBalance": 898.617577660676
}