{
  "ethBalance": 0.04272247540230626,
  "usdtBalance": 0,
  "usdcBalance": 0,
  "kenduBalance": 517214787.4674407,
  "ethBalanceInUsd": 109.03544727225798,
  "kenduBalanceInUsd": 29000.2331332994,
  "totalUsdBalance": 109.03544727225798
}