{
  "ethBalance": 0.038589031500035925,
  "usdtBalance": 0,
  "usdcBalance": 0,
  "kenduBalance": 35199894.08324558,
  "ethBalanceInUsd": 101.92791013324988,
  "kenduBalanceInUsd": 1450.235636229718,
  "totalUsdBalance": 101.92791013324988
}