{
  "ethBalance": 0.04272247540230626,
  "usdtBalance": 0,
  "usdcBalance": 0,
  "kenduBalance": 517214787.4674407,
  "ethBalanceInUsd": 113.78447763797836,
  "kenduBalanceInUsd": 29455.38214627075,
  "totalUsdBalance": 113.78447763797836
}