{
  "ethBalance": 0.045462183917402754,
  "usdtBalance": 0,
  "usdcBalance": 0,
  "kenduBalance": 307214787.46744066,
  "ethBalanceInUsd": 120.33885545120427,
  "kenduBalanceInUsd": 25541.837430043015,
  "totalUsdBalance": 120.33885545120427
}