{
  "ethBalance": 0.038589031500035925,
  "usdtBalance": 0,
  "usdcBalance": 0,
  "kenduBalance": 35199894.08324558,
  "ethBalanceInUsd": 142.77092696320292,
  "kenduBalanceInUsd": 682.8779452149644,
  "totalUsdBalance": 142.77092696320292
}