{
  "ethBalance": 0.038589031500035925,
  "usdtBalance": 0,
  "usdcBalance": 0,
  "kenduBalance": 35199894.08324558,
  "ethBalanceInUsd": 131.9876080008329,
  "kenduBalanceInUsd": 1100.7006879830892,
  "totalUsdBalance": 131.9876080008329
}