{
  "ethBalance": 0.038589031500035925,
  "usdtBalance": 0,
  "usdcBalance": 0,
  "kenduBalance": 35199894.08324558,
  "ethBalanceInUsd": 141.82858281397205,
  "kenduBalanceInUsd": 1198.2043945936796,
  "totalUsdBalance": 141.82858281397205
}