{
  "ethBalance": 0.04272247540230626,
  "usdtBalance": 0,
  "usdcBalance": 0,
  "kenduBalance": 517214787.4674407,
  "ethBalanceInUsd": 103.03678450102016,
  "kenduBalanceInUsd": 25731.435676505178,
  "totalUsdBalance": 103.03678450102016
}