{
  "ethBalance": 0.038589031500035925,
  "usdtBalance": 0,
  "usdcBalance": 0,
  "kenduBalance": 35199894.08324558,
  "ethBalanceInUsd": 138.53616664638898,
  "kenduBalanceInUsd": 867.6773891520036,
  "totalUsdBalance": 138.53616664638898
}