{
  "ethBalance": 4.466168341671865,
  "usdtBalance": 0,
  "usdcBalance": 0,
  "kenduBalance": 8305029020.399477,
  "ethBalanceInUsd": 12330.37620442135,
  "kenduBalanceInUsd": 123827.98269415619,
  "totalUsdBalance": 12330.37620442135
}