{
  "ethBalance": 0.038589031500035925,
  "usdtBalance": 0,
  "usdcBalance": 0,
  "kenduBalance": 35199894.08324558,
  "ethBalanceInUsd": 93.84080680178737,
  "kenduBalanceInUsd": 1998.6499860466843,
  "totalUsdBalance": 93.84080680178737
}