{
  "ethBalance": 0.3579488855246269,
  "usdtBalance": 0,
  "usdcBalance": 0,
  "kenduBalance": 3705282011.416198,
  "ethBalanceInUsd": 577.3751318400784,
  "kenduBalanceInUsd": 42166.10928991633,
  "totalUsdBalance": 577.3751318400784
}