{
  "ethBalance": 3.9773126053695473,
  "usdtBalance": 0,
  "usdcBalance": 0,
  "kenduBalance": 8110029020.399477,
  "ethBalanceInUsd": 10720.607489017293,
  "kenduBalanceInUsd": 108593.288583149,
  "totalUsdBalance": 10720.607489017293
}