{
  "ethBalance": 0.038589031500035925,
  "usdtBalance": 0,
  "usdcBalance": 0,
  "kenduBalance": 35199894.08324558,
  "ethBalanceInUsd": 155.09240472116437,
  "kenduBalanceInUsd": 1378.7798512407294,
  "totalUsdBalance": 155.09240472116437
}