{
  "ethBalance": 0.5002741579676101,
  "usdtBalance": 0,
  "usdcBalance": 100,
  "kenduBalance": 4855925261.348792,
  "ethBalanceInUsd": 1305.9907030823447,
  "kenduBalanceInUsd": 123194.82388041886,
  "totalUsdBalance": 1405.9907030823447
}