{
  "ethBalance": 0.3117728554842481,
  "usdtBalance": 0,
  "usdcBalance": 0.463046,
  "kenduBalance": 4113980899.4295063,
  "ethBalanceInUsd": 571.6667078159173,
  "kenduBalanceInUsd": 45377.20932070745,
  "totalUsdBalance": 572.1297538159173
}