{
  "ethBalance": 0.038589031500035925,
  "usdtBalance": 0,
  "usdcBalance": 0,
  "kenduBalance": 35199894.08324558,
  "ethBalanceInUsd": 150.9382954801855,
  "kenduBalanceInUsd": 1139.4205714746595,
  "totalUsdBalance": 150.9382954801855
}