{
  "ethBalance": 0.04272247540230626,
  "usdtBalance": 0,
  "usdcBalance": 0,
  "kenduBalance": 517214787.4674407,
  "ethBalanceInUsd": 103.31832561392137,
  "kenduBalanceInUsd": 26103.830323481736,
  "totalUsdBalance": 103.31832561392137
}