{
  "ethBalance": 0.038589031500035925,
  "usdtBalance": 0,
  "usdcBalance": 0,
  "kenduBalance": 35199894.08324558,
  "ethBalanceInUsd": 122.64134457152417,
  "kenduBalanceInUsd": 1473.8195652654924,
  "totalUsdBalance": 122.64134457152417
}