{
  "ethBalance": 0.35779268808449755,
  "usdtBalance": 0,
  "usdcBalance": 0,
  "kenduBalance": 3546950453.60037,
  "ethBalanceInUsd": 794.6682940163116,
  "kenduBalanceInUsd": 54764.91500358972,
  "totalUsdBalance": 794.6682940163116
}