{
  "ethBalance": 0.038589031500035925,
  "usdtBalance": 0,
  "usdcBalance": 0,
  "kenduBalance": 35199894.08324558,
  "ethBalanceInUsd": 125.2322121464366,
  "kenduBalanceInUsd": 1545.979348136146,
  "totalUsdBalance": 125.2322121464366
}