{
  "ethBalance": 0.04459919224178026,
  "usdtBalance": 0,
  "usdcBalance": 0,
  "kenduBalance": 517214787.4674407,
  "ethBalanceInUsd": 108.58609934298481,
  "kenduBalanceInUsd": 27753.74549550287,
  "totalUsdBalance": 108.58609934298481
}