{
  "ethBalance": 0.5002741579676101,
  "usdtBalance": 0,
  "usdcBalance": 100,
  "kenduBalance": 4855925261.348792,
  "ethBalanceInUsd": 1265.2283646911437,
  "kenduBalanceInUsd": 119892.79470270168,
  "totalUsdBalance": 1365.2283646911437
}