{
  "ethBalance": 0.038589031500035925,
  "usdtBalance": 0,
  "usdcBalance": 0,
  "kenduBalance": 35199894.08324558,
  "ethBalanceInUsd": 130.2128984421462,
  "kenduBalanceInUsd": 935.9651836735001,
  "totalUsdBalance": 130.2128984421462
}