{
  "ethBalance": 0.038589031500035925,
  "usdtBalance": 0,
  "usdcBalance": 0,
  "kenduBalance": 35199894.08324558,
  "ethBalanceInUsd": 138.64923250868407,
  "kenduBalanceInUsd": 1032.0608945207605,
  "totalUsdBalance": 138.64923250868407
}