{
  "ethBalance": 0.5002741579676101,
  "usdtBalance": 0,
  "usdcBalance": 100,
  "kenduBalance": 4855925261.348792,
  "ethBalanceInUsd": 1240.4047609727909,
  "kenduBalanceInUsd": 110278.06268523107,
  "totalUsdBalance": 1340.4047609727909
}