{
  "ethBalance": 7.099812771415156,
  "usdtBalance": 22218.494633,
  "kenduBalance": 512835445.5049916,
  "ethBalanceInUsd": 23570.171432927174,
  "kenduBalanceInUsd": 91366.7629711693,
  "totalUsdBalance": 45788.66606592717
}