{
  "ethBalance": 0.3579488855246269,
  "usdtBalance": 0,
  "usdcBalance": 0,
  "kenduBalance": 3705282011.416198,
  "ethBalanceInUsd": 556.191716794731,
  "kenduBalanceInUsd": 40609.890845121525,
  "totalUsdBalance": 556.191716794731
}