{
  "ethBalance": 0.5002741579676101,
  "usdtBalance": 0,
  "usdcBalance": null,
  "kenduBalance": 4855925261.348792,
  "ethBalanceInUsd": 1250.7904524921985,
  "kenduBalanceInUsd": 93816.47604925866,
  "totalUsdBalance": null
}