{
  "ethBalance": 0.038589031500035925,
  "usdtBalance": 0,
  "usdcBalance": 0,
  "kenduBalance": 35199894.08324558,
  "ethBalanceInUsd": 135.1052158557208,
  "kenduBalanceInUsd": 1272.4761711093277,
  "totalUsdBalance": 135.1052158557208
}