{
  "ethBalance": 0.045462183917402754,
  "usdtBalance": 0,
  "usdcBalance": 0,
  "kenduBalance": 307214787.46744066,
  "ethBalanceInUsd": 121.36084534566747,
  "kenduBalanceInUsd": 22463.545259619263,
  "totalUsdBalance": 121.36084534566747
}