{
  "ethBalance": 0.04459919224178026,
  "usdtBalance": 0,
  "usdcBalance": 0,
  "kenduBalance": 517214787.4674407,
  "ethBalanceInUsd": 110.31788597773314,
  "kenduBalanceInUsd": 29398.48851964933,
  "totalUsdBalance": 110.31788597773314
}