{
  "ethBalance": 0.5002741579676101,
  "usdtBalance": 0,
  "usdcBalance": 100,
  "kenduBalance": 4855925261.348792,
  "ethBalanceInUsd": 1314.1001471829995,
  "kenduBalanceInUsd": 146066.23186137166,
  "totalUsdBalance": 1414.1001471829995
}