{
  "ethBalance": 0.04459919224178026,
  "usdtBalance": 0,
  "usdcBalance": 0,
  "kenduBalance": 517214787.4674407,
  "ethBalanceInUsd": 113.65390555741831,
  "kenduBalanceInUsd": 29532.964364390864,
  "totalUsdBalance": 113.65390555741831
}