{
  "ethBalance": 0.038589031500035925,
  "usdtBalance": 0,
  "usdcBalance": 0,
  "kenduBalance": 35199894.08324558,
  "ethBalanceInUsd": 120.45604771767715,
  "kenduBalanceInUsd": 815.9335448496327,
  "totalUsdBalance": 120.45604771767715
}