{
  "ethBalance": 0.5002741579676101,
  "usdtBalance": 0,
  "usdcBalance": 100,
  "kenduBalance": 4855925261.348792,
  "ethBalanceInUsd": 1379.0907630445718,
  "kenduBalanceInUsd": 139365.05500071033,
  "totalUsdBalance": 1479.0907630445718
}