{
  "ethBalance": 0.9903603877171636,
  "usdtBalance": 0,
  "usdcBalance": null,
  "kenduBalance": 4565348937.707456,
  "ethBalanceInUsd": 4433.447311654655,
  "kenduBalanceInUsd": 69712.87827879285,
  "totalUsdBalance": null
}