{
  "ethBalance": 0.5002741579676101,
  "usdtBalance": 0,
  "usdcBalance": 100,
  "kenduBalance": 4855925261.348792,
  "ethBalanceInUsd": 1282.197664129405,
  "kenduBalanceInUsd": 141744.45837877123,
  "totalUsdBalance": 1382.197664129405
}