{
  "ethBalance": 0.038589031500035925,
  "usdtBalance": 0,
  "usdcBalance": 0,
  "kenduBalance": 35199894.08324558,
  "ethBalanceInUsd": 96.0349791328794,
  "kenduBalanceInUsd": 1083.1007409414665,
  "totalUsdBalance": 96.0349791328794
}