{
  "ethBalance": 0.038589031500035925,
  "usdtBalance": 0,
  "usdcBalance": 0,
  "kenduBalance": 35199894.08324558,
  "ethBalanceInUsd": 96.50152052371485,
  "kenduBalanceInUsd": 1576.9552549294021,
  "totalUsdBalance": 96.50152052371485
}