{
  "ethBalance": 0.045462183917402754,
  "usdtBalance": 0,
  "usdcBalance": 0,
  "kenduBalance": 307214787.46744066,
  "ethBalanceInUsd": 120.69618821679505,
  "kenduBalanceInUsd": 27369.76541547429,
  "totalUsdBalance": 120.69618821679505
}