{
  "ethBalance": 0.35779268808449755,
  "usdtBalance": 0,
  "usdcBalance": 0,
  "kenduBalance": 3546950453.60037,
  "ethBalanceInUsd": 645.8014902849947,
  "kenduBalanceInUsd": 39087.393998676074,
  "totalUsdBalance": 645.8014902849947
}