{
  "ethBalance": 0.5002741579676101,
  "usdtBalance": 0,
  "usdcBalance": 100,
  "kenduBalance": 4855925261.348792,
  "ethBalanceInUsd": 1278.5456627762414,
  "kenduBalanceInUsd": 125719.90501632023,
  "totalUsdBalance": 1378.5456627762414
}