{
  "ethBalance": 0.0660488809860724,
  "usdtBalance": 0,
  "usdcBalance": 0,
  "kenduBalance": 7622102282.100412,
  "ethBalanceInUsd": 165.60105685233,
  "kenduBalanceInUsd": 70580.66713224982,
  "totalUsdBalance": 165.60105685233
}