{
  "ethBalance": 0.038589031500035925,
  "usdtBalance": 0,
  "usdcBalance": 0,
  "kenduBalance": 35199894.08324558,
  "ethBalanceInUsd": 131.056454670737,
  "kenduBalanceInUsd": 1155.964521693785,
  "totalUsdBalance": 131.056454670737
}