{
  "ethBalance": 0.045462183917402754,
  "usdtBalance": 0,
  "usdcBalance": 0,
  "kenduBalance": 307214787.46744066,
  "ethBalanceInUsd": 122.43693523899239,
  "kenduBalanceInUsd": 30260.656565542904,
  "totalUsdBalance": 122.43693523899239
}