{
  "ethBalance": 2.8199822832203463,
  "usdtBalance": 3946.421819,
  "usdcBalance": 5005.206012,
  "kenduBalance": 12658427820.954306,
  "ethBalanceInUsd": 9080.28655232385,
  "kenduBalanceInUsd": 290890.6713255299,
  "totalUsdBalance": 18031.91438332385
}