{
  "ethBalance": 0.045462183917402754,
  "usdtBalance": 0,
  "usdcBalance": 0,
  "kenduBalance": 307214787.46744066,
  "ethBalanceInUsd": 118.48854456576596,
  "kenduBalanceInUsd": 27004.179818388035,
  "totalUsdBalance": 118.48854456576596
}