{
  "ethBalance": 0.038589031500035925,
  "usdtBalance": 0,
  "usdcBalance": 0,
  "kenduBalance": 35199894.08324558,
  "ethBalanceInUsd": 126.70361191753295,
  "kenduBalanceInUsd": 1513.5954455795602,
  "totalUsdBalance": 126.70361191753295
}