{
  "ethBalance": 0.04459919224178026,
  "usdtBalance": 0,
  "usdcBalance": 0,
  "kenduBalance": 517214787.4674407,
  "ethBalanceInUsd": 104.74120297982094,
  "kenduBalanceInUsd": 26983.09546217638,
  "totalUsdBalance": 104.74120297982094
}