{
  "ethBalance": 0.3117728554842481,
  "usdtBalance": 0,
  "usdcBalance": 0.463046,
  "kenduBalance": 4113980899.4295063,
  "ethBalanceInUsd": 630.3330060323883,
  "kenduBalanceInUsd": 53152.63322062922,
  "totalUsdBalance": 630.7960520323883
}