{
  "ethBalance": 9.103929803759295,
  "usdtBalance": 3949.089252,
  "usdcBalance": 8005.206012,
  "kenduBalance": 11652025441.98484,
  "ethBalanceInUsd": 28529.80417972284,
  "kenduBalanceInUsd": 265899.220586094,
  "totalUsdBalance": 40484.099443722844
}