{
  "ethBalance": 0.10788809429719365,
  "usdtBalance": 3946.421819,
  "usdcBalance": 0,
  "kenduBalance": 13268928669.075045,
  "ethBalanceInUsd": 332.4873712432055,
  "kenduBalanceInUsd": 302664.26294160174,
  "totalUsdBalance": 4278.909190243206
}