{
  "ethBalance": 0.5002741579676101,
  "usdtBalance": 0,
  "usdcBalance": 100,
  "kenduBalance": 4855925261.348792,
  "ethBalanceInUsd": 1258.0644387490474,
  "kenduBalanceInUsd": 110957.8922218199,
  "totalUsdBalance": 1358.0644387490474
}