{
  "ethBalance": 0.04272247540230626,
  "usdtBalance": 0,
  "usdcBalance": 0,
  "kenduBalance": 517214787.4674407,
  "ethBalanceInUsd": 108.43391481859352,
  "kenduBalanceInUsd": 26171.0682458525,
  "totalUsdBalance": 108.43391481859352
}