{
  "ethBalance": 0.038589031500035925,
  "usdtBalance": 0,
  "usdcBalance": 0,
  "kenduBalance": 35199894.08324558,
  "ethBalanceInUsd": 130.54167699052653,
  "kenduBalanceInUsd": 626.2061157409389,
  "totalUsdBalance": 130.54167699052653
}