{
  "ethBalance": 0.30943876692005484,
  "usdtBalance": 0,
  "usdcBalance": 0,
  "kenduBalance": 8110029020.399477,
  "ethBalanceInUsd": 821.7858164725973,
  "kenduBalanceInUsd": 74044.56495624722,
  "totalUsdBalance": 821.7858164725973
}