{
  "ethBalance": 9.83774027698866,
  "usdtBalance": 3949.089252,
  "usdcBalance": 8005.206012,
  "kenduBalance": 11515381333.82473,
  "ethBalanceInUsd": 31288.047554337503,
  "kenduBalanceInUsd": 239635.08555689262,
  "totalUsdBalance": 43242.34281833751
}