{
  "ethBalance": 0.038589031500035925,
  "usdtBalance": 0,
  "usdcBalance": 0,
  "kenduBalance": 35199894.08324558,
  "ethBalanceInUsd": 133.86843739614463,
  "kenduBalanceInUsd": 1028.540905112436,
  "totalUsdBalance": 133.86843739614463
}