{
  "ethBalance": 0.038589031500035925,
  "usdtBalance": 0,
  "usdcBalance": 0,
  "kenduBalance": 35199894.08324558,
  "ethBalanceInUsd": 96.13299527288949,
  "kenduBalanceInUsd": 1660.7310028475265,
  "totalUsdBalance": 96.13299527288949
}