{
  "ethBalance": 0.30943876692005484,
  "usdtBalance": 0,
  "usdcBalance": 0,
  "kenduBalance": 8110029020.399477,
  "ethBalanceInUsd": 835.7631655743761,
  "kenduBalanceInUsd": 91156.72618929013,
  "totalUsdBalance": 835.7631655743761
}