{
  "ethBalance": 0.038589031500035925,
  "usdtBalance": 0,
  "usdcBalance": 0,
  "kenduBalance": 35199894.08324558,
  "ethBalanceInUsd": 122.2419480954988,
  "kenduBalanceInUsd": 1491.067513366283,
  "totalUsdBalance": 122.2419480954988
}