{
  "ethBalance": 0.038589031500035925,
  "usdtBalance": 0,
  "usdcBalance": 0,
  "kenduBalance": 35199894.08324558,
  "ethBalanceInUsd": 151.23813225494078,
  "kenduBalanceInUsd": 953.5651307151228,
  "totalUsdBalance": 151.23813225494078
}