{
  "ethBalance": 0.3579488855246269,
  "usdtBalance": 0,
  "usdcBalance": 0,
  "kenduBalance": 3705282011.416198,
  "ethBalanceInUsd": 555.1858804264068,
  "kenduBalanceInUsd": 41462.10570774725,
  "totalUsdBalance": 555.1858804264068
}