{
  "ethBalance": 0.045462183917402754,
  "usdtBalance": 0,
  "usdcBalance": 0,
  "kenduBalance": 307214787.46744066,
  "ethBalanceInUsd": 119.19411766016405,
  "kenduBalanceInUsd": 27053.334184382824,
  "totalUsdBalance": 119.19411766016405
}