{
  "ethBalance": 0.5002741579676101,
  "usdtBalance": 0,
  "usdcBalance": 100,
  "kenduBalance": 4855925261.348792,
  "ethBalanceInUsd": 1385.5893243565708,
  "kenduBalanceInUsd": 134606.24824458853,
  "totalUsdBalance": 1485.5893243565708
}