{
  "ethBalance": 0.5002741579676101,
  "usdtBalance": 0,
  "usdcBalance": 100,
  "kenduBalance": 4855925261.348792,
  "ethBalanceInUsd": 1290.4471849942909,
  "kenduBalanceInUsd": 121932.28331246816,
  "totalUsdBalance": 1390.4471849942909
}