{
  "ethBalance": 0.045462183917402754,
  "usdtBalance": 0,
  "usdcBalance": 0,
  "kenduBalance": 307214787.46744066,
  "ethBalanceInUsd": 119.7605764717749,
  "kenduBalanceInUsd": 19329.95442745137,
  "totalUsdBalance": 119.7605764717749
}