{
  "ethBalance": 0.038589031500035925,
  "usdtBalance": 0,
  "usdcBalance": 0,
  "kenduBalance": 35199894.08324558,
  "ethBalanceInUsd": 125.44406592937179,
  "kenduBalanceInUsd": 295.32711135843044,
  "totalUsdBalance": 125.44406592937179
}