{
  "ethBalance": 0.3579488855246269,
  "usdtBalance": 0,
  "usdcBalance": 0,
  "kenduBalance": 3705282011.416198,
  "ethBalanceInUsd": 575.9934491419534,
  "kenduBalanceInUsd": 45760.232840990044,
  "totalUsdBalance": 575.9934491419534
}