{
  "ethBalance": 4.092998430208601,
  "usdtBalance": 0,
  "usdcBalance": 0,
  "kenduBalance": 8305029020.399477,
  "ethBalanceInUsd": 11413.981002385517,
  "kenduBalanceInUsd": 123246.63066272825,
  "totalUsdBalance": 11413.981002385517
}