{
  "ethBalance": 0.5002741579676101,
  "usdtBalance": 0,
  "usdcBalance": 100,
  "kenduBalance": 4855925261.348792,
  "ethBalanceInUsd": 1252.221236583986,
  "kenduBalanceInUsd": 119601.43918702075,
  "totalUsdBalance": 1352.221236583986
}