{
  "ethBalance": 0.3579488855246269,
  "usdtBalance": 0,
  "usdcBalance": 0,
  "kenduBalance": 3705282011.416198,
  "ethBalanceInUsd": 566.9409218270355,
  "kenduBalanceInUsd": 38349.66881815765,
  "totalUsdBalance": 566.9409218270355
}