{
  "ethBalance": 0.04272247540230626,
  "usdtBalance": 0,
  "usdcBalance": 0,
  "kenduBalance": 517214787.4674407,
  "ethBalanceInUsd": 112.2738109077528,
  "kenduBalanceInUsd": 29662.268061257724,
  "totalUsdBalance": 112.2738109077528
}