{
  "ethBalance": 0.045462183917402754,
  "usdtBalance": 0,
  "usdcBalance": 0,
  "kenduBalance": 307214787.46744066,
  "ethBalanceInUsd": 119.0900092589932,
  "kenduBalanceInUsd": 32865.8379632668,
  "totalUsdBalance": 119.0900092589932
}