{
  "ethBalance": 0.038589031500035925,
  "usdtBalance": 0,
  "usdcBalance": 0,
  "kenduBalance": 35199894.08324558,
  "ethBalanceInUsd": 130.75931912818675,
  "kenduBalanceInUsd": 1053.5328299115404,
  "totalUsdBalance": 130.75931912818675
}