{
  "ethBalance": 0.5002528644753425,
  "usdtBalance": 0,
  "usdcBalance": 100,
  "kenduBalance": null,
  "ethBalanceInUsd": 1832.071063039402,
  "kenduBalanceInUsd": null,
  "totalUsdBalance": 1932.071063039402
}