{
  "ethBalance": 0.038589031500035925,
  "usdtBalance": 0,
  "usdcBalance": 0,
  "kenduBalance": 35199894.08324558,
  "ethBalanceInUsd": 132.41787570205827,
  "kenduBalanceInUsd": 1029.2449029941008,
  "totalUsdBalance": 132.41787570205827
}