{
  "ethBalance": 18.27649738337883,
  "usdtBalance": 0,
  "usdcBalance": 0,
  "kenduBalance": 10805029020.399477,
  "ethBalanceInUsd": 49764.709195254545,
  "kenduBalanceInUsd": 156456.82021538442,
  "totalUsdBalance": 49764.709195254545
}