{
  "ethBalance": 0.3579488855246269,
  "usdtBalance": 0,
  "usdcBalance": 0,
  "kenduBalance": 3705282011.416198,
  "ethBalanceInUsd": 577.9764859677598,
  "kenduBalanceInUsd": 41017.47186637731,
  "totalUsdBalance": 577.9764859677598
}