{
  "ethBalance": 0.045462183917402754,
  "usdtBalance": 0,
  "usdcBalance": 0,
  "kenduBalance": 307214787.46744066,
  "ethBalanceInUsd": 118.10711684269897,
  "kenduBalanceInUsd": 26955.02545239324,
  "totalUsdBalance": 118.10711684269897
}