{
  "ethBalance": 0.0624422229661258,
  "usdtBalance": 0,
  "usdcBalance": 0,
  "kenduBalance": 6384544426.92592,
  "ethBalanceInUsd": 132.04157352862893,
  "kenduBalanceInUsd": 48458.69220036773,
  "totalUsdBalance": 132.04157352862893
}