{
  "ethBalance": 13.47560135212183,
  "usdtBalance": 3949.089252,
  "usdcBalance": 8005.206012,
  "kenduBalance": 10805029020.399477,
  "ethBalanceInUsd": 41691.623999275645,
  "kenduBalanceInUsd": 145219.59003416897,
  "totalUsdBalance": 53645.919263275646
}