{
  "ethBalance": 0.10788809429719365,
  "usdtBalance": 3946.421819,
  "usdcBalance": 0,
  "kenduBalance": 13268928669.075045,
  "ethBalanceInUsd": 357.6803201425431,
  "kenduBalanceInUsd": 317790.8416243473,
  "totalUsdBalance": 4304.102139142543
}