{
  "ethBalance": 18.27649738337883,
  "usdtBalance": 0,
  "usdcBalance": 0,
  "kenduBalance": 10805029020.399477,
  "ethBalanceInUsd": 50399.81747932696,
  "kenduBalanceInUsd": 142410.2824888651,
  "totalUsdBalance": 50399.81747932696
}