{
  "ethBalance": 0.038589031500035925,
  "usdtBalance": 0,
  "usdcBalance": 0,
  "kenduBalance": 35199894.08324558,
  "ethBalanceInUsd": 126.46937649632774,
  "kenduBalanceInUsd": 773.6936719497379,
  "totalUsdBalance": 126.46937649632774
}