{
  "ethBalance": 0.5002741579676101,
  "usdtBalance": 0,
  "usdcBalance": 100,
  "kenduBalance": 4855925261.348792,
  "ethBalanceInUsd": 1333.0555350283923,
  "kenduBalanceInUsd": 150485.12384919907,
  "totalUsdBalance": 1433.0555350283923
}