{
  "ethBalance": 0.038589031500035925,
  "usdtBalance": 0,
  "usdcBalance": 0,
  "kenduBalance": 35199894.08324558,
  "ethBalanceInUsd": 125.30900431912166,
  "kenduBalanceInUsd": 747.6457503281362,
  "totalUsdBalance": 125.30900431912166
}