{
  "ethBalance": 0.038589031500035925,
  "usdtBalance": 0,
  "usdcBalance": 0,
  "kenduBalance": 35199894.08324558,
  "ethBalanceInUsd": 124.35778469264577,
  "kenduBalanceInUsd": 733.9177916356704,
  "totalUsdBalance": 124.35778469264577
}