{
  "ethBalance": 0.04459919224178026,
  "usdtBalance": 0,
  "usdcBalance": 0,
  "kenduBalance": 517214787.4674407,
  "ethBalanceInUsd": 109.07356851418747,
  "kenduBalanceInUsd": 26134.863210729778,
  "totalUsdBalance": 109.07356851418747
}