{
  "ethBalance": 0.0624422229661258,
  "usdtBalance": 0,
  "usdcBalance": 0,
  "kenduBalance": 6384544426.92592,
  "ethBalanceInUsd": 134.0147477743585,
  "kenduBalanceInUsd": 50820.97363833032,
  "totalUsdBalance": 134.0147477743585
}