{
  "ethBalance": 0.06254024854608203,
  "usdtBalance": 0,
  "usdcBalance": 0,
  "kenduBalance": 6456272656.749752,
  "ethBalanceInUsd": 146.1490560223682,
  "kenduBalanceInUsd": 53909.87668386043,
  "totalUsdBalance": 146.1490560223682
}