{
  "ethBalance": 0.038589031500035925,
  "usdtBalance": 0,
  "usdcBalance": 0,
  "kenduBalance": 35199894.08324558,
  "ethBalanceInUsd": 130.38693497421139,
  "kenduBalanceInUsd": 715.2618477715502,
  "totalUsdBalance": 130.38693497421139
}