{
  "ethBalance": 0.038589031500035925,
  "usdtBalance": 0,
  "usdcBalance": 0,
  "kenduBalance": 35199894.08324558,
  "ethBalanceInUsd": 151.1266099539057,
  "kenduBalanceInUsd": 1160.8925068654394,
  "totalUsdBalance": 151.1266099539057
}