{
  "ethBalance": 0.038589031500035925,
  "usdtBalance": 0,
  "usdcBalance": 0,
  "kenduBalance": 35199894.08324558,
  "ethBalanceInUsd": 143.63107647533872,
  "kenduBalanceInUsd": 897.9492980635948,
  "totalUsdBalance": 143.63107647533872
}