{
  "ethBalance": 0.3579488855246269,
  "usdtBalance": 0,
  "usdcBalance": 0,
  "kenduBalance": 3705282011.416198,
  "ethBalanceInUsd": 576.9957060214223,
  "kenduBalanceInUsd": 40609.890845121525,
  "totalUsdBalance": 576.9957060214223
}