{
  "ethBalance": 0.04459919224178026,
  "usdtBalance": 0,
  "usdcBalance": 0,
  "kenduBalance": 517214787.4674407,
  "ethBalanceInUsd": 113.5812088740642,
  "kenduBalanceInUsd": 29455.38214627075,
  "totalUsdBalance": 113.5812088740642
}