{
  "ethBalance": 0.038589031500035925,
  "usdtBalance": 0,
  "usdcBalance": 0,
  "kenduBalance": 35199894.08324558,
  "ethBalanceInUsd": 149.3920329879791,
  "kenduBalanceInUsd": 1085.5647335272938,
  "totalUsdBalance": 149.3920329879791
}