{
  "ethBalance": 0.5002741579676101,
  "usdtBalance": 0,
  "usdcBalance": null,
  "kenduBalance": 4855925261.348792,
  "ethBalanceInUsd": 1295.2748306186784,
  "kenduBalanceInUsd": 100080.61963639861,
  "totalUsdBalance": null
}