{
  "ethBalance": 0.3117728554842481,
  "usdtBalance": 0,
  "usdcBalance": 0.463046,
  "kenduBalance": 4113980899.4295063,
  "ethBalanceInUsd": 563.6697340727463,
  "kenduBalanceInUsd": 48997.512512205416,
  "totalUsdBalance": 564.1327800727463
}