{
  "ethBalance": 0.10895982647011769,
  "usdtBalance": 3946.421819,
  "usdcBalance": 0,
  "kenduBalance": 11554476486.075047,
  "ethBalanceInUsd": 358.72625749103906,
  "kenduBalanceInUsd": 321792.17013719,
  "totalUsdBalance": 4305.148076491039
}