{
  "ethBalance": 1.167054410262131,
  "usdtBalance": 0,
  "usdcBalance": null,
  "kenduBalance": 4547808469.985,
  "ethBalanceInUsd": 5036.038179530839,
  "kenduBalanceInUsd": 61759.239022396294,
  "totalUsdBalance": null
}