{
  "ethBalance": 0.038589031500035925,
  "usdtBalance": 0,
  "usdcBalance": 0,
  "kenduBalance": 35199894.08324558,
  "ethBalanceInUsd": 127.4055464005186,
  "kenduBalanceInUsd": 788.4776274647011,
  "totalUsdBalance": 127.4055464005186
}