{
  "ethBalance": 0.038589031500035925,
  "usdtBalance": 0,
  "usdcBalance": 0,
  "kenduBalance": 35199894.08324558,
  "ethBalanceInUsd": 129.17716883668527,
  "kenduBalanceInUsd": 1096.4767006931,
  "totalUsdBalance": 129.17716883668527
}