{
  "ethBalance": 0.35779268808449755,
  "usdtBalance": 0,
  "usdcBalance": 0,
  "kenduBalance": 3546950453.60037,
  "ethBalanceInUsd": 660.2777824448934,
  "kenduBalanceInUsd": 38803.63796238805,
  "totalUsdBalance": 660.2777824448934
}