{
  "ethBalance": 0.04459919224178026,
  "usdtBalance": 0,
  "usdcBalance": 0,
  "kenduBalance": 517214787.4674407,
  "ethBalanceInUsd": 104.73139115752775,
  "kenduBalanceInUsd": 30308.786545592026,
  "totalUsdBalance": 104.73139115752775
}