{
  "ethBalance": 0.659534011230498,
  "usdtBalance": 0,
  "usdcBalance": null,
  "kenduBalance": 4482236645.828448,
  "ethBalanceInUsd": 2998.2943777747423,
  "kenduBalanceInUsd": 61496.28678076631,
  "totalUsdBalance": null
}