{
  "ethBalance": 0.5002347289702855,
  "usdtBalance": 0,
  "usdcBalance": null,
  "kenduBalance": 4809031095.836518,
  "ethBalanceInUsd": 1868.7869051817722,
  "kenduBalanceInUsd": 97767.60217835642,
  "totalUsdBalance": null
}