{
  "ethBalance": 0.04459919224178026,
  "usdtBalance": 0,
  "usdcBalance": 0,
  "kenduBalance": 517214787.4674407,
  "ethBalanceInUsd": 104.25016587323893,
  "kenduBalanceInUsd": 28069.24651585801,
  "totalUsdBalance": 104.25016587323893
}