{
  "ethBalance": 0.038589031500035925,
  "usdtBalance": 0,
  "usdcBalance": 0,
  "kenduBalance": 35199894.08324558,
  "ethBalanceInUsd": 125.77091502617708,
  "kenduBalanceInUsd": 1078.5247547106446,
  "totalUsdBalance": 125.77091502617708
}