{
  "ethBalance": 0.0660488809860724,
  "usdtBalance": 0,
  "usdcBalance": 0,
  "kenduBalance": 7622102282.100412,
  "ethBalanceInUsd": 170.69672802040552,
  "kenduBalanceInUsd": 62577.45973604438,
  "totalUsdBalance": 170.69672802040552
}