{
  "ethBalance": 0.04459919224178026,
  "usdtBalance": 0,
  "usdcBalance": 0,
  "kenduBalance": 517214787.4674407,
  "ethBalanceInUsd": 103.1869211301949,
  "kenduBalanceInUsd": 25271.114515659156,
  "totalUsdBalance": 103.1869211301949
}