{
  "ethBalance": 0.04272247540230626,
  "usdtBalance": 0,
  "usdcBalance": 0,
  "kenduBalance": 517214787.4674407,
  "ethBalanceInUsd": 109.62800800608798,
  "kenduBalanceInUsd": 29201.9469004117,
  "totalUsdBalance": 109.62800800608798
}