{
  "ethBalance": 0.0624422229661258,
  "usdtBalance": 0,
  "usdcBalance": 0,
  "kenduBalance": 6384544426.92592,
  "ethBalanceInUsd": 128.65720504386493,
  "kenduBalanceInUsd": 45649.49265252033,
  "totalUsdBalance": 128.65720504386493
}