{
  "ethBalance": 0.045462183917402754,
  "usdtBalance": 0,
  "usdcBalance": 0,
  "kenduBalance": 307214787.46744066,
  "ethBalanceInUsd": 116.8459958608302,
  "kenduBalanceInUsd": 29234.559175401653,
  "totalUsdBalance": 116.8459958608302
}