{
  "ethBalance": 0.3117728554842481,
  "usdtBalance": 0,
  "usdcBalance": 0.463046,
  "kenduBalance": 4113980899.4295063,
  "ethBalanceInUsd": 596.2499974708503,
  "kenduBalanceInUsd": 48503.83480427388,
  "totalUsdBalance": 596.7130434708503
}