{
  "ethBalance": 13.47560135212183,
  "usdtBalance": 3949.089252,
  "usdcBalance": 8005.206012,
  "kenduBalance": 10805029020.399477,
  "ethBalanceInUsd": 41791.34344928135,
  "kenduBalanceInUsd": 157105.1219566084,
  "totalUsdBalance": 53745.63871328135
}