{
  "ethBalance": 0.038589031500035925,
  "usdtBalance": 0,
  "usdcBalance": 0,
  "kenduBalance": 35199894.08324558,
  "ethBalanceInUsd": 133.8645784929946,
  "kenduBalanceInUsd": 1214.0443469311401,
  "totalUsdBalance": 133.8645784929946
}