{
  "ethBalance": 0.04459919224178026,
  "usdtBalance": 0,
  "usdcBalance": 0,
  "kenduBalance": 517214787.4674407,
  "ethBalanceInUsd": 108.18336863704153,
  "kenduBalanceInUsd": 27707.196164630797,
  "totalUsdBalance": 108.18336863704153
}