{
  "ethBalance": 0.038589031500035925,
  "usdtBalance": 0,
  "usdcBalance": 0,
  "kenduBalance": 35199894.08324558,
  "ethBalanceInUsd": 103.13150202573601,
  "kenduBalanceInUsd": 1217.5643363394647,
  "totalUsdBalance": 103.13150202573601
}