{
  "ethBalance": 0.5002741579676101,
  "usdtBalance": 0,
  "usdcBalance": 100,
  "kenduBalance": 4855925261.348792,
  "ethBalanceInUsd": 1266.7842173224228,
  "kenduBalanceInUsd": 124505.92370098302,
  "totalUsdBalance": 1366.7842173224228
}