{
  "ethBalance": 0.30943876692005484,
  "usdtBalance": 0,
  "usdcBalance": 0,
  "kenduBalance": 8110029020.399477,
  "ethBalanceInUsd": 833.197918196609,
  "kenduBalanceInUsd": 73152.46176400328,
  "totalUsdBalance": 833.197918196609
}