{
  "ethBalance": 0.04459919224178026,
  "usdtBalance": 0,
  "usdcBalance": 0,
  "kenduBalance": 517214787.4674407,
  "ethBalanceInUsd": 105.68625986342427,
  "kenduBalanceInUsd": 21154.084807418323,
  "totalUsdBalance": 105.68625986342427
}