{
  "ethBalance": 0.04272247540230626,
  "usdtBalance": 0,
  "usdcBalance": 0,
  "kenduBalance": 517214787.4674407,
  "ethBalanceInUsd": 103.83270421776514,
  "kenduBalanceInUsd": 23890.15103312109,
  "totalUsdBalance": 103.83270421776514
}