{
  "ethBalance": 0.04459919224178026,
  "usdtBalance": 0,
  "usdcBalance": 0,
  "kenduBalance": 517214787.4674407,
  "ethBalanceInUsd": 104.79383002666623,
  "kenduBalanceInUsd": 24831.48194631183,
  "totalUsdBalance": 104.79383002666623
}