{
  "ethBalance": 0.5002528644753425,
  "usdtBalance": 0,
  "usdcBalance": null,
  "kenduBalance": 4845166789.051858,
  "ethBalanceInUsd": 1506.4614760810464,
  "kenduBalanceInUsd": 105915.34600867362,
  "totalUsdBalance": null
}