{
  "ethBalance": 0.0624422229661258,
  "usdtBalance": 0,
  "usdcBalance": 0,
  "kenduBalance": 6384544426.92592,
  "ethBalanceInUsd": 117.90777636024637,
  "kenduBalanceInUsd": 43989.51110151959,
  "totalUsdBalance": 117.90777636024637
}