{
  "ethBalance": 3.9774170719585187,
  "usdtBalance": 0,
  "usdcBalance": 0,
  "kenduBalance": 8310029020.399478,
  "ethBalanceInUsd": 10406.394704560109,
  "kenduBalanceInUsd": 102628.85840193355,
  "totalUsdBalance": 10406.394704560109
}