{
  "ethBalance": 0.04459919224178026,
  "usdtBalance": 0,
  "usdcBalance": 0,
  "kenduBalance": 517214787.4674407,
  "ethBalanceInUsd": 101.04660589451186,
  "kenduBalanceInUsd": 23662.576526635414,
  "totalUsdBalance": 101.04660589451186
}