{
  "ethBalance": 0.038589031500035925,
  "usdtBalance": 0,
  "usdcBalance": 0,
  "kenduBalance": 35199894.08324558,
  "ethBalanceInUsd": 119.89882210281662,
  "kenduBalanceInUsd": 1328.7960016425209,
  "totalUsdBalance": 119.89882210281662
}