{
  "ethBalance": 0.038589031500035925,
  "usdtBalance": 0,
  "usdcBalance": 0,
  "kenduBalance": 35199894.08324558,
  "ethBalanceInUsd": 100.62668799106868,
  "kenduBalanceInUsd": 1812.442546346315,
  "totalUsdBalance": 100.62668799106868
}