{
  "ethBalance": 0.045462183917402754,
  "usdtBalance": 0,
  "usdcBalance": 0,
  "kenduBalance": 307214787.46744066,
  "ethBalanceInUsd": 119.74602857292132,
  "kenduBalanceInUsd": 18767.75136638595,
  "totalUsdBalance": 119.74602857292132
}