{
  "ethBalance": 0.045462183917402754,
  "usdtBalance": 0,
  "usdcBalance": 0,
  "kenduBalance": 307214787.46744066,
  "ethBalanceInUsd": 125.47835534306664,
  "kenduBalanceInUsd": 24018.05208420451,
  "totalUsdBalance": 125.47835534306664
}