{
  "ethBalance": 0.04272247540230626,
  "usdtBalance": 0,
  "usdcBalance": 0,
  "kenduBalance": 517214787.4674407,
  "ethBalanceInUsd": 111.80172755455732,
  "kenduBalanceInUsd": 28053.730072233986,
  "totalUsdBalance": 111.80172755455732
}