{
  "ethBalance": 0.04272247540230626,
  "usdtBalance": 0,
  "usdcBalance": 0,
  "kenduBalance": 517214787.4674407,
  "ethBalanceInUsd": 106.54686308007365,
  "kenduBalanceInUsd": 24412.537968463203,
  "totalUsdBalance": 106.54686308007365
}