{
  "ethBalance": 0.3117728554842481,
  "usdtBalance": 0,
  "usdcBalance": 0.463046,
  "kenduBalance": 4113980899.4295063,
  "ethBalanceInUsd": 560.6330664603298,
  "kenduBalanceInUsd": 48544.974613268176,
  "totalUsdBalance": 561.0961124603298
}