{
  "ethBalance": 0.038589031500035925,
  "usdtBalance": 0,
  "usdcBalance": 0,
  "kenduBalance": 35199894.08324558,
  "ethBalanceInUsd": 95.54335487156895,
  "kenduBalanceInUsd": 1083.452739882299,
  "totalUsdBalance": 95.54335487156895
}