{
  "ethBalance": 0.30943876692005484,
  "usdtBalance": 0,
  "usdcBalance": 0,
  "kenduBalance": 8110029020.399477,
  "ethBalanceInUsd": 871.2898304044676,
  "kenduBalanceInUsd": 90913.42531867813,
  "totalUsdBalance": 871.2898304044676
}