{
  "ethBalance": 0.3579488855246269,
  "usdtBalance": 0,
  "usdcBalance": 0,
  "kenduBalance": 3705282011.416198,
  "ethBalanceInUsd": 645.5214406662569,
  "kenduBalanceInUsd": 45649.07438064756,
  "totalUsdBalance": 645.5214406662569
}