{
  "ethBalance": 0.5002741579676101,
  "usdtBalance": 0,
  "usdcBalance": 100,
  "kenduBalance": 4855925261.348792,
  "ethBalanceInUsd": 1207.5617625022173,
  "kenduBalanceInUsd": 109403.99613818829,
  "totalUsdBalance": 1307.5617625022173
}