{
  "ethBalance": 0.038589031500035925,
  "usdtBalance": 0,
  "usdcBalance": 0,
  "kenduBalance": 35199894.08324558,
  "ethBalanceInUsd": 121.09238084711274,
  "kenduBalanceInUsd": 1367.8678840749233,
  "totalUsdBalance": 121.09238084711274
}