{
  "ethBalance": 0.35779268808449755,
  "usdtBalance": 0,
  "usdcBalance": 0,
  "kenduBalance": 3546950453.60037,
  "ethBalanceInUsd": 654.3026445538824,
  "kenduBalanceInUsd": 39548.49755764412,
  "totalUsdBalance": 654.3026445538824
}