{
  "ethBalance": 0.038589031500035925,
  "usdtBalance": 0,
  "usdcBalance": 0,
  "kenduBalance": 35199894.08324558,
  "ethBalanceInUsd": 131.60634836961253,
  "kenduBalanceInUsd": 1061.9808044915192,
  "totalUsdBalance": 131.60634836961253
}