{
  "ethBalance": 0.038589031500035925,
  "usdtBalance": 0,
  "usdcBalance": 0,
  "kenduBalance": 35199894.08324558,
  "ethBalanceInUsd": 127.6177860737688,
  "kenduBalanceInUsd": 1021.1489273549543,
  "totalUsdBalance": 127.6177860737688
}