{
  "ethBalance": 0.045462183917402754,
  "usdtBalance": 0,
  "usdcBalance": 0,
  "kenduBalance": 307214787.46744066,
  "ethBalanceInUsd": 118.83542102905575,
  "kenduBalanceInUsd": 20933.615618031406,
  "totalUsdBalance": 118.83542102905575
}