{
  "ethBalance": 0.038589031500035925,
  "usdtBalance": 0,
  "usdcBalance": 0,
  "kenduBalance": 35199894.08324558,
  "ethBalanceInUsd": 94.15106261504766,
  "kenduBalanceInUsd": 1998.2979871058517,
  "totalUsdBalance": 94.15106261504766
}