{
  "ethBalance": 0.3117728554842481,
  "usdtBalance": 0,
  "usdcBalance": 0.463046,
  "kenduBalance": 4113980899.4295063,
  "ethBalanceInUsd": 565.1350664935223,
  "kenduBalanceInUsd": 48339.275568296696,
  "totalUsdBalance": 565.5981124935223
}