{
  "ethBalance": 0.3579040556931112,
  "usdtBalance": 0,
  "usdcBalance": 0,
  "kenduBalance": 3646098337.9468102,
  "ethBalanceInUsd": 665.379429939063,
  "kenduBalanceInUsd": 43315.648254808104,
  "totalUsdBalance": 665.379429939063
}