{
  "ethBalance": 0.5002528644753425,
  "usdtBalance": 0,
  "usdcBalance": null,
  "kenduBalance": 4845166789.051858,
  "ethBalanceInUsd": 1378.8869905825445,
  "kenduBalanceInUsd": 93221.00902135774,
  "totalUsdBalance": null
}