{
  "ethBalance": 0.31977204666867826,
  "usdtBalance": 0,
  "usdcBalance": 884.463046,
  "kenduBalance": 5593814937.395827,
  "ethBalanceInUsd": 599.3455493506369,
  "kenduBalanceInUsd": 39995.77680238017,
  "totalUsdBalance": 1483.808595350637
}