{
  "ethBalance": 0.045462183917402754,
  "usdtBalance": 0,
  "usdcBalance": 0,
  "kenduBalance": 307214787.46744066,
  "ethBalanceInUsd": 121.67862601125013,
  "kenduBalanceInUsd": 23345.251699650817,
  "totalUsdBalance": 121.67862601125013
}