{
  "ethBalance": 0.038589031500035925,
  "usdtBalance": 0,
  "usdcBalance": 0,
  "kenduBalance": 35199894.08324558,
  "ethBalanceInUsd": 96.75234922846508,
  "kenduBalanceInUsd": 1557.2433142427847,
  "totalUsdBalance": 96.75234922846508
}