{
  "ethBalance": 0.038589031500035925,
  "usdtBalance": 0,
  "usdcBalance": 0,
  "kenduBalance": 35199894.08324558,
  "ethBalanceInUsd": 103.34953005371122,
  "kenduBalanceInUsd": 1242.2042621977366,
  "totalUsdBalance": 103.34953005371122
}