{
  "ethBalance": 0.038589031500035925,
  "usdtBalance": 0,
  "usdcBalance": 0,
  "kenduBalance": 35199894.08324558,
  "ethBalanceInUsd": 122.26432973376882,
  "kenduBalanceInUsd": 782.1416465297169,
  "totalUsdBalance": 122.26432973376882
}