{
  "ethBalance": 0.038589031500035925,
  "usdtBalance": 0,
  "usdcBalance": 0,
  "kenduBalance": 35199894.08324558,
  "ethBalanceInUsd": 149.0709722458988,
  "kenduBalanceInUsd": 1151.0365365221305,
  "totalUsdBalance": 149.0709722458988
}