{
  "ethBalance": 0.038589031500035925,
  "usdtBalance": 0,
  "usdcBalance": 0,
  "kenduBalance": 35199894.08324558,
  "ethBalanceInUsd": 102.23160581115516,
  "kenduBalanceInUsd": 1703.322874688254,
  "totalUsdBalance": 102.23160581115516
}