{
  "ethBalance": 8.056063080971311,
  "usdtBalance": 22313.097842,
  "usdcBalance": 88.007775,
  "kenduBalance": 319721753.5049916,
  "ethBalanceInUsd": 25389.166163465947,
  "kenduBalanceInUsd": 43191.21168098932,
  "totalUsdBalance": 47790.27178046594
}