{
  "ethBalance": 0.9903818468589797,
  "usdtBalance": 0,
  "usdcBalance": null,
  "kenduBalance": 4677192821.897994,
  "ethBalanceInUsd": 4232.921724930685,
  "kenduBalanceInUsd": 71935.22560079113,
  "totalUsdBalance": null
}