{
  "ethBalance": 0.038589031500035925,
  "usdtBalance": 0,
  "usdcBalance": 0,
  "kenduBalance": 35199894.08324558,
  "ethBalanceInUsd": 126.18381766322747,
  "kenduBalanceInUsd": 285.82313995595416,
  "totalUsdBalance": 126.18381766322747
}