{
  "ethBalance": 0.038589031500035925,
  "usdtBalance": 0,
  "usdcBalance": 0,
  "kenduBalance": 35199894.08324558,
  "ethBalanceInUsd": 151.6707152980562,
  "kenduBalanceInUsd": 1454.4596235197073,
  "totalUsdBalance": 151.6707152980562
}