{
  "ethBalance": 0.038589031500035925,
  "usdtBalance": 0,
  "usdcBalance": 0,
  "kenduBalance": 35199894.08324558,
  "ethBalanceInUsd": 97.5326194453958,
  "kenduBalanceInUsd": 1186.2364306053762,
  "totalUsdBalance": 97.5326194453958
}