{
  "ethBalance": 0.04459919224178026,
  "usdtBalance": 0,
  "usdcBalance": 0,
  "kenduBalance": 517214787.4674407,
  "ethBalanceInUsd": 112.57460510516722,
  "kenduBalanceInUsd": 33991.355832360205,
  "totalUsdBalance": 112.57460510516722
}