{
  "ethBalance": 0.04272247540230626,
  "usdtBalance": 0,
  "usdcBalance": 0,
  "kenduBalance": 517214787.4674407,
  "ethBalanceInUsd": 105.00159114477225,
  "kenduBalanceInUsd": 26615.8729630745,
  "totalUsdBalance": 105.00159114477225
}