{
  "ethBalance": 0.038589031500035925,
  "usdtBalance": 0,
  "usdcBalance": 0,
  "kenduBalance": 35199894.08324558,
  "ethBalanceInUsd": 120.01844810046674,
  "kenduBalanceInUsd": 774.0456708905704,
  "totalUsdBalance": 120.01844810046674
}