{
  "ethBalance": 0.04459919224178026,
  "usdtBalance": 0,
  "usdcBalance": 0,
  "kenduBalance": 517214787.4674407,
  "ethBalanceInUsd": 108.51875456269971,
  "kenduBalanceInUsd": 30520.844608453677,
  "totalUsdBalance": 108.51875456269971
}