{
  "ethBalance": 0.045462183917402754,
  "usdtBalance": 0,
  "usdcBalance": 0,
  "kenduBalance": 307214787.46744066,
  "ethBalanceInUsd": 119.30686387627922,
  "kenduBalanceInUsd": 18841.482915378136,
  "totalUsdBalance": 119.30686387627922
}