{
  "ethBalance": 0.5002741579676101,
  "usdtBalance": 0,
  "usdcBalance": 100,
  "kenduBalance": 4855925261.348792,
  "ethBalanceInUsd": 1269.0504592580162,
  "kenduBalanceInUsd": 118921.60965043193,
  "totalUsdBalance": 1369.0504592580162
}