{
  "ethBalance": 0.045462183917402754,
  "usdtBalance": 0,
  "usdcBalance": 0,
  "kenduBalance": 307214787.46744066,
  "ethBalanceInUsd": 121.2117293824184,
  "kenduBalanceInUsd": 27981.122842534496,
  "totalUsdBalance": 121.2117293824184
}