{
  "ethBalance": 0.038589031500035925,
  "usdtBalance": 0,
  "usdcBalance": 0,
  "kenduBalance": 35199894.08324558,
  "ethBalanceInUsd": 95.34307779808377,
  "kenduBalanceInUsd": 1171.1004761495806,
  "totalUsdBalance": 95.34307779808377
}