{
  "ethBalance": 0.038589031500035925,
  "usdtBalance": 0,
  "usdcBalance": 0,
  "kenduBalance": 35199894.08324558,
  "ethBalanceInUsd": 124.66572516401605,
  "kenduBalanceInUsd": 756.7977227897801,
  "totalUsdBalance": 124.66572516401605
}