{
  "ethBalance": 0.04272247540230626,
  "usdtBalance": 0,
  "usdcBalance": 0,
  "kenduBalance": 517214787.4674407,
  "ethBalanceInUsd": 112.2327973313666,
  "kenduBalanceInUsd": 29874.326124119376,
  "totalUsdBalance": 112.2327973313666
}