{
  "ethBalance": 0.3579040556931112,
  "usdtBalance": 0,
  "usdcBalance": 0,
  "kenduBalance": 3646098337.9468102,
  "ethBalanceInUsd": 654.1877701175393,
  "kenduBalanceInUsd": 39596.62795010236,
  "totalUsdBalance": 654.1877701175393
}