{
  "ethBalance": 0.038589031500035925,
  "usdtBalance": 0,
  "usdcBalance": 0,
  "kenduBalance": 35199894.08324558,
  "ethBalanceInUsd": 102.045606679325,
  "kenduBalanceInUsd": 1408.3477622706557,
  "totalUsdBalance": 102.045606679325
}