{
  "ethBalance": 0.3579488855246269,
  "usdtBalance": 0,
  "usdcBalance": 0,
  "kenduBalance": 3705282011.416198,
  "ethBalanceInUsd": 574.5186997335919,
  "kenduBalanceInUsd": 49020.8810110363,
  "totalUsdBalance": 574.5186997335919
}