{
  "ethBalance": 0.3194927667359207,
  "usdtBalance": 0,
  "usdcBalance": 884.463046,
  "kenduBalance": 4753954448.539579,
  "ethBalanceInUsd": 629.9790323775558,
  "kenduBalanceInUsd": 32469.508883525326,
  "totalUsdBalance": 1514.4420783775558
}