{
  "ethBalance": 0.045462183917402754,
  "usdtBalance": 0,
  "usdcBalance": 0,
  "kenduBalance": 307214787.46744066,
  "ethBalanceInUsd": 121.80228315150545,
  "kenduBalanceInUsd": 23437.41613589105,
  "totalUsdBalance": 121.80228315150545
}