{
  "ethBalance": 0.038589031500035925,
  "usdtBalance": 0,
  "usdcBalance": 0,
  "kenduBalance": 35199894.08324558,
  "ethBalanceInUsd": 97.25863732174554,
  "kenduBalanceInUsd": 1704.3788715107512,
  "totalUsdBalance": 97.25863732174554
}