{
  "ethBalance": 0.3579488855246269,
  "usdtBalance": 0,
  "usdcBalance": 0,
  "kenduBalance": 3705282011.416198,
  "ethBalanceInUsd": 642.4752956504424,
  "kenduBalanceInUsd": 46945.923084643226,
  "totalUsdBalance": 642.4752956504424
}