{
  "ethBalance": 0.3117728554842481,
  "usdtBalance": 0,
  "usdcBalance": 0.463046,
  "kenduBalance": 4113980899.4295063,
  "ethBalanceInUsd": 586.0051414396379,
  "kenduBalanceInUsd": 49779.16888309702,
  "totalUsdBalance": 586.4681874396379
}