{
  "ethBalance": 0.0624422229661258,
  "usdtBalance": 0,
  "usdcBalance": 0,
  "kenduBalance": 6384544426.92592,
  "ethBalanceInUsd": 118.37921514364062,
  "kenduBalanceInUsd": 44819.50187701995,
  "totalUsdBalance": 118.37921514364062
}