{
  "ethBalance": 0.038589031500035925,
  "usdtBalance": 0,
  "usdcBalance": 0,
  "kenduBalance": 35199894.08324558,
  "ethBalanceInUsd": 118.54782011000036,
  "kenduBalanceInUsd": 1020.7969284141219,
  "totalUsdBalance": 118.54782011000036
}