{
  "ethBalance": 0.3579488855246269,
  "usdtBalance": 0,
  "usdcBalance": 0,
  "kenduBalance": 3705282011.416198,
  "ethBalanceInUsd": 573.749109629714,
  "kenduBalanceInUsd": 39164.830860669215,
  "totalUsdBalance": 573.749109629714
}