{
  "ethBalance": 0.5002741579676101,
  "usdtBalance": 0,
  "usdcBalance": 100,
  "kenduBalance": 4855925261.348792,
  "ethBalanceInUsd": 1251.9911104713208,
  "kenduBalanceInUsd": 121009.65751281189,
  "totalUsdBalance": 1351.9911104713208
}