{
  "ethBalance": 0.5002741579676101,
  "usdtBalance": 0,
  "usdcBalance": 100,
  "kenduBalance": 4855925261.348792,
  "ethBalanceInUsd": 1364.2526315192524,
  "kenduBalanceInUsd": 165926.96618028823,
  "totalUsdBalance": 1464.2526315192524
}