{
  "ethBalance": 0.0660488809860724,
  "usdtBalance": 0,
  "usdcBalance": 0,
  "kenduBalance": 7622102282.100412,
  "ethBalanceInUsd": 162.04036167837086,
  "kenduBalanceInUsd": 70504.44610942881,
  "totalUsdBalance": 162.04036167837086
}