{
  "ethBalance": 8.056063080971311,
  "usdtBalance": 22313.097842,
  "usdcBalance": 88.007775,
  "kenduBalance": 319721753.5049916,
  "ethBalanceInUsd": 25534.41698081586,
  "kenduBalanceInUsd": 44361.39329881759,
  "totalUsdBalance": 47935.522597815856
}