{
  "ethBalance": 0.8895064501468166,
  "usdtBalance": 0,
  "usdcBalance": null,
  "kenduBalance": 4730282940.56362,
  "ethBalanceInUsd": 3217.771793277106,
  "kenduBalanceInUsd": 82779.95145986334,
  "totalUsdBalance": null
}