{
  "ethBalance": 0.5002741579676101,
  "usdtBalance": 0,
  "usdcBalance": 100,
  "kenduBalance": 4855925261.348792,
  "ethBalanceInUsd": 1243.8166307301299,
  "kenduBalanceInUsd": 110229.50343261758,
  "totalUsdBalance": 1343.8166307301299
}