{
  "ethBalance": 0.5002741579676101,
  "usdtBalance": 0,
  "usdcBalance": 100,
  "kenduBalance": 4855925261.348792,
  "ethBalanceInUsd": 1233.9312133686901,
  "kenduBalanceInUsd": 166655.35496949052,
  "totalUsdBalance": 1333.9312133686901
}