{
  "ethBalance": 0.04459919224178026,
  "usdtBalance": 0,
  "usdcBalance": 0,
  "kenduBalance": 517214787.4674407,
  "ethBalanceInUsd": 106.10816822203151,
  "kenduBalanceInUsd": 28131.3122903541,
  "totalUsdBalance": 106.10816822203151
}