{
  "ethBalance": 0.3119048631851912,
  "usdtBalance": 0,
  "usdcBalance": 0.463046,
  "kenduBalance": 4175387837.757599,
  "ethBalanceInUsd": 645.783423981779,
  "kenduBalanceInUsd": 51983.5785800821,
  "totalUsdBalance": 646.246469981779
}