{
  "ethBalance": 0.038589031500035925,
  "usdtBalance": 0,
  "usdcBalance": 0,
  "kenduBalance": 35199894.08324558,
  "ethBalanceInUsd": 124.84940895395624,
  "kenduBalanceInUsd": 753.2777333814554,
  "totalUsdBalance": 124.84940895395624
}