{
  "ethBalance": 0.038589031500035925,
  "usdtBalance": 0,
  "usdcBalance": 0,
  "kenduBalance": 35199894.08324558,
  "ethBalanceInUsd": 101.91324630127987,
  "kenduBalanceInUsd": 1634.3310822850924,
  "totalUsdBalance": 101.91324630127987
}