{
  "ethBalance": 0.04272247540230626,
  "usdtBalance": 0,
  "usdcBalance": 0,
  "kenduBalance": 517214787.4674407,
  "ethBalanceInUsd": 103.39522606964552,
  "kenduBalanceInUsd": 26357.26556934078,
  "totalUsdBalance": 103.39522606964552
}