{
  "ethBalance": 0.3579488855246269,
  "usdtBalance": 0,
  "usdcBalance": 0,
  "kenduBalance": 3705282011.416198,
  "ethBalanceInUsd": 574.3146688688429,
  "kenduBalanceInUsd": 47279.39846567068,
  "totalUsdBalance": 574.3146688688429
}