{
  "ethBalance": 0.038589031500035925,
  "usdtBalance": 0,
  "usdcBalance": 0,
  "kenduBalance": 35199894.08324558,
  "ethBalanceInUsd": 128.914763422485,
  "kenduBalanceInUsd": 934.5571879101702,
  "totalUsdBalance": 128.914763422485
}