{
  "ethBalance": 0.3196155371451788,
  "usdtBalance": 0,
  "usdcBalance": 884.463046,
  "kenduBalance": 5453954448.539579,
  "ethBalanceInUsd": 645.6809158299474,
  "kenduBalanceInUsd": 37741.364783893885,
  "totalUsdBalance": 1530.1439618299473
}