{
  "ethBalance": 0.04272247540230626,
  "usdtBalance": 0,
  "usdcBalance": 0,
  "kenduBalance": 517214787.4674407,
  "ethBalanceInUsd": 107.4034487118899,
  "kenduBalanceInUsd": 25721.091380755828,
  "totalUsdBalance": 107.4034487118899
}