{
  "ethBalance": 0.038589031500035925,
  "usdtBalance": 0,
  "usdcBalance": 0,
  "kenduBalance": 35199894.08324558,
  "ethBalanceInUsd": 150.74998100646536,
  "kenduBalanceInUsd": 874.3653690278203,
  "totalUsdBalance": 150.74998100646536
}