{
  "ethBalance": 0.9903603877171636,
  "usdtBalance": 0,
  "usdcBalance": 100,
  "kenduBalance": null,
  "ethBalanceInUsd": 4446.351707506609,
  "kenduBalanceInUsd": null,
  "totalUsdBalance": 4546.351707506609
}