{
  "ethBalance": 0.35779268808449755,
  "usdtBalance": 0,
  "usdcBalance": 0,
  "kenduBalance": 3546950453.60037,
  "ethBalanceInUsd": 653.7230203991854,
  "kenduBalanceInUsd": 38839.10746692405,
  "totalUsdBalance": 653.7230203991854
}