{
  "ethBalance": 0.3579488855246269,
  "usdtBalance": 0,
  "usdcBalance": 0,
  "kenduBalance": 3705282011.416198,
  "ethBalanceInUsd": 583.793155357535,
  "kenduBalanceInUsd": 48650.35280989468,
  "totalUsdBalance": 583.793155357535
}