{
  "ethBalance": 0.3579488855246269,
  "usdtBalance": 0,
  "usdcBalance": 0,
  "kenduBalance": 3705282011.416198,
  "ethBalanceInUsd": 636.9843597464945,
  "kenduBalanceInUsd": 46390.1307829308,
  "totalUsdBalance": 636.9843597464945
}