{
  "ethBalance": 8.011063080971311,
  "usdtBalance": 22313.097842,
  "usdcBalance": 88.007775,
  "kenduBalance": 302835445.5049916,
  "ethBalanceInUsd": 25409.890433378852,
  "kenduBalanceInUsd": 45579.76290295628,
  "totalUsdBalance": 47810.99605037885
}