{
  "ethBalance": 0.038589031500035925,
  "usdtBalance": 0,
  "usdcBalance": 0,
  "kenduBalance": 35199894.08324558,
  "ethBalanceInUsd": 97.81972183975606,
  "kenduBalanceInUsd": 1189.7564200137008,
  "totalUsdBalance": 97.81972183975606
}