{
  "ethBalance": 0.04459919224178026,
  "usdtBalance": 0,
  "usdcBalance": 0,
  "kenduBalance": 517214787.4674407,
  "ethBalanceInUsd": 113.4835366430547,
  "kenduBalanceInUsd": 36179.17438334748,
  "totalUsdBalance": 113.4835366430547
}