{
  "ethBalance": 0.038589031500035925,
  "usdtBalance": 0,
  "usdcBalance": 0,
  "kenduBalance": 35199894.08324558,
  "ethBalanceInUsd": 130.4888100173715,
  "kenduBalanceInUsd": 638.1740797292424,
  "totalUsdBalance": 130.4888100173715
}