{
  "ethBalance": 0.038589031500035925,
  "usdtBalance": 0,
  "usdcBalance": 0,
  "kenduBalance": 35199894.08324558,
  "ethBalanceInUsd": 104.49716785052227,
  "kenduBalanceInUsd": 1237.9802749077471,
  "totalUsdBalance": 104.49716785052227
}