{
  "ethBalance": 0.3119048631851912,
  "usdtBalance": 0,
  "usdcBalance": 0.463046,
  "kenduBalance": 4175387837.757599,
  "ethBalanceInUsd": 639.1523265904619,
  "kenduBalanceInUsd": 44843.66537751661,
  "totalUsdBalance": 639.6153725904619
}