{
  "ethBalance": 0.5002741579676101,
  "usdtBalance": 0,
  "usdcBalance": 100,
  "kenduBalance": 4855925261.348792,
  "ethBalanceInUsd": 1283.7635222438437,
  "kenduBalanceInUsd": 126982.4455842709,
  "totalUsdBalance": 1383.7635222438437
}