{
  "ethBalance": 0.038589031500035925,
  "usdtBalance": 0,
  "usdcBalance": 0,
  "kenduBalance": 35199894.08324558,
  "ethBalanceInUsd": 98.19519311625142,
  "kenduBalanceInUsd": 1129.5646011313506,
  "totalUsdBalance": 98.19519311625142
}