{
  "ethBalance": 0.038589031500035925,
  "usdtBalance": 0,
  "usdcBalance": 0,
  "kenduBalance": 35199894.08324558,
  "ethBalanceInUsd": 126.26678408095256,
  "kenduBalanceInUsd": 612.1261581076408,
  "totalUsdBalance": 126.26678408095256
}