{
  "ethBalance": 0.038589031500035925,
  "usdtBalance": 0,
  "usdcBalance": 0,
  "kenduBalance": 35199894.08324558,
  "ethBalanceInUsd": 125.690649840657,
  "kenduBalanceInUsd": 1510.427455112068,
  "totalUsdBalance": 125.690649840657
}