{
  "ethBalance": 0.5002741579676101,
  "usdtBalance": 0,
  "usdcBalance": 100,
  "kenduBalance": 4855925261.348792,
  "ethBalanceInUsd": 1106.0561358505893,
  "kenduBalanceInUsd": 101683.0749726437,
  "totalUsdBalance": 1206.0561358505893
}