{
  "ethBalance": 0.038589031500035925,
  "usdtBalance": 0,
  "usdcBalance": 0,
  "kenduBalance": 35199894.08324558,
  "ethBalanceInUsd": 128.7955233151499,
  "kenduBalanceInUsd": 1025.0209157041113,
  "totalUsdBalance": 128.7955233151499
}