{
  "ethBalance": 0.04459919224178026,
  "usdtBalance": 0,
  "usdcBalance": 0,
  "kenduBalance": 517214787.4674407,
  "ethBalanceInUsd": 112.32083570131148,
  "kenduBalanceInUsd": 31286.32249390549,
  "totalUsdBalance": 112.32083570131148
}