{
  "ethBalance": 0.10788809429719365,
  "usdtBalance": 3946.421819,
  "usdcBalance": 0,
  "kenduBalance": 13268928669.075045,
  "ethBalanceInUsd": 356.76542910290294,
  "kenduBalanceInUsd": 332784.7310204021,
  "totalUsdBalance": 4303.187248102903
}