{
  "ethBalance": 0.04459919224178026,
  "usdtBalance": 0,
  "usdcBalance": 0,
  "kenduBalance": 517214787.4674407,
  "ethBalanceInUsd": 112.31726776593214,
  "kenduBalanceInUsd": 32656.941680694206,
  "totalUsdBalance": 112.31726776593214
}