{
  "ethBalance": 7.2069779080221315,
  "usdtBalance": 3949.089252,
  "usdcBalance": 8005.206012,
  "kenduBalance": 11859843151.556038,
  "ethBalanceInUsd": 22518.70696206871,
  "kenduBalanceInUsd": 263644.3132590907,
  "totalUsdBalance": 34473.00222606871
}