{
  "ethBalance": 0.9903603877171636,
  "usdtBalance": 0,
  "usdcBalance": 100,
  "kenduBalance": null,
  "ethBalanceInUsd": 4562.53088458971,
  "kenduBalanceInUsd": null,
  "totalUsdBalance": 4662.53088458971
}