{
  "ethBalance": 0.04459919224178026,
  "usdtBalance": 0,
  "usdcBalance": 0,
  "kenduBalance": 517214787.4674407,
  "ethBalanceInUsd": 107.95903470006539,
  "kenduBalanceInUsd": 27970.975706239195,
  "totalUsdBalance": 107.95903470006539
}