{
  "ethBalance": 0.038589031500035925,
  "usdtBalance": 0,
  "usdcBalance": 0,
  "kenduBalance": 35199894.08324558,
  "ethBalanceInUsd": 95.12543566042356,
  "kenduBalanceInUsd": 2012.37794473915,
  "totalUsdBalance": 95.12543566042356
}