{
  "ethBalance": 0.04459919224178026,
  "usdtBalance": 0,
  "usdcBalance": 0,
  "kenduBalance": 517214787.4674407,
  "ethBalanceInUsd": 109.35588140107794,
  "kenduBalanceInUsd": 30541.533199952373,
  "totalUsdBalance": 109.35588140107794
}