{
  "ethBalance": 0.045462183917402754,
  "usdtBalance": 0,
  "usdcBalance": 0,
  "kenduBalance": 307214787.46744066,
  "ethBalanceInUsd": 119.26913026362777,
  "kenduBalanceInUsd": 21652.49822070522,
  "totalUsdBalance": 119.26913026362777
}