{
  "ethBalance": 0.045462183917402754,
  "usdtBalance": 0,
  "usdcBalance": 0,
  "kenduBalance": 307214787.46744066,
  "ethBalanceInUsd": 124.80096880269734,
  "kenduBalanceInUsd": 24494.235004779042,
  "totalUsdBalance": 124.80096880269734
}