{
  "ethBalance": 0.03983369884579122,
  "usdtBalance": 0,
  "usdcBalance": 0,
  "kenduBalance": 1091213805.8365645,
  "ethBalanceInUsd": 105.08767094701257,
  "kenduBalanceInUsd": 46965.84220320574,
  "totalUsdBalance": 105.08767094701257
}