{
  "ethBalance": 0.5002741579676101,
  "usdtBalance": 0,
  "usdcBalance": 100,
  "kenduBalance": 4855925261.348792,
  "ethBalanceInUsd": 1242.610970009428,
  "kenduBalanceInUsd": 114696.95467305847,
  "totalUsdBalance": 1342.610970009428
}