{
  "ethBalance": 0.046325213179724774,
  "usdtBalance": 50113.767042,
  "usdcBalance": 0,
  "kenduBalance": 946492975.4674407,
  "ethBalanceInUsd": 119.89613723897287,
  "kenduBalanceInUsd": 103177.19925570571,
  "totalUsdBalance": 50233.663179238974
}