{
  "ethBalance": 0.038589031500035925,
  "usdtBalance": 0,
  "usdcBalance": 0,
  "kenduBalance": 35199894.08324558,
  "ethBalanceInUsd": 127.6096823771538,
  "kenduBalanceInUsd": 1054.2368277932053,
  "totalUsdBalance": 127.6096823771538
}