{
  "ethBalance": 0.3406431199402911,
  "usdtBalance": 0,
  "usdcBalance": 154.403285,
  "kenduBalance": 4113980899.4295063,
  "ethBalanceInUsd": 553.916370903708,
  "kenduBalanceInUsd": 42168.304219152444,
  "totalUsdBalance": 708.3196559037079
}