{
  "ethBalance": 0.045462183917402754,
  "usdtBalance": 0,
  "usdcBalance": 0,
  "kenduBalance": 307214787.46744066,
  "ethBalanceInUsd": 120.57025796734384,
  "kenduBalanceInUsd": 28183.884602263006,
  "totalUsdBalance": 120.57025796734384
}