{
  "ethBalance": 18.27649738337883,
  "usdtBalance": 0,
  "usdcBalance": 0,
  "kenduBalance": 10805029020.399477,
  "ethBalanceInUsd": 46707.2339479891,
  "kenduBalanceInUsd": 130632.80085662968,
  "totalUsdBalance": 46707.2339479891
}