{
  "ethBalance": 0.04459919224178026,
  "usdtBalance": 0,
  "usdcBalance": 0,
  "kenduBalance": 517214787.4674407,
  "ethBalanceInUsd": 107.57637363063091,
  "kenduBalanceInUsd": 28803.69151406177,
  "totalUsdBalance": 107.57637363063091
}