{
  "ethBalance": 8.051792938400936,
  "usdtBalance": 22356.072978,
  "usdcBalance": 88.007775,
  "kenduBalance": 947823769.8171208,
  "ethBalanceInUsd": 19732.287400351022,
  "kenduBalanceInUsd": 94952.98526027917,
  "totalUsdBalance": 42176.36815335102
}