{
  "ethBalance": 0.038589031500035925,
  "usdtBalance": 0,
  "usdcBalance": 0,
  "kenduBalance": 35199894.08324558,
  "ethBalanceInUsd": 125.24301707525659,
  "kenduBalanceInUsd": 485.4065394079566,
  "totalUsdBalance": 125.24301707525659
}