{
  "ethBalance": 0.3579488855246269,
  "usdtBalance": 0,
  "usdcBalance": 0,
  "kenduBalance": 3705282011.416198,
  "ethBalanceInUsd": 583.2025396964193,
  "kenduBalanceInUsd": 49465.51485240624,
  "totalUsdBalance": 583.2025396964193
}