{
  "ethBalance": 0.3119048631851912,
  "usdtBalance": 0,
  "usdcBalance": 0.463046,
  "kenduBalance": 4175387837.757599,
  "ethBalanceInUsd": 642.9887564076397,
  "kenduBalanceInUsd": 68977.40707975553,
  "totalUsdBalance": 643.4518024076397
}