{
  "ethBalance": 8.056063080971311,
  "usdtBalance": 22356.072978,
  "usdcBalance": 88.007775,
  "kenduBalance": 319823769.8171208,
  "ethBalanceInUsd": 23488.660322034004,
  "kenduBalanceInUsd": 38138.98455069165,
  "totalUsdBalance": 45932.741075034
}