{
  "ethBalance": 0.045462183917402754,
  "usdtBalance": 0,
  "usdcBalance": 0,
  "kenduBalance": 307214787.46744066,
  "ethBalanceInUsd": 126.22802675586462,
  "kenduBalanceInUsd": 24263.823914178465,
  "totalUsdBalance": 126.22802675586462
}