{
  "ethBalance": 0.038589031500035925,
  "usdtBalance": 0,
  "usdcBalance": 0,
  "kenduBalance": 35199894.08324558,
  "ethBalanceInUsd": 112.01315351578427,
  "kenduBalanceInUsd": 1939.5141639868316,
  "totalUsdBalance": 112.01315351578427
}