{
  "ethBalance": 0.038589031500035925,
  "usdtBalance": 0,
  "usdcBalance": 0,
  "kenduBalance": 35199894.08324558,
  "ethBalanceInUsd": 119.04253149383084,
  "kenduBalanceInUsd": 1068.3167854265034,
  "totalUsdBalance": 119.04253149383084
}