{
  "ethBalance": 0.045462183917402754,
  "usdtBalance": 0,
  "usdcBalance": 0,
  "kenduBalance": 307214787.46744066,
  "ethBalanceInUsd": 125.44289483961109,
  "kenduBalanceInUsd": 25916.639470753293,
  "totalUsdBalance": 125.44289483961109
}