{
  "ethBalance": 0.038589031500035925,
  "usdtBalance": 0,
  "usdcBalance": 0,
  "kenduBalance": 35199894.08324558,
  "ethBalanceInUsd": 128.21630195233436,
  "kenduBalanceInUsd": 1210.5243575228155,
  "totalUsdBalance": 128.21630195233436
}