{
  "ethBalance": 13.47560135212183,
  "usdtBalance": 3949.089252,
  "usdcBalance": 8005.206012,
  "kenduBalance": 10805029020.399477,
  "ethBalanceInUsd": 41432.08391723377,
  "kenduBalanceInUsd": 138844.6229121333,
  "totalUsdBalance": 53386.37918123377
}