{
  "ethBalance": 0.038589031500035925,
  "usdtBalance": 0,
  "usdcBalance": 0,
  "kenduBalance": 35199894.08324558,
  "ethBalanceInUsd": 120.35533034546205,
  "kenduBalanceInUsd": 960.605109531772,
  "totalUsdBalance": 120.35533034546205
}