{
  "ethBalance": 0.06254024854608203,
  "usdtBalance": 0,
  "usdcBalance": 0,
  "kenduBalance": 6456272656.749752,
  "ethBalanceInUsd": 140.28840933111485,
  "kenduBalanceInUsd": 60947.21387971765,
  "totalUsdBalance": 140.28840933111485
}