{
  "ethBalance": 8.011063080971311,
  "usdtBalance": 22313.097842,
  "kenduBalance": 302835445.5049916,
  "ethBalanceInUsd": 25956.325046131908,
  "kenduBalanceInUsd": 45519.19581385528,
  "totalUsdBalance": 48269.42288813191
}