{
  "ethBalance": 0.5002741579676101,
  "usdtBalance": 0,
  "usdcBalance": 100,
  "kenduBalance": 4855925261.348792,
  "ethBalanceInUsd": 1409.8426155348407,
  "kenduBalanceInUsd": 146746.0613979605,
  "totalUsdBalance": 1509.8426155348407
}