{
  "ethBalance": 0.04459919224178026,
  "usdtBalance": 0,
  "usdcBalance": 0,
  "kenduBalance": 517214787.4674407,
  "ethBalanceInUsd": 102.45148045012793,
  "kenduBalanceInUsd": 28245.099543596938,
  "totalUsdBalance": 102.45148045012793
}