{
  "ethBalance": 0.09959930940546294,
  "usdtBalance": 0,
  "usdcBalance": 2800,
  "kenduBalance": 5981415733.861656,
  "ethBalanceInUsd": 190.44284352109162,
  "kenduBalanceInUsd": 42707.30833977223,
  "totalUsdBalance": 2990.4428435210916
}