{
  "ethBalance": 0.10788809429719365,
  "usdtBalance": 3946.421819,
  "usdcBalance": 0,
  "kenduBalance": 13268928669.075045,
  "ethBalanceInUsd": 359.11199515386687,
  "kenduBalanceInUsd": 343134.4953822807,
  "totalUsdBalance": 4305.533814153867
}