{
  "ethBalance": 0.04841366454199495,
  "usdtBalance": 90113.767042,
  "usdcBalance": 0,
  "kenduBalance": 946492975.4674407,
  "ethBalanceInUsd": 115.33635717503999,
  "kenduBalanceInUsd": 94005.68232342621,
  "totalUsdBalance": 90229.10339917504
}