{
  "ethBalance": 0.5002741579676101,
  "usdtBalance": 0,
  "usdcBalance": 100,
  "kenduBalance": 4855925261.348792,
  "ethBalanceInUsd": 1321.1890320014004,
  "kenduBalanceInUsd": 122806.34985951096,
  "totalUsdBalance": 1421.1890320014004
}