{
  "ethBalance": 0.3119048631851912,
  "usdtBalance": 0,
  "usdcBalance": 0.463046,
  "kenduBalance": 4175387837.757599,
  "ethBalanceInUsd": 651.8780450084176,
  "kenduBalanceInUsd": 44676.64986400631,
  "totalUsdBalance": 652.3410910084176
}