{
  "ethBalance": 3.3856809462214548,
  "usdtBalance": 3949.089252,
  "usdcBalance": 5005.206012,
  "kenduBalance": 12579294084.737032,
  "ethBalanceInUsd": 10786.610210614243,
  "kenduBalanceInUsd": 286556.31925030955,
  "totalUsdBalance": 19740.905474614243
}