{
  "ethBalance": 0.5002741579676101,
  "usdtBalance": 0,
  "usdcBalance": 100,
  "kenduBalance": 4855925261.348792,
  "ethBalanceInUsd": 1270.1760761134433,
  "kenduBalanceInUsd": 126205.49754245511,
  "totalUsdBalance": 1370.1760761134433
}