{
  "ethBalance": 0.038589031500035925,
  "usdtBalance": 0,
  "usdcBalance": 0,
  "kenduBalance": 35199894.08324558,
  "ethBalanceInUsd": 97.22660842560052,
  "kenduBalanceInUsd": 1069.0207833081683,
  "totalUsdBalance": 97.22660842560052
}