{
  "ethBalance": 0.04272247540230626,
  "usdtBalance": 0,
  "usdcBalance": 0,
  "kenduBalance": 517214787.4674407,
  "ethBalanceInUsd": 112.89157790207015,
  "kenduBalanceInUsd": 30484.63957333096,
  "totalUsdBalance": 112.89157790207015
}