{
  "ethBalance": 0.35798968333076975,
  "usdtBalance": 0,
  "usdcBalance": 4004.403285,
  "kenduBalance": 3705282011.416198,
  "ethBalanceInUsd": 562.0867615913081,
  "kenduBalanceInUsd": 38794.30265952759,
  "totalUsdBalance": 4566.490046591308
}