{
  "ethBalance": 0.038589031500035925,
  "usdtBalance": 0,
  "usdcBalance": 0,
  "kenduBalance": 35199894.08324558,
  "ethBalanceInUsd": 126.78619244494304,
  "kenduBalanceInUsd": 1502.6834784137538,
  "totalUsdBalance": 126.78619244494304
}