{
  "ethBalance": 4.466168341671865,
  "usdtBalance": 0,
  "usdcBalance": 0,
  "kenduBalance": 8305029020.399477,
  "ethBalanceInUsd": 12228.681551281483,
  "kenduBalanceInUsd": 121585.62485864834,
  "totalUsdBalance": 12228.681551281483
}