{
  "ethBalance": 0.038589031500035925,
  "usdtBalance": 0,
  "usdcBalance": 0,
  "kenduBalance": 35199894.08324558,
  "ethBalanceInUsd": 141.6719113460819,
  "kenduBalanceInUsd": 752.2217365589581,
  "totalUsdBalance": 141.6719113460819
}