{
  "ethBalance": 9.40272155275617,
  "usdtBalance": 3949.089252,
  "usdcBalance": 8005.206012,
  "kenduBalance": 11652025441.98484,
  "ethBalanceInUsd": 29215.666272646333,
  "kenduBalanceInUsd": 259374.08633858257,
  "totalUsdBalance": 41169.96153664633
}