{
  "ethBalance": 0.04272247540230626,
  "usdtBalance": 0,
  "usdcBalance": 0,
  "kenduBalance": 517214787.4674407,
  "ethBalanceInUsd": 113.14321328218973,
  "kenduBalanceInUsd": 29853.63753262068,
  "totalUsdBalance": 113.14321328218973
}