{
  "ethBalance": 0.038589031500035925,
  "usdtBalance": 0,
  "usdcBalance": 0,
  "kenduBalance": 35199894.08324558,
  "ethBalanceInUsd": 146.90226867559676,
  "kenduBalanceInUsd": 1261.916202884354,
  "totalUsdBalance": 146.90226867559676
}