{
  "ethBalance": 0.3579488855246269,
  "usdtBalance": 0,
  "usdcBalance": 0,
  "kenduBalance": 3705282011.416198,
  "ethBalanceInUsd": 566.6975165848788,
  "kenduBalanceInUsd": 48576.24716966635,
  "totalUsdBalance": 566.6975165848788
}