{
  "ethBalance": 0.5002741579676101,
  "usdtBalance": 0,
  "usdcBalance": 100,
  "kenduBalance": 4855925261.348792,
  "ethBalanceInUsd": 1275.9142207053317,
  "kenduBalanceInUsd": 112026.19577931664,
  "totalUsdBalance": 1375.9142207053317
}