{
  "ethBalance": 0.30943876692005484,
  "usdtBalance": 0,
  "usdcBalance": 0,
  "kenduBalance": 8110029020.399477,
  "ethBalanceInUsd": 832.9967829981108,
  "kenduBalanceInUsd": 92048.82938153406,
  "totalUsdBalance": 832.9967829981108
}