{
  "ethBalance": 0.038589031500035925,
  "usdtBalance": 0,
  "usdcBalance": 0,
  "kenduBalance": 35199894.08324558,
  "ethBalanceInUsd": 100.63016100390368,
  "kenduBalanceInUsd": 1164.412496273764,
  "totalUsdBalance": 100.63016100390368
}