{
  "ethBalance": 0.0624422229661258,
  "usdtBalance": 0,
  "usdcBalance": 0,
  "kenduBalance": 6384544426.92592,
  "ethBalanceInUsd": 135.9410903528635,
  "kenduBalanceInUsd": 50501.746416984024,
  "totalUsdBalance": 135.9410903528635
}