{
  "ethBalance": 0.04272247540230626,
  "usdtBalance": 0,
  "usdcBalance": 0,
  "kenduBalance": 517214787.4674407,
  "ethBalanceInUsd": 108.31984580926935,
  "kenduBalanceInUsd": 26564.15148432776,
  "totalUsdBalance": 108.31984580926935
}