{
  "ethBalance": 0.5002741579676101,
  "usdtBalance": 0,
  "usdcBalance": 100,
  "kenduBalance": 4855925261.348792,
  "ethBalanceInUsd": 1273.9231295566206,
  "kenduBalanceInUsd": 143249.79520978936,
  "totalUsdBalance": 1373.9231295566206
}