{
  "ethBalance": 0.06262558795641449,
  "usdtBalance": 0,
  "usdcBalance": 0,
  "kenduBalance": 7456272656.749752,
  "ethBalanceInUsd": 156.03039988164755,
  "kenduBalanceInUsd": 67777.51844985524,
  "totalUsdBalance": 156.03039988164755
}