{
  "ethBalance": 0.04272247540230626,
  "usdtBalance": 0,
  "usdcBalance": 0,
  "kenduBalance": 517214787.4674407,
  "ethBalanceInUsd": 101.58251143832567,
  "kenduBalanceInUsd": 26290.02764697001,
  "totalUsdBalance": 101.58251143832567
}