{
  "ethBalance": 0.3196155371451788,
  "usdtBalance": 0,
  "usdcBalance": 884.463046,
  "kenduBalance": 5453954448.539579,
  "ethBalanceInUsd": 611.6258803471286,
  "kenduBalanceInUsd": 37305.04842801072,
  "totalUsdBalance": 1496.0889263471286
}