{
  "ethBalance": 0.06254024854608203,
  "usdtBalance": 0,
  "usdcBalance": 0,
  "kenduBalance": 6456272656.749752,
  "ethBalanceInUsd": 145.30914048439428,
  "kenduBalanceInUsd": 56750.636652830326,
  "totalUsdBalance": 145.30914048439428
}