{
  "ethBalance": 0.038589031500035925,
  "usdtBalance": 0,
  "usdcBalance": 0,
  "kenduBalance": 35199894.08324558,
  "ethBalanceInUsd": 130.41587674783642,
  "kenduBalanceInUsd": 1054.5888267340376,
  "totalUsdBalance": 130.41587674783642
}