{
  "ethBalance": 0.3194927667359207,
  "usdtBalance": 0,
  "usdcBalance": 884.463046,
  "kenduBalance": 4753954448.539579,
  "ethBalanceInUsd": 630.2314316632771,
  "kenduBalanceInUsd": 33372.760228747844,
  "totalUsdBalance": 1514.6944776632772
}