{
  "ethBalance": 0.5002741579676101,
  "usdtBalance": 0,
  "usdcBalance": 100,
  "kenduBalance": 4855925261.348792,
  "ethBalanceInUsd": 1308.2219258268801,
  "kenduBalanceInUsd": 144755.13204080748,
  "totalUsdBalance": 1408.2219258268801
}