{
  "ethBalance": 0.04459919224178026,
  "usdtBalance": 0,
  "usdcBalance": 0,
  "kenduBalance": 517214787.4674407,
  "ethBalanceInUsd": 113.58477680944354,
  "kenduBalanceInUsd": 30251.892918970607,
  "totalUsdBalance": 113.58477680944354
}