{
  "ethBalance": 0.30943876692005484,
  "usdtBalance": 0,
  "usdcBalance": 0,
  "kenduBalance": 8110029020.399477,
  "ethBalanceInUsd": 847.3733081092166,
  "kenduBalanceInUsd": 89210.31922439425,
  "totalUsdBalance": 847.3733081092166
}