{
  "ethBalance": 0.5002741579676101,
  "usdtBalance": 0,
  "usdcBalance": 100,
  "kenduBalance": 4855925261.348792,
  "ethBalanceInUsd": 1315.7260381963943,
  "kenduBalanceInUsd": 148591.31299727302,
  "totalUsdBalance": 1415.7260381963943
}