{
  "ethBalance": 0.04459919224178026,
  "usdtBalance": 0,
  "usdcBalance": 0,
  "kenduBalance": 517214787.4674407,
  "ethBalanceInUsd": 109.15652301175719,
  "kenduBalanceInUsd": 26026.248105361617,
  "totalUsdBalance": 109.15652301175719
}