{
  "ethBalance": 0.5002741579676101,
  "usdtBalance": 0,
  "usdcBalance": 100,
  "kenduBalance": 4855925261.348792,
  "ethBalanceInUsd": 1259.4351899418787,
  "kenduBalanceInUsd": 162770.6147604115,
  "totalUsdBalance": 1359.4351899418787
}