{
  "ethBalance": 0.038589031500035925,
  "usdtBalance": 0,
  "usdcBalance": 0,
  "kenduBalance": 35199894.08324558,
  "ethBalanceInUsd": 120.54788961264723,
  "kenduBalanceInUsd": 1071.132776953163,
  "totalUsdBalance": 120.54788961264723
}