{
  "ethBalance": 0.5002741579676101,
  "usdtBalance": 0,
  "usdcBalance": 100,
  "kenduBalance": 4855925261.348792,
  "ethBalanceInUsd": 1255.1478404080963,
  "kenduBalanceInUsd": 108821.28510682643,
  "totalUsdBalance": 1355.1478404080963
}