{
  "ethBalance": 0.06254024854608203,
  "usdtBalance": 0,
  "usdcBalance": 0,
  "kenduBalance": 6456272656.749752,
  "ethBalanceInUsd": 147.708184418622,
  "kenduBalanceInUsd": 55588.50757461537,
  "totalUsdBalance": 147.708184418622
}