{
  "ethBalance": 0.04459919224178026,
  "usdtBalance": 0,
  "usdcBalance": 0,
  "kenduBalance": 517214787.4674407,
  "ethBalanceInUsd": 113.83542426984235,
  "kenduBalanceInUsd": 29310.562005779866,
  "totalUsdBalance": 113.83542426984235
}