{
  "ethBalance": 0.5002741579676101,
  "usdtBalance": 0,
  "usdcBalance": 100,
  "kenduBalance": 4855925261.348792,
  "ethBalanceInUsd": 1248.8894106919215,
  "kenduBalanceInUsd": 115862.37673578218,
  "totalUsdBalance": 1348.8894106919215
}