{
  "ethBalance": 0.038589031500035925,
  "usdtBalance": 0,
  "usdcBalance": 0,
  "kenduBalance": 35199894.08324558,
  "ethBalanceInUsd": 132.71153823177355,
  "kenduBalanceInUsd": 1022.5569231182842,
  "totalUsdBalance": 132.71153823177355
}