{
  "ethBalance": 0.045462183917402754,
  "usdtBalance": 0,
  "usdcBalance": 0,
  "kenduBalance": 307214787.46744066,
  "ethBalanceInUsd": 124.9837267820453,
  "kenduBalanceInUsd": 24002.69134483114,
  "totalUsdBalance": 124.9837267820453
}