{
  "ethBalance": 0.35798968333076975,
  "usdtBalance": 0,
  "usdcBalance": 4004.403285,
  "kenduBalance": 3705282011.416198,
  "ethBalanceInUsd": 561.9722048926424,
  "kenduBalanceInUsd": 39757.675982495806,
  "totalUsdBalance": 4566.375489892642
}