{
  "ethBalance": 0.5002741579676101,
  "usdtBalance": 0,
  "usdcBalance": 100,
  "kenduBalance": 4855925261.348792,
  "ethBalanceInUsd": 1277.3700185050177,
  "kenduBalanceInUsd": 128584.90092051601,
  "totalUsdBalance": 1377.3700185050177
}