{
  "ethBalance": 0.04272247540230626,
  "usdtBalance": 0,
  "usdcBalance": 0,
  "kenduBalance": 517214787.4674407,
  "ethBalanceInUsd": 113.72594784667719,
  "kenduBalanceInUsd": 30096.728482730374,
  "totalUsdBalance": 113.72594784667719
}