{
  "ethBalance": 0.5002741579676101,
  "usdtBalance": 0,
  "usdcBalance": 100,
  "kenduBalance": 4855925261.348792,
  "ethBalanceInUsd": 1242.3308164809662,
  "kenduBalanceInUsd": 108918.40361205341,
  "totalUsdBalance": 1342.3308164809662
}