{
  "ethBalance": 0.0660488809860724,
  "usdtBalance": 0,
  "usdcBalance": 0,
  "kenduBalance": 7622102282.100412,
  "ethBalanceInUsd": 160.20750523100736,
  "kenduBalanceInUsd": 57775.53529832113,
  "totalUsdBalance": 160.20750523100736
}