{
  "ethBalance": 0.04272247540230626,
  "usdtBalance": 0,
  "usdcBalance": 0,
  "kenduBalance": 517214787.4674407,
  "ethBalanceInUsd": 113.7520085566726,
  "kenduBalanceInUsd": 28369.23109258912,
  "totalUsdBalance": 113.7520085566726
}