{
  "ethBalance": 0.038589031500035925,
  "usdtBalance": 0,
  "usdcBalance": 0,
  "kenduBalance": 35199894.08324558,
  "ethBalanceInUsd": 108.55210328054606,
  "kenduBalanceInUsd": 1941.6261576318263,
  "totalUsdBalance": 108.55210328054606
}