{
  "ethBalance": 0.04841366454199495,
  "usdtBalance": 90113.767042,
  "usdcBalance": 0,
  "kenduBalance": 946492975.4674407,
  "ethBalanceInUsd": 114.26641518866191,
  "kenduBalanceInUsd": 107824.47976525084,
  "totalUsdBalance": 90228.03345718866
}