{
  "ethBalance": 0.5002741579676101,
  "usdtBalance": 0,
  "usdcBalance": 100,
  "kenduBalance": 4855925261.348792,
  "ethBalanceInUsd": 1254.1522948337406,
  "kenduBalanceInUsd": 131158.54130903087,
  "totalUsdBalance": 1354.1522948337406
}