{
  "ethBalance": 0.35769432885289126,
  "usdtBalance": 0,
  "usdcBalance": 0,
  "kenduBalance": 4514955040.756332,
  "ethBalanceInUsd": 852.9578965826045,
  "kenduBalanceInUsd": 80817.69522953835,
  "totalUsdBalance": 852.9578965826045
}