{
  "ethBalance": 0.35703877941042383,
  "usdtBalance": 0,
  "usdcBalance": 0,
  "kenduBalance": 4855947774.956796,
  "ethBalanceInUsd": 894.971256409139,
  "kenduBalanceInUsd": 179864.3055843997,
  "totalUsdBalance": 894.971256409139
}