{
  "ethBalance": 0.3196155371451788,
  "usdtBalance": 0,
  "usdcBalance": 884.463046,
  "kenduBalance": 5453954448.539579,
  "ethBalanceInUsd": 617.4716485215139,
  "kenduBalanceInUsd": 38341.299773233244,
  "totalUsdBalance": 1501.9346945215138
}