{
  "ethBalance": 0.04272247540230626,
  "usdtBalance": 0,
  "usdcBalance": 0,
  "kenduBalance": 517214787.4674407,
  "ethBalanceInUsd": 112.54851642458964,
  "kenduBalanceInUsd": 30510.50031270433,
  "totalUsdBalance": 112.54851642458964
}