{
  "ethBalance": 0.04459919224178026,
  "usdtBalance": 0,
  "usdcBalance": 0,
  "kenduBalance": 517214787.4674407,
  "ethBalanceInUsd": 108.10799600215292,
  "kenduBalanceInUsd": 28886.445880056566,
  "totalUsdBalance": 108.10799600215292
}