{
  "ethBalance": 0.5002741579676101,
  "usdtBalance": 0,
  "usdcBalance": 100,
  "kenduBalance": 4855925261.348792,
  "ethBalanceInUsd": 1289.9869327689607,
  "kenduBalanceInUsd": 135091.84077072341,
  "totalUsdBalance": 1389.9869327689607
}