{
  "ethBalance": 0.038589031500035925,
  "usdtBalance": 0,
  "usdcBalance": 0,
  "kenduBalance": 35199894.08324558,
  "ethBalanceInUsd": 137.41747062320295,
  "kenduBalanceInUsd": 1309.4360598967357,
  "totalUsdBalance": 137.41747062320295
}