{
  "ethBalance": 0.04459919224178026,
  "usdtBalance": 0,
  "usdcBalance": 0,
  "kenduBalance": 517214787.4674407,
  "ethBalanceInUsd": 101.8944365390281,
  "kenduBalanceInUsd": 26233.134020348596,
  "totalUsdBalance": 101.8944365390281
}