{
  "ethBalance": 0.046325213179724774,
  "usdtBalance": 50113.767042,
  "usdcBalance": 0,
  "kenduBalance": 946492975.4674407,
  "ethBalanceInUsd": 123.16206476814347,
  "kenduBalanceInUsd": 110607.16911312513,
  "totalUsdBalance": 50236.92910676814
}