{
  "ethBalance": 0.3579040556931112,
  "usdtBalance": 0,
  "usdcBalance": 0,
  "kenduBalance": 3646098337.9468102,
  "ethBalanceInUsd": 649.9394489764622,
  "kenduBalanceInUsd": 36643.28829636544,
  "totalUsdBalance": 649.9394489764622
}