{
  "ethBalance": 0.038589031500035925,
  "usdtBalance": 0,
  "usdcBalance": 0,
  "kenduBalance": 35199894.08324558,
  "ethBalanceInUsd": 126.85295146943811,
  "kenduBalanceInUsd": 1015.1649453608026,
  "totalUsdBalance": 126.85295146943811
}