{
  "ethBalance": 0.045462183917402754,
  "usdtBalance": 0,
  "usdcBalance": 0,
  "kenduBalance": 307214787.46744066,
  "ethBalanceInUsd": 125.2810494648651,
  "kenduBalanceInUsd": 24442.008490909582,
  "totalUsdBalance": 125.2810494648651
}