{
  "ethBalance": 0.04459919224178026,
  "usdtBalance": 0,
  "usdcBalance": 0,
  "kenduBalance": 517214787.4674407,
  "ethBalanceInUsd": 107.7186450538822,
  "kenduBalanceInUsd": 26926.201835554963,
  "totalUsdBalance": 107.7186450538822
}