{
  "ethBalance": 13.47560135212183,
  "usdtBalance": 3949.089252,
  "usdcBalance": 8005.206012,
  "kenduBalance": 10805029020.399477,
  "ethBalanceInUsd": 43632.64961803528,
  "kenduBalanceInUsd": 170179.20707129175,
  "totalUsdBalance": 55586.94488203528
}