{
  "ethBalance": 0.5002741579676101,
  "usdtBalance": 0,
  "usdcBalance": 100,
  "kenduBalance": 4855925261.348792,
  "ethBalanceInUsd": 1308.3970217821688,
  "kenduBalanceInUsd": 127565.15661563278,
  "totalUsdBalance": 1408.3970217821688
}