{
  "ethBalance": 0.038589031500035925,
  "usdtBalance": 0,
  "usdcBalance": 0,
  "kenduBalance": 35199894.08324558,
  "ethBalanceInUsd": 138.59675142584405,
  "kenduBalanceInUsd": 1026.0769125266088,
  "totalUsdBalance": 138.59675142584405
}