{
  "ethBalance": 0.038589031500035925,
  "usdtBalance": 0,
  "usdcBalance": 0,
  "kenduBalance": 35199894.08324558,
  "ethBalanceInUsd": 133.43122366924922,
  "kenduBalanceInUsd": 1021.8529252366193,
  "totalUsdBalance": 133.43122366924922
}