{
  "ethBalance": 0.04272247540230626,
  "usdtBalance": 0,
  "usdcBalance": 0,
  "kenduBalance": 517214787.4674407,
  "ethBalanceInUsd": 111.10962345303996,
  "kenduBalanceInUsd": 29636.40732188435,
  "totalUsdBalance": 111.10962345303996
}