{
  "ethBalance": 0.5002741579676101,
  "usdtBalance": 0,
  "usdcBalance": 100,
  "kenduBalance": 4855925261.348792,
  "ethBalanceInUsd": 1221.2742771721096,
  "kenduBalanceInUsd": 104305.27461377205,
  "totalUsdBalance": 1321.2742771721096
}