{
  "ethBalance": 0.9901811623811279,
  "usdtBalance": 0,
  "usdcBalance": null,
  "kenduBalance": 4558502396.376256,
  "ethBalanceInUsd": 4328.735380335082,
  "kenduBalanceInUsd": 69927.42676041176,
  "totalUsdBalance": null
}