{
  "ethBalance": 0.3579488855246269,
  "usdtBalance": null,
  "usdcBalance": null,
  "kenduBalance": 3705282011.416198,
  "ethBalanceInUsd": 640.1522073833876,
  "kenduBalanceInUsd": 46093.7082220175,
  "totalUsdBalance": null
}