{
  "ethBalance": 0.038589031500035925,
  "usdtBalance": 0,
  "usdcBalance": 0,
  "kenduBalance": 35199894.08324558,
  "ethBalanceInUsd": 95.64291457283905,
  "kenduBalanceInUsd": 1685.018929764966,
  "totalUsdBalance": 95.64291457283905
}