{
  "ethBalance": 0.3579488855246269,
  "usdtBalance": 0,
  "usdcBalance": 0,
  "kenduBalance": 3705282011.416198,
  "ethBalanceInUsd": 567.195065535758,
  "kenduBalanceInUsd": 42981.271332427896,
  "totalUsdBalance": 567.195065535758
}