{
  "ethBalance": 6.7554413704538945,
  "usdtBalance": 22002.126666,
  "kenduBalance": 501472065.1465608,
  "ethBalanceInUsd": 22131.096147261775,
  "kenduBalanceInUsd": 88775.59969289566,
  "totalUsdBalance": 44133.222813261775
}