{
  "ethBalance": 0.3119048631851912,
  "usdtBalance": 0,
  "usdcBalance": 0.463046,
  "kenduBalance": 4175387837.757599,
  "ethBalanceInUsd": 617.0694622769504,
  "kenduBalanceInUsd": 38956.3685262784,
  "totalUsdBalance": 617.5325082769504
}