{
  "ethBalance": 0.038589031500035925,
  "usdtBalance": 0,
  "usdcBalance": 0,
  "kenduBalance": 35199894.08324558,
  "ethBalanceInUsd": 132.39279283158325,
  "kenduBalanceInUsd": 873.6613711461554,
  "totalUsdBalance": 132.39279283158325
}