{
  "ethBalance": 0.038589031500035925,
  "usdtBalance": 0,
  "usdcBalance": 0,
  "kenduBalance": 35199894.08324558,
  "ethBalanceInUsd": 138.8637875238243,
  "kenduBalanceInUsd": 769.1176857189159,
  "totalUsdBalance": 138.8637875238243
}