{
  "ethBalance": 0.038589031500035925,
  "usdtBalance": 0,
  "usdcBalance": 0,
  "kenduBalance": 35199894.08324558,
  "ethBalanceInUsd": 132.2253164348731,
  "kenduBalanceInUsd": 1173.91646767624,
  "totalUsdBalance": 132.2253164348731
}