{
  "ethBalance": 0.5002741579676101,
  "usdtBalance": 0,
  "usdcBalance": 100,
  "kenduBalance": 4855925261.348792,
  "ethBalanceInUsd": 1253.4969356868032,
  "kenduBalanceInUsd": 143929.6247463782,
  "totalUsdBalance": 1353.4969356868032
}