{
  "ethBalance": 0.038589031500035925,
  "usdtBalance": 0,
  "usdcBalance": 0,
  "kenduBalance": 35199894.08324558,
  "ethBalanceInUsd": 138.36791846904882,
  "kenduBalanceInUsd": 1040.8608680415718,
  "totalUsdBalance": 138.36791846904882
}