{
  "ethBalance": 0.5002528644753425,
  "usdtBalance": 0,
  "usdcBalance": null,
  "kenduBalance": 4845166789.051858,
  "ethBalanceInUsd": 1407.0462243238615,
  "kenduBalanceInUsd": 97097.14245259923,
  "totalUsdBalance": null
}