{
  "ethBalance": 0.3117728554842481,
  "usdtBalance": 0,
  "usdcBalance": 0.463046,
  "kenduBalance": 4113980899.4295063,
  "ethBalanceInUsd": 575.3362743249669,
  "kenduBalanceInUsd": 46282.285118581945,
  "totalUsdBalance": 575.7993203249669
}