{
  "ethBalance": 0.038589031500035925,
  "usdtBalance": 0,
  "usdcBalance": 0,
  "kenduBalance": 35199894.08324558,
  "ethBalanceInUsd": 129.89376715164093,
  "kenduBalanceInUsd": 870.4933806786632,
  "totalUsdBalance": 129.89376715164093
}