{
  "ethBalance": 0.038589031500035925,
  "usdtBalance": 0,
  "usdcBalance": 0,
  "kenduBalance": 13206739398.082659,
  "ethBalanceInUsd": 127.30791615082353,
  "kenduBalanceInUsd": 205760.99982212784,
  "totalUsdBalance": 127.30791615082353
}