{
  "ethBalance": 0.06254024854608203,
  "usdtBalance": 0,
  "usdcBalance": 0,
  "kenduBalance": 6456272656.749752,
  "ethBalanceInUsd": 138.85623763940956,
  "kenduBalanceInUsd": 53393.374871320455,
  "totalUsdBalance": 138.85623763940956
}