{
  "ethBalance": 0.038589031500035925,
  "usdtBalance": 0,
  "usdcBalance": 0,
  "kenduBalance": 35199894.08324558,
  "ethBalanceInUsd": 127.1894478241184,
  "kenduBalanceInUsd": 1160.5405079246068,
  "totalUsdBalance": 127.1894478241184
}