{
  "ethBalance": 0.04272247540230626,
  "usdtBalance": 0,
  "usdcBalance": 0,
  "kenduBalance": 517214787.4674407,
  "ethBalanceInUsd": 103.5392008117513,
  "kenduBalanceInUsd": 25979.698774489545,
  "totalUsdBalance": 103.5392008117513
}