{
  "ethBalance": 0.038589031500035925,
  "usdtBalance": 0,
  "usdcBalance": 0,
  "kenduBalance": 35199894.08324558,
  "ethBalanceInUsd": 140.02300203008537,
  "kenduBalanceInUsd": 675.4859674574827,
  "totalUsdBalance": 140.02300203008537
}