{
  "ethBalance": 0.038589031500035925,
  "usdtBalance": 0,
  "usdcBalance": 0,
  "kenduBalance": 35199894.08324558,
  "ethBalanceInUsd": 103.79214624501662,
  "kenduBalanceInUsd": 1216.1563405761349,
  "totalUsdBalance": 103.79214624501662
}