{
  "ethBalance": 0.5002741579676101,
  "usdtBalance": 0,
  "usdcBalance": 100,
  "kenduBalance": 4855925261.348792,
  "ethBalanceInUsd": 1317.9422527161908,
  "kenduBalanceInUsd": 152913.08647987345,
  "totalUsdBalance": 1417.9422527161908
}