{
  "ethBalance": 0.038589031500035925,
  "usdtBalance": 0,
  "usdcBalance": 0,
  "kenduBalance": 35199894.08324558,
  "ethBalanceInUsd": 129.90109906762592,
  "kenduBalanceInUsd": 1693.8189032857774,
  "totalUsdBalance": 129.90109906762592
}