{
  "ethBalance": 0.3579488855246269,
  "usdtBalance": 0,
  "usdcBalance": 0,
  "kenduBalance": 3705282011.416198,
  "ethBalanceInUsd": 569.4250870925764,
  "kenduBalanceInUsd": 38275.56317792932,
  "totalUsdBalance": 569.4250870925764
}