{
  "ethBalance": 0.045462183917402754,
  "usdtBalance": 0,
  "usdcBalance": 0,
  "kenduBalance": 307214787.46744066,
  "ethBalanceInUsd": 125.43152929363173,
  "kenduBalanceInUsd": 26134.761969855175,
  "totalUsdBalance": 125.43152929363173
}