{
  "ethBalance": 0.3579488855246269,
  "usdtBalance": 0,
  "usdcBalance": 0,
  "kenduBalance": 3705282011.416198,
  "ethBalanceInUsd": 608.3878232819321,
  "kenduBalanceInUsd": 42833.060051971246,
  "totalUsdBalance": 608.3878232819321
}