{
  "ethBalance": 0.35703877941042383,
  "usdtBalance": 0,
  "usdcBalance": 0,
  "kenduBalance": 4855947774.956796,
  "ethBalanceInUsd": 887.1485367522564,
  "kenduBalanceInUsd": 155681.68566511487,
  "totalUsdBalance": 887.1485367522564
}