{
  "ethBalance": 0.038589031500035925,
  "usdtBalance": 0,
  "usdcBalance": 0,
  "kenduBalance": 35199894.08324558,
  "ethBalanceInUsd": 119.6526240818464,
  "kenduBalanceInUsd": 749.7577439731309,
  "totalUsdBalance": 119.6526240818464
}