{
  "ethBalance": 0.5002528644753425,
  "usdtBalance": 0,
  "usdcBalance": null,
  "kenduBalance": 4845166789.051858,
  "ethBalanceInUsd": 1486.6264500045988,
  "kenduBalanceInUsd": 105430.82932976841,
  "totalUsdBalance": null
}