{
  "ethBalance": 0.04272247540230626,
  "usdtBalance": 0,
  "usdcBalance": 0,
  "kenduBalance": 517214787.4674407,
  "ethBalanceInUsd": 105.18529778900215,
  "kenduBalanceInUsd": 24003.938286363922,
  "totalUsdBalance": 105.18529778900215
}