{
  "ethBalance": 0.04459919224178026,
  "usdtBalance": 0,
  "usdcBalance": 0,
  "kenduBalance": 517214787.4674407,
  "ethBalanceInUsd": 112.57014518594305,
  "kenduBalanceInUsd": 32610.392349822137,
  "totalUsdBalance": 112.57014518594305
}