{
  "ethBalance": 0.5002741579676101,
  "usdtBalance": 0,
  "usdcBalance": 100,
  "kenduBalance": 4855925261.348792,
  "ethBalanceInUsd": 1214.5405870058655,
  "kenduBalanceInUsd": 109695.3516538692,
  "totalUsdBalance": 1314.5405870058655
}