{
  "ethBalance": 0.04272247540230626,
  "usdtBalance": 0,
  "usdcBalance": 0,
  "kenduBalance": 517214787.4674407,
  "ethBalanceInUsd": 111.20745792171124,
  "kenduBalanceInUsd": 27955.45926261517,
  "totalUsdBalance": 111.20745792171124
}