{
  "ethBalance": 0.35703877941042383,
  "usdtBalance": 0,
  "usdcBalance": 0,
  "kenduBalance": 4855947774.956796,
  "ethBalanceInUsd": 926.4763583043147,
  "kenduBalanceInUsd": 192489.76979928737,
  "totalUsdBalance": 926.4763583043147
}