{
  "ethBalance": 0.35779268808449755,
  "usdtBalance": 0,
  "usdcBalance": 0,
  "kenduBalance": 3546950453.60037,
  "ethBalanceInUsd": 654.1237482098401,
  "kenduBalanceInUsd": 38413.47341249201,
  "totalUsdBalance": 654.1237482098401
}