{
  "ethBalance": 0.038589031500035925,
  "usdtBalance": 0,
  "usdcBalance": 0,
  "kenduBalance": 35199894.08324558,
  "ethBalanceInUsd": 129.8532486685659,
  "kenduBalanceInUsd": 721.5978287065344,
  "totalUsdBalance": 129.8532486685659
}