{
  "ethBalance": 0.5002741579676101,
  "usdtBalance": 0,
  "usdcBalance": 100,
  "kenduBalance": 4855925261.348792,
  "ethBalanceInUsd": 1289.4416339367758,
  "kenduBalanceInUsd": 121738.0463020142,
  "totalUsdBalance": 1389.4416339367758
}