{
  "ethBalance": 0.04272247540230626,
  "usdtBalance": 0,
  "usdcBalance": 0,
  "kenduBalance": 517214787.4674407,
  "ethBalanceInUsd": 108.67743292838668,
  "kenduBalanceInUsd": 29703.64524425512,
  "totalUsdBalance": 108.67743292838668
}