{
  "ethBalance": 0.038589031500035925,
  "usdtBalance": 0,
  "usdcBalance": 0,
  "kenduBalance": 35199894.08324558,
  "ethBalanceInUsd": 141.54340987118675,
  "kenduBalanceInUsd": 892.669313951108,
  "totalUsdBalance": 141.54340987118675
}