{
  "ethBalance": 0.038589031500035925,
  "usdtBalance": 0,
  "usdcBalance": 0,
  "kenduBalance": 35199894.08324558,
  "ethBalanceInUsd": 127.34496162106356,
  "kenduBalanceInUsd": 1812.7945452871475,
  "totalUsdBalance": 127.34496162106356
}