{
  "ethBalance": 0.04272247540230626,
  "usdtBalance": 0,
  "usdcBalance": 0,
  "kenduBalance": 517214787.4674407,
  "ethBalanceInUsd": 111.85299452504009,
  "kenduBalanceInUsd": 27712.368312505474,
  "totalUsdBalance": 111.85299452504009
}