{
  "ethBalance": 0.3196155371451788,
  "usdtBalance": 0,
  "usdcBalance": 884.463046,
  "kenduBalance": 5453954448.539579,
  "ethBalanceInUsd": 637.3069887567436,
  "kenduBalanceInUsd": 36977.81116109835,
  "totalUsdBalance": 1521.7700347567436
}