{
  "ethBalance": 0.5002741579676101,
  "usdtBalance": 0,
  "usdcBalance": 100,
  "kenduBalance": 4855925261.348792,
  "ethBalanceInUsd": 1293.318758661025,
  "kenduBalanceInUsd": 112074.75503193012,
  "totalUsdBalance": 1393.318758661025
}