{
  "ethBalance": 0.3579040556931112,
  "usdtBalance": 0,
  "usdcBalance": 0,
  "kenduBalance": 3646098337.9468102,
  "ethBalanceInUsd": 653.8334451024032,
  "kenduBalanceInUsd": 38976.7912326514,
  "totalUsdBalance": 653.8334451024032
}