{
  "ethBalance": 0.5002741579676101,
  "usdtBalance": 0,
  "usdcBalance": 100,
  "kenduBalance": 4855925261.348792,
  "ethBalanceInUsd": 1245.6576396314506,
  "kenduBalanceInUsd": 142181.49165229264,
  "totalUsdBalance": 1345.6576396314506
}