{
  "ethBalance": 0.038589031500035925,
  "usdtBalance": 0,
  "usdcBalance": 0,
  "kenduBalance": 35199894.08324558,
  "ethBalanceInUsd": 123.61919062973509,
  "kenduBalanceInUsd": 1779.3546459080642,
  "totalUsdBalance": 123.61919062973509
}