{
  "ethBalance": 0.5002741579676101,
  "usdtBalance": 0,
  "usdcBalance": 100,
  "kenduBalance": 4855925261.348792,
  "ethBalanceInUsd": 1286.6501041353167,
  "kenduBalanceInUsd": 164518.74785449708,
  "totalUsdBalance": 1386.6501041353167
}