{
  "ethBalance": 0.3117728554842481,
  "usdtBalance": 0,
  "usdcBalance": 0.463046,
  "kenduBalance": 4113980899.4295063,
  "ethBalanceInUsd": 590.3886677877465,
  "kenduBalanceInUsd": 47969.01728734804,
  "totalUsdBalance": 590.8517137877465
}