{
  "ethBalance": 4.778379203455415,
  "usdtBalance": 3949.089252,
  "usdcBalance": 5005.206012,
  "kenduBalance": 12310098030.836285,
  "ethBalanceInUsd": 15170.25494375415,
  "kenduBalanceInUsd": 289164.2027443443,
  "totalUsdBalance": 24124.55020775415
}