{
  "ethBalance": 0.04272247540230626,
  "usdtBalance": 0,
  "usdcBalance": 0,
  "kenduBalance": 517214787.4674407,
  "ethBalanceInUsd": 114.58766017554171,
  "kenduBalanceInUsd": 27179.63708141401,
  "totalUsdBalance": 114.58766017554171
}