{
  "ethBalance": 0.038589031500035925,
  "usdtBalance": 0,
  "usdcBalance": 0,
  "kenduBalance": 35199894.08324558,
  "ethBalanceInUsd": 101.12101348458414,
  "kenduBalanceInUsd": 1280.924145689307,
  "totalUsdBalance": 101.12101348458414
}