{
  "ethBalance": 0.04272247540230626,
  "usdtBalance": 0,
  "usdcBalance": 0,
  "kenduBalance": 517214787.4674407,
  "ethBalanceInUsd": 106.7254430272553,
  "kenduBalanceInUsd": 26962.406870677685,
  "totalUsdBalance": 106.7254430272553
}