{
  "ethBalance": 0.04841366454199495,
  "usdtBalance": 90113.767042,
  "usdcBalance": 0,
  "kenduBalance": 946492975.4674407,
  "ethBalanceInUsd": 118.2513439171135,
  "kenduBalanceInUsd": 106205.97677720152,
  "totalUsdBalance": 90232.01838591712
}