{
  "ethBalance": 1.2384701787309673,
  "usdtBalance": 0,
  "usdcBalance": null,
  "kenduBalance": 4489413951.490725,
  "ethBalanceInUsd": 5443.410822470859,
  "kenduBalanceInUsd": 63255.842576504314,
  "totalUsdBalance": null
}