{
  "ethBalance": 0.7404211583199757,
  "usdtBalance": 0,
  "usdcBalance": null,
  "kenduBalance": 4745282940.56362,
  "ethBalanceInUsd": 3372.0408476439998,
  "kenduBalanceInUsd": 79388.58359562936,
  "totalUsdBalance": null
}