{
  "ethBalance": 0.038589031500035925,
  "usdtBalance": 0,
  "usdcBalance": 0,
  "kenduBalance": 35199894.08324558,
  "ethBalanceInUsd": 132.6633019423985,
  "kenduBalanceInUsd": 1099.9966901014245,
  "totalUsdBalance": 132.6633019423985
}