{
  "ethBalance": 0.3117728554842481,
  "usdtBalance": 0,
  "usdcBalance": 0.463046,
  "kenduBalance": 4113980899.4295063,
  "ethBalanceInUsd": 570.6129155643806,
  "kenduBalanceInUsd": 45788.60741065041,
  "totalUsdBalance": 571.0759615643806
}