{
  "ethBalance": 0.038589031500035925,
  "usdtBalance": 0,
  "usdcBalance": 0,
  "kenduBalance": 35199894.08324558,
  "ethBalanceInUsd": 150.19507073349482,
  "kenduBalanceInUsd": 1120.0606297288743,
  "totalUsdBalance": 150.19507073349482
}