{
  "ethBalance": 0.038589031500035925,
  "usdtBalance": 0,
  "usdcBalance": 0,
  "kenduBalance": 35199894.08324558,
  "ethBalanceInUsd": 97.30069936608058,
  "kenduBalanceInUsd": 1129.2126021905183,
  "totalUsdBalance": 97.30069936608058
}