{
  "ethBalance": 0.04272247540230626,
  "usdtBalance": 0,
  "usdcBalance": 0,
  "kenduBalance": 517214787.4674407,
  "ethBalanceInUsd": 113.99210886843356,
  "kenduBalanceInUsd": 28565.77271182675,
  "totalUsdBalance": 113.99210886843356
}