{
  "ethBalance": 0.06254024854608203,
  "usdtBalance": 0,
  "usdcBalance": 0,
  "kenduBalance": 6456272656.749752,
  "ethBalanceInUsd": 145.77006211617893,
  "kenduBalanceInUsd": 55846.75848088536,
  "totalUsdBalance": 145.77006211617893
}