{
  "ethBalance": 0.04459919224178026,
  "usdtBalance": 0,
  "usdcBalance": 0,
  "kenduBalance": 517214787.4674407,
  "ethBalanceInUsd": 101.83913354064829,
  "kenduBalanceInUsd": 28043.385776484636,
  "totalUsdBalance": 101.83913354064829
}