{
  "ethBalance": 0.04272247540230626,
  "usdtBalance": 0,
  "usdcBalance": 0,
  "kenduBalance": 517214787.4674407,
  "ethBalanceInUsd": 113.48413863590014,
  "kenduBalanceInUsd": 29114.020386542237,
  "totalUsdBalance": 113.48413863590014
}