{
  "ethBalance": 0.04272247540230626,
  "usdtBalance": 0,
  "usdcBalance": 0,
  "kenduBalance": 517214787.4674407,
  "ethBalanceInUsd": 105.45701273256083,
  "kenduBalanceInUsd": 26321.06053421806,
  "totalUsdBalance": 105.45701273256083
}