{
  "ethBalance": 0.3579040556931112,
  "usdtBalance": 0,
  "usdcBalance": 0,
  "kenduBalance": 3646098337.9468102,
  "ethBalanceInUsd": 666.5855666067488,
  "kenduBalanceInUsd": 42768.733504116084,
  "totalUsdBalance": 666.5855666067488
}