{
  "ethBalance": 0.038589031500035925,
  "usdtBalance": 0,
  "usdcBalance": 0,
  "kenduBalance": 35199894.08324558,
  "ethBalanceInUsd": 121.56548237330318,
  "kenduBalanceInUsd": 1732.1867878365151,
  "totalUsdBalance": 121.56548237330318
}