{
  "ethBalance": 0.3579488855246269,
  "usdtBalance": 0,
  "usdcBalance": 0,
  "kenduBalance": 3705282011.416198,
  "ethBalanceInUsd": 609.2791160068884,
  "kenduBalanceInUsd": 40683.99648534985,
  "totalUsdBalance": 609.2791160068884
}