{
  "ethBalance": 0.038589031500035925,
  "usdtBalance": 0,
  "usdcBalance": 0,
  "kenduBalance": 35199894.08324558,
  "ethBalanceInUsd": 128.7029096395498,
  "kenduBalanceInUsd": 979.9650512775571,
  "totalUsdBalance": 128.7029096395498
}