{
  "ethBalance": 0.5002741579676101,
  "usdtBalance": 0,
  "usdcBalance": 100,
  "kenduBalance": 4855925261.348792,
  "ethBalanceInUsd": 1415.1755380587756,
  "kenduBalanceInUsd": 149999.53132306418,
  "totalUsdBalance": 1515.1755380587756
}