{
  "ethBalance": 0.038589031500035925,
  "usdtBalance": 0,
  "usdcBalance": 0,
  "kenduBalance": 35199894.08324558,
  "ethBalanceInUsd": 127.10493784513334,
  "kenduBalanceInUsd": 448.4466506205487,
  "totalUsdBalance": 127.10493784513334
}