{
  "ethBalance": 0.3196155371451788,
  "usdtBalance": 0,
  "usdcBalance": 884.463046,
  "kenduBalance": 5453954448.539579,
  "ethBalanceInUsd": 650.1938872144373,
  "kenduBalanceInUsd": 36432.415716244395,
  "totalUsdBalance": 1534.6569332144372
}