{
  "ethBalance": 0.04459919224178026,
  "usdtBalance": 0,
  "usdcBalance": 0,
  "kenduBalance": 517214787.4674407,
  "ethBalanceInUsd": 110.64702801647748,
  "kenduBalanceInUsd": 32232.825554970907,
  "totalUsdBalance": 110.64702801647748
}