{
  "ethBalance": 0.038589031500035925,
  "usdtBalance": 0,
  "usdcBalance": 0,
  "kenduBalance": 35199894.08324558,
  "ethBalanceInUsd": 97.6329509272959,
  "kenduBalanceInUsd": 1123.580619137199,
  "totalUsdBalance": 97.6329509272959
}