{
  "ethBalance": 0.04459919224178026,
  "usdtBalance": 0,
  "usdcBalance": 0,
  "kenduBalance": 517214787.4674407,
  "ethBalanceInUsd": 102.76768872312216,
  "kenduBalanceInUsd": 23760.847336254225,
  "totalUsdBalance": 102.76768872312216
}