{
  "ethBalance": 0.038589031500035925,
  "usdtBalance": 0,
  "usdcBalance": 0,
  "kenduBalance": 35199894.08324558,
  "ethBalanceInUsd": 132.7836997206786,
  "kenduBalanceInUsd": 735.6777863398327,
  "totalUsdBalance": 132.7836997206786
}