{
  "ethBalance": 1.3361818234309384,
  "usdtBalance": 3946.421819,
  "usdcBalance": 0,
  "kenduBalance": 13088006810.477243,
  "ethBalanceInUsd": 4143.245959912888,
  "kenduBalanceInUsd": 270921.7409768789,
  "totalUsdBalance": 8089.667778912888
}