{
  "ethBalance": 0.045462183917402754,
  "usdtBalance": 0,
  "usdcBalance": 0,
  "kenduBalance": 307214787.46744066,
  "ethBalanceInUsd": 118.63493279798001,
  "kenduBalanceInUsd": 30257.584417668233,
  "totalUsdBalance": 118.63493279798001
}