{
  "ethBalance": 0.3579488855246269,
  "usdtBalance": 0,
  "usdcBalance": 0,
  "kenduBalance": 3705282011.416198,
  "ethBalanceInUsd": 524.6564199800114,
  "kenduBalanceInUsd": 39016.619580212566,
  "totalUsdBalance": 524.6564199800114
}