{
  "ethBalance": 0.0660488809860724,
  "usdtBalance": 0,
  "usdcBalance": 0,
  "kenduBalance": 7622102282.100412,
  "ethBalanceInUsd": 184.27703843995187,
  "kenduBalanceInUsd": 69132.46769865074,
  "totalUsdBalance": 184.27703843995187
}