{
  "ethBalance": 0.5002741579676101,
  "usdtBalance": 0,
  "usdcBalance": 100,
  "kenduBalance": 4855925261.348792,
  "ethBalanceInUsd": 1213.6000715888863,
  "kenduBalanceInUsd": 108529.92959114551,
  "totalUsdBalance": 1313.6000715888863
}