{
  "ethBalance": 0.0624422229661258,
  "usdtBalance": 0,
  "usdcBalance": 0,
  "kenduBalance": 6379544426.92592,
  "ethBalanceInUsd": 137.29046679116146,
  "kenduBalanceInUsd": 52950.21874348514,
  "totalUsdBalance": 137.29046679116146
}