{
  "ethBalance": 0.04459919224178026,
  "usdtBalance": 0,
  "usdcBalance": 0,
  "kenduBalance": 517214787.4674407,
  "ethBalanceInUsd": 102.46129227242113,
  "kenduBalanceInUsd": 24278.06212372167,
  "totalUsdBalance": 102.46129227242113
}