{
  "ethBalance": 0.038589031500035925,
  "usdtBalance": 0,
  "usdcBalance": 0,
  "kenduBalance": 35199894.08324558,
  "ethBalanceInUsd": 96.1434143113945,
  "kenduBalanceInUsd": 1090.8447176397806,
  "totalUsdBalance": 96.1434143113945
}