{
  "ethBalance": 0.038589031500035925,
  "usdtBalance": 0,
  "usdcBalance": 0,
  "kenduBalance": 35199894.08324558,
  "ethBalanceInUsd": 124.3805522212308,
  "kenduBalanceInUsd": 1854.3304203053772,
  "totalUsdBalance": 124.3805522212308
}