{
  "ethBalance": 13.47560135212183,
  "usdtBalance": 3949.089252,
  "usdcBalance": 8005.206012,
  "kenduBalance": 10805029020.399477,
  "ethBalanceInUsd": 38370.4272900317,
  "kenduBalanceInUsd": 137980.22059050133,
  "totalUsdBalance": 50324.7225540317
}