{
  "ethBalance": 0.35779268808449755,
  "usdtBalance": 0,
  "usdcBalance": 0,
  "kenduBalance": 3546950453.60037,
  "ethBalanceInUsd": 786.8469458547845,
  "kenduBalanceInUsd": 56254.63419410187,
  "totalUsdBalance": 786.8469458547845
}