{
  "ethBalance": 0.0660488809860724,
  "usdtBalance": 0,
  "usdcBalance": 0,
  "kenduBalance": 7622102282.100412,
  "ethBalanceInUsd": 180.643689496908,
  "kenduBalanceInUsd": 67684.26826505167,
  "totalUsdBalance": 180.643689496908
}