{
  "ethBalance": 9.402493048263583,
  "usdtBalance": 3949.089252,
  "usdcBalance": 8005.206012,
  "kenduBalance": 11582096903.5471,
  "ethBalanceInUsd": 29583.72205226509,
  "kenduBalanceInUsd": 238938.6591201767,
  "totalUsdBalance": 41538.01731626509
}