{
  "ethBalance": 0.5002741579676101,
  "usdtBalance": 0,
  "usdcBalance": 100,
  "kenduBalance": 4855925261.348792,
  "ethBalanceInUsd": 1328.1978729545267,
  "kenduBalanceInUsd": 146794.62065057398,
  "totalUsdBalance": 1428.1978729545267
}