{
  "ethBalance": 0.038589031500035925,
  "usdtBalance": 0,
  "usdcBalance": 0,
  "kenduBalance": 35199894.08324558,
  "ethBalanceInUsd": 133.6106626657244,
  "kenduBalanceInUsd": 1028.8929040532685,
  "totalUsdBalance": 133.6106626657244
}