{
  "ethBalance": 0.038589031500035925,
  "usdtBalance": 0,
  "usdcBalance": 0,
  "kenduBalance": 35199894.08324558,
  "ethBalanceInUsd": 129.95782494393097,
  "kenduBalanceInUsd": 612.4781570484731,
  "totalUsdBalance": 129.95782494393097
}