{
  "ethBalance": 8.051792938400936,
  "usdtBalance": 22356.072978,
  "usdcBalance": 88.007775,
  "kenduBalance": 947823769.8171208,
  "ethBalanceInUsd": 18006.868691581087,
  "kenduBalanceInUsd": 85361.0087097299,
  "totalUsdBalance": 40450.949444581085
}