{
  "ethBalance": 13.47560135212183,
  "usdtBalance": 3949.089252,
  "usdcBalance": 8005.206012,
  "kenduBalance": 10805029020.399477,
  "ethBalanceInUsd": 39480.682085433014,
  "kenduBalanceInUsd": 133442.10840193354,
  "totalUsdBalance": 51434.977349433015
}