{
  "ethBalance": 0.3579488855246269,
  "usdtBalance": 0,
  "usdcBalance": 0,
  "kenduBalance": 3705282011.416198,
  "ethBalanceInUsd": 564.5534027605863,
  "kenduBalanceInUsd": 38349.66881815765,
  "totalUsdBalance": 564.5534027605863
}