{
  "ethBalance": 0.357215510728175,
  "usdtBalance": 0,
  "usdcBalance": 0,
  "kenduBalance": 4299933763.203477,
  "ethBalanceInUsd": 922.0553927568872,
  "kenduBalanceInUsd": 96060.52026996567,
  "totalUsdBalance": 922.0553927568872
}