{
  "ethBalance": 0.04272247540230626,
  "usdtBalance": 0,
  "usdcBalance": 0,
  "kenduBalance": 517214787.4674407,
  "ethBalanceInUsd": 112.4848599362402,
  "kenduBalanceInUsd": 28958.855950302004,
  "totalUsdBalance": 112.4848599362402
}