{
  "ethBalance": 0.045462183917402754,
  "usdtBalance": 0,
  "usdcBalance": 0,
  "kenduBalance": 307214787.46744066,
  "ethBalanceInUsd": 118.34852103930038,
  "kenduBalanceInUsd": 20915.18273078336,
  "totalUsdBalance": 118.34852103930038
}