{
  "ethBalance": 0.35779268808449755,
  "usdtBalance": 0,
  "usdcBalance": 0,
  "kenduBalance": 3546950453.60037,
  "ethBalanceInUsd": 689.7777895774602,
  "kenduBalanceInUsd": 43130.9175157805,
  "totalUsdBalance": 689.7777895774602
}