{
  "ethBalance": 0.04272247540230626,
  "usdtBalance": 0,
  "usdcBalance": 0,
  "kenduBalance": 517214787.4674407,
  "ethBalanceInUsd": 103.50203225815127,
  "kenduBalanceInUsd": 22659.17983894858,
  "totalUsdBalance": 103.50203225815127
}