{
  "ethBalance": 0.0624422229661258,
  "usdtBalance": 0,
  "usdcBalance": 0,
  "kenduBalance": 6379544426.92592,
  "ethBalanceInUsd": 142.55122407605757,
  "kenduBalanceInUsd": 62966.10349375883,
  "totalUsdBalance": 142.55122407605757
}