{
  "ethBalance": 0.9902157498683816,
  "usdtBalance": 0,
  "usdcBalance": null,
  "kenduBalance": 4558502396.376256,
  "ethBalanceInUsd": 4255.917586461808,
  "kenduBalanceInUsd": 63910.203597195105,
  "totalUsdBalance": null
}