{
  "ethBalance": 0.045462183917402754,
  "usdtBalance": 0,
  "usdcBalance": 0,
  "kenduBalance": 307214787.46744066,
  "ethBalanceInUsd": 125.14420829127374,
  "kenduBalanceInUsd": 26057.95827298832,
  "totalUsdBalance": 125.14420829127374
}