{
  "ethBalance": 0.04459919224178026,
  "usdtBalance": 0,
  "usdcBalance": 0,
  "kenduBalance": 517214787.4674407,
  "ethBalanceInUsd": 112.29006225866468,
  "kenduBalanceInUsd": 33882.740726992044,
  "totalUsdBalance": 112.29006225866468
}