{
  "ethBalance": 0.038589031500035925,
  "usdtBalance": 0,
  "usdcBalance": 0,
  "kenduBalance": 35199894.08324558,
  "ethBalanceInUsd": 93.06825439115666,
  "kenduBalanceInUsd": 1964.8580877267684,
  "totalUsdBalance": 93.06825439115666
}