{
  "ethBalance": 0.3117728554842481,
  "usdtBalance": 0,
  "usdcBalance": 0.463046,
  "kenduBalance": 4113980899.4295063,
  "ethBalanceInUsd": 557.0133836081576,
  "kenduBalanceInUsd": 48339.275568296696,
  "totalUsdBalance": 557.4764296081576
}