{
  "ethBalance": 0.045462183917402754,
  "usdtBalance": 0,
  "usdcBalance": 0,
  "kenduBalance": 307214787.46744066,
  "ethBalanceInUsd": 120.8548512386668,
  "kenduBalanceInUsd": 30082.47198881179,
  "totalUsdBalance": 120.8548512386668
}