{
  "ethBalance": 0.04272247540230626,
  "usdtBalance": 0,
  "usdcBalance": 0,
  "kenduBalance": 517214787.4674407,
  "ethBalanceInUsd": 101.45776181015093,
  "kenduBalanceInUsd": 22974.680859303717,
  "totalUsdBalance": 101.45776181015093
}