{
  "ethBalance": 0.04272247540230626,
  "usdtBalance": 0,
  "usdcBalance": 0,
  "kenduBalance": 517214787.4674407,
  "ethBalanceInUsd": 101.6222433404498,
  "kenduBalanceInUsd": 23098.812408295904,
  "totalUsdBalance": 101.6222433404498
}