{
  "ethBalance": 0.038589031500035925,
  "usdtBalance": 0,
  "usdcBalance": 0,
  "kenduBalance": 35199894.08324558,
  "ethBalanceInUsd": 131.71246820623762,
  "kenduBalanceInUsd": 611.4221602259759,
  "totalUsdBalance": 131.71246820623762
}