{
  "ethBalance": 0.3579040556931112,
  "usdtBalance": 0,
  "usdcBalance": 0,
  "kenduBalance": 3646098337.9468102,
  "ethBalanceInUsd": 656.0238179232451,
  "kenduBalanceInUsd": 40763.379418245335,
  "totalUsdBalance": 656.0238179232451
}