{
  "ethBalance": 0.3579488855246269,
  "usdtBalance": 0,
  "usdcBalance": 0,
  "kenduBalance": 3705282011.416198,
  "ethBalanceInUsd": 567.7677837525974,
  "kenduBalanceInUsd": 45537.915920305066,
  "totalUsdBalance": 567.7677837525974
}