{
  "ethBalance": 0.045462183917402754,
  "usdtBalance": 0,
  "usdcBalance": 0,
  "kenduBalance": 307214787.46744066,
  "ethBalanceInUsd": 120.26611595693642,
  "kenduBalanceInUsd": 30650.819345626554,
  "totalUsdBalance": 120.26611595693642
}