{
  "ethBalance": 0.3579040556931112,
  "usdtBalance": 0,
  "usdcBalance": 0,
  "kenduBalance": 3646098337.9468102,
  "ethBalanceInUsd": 661.5677517459313,
  "kenduBalanceInUsd": 37518.351897472676,
  "totalUsdBalance": 661.5677517459313
}