{
  "ethBalance": 0.3579488855246269,
  "usdtBalance": 0,
  "usdcBalance": 0,
  "kenduBalance": 3705282011.416198,
  "ethBalanceInUsd": 578.1268244996801,
  "kenduBalanceInUsd": 40906.313406034824,
  "totalUsdBalance": 578.1268244996801
}