{
  "ethBalance": 0.04459919224178026,
  "usdtBalance": 0,
  "usdcBalance": 0,
  "kenduBalance": 517214787.4674407,
  "ethBalanceInUsd": 109.99944774512683,
  "kenduBalanceInUsd": 30888.06710755556,
  "totalUsdBalance": 109.99944774512683
}