{
  "ethBalance": 0.06254024854608203,
  "usdtBalance": 0,
  "usdcBalance": 0,
  "kenduBalance": 6456272656.749752,
  "ethBalanceInUsd": 142.3128371765515,
  "kenduBalanceInUsd": 54232.69031669791,
  "totalUsdBalance": 142.3128371765515
}