{
  "ethBalance": 0.038589031500035925,
  "usdtBalance": 0,
  "usdcBalance": 0,
  "kenduBalance": 35199894.08324558,
  "ethBalanceInUsd": 126.8433042115631,
  "kenduBalanceInUsd": 494.91051081043287,
  "totalUsdBalance": 126.8433042115631
}