{
  "ethBalance": 0.3117728554842481,
  "usdtBalance": 0,
  "usdcBalance": 0.463046,
  "kenduBalance": 4113980899.4295063,
  "ethBalanceInUsd": 566.7562853420404,
  "kenduBalanceInUsd": 48298.1357593024,
  "totalUsdBalance": 567.2193313420404
}