{
  "ethBalance": 0.5002741579676101,
  "usdtBalance": 0,
  "usdcBalance": 100,
  "kenduBalance": 4855925261.348792,
  "ethBalanceInUsd": 1420.6735510548394,
  "kenduBalanceInUsd": 138393.86994844058,
  "totalUsdBalance": 1520.6735510548394
}