{
  "ethBalance": 0.3117728554842481,
  "usdtBalance": 0,
  "usdcBalance": 0.463046,
  "kenduBalance": 4113980899.4295063,
  "ethBalanceInUsd": 566.1639169166203,
  "kenduBalanceInUsd": 48174.71633231952,
  "totalUsdBalance": 566.6269629166203
}