{
  "ethBalance": 0.04272247540230626,
  "usdtBalance": 0,
  "usdcBalance": 0,
  "kenduBalance": 517214787.4674407,
  "ethBalanceInUsd": 102.5352226397971,
  "kenduBalanceInUsd": 25922.80514786813,
  "totalUsdBalance": 102.5352226397971
}