{
  "ethBalance": 0.038589031500035925,
  "usdtBalance": 0,
  "usdcBalance": 0,
  "kenduBalance": 35199894.08324558,
  "ethBalanceInUsd": 138.1116872998886,
  "kenduBalanceInUsd": 1067.2607886040062,
  "totalUsdBalance": 138.1116872998886
}