{
  "ethBalance": 0.038589031500035925,
  "usdtBalance": 0,
  "usdcBalance": 0,
  "kenduBalance": 35199894.08324558,
  "ethBalanceInUsd": 143.03487593866316,
  "kenduBalanceInUsd": 1369.275879838253,
  "totalUsdBalance": 143.03487593866316
}