{
  "ethBalance": 0.038589031500035925,
  "usdtBalance": 0,
  "usdcBalance": 0,
  "kenduBalance": 35199894.08324558,
  "ethBalanceInUsd": 153.62293440164302,
  "kenduBalanceInUsd": 1719.1628270257143,
  "totalUsdBalance": 153.62293440164302
}