{
  "ethBalance": 0.5002741579676101,
  "usdtBalance": 0,
  "usdcBalance": 100,
  "kenduBalance": 4855925261.348792,
  "ethBalanceInUsd": 1314.2652376551289,
  "kenduBalanceInUsd": 147620.12794500327,
  "totalUsdBalance": 1414.2652376551289
}