{
  "ethBalance": 0.7135340112304981,
  "usdtBalance": 0,
  "usdcBalance": null,
  "kenduBalance": 4482236645.828448,
  "ethBalanceInUsd": 3000.7244721891857,
  "kenduBalanceInUsd": 48318.511042030674,
  "totalUsdBalance": null
}