{
  "ethBalance": 0.038589031500035925,
  "usdtBalance": 0,
  "usdcBalance": 0,
  "kenduBalance": 35199894.08324558,
  "ethBalanceInUsd": 127.12037345773335,
  "kenduBalanceInUsd": 487.87053199378374,
  "totalUsdBalance": 127.12037345773335
}