{
  "ethBalance": 0.04272247540230626,
  "usdtBalance": 0,
  "usdcBalance": 0,
  "kenduBalance": 517214787.4674407,
  "ethBalanceInUsd": 113.30427701445643,
  "kenduBalanceInUsd": 29946.736194364817,
  "totalUsdBalance": 113.30427701445643
}