{
  "ethBalance": 0.038589031500035925,
  "usdtBalance": 0,
  "usdcBalance": 0,
  "kenduBalance": 35199894.08324558,
  "ethBalanceInUsd": 128.5690057002447,
  "kenduBalanceInUsd": 1715.2908386765573,
  "totalUsdBalance": 128.5690057002447
}