{
  "ethBalance": 0.35769432885289126,
  "usdtBalance": 0,
  "usdcBalance": 0,
  "kenduBalance": 4514955040.756332,
  "ethBalanceInUsd": 834.2647909567524,
  "kenduBalanceInUsd": 80275.90062464759,
  "totalUsdBalance": 834.2647909567524
}