{
  "ethBalance": 0.04272247540230626,
  "usdtBalance": 0,
  "usdcBalance": 0,
  "kenduBalance": 517214787.4674407,
  "ethBalanceInUsd": 114.55903611702216,
  "kenduBalanceInUsd": 27153.77634204064,
  "totalUsdBalance": 114.55903611702216
}