{
  "ethBalance": 0.0660488809860724,
  "usdtBalance": 0,
  "usdcBalance": 0,
  "kenduBalance": 7622102282.100412,
  "ethBalanceInUsd": 180.92968115157768,
  "kenduBalanceInUsd": 70809.33020071284,
  "totalUsdBalance": 180.92968115157768
}