{
  "ethBalance": 0.5002741579676101,
  "usdtBalance": 0,
  "usdcBalance": 100,
  "kenduBalance": 4855925261.348792,
  "ethBalanceInUsd": 1266.0338060854715,
  "kenduBalanceInUsd": 120524.06498667701,
  "totalUsdBalance": 1366.0338060854715
}