{
  "ethBalance": 0.3196155371451788,
  "usdtBalance": 0,
  "usdcBalance": 884.463046,
  "kenduBalance": 5453954448.539579,
  "ethBalanceInUsd": 607.5923322683564,
  "kenduBalanceInUsd": 37795.904328379285,
  "totalUsdBalance": 1492.0553782683564
}