{
  "ethBalance": 13.47560135212183,
  "usdtBalance": 3949.089252,
  "usdcBalance": 8005.206012,
  "kenduBalance": 10805029020.399477,
  "ethBalanceInUsd": 43884.23909527939,
  "kenduBalanceInUsd": 184225.7447978111,
  "totalUsdBalance": 55838.53435927939
}