{
  "ethBalance": 0.35779268808449755,
  "usdtBalance": 0,
  "usdcBalance": 0,
  "kenduBalance": 3546950453.60037,
  "ethBalanceInUsd": 633.9263509674702,
  "kenduBalanceInUsd": 38448.942917028005,
  "totalUsdBalance": 633.9263509674702
}