{
  "ethBalance": 0.5002741579676101,
  "usdtBalance": 0,
  "usdcBalance": 100,
  "kenduBalance": 4855925261.348792,
  "ethBalanceInUsd": 1266.0638225349494,
  "kenduBalanceInUsd": 117853.30609293518,
  "totalUsdBalance": 1366.0638225349494
}