{
  "ethBalance": 0.038589031500035925,
  "usdtBalance": 0,
  "usdcBalance": 0,
  "kenduBalance": 35199894.08324558,
  "ethBalanceInUsd": 121.01867579694768,
  "kenduBalanceInUsd": 792.7016147546906,
  "totalUsdBalance": 121.01867579694768
}