{
  "ethBalance": 0.3579488855246269,
  "usdtBalance": 0,
  "usdcBalance": 0,
  "kenduBalance": 3705282011.416198,
  "ethBalanceInUsd": 574.6869357097885,
  "kenduBalanceInUsd": 45130.33489904929,
  "totalUsdBalance": 574.6869357097885
}