{
  "ethBalance": 0.3196155371451788,
  "usdtBalance": 0,
  "usdcBalance": 884.463046,
  "kenduBalance": 5453954448.539579,
  "ethBalanceInUsd": 619.1272570039258,
  "kenduBalanceInUsd": 38504.91840668943,
  "totalUsdBalance": 1503.5903030039258
}