{
  "ethBalance": 9.40272155275617,
  "usdtBalance": 3949.089252,
  "usdcBalance": 8005.206012,
  "kenduBalance": 11652025441.98484,
  "ethBalanceInUsd": 29235.78809676923,
  "kenduBalanceInUsd": 259723.64710184207,
  "totalUsdBalance": 41190.08336076923
}