{
  "ethBalance": 0.7404211583199757,
  "usdtBalance": 0,
  "usdcBalance": null,
  "kenduBalance": 4745282940.56362,
  "ethBalanceInUsd": 2859.1214944294197,
  "kenduBalanceInUsd": 91346.69660584968,
  "totalUsdBalance": null
}