{
  "ethBalance": 0.038589031500035925,
  "usdtBalance": 0,
  "usdcBalance": 0,
  "kenduBalance": 35199894.08324558,
  "ethBalanceInUsd": 140.36528673949067,
  "kenduBalanceInUsd": 1297.1160969675998,
  "totalUsdBalance": 140.36528673949067
}