{
  "ethBalance": 0.5002741579676101,
  "usdtBalance": 0,
  "usdcBalance": 100,
  "kenduBalance": 4855925261.348792,
  "ethBalanceInUsd": 1209.0525794929608,
  "kenduBalanceInUsd": 106927.4742549004,
  "totalUsdBalance": 1309.0525794929608
}