{
  "ethBalance": 0.04272247540230626,
  "usdtBalance": 0,
  "usdcBalance": 0,
  "kenduBalance": 517214787.4674407,
  "ethBalanceInUsd": 111.7363621671918,
  "kenduBalanceInUsd": 29543.308660140214,
  "totalUsdBalance": 111.7363621671918
}