{
  "ethBalance": 0.06254024854608203,
  "usdtBalance": 0,
  "usdcBalance": 0,
  "kenduBalance": 6456272656.749752,
  "ethBalanceInUsd": 139.38595354459486,
  "kenduBalanceInUsd": 61528.27841882514,
  "totalUsdBalance": 139.38595354459486
}