{
  "ethBalance": 0.045462183917402754,
  "usdtBalance": 0,
  "usdcBalance": 0,
  "kenduBalance": 307214787.46744066,
  "ethBalanceInUsd": 118.64493447844184,
  "kenduBalanceInUsd": 26930.44826939585,
  "totalUsdBalance": 118.64493447844184
}