{
  "ethBalance": 0.5002741579676101,
  "usdtBalance": 0,
  "usdcBalance": 100,
  "kenduBalance": 4855925261.348792,
  "ethBalanceInUsd": 1287.1553810348641,
  "kenduBalanceInUsd": 126642.5308159765,
  "totalUsdBalance": 1387.1553810348641
}