{
  "ethBalance": 0.5002741579676101,
  "usdtBalance": 0,
  "usdcBalance": 100,
  "kenduBalance": 4855925261.348792,
  "ethBalanceInUsd": 1289.3315736220231,
  "kenduBalanceInUsd": 136305.8220860606,
  "totalUsdBalance": 1389.3315736220231
}