{
  "ethBalance": 0.35779268808449755,
  "usdtBalance": 0,
  "usdcBalance": 0,
  "kenduBalance": 3546950453.60037,
  "ethBalanceInUsd": 645.7299317473778,
  "kenduBalanceInUsd": 38874.576971460054,
  "totalUsdBalance": 645.7299317473778
}