{
  "ethBalance": 0.04459919224178026,
  "usdtBalance": 0,
  "usdcBalance": 0,
  "kenduBalance": 517214787.4674407,
  "ethBalanceInUsd": 102.35916012218746,
  "kenduBalanceInUsd": 28214.066656348892,
  "totalUsdBalance": 102.35916012218746
}