{
  "ethBalance": 0.35779268808449755,
  "usdtBalance": 0,
  "usdcBalance": 0,
  "kenduBalance": 3546950453.60037,
  "ethBalanceInUsd": 642.3416349912176,
  "kenduBalanceInUsd": 37455.79679001991,
  "totalUsdBalance": 642.3416349912176
}