{
  "ethBalance": 0.045462183917402754,
  "usdtBalance": 0,
  "usdcBalance": 0,
  "kenduBalance": 307214787.46744066,
  "ethBalanceInUsd": 123.95128058528108,
  "kenduBalanceInUsd": 29265.2806541484,
  "totalUsdBalance": 123.95128058528108
}