{
  "ethBalance": 0.5002741579676101,
  "usdtBalance": 0,
  "usdcBalance": 100,
  "kenduBalance": 4855925261.348792,
  "ethBalanceInUsd": 1151.0407881350368,
  "kenduBalanceInUsd": 94107.8315649396,
  "totalUsdBalance": 1251.0407881350368
}