{
  "ethBalance": 0.5002741579676101,
  "usdtBalance": 0,
  "usdcBalance": 100,
  "kenduBalance": 4855925261.348792,
  "ethBalanceInUsd": 1329.7187063947483,
  "kenduBalanceInUsd": 142230.05090490612,
  "totalUsdBalance": 1429.7187063947483
}