{
  "ethBalance": 8.056063080971311,
  "usdtBalance": 22313.097842,
  "usdcBalance": 88.007775,
  "kenduBalance": 319823769.8171208,
  "ethBalanceInUsd": 24058.949027535964,
  "kenduBalanceInUsd": 39028.09463078325,
  "totalUsdBalance": 46460.05464453596
}