{
  "ethBalance": 0.038589031500035925,
  "usdtBalance": 0,
  "usdcBalance": 0,
  "kenduBalance": 35199894.08324558,
  "ethBalanceInUsd": 142.23608298661242,
  "kenduBalanceInUsd": 938.0771773184948,
  "totalUsdBalance": 142.23608298661242
}