{
  "ethBalance": 0.038589031500035925,
  "usdtBalance": 0,
  "usdcBalance": 0,
  "kenduBalance": 35199894.08324558,
  "ethBalanceInUsd": 104.63107178982742,
  "kenduBalanceInUsd": 1886.7143228619634,
  "totalUsdBalance": 104.63107178982742
}