{
  "ethBalance": 0.038589031500035925,
  "usdtBalance": 0,
  "usdcBalance": 0,
  "kenduBalance": 35199894.08324558,
  "ethBalanceInUsd": 131.85447584215774,
  "kenduBalanceInUsd": 385.7908391523716,
  "totalUsdBalance": 131.85447584215774
}