{
  "ethBalance": 0.038589031500035925,
  "usdtBalance": 0,
  "usdcBalance": 0,
  "kenduBalance": 35199894.08324558,
  "ethBalanceInUsd": 93.6555794505872,
  "kenduBalanceInUsd": 1921.9142169452089,
  "totalUsdBalance": 93.6555794505872
}