{
  "ethBalance": 0.038589031500035925,
  "usdtBalance": 0,
  "usdcBalance": 0,
  "kenduBalance": 35199894.08324558,
  "ethBalanceInUsd": 128.55935844236967,
  "kenduBalanceInUsd": 605.7901771726565,
  "totalUsdBalance": 128.55935844236967
}