{
  "ethBalance": 0.04272247540230626,
  "usdtBalance": 0,
  "usdcBalance": 0,
  "kenduBalance": 517214787.4674407,
  "ethBalanceInUsd": 105.21563074653778,
  "kenduBalanceInUsd": 26269.339055471315,
  "totalUsdBalance": 105.21563074653778
}