{
  "ethBalance": 0.038589031500035925,
  "usdtBalance": 0,
  "usdcBalance": 0,
  "kenduBalance": 35199894.08324558,
  "ethBalanceInUsd": 155.93325971755016,
  "kenduBalanceInUsd": 1290.428117091783,
  "totalUsdBalance": 155.93325971755016
}