{
  "ethBalance": 0.3117728554842481,
  "usdtBalance": 0,
  "usdcBalance": 0.463046,
  "kenduBalance": 4113980899.4295063,
  "ethBalanceInUsd": 563.4889058165654,
  "kenduBalanceInUsd": 47886.737669359456,
  "totalUsdBalance": 563.9519518165654
}