{
  "ethBalance": 0.3196155371451788,
  "usdtBalance": 0,
  "usdcBalance": 884.463046,
  "kenduBalance": 5453954448.539579,
  "ethBalanceInUsd": 606.0517853793167,
  "kenduBalanceInUsd": 37959.52296183547,
  "totalUsdBalance": 1490.5148313793165
}