{
  "ethBalance": 0.30943876692005484,
  "usdtBalance": 0,
  "usdcBalance": 0,
  "kenduBalance": 8110029020.399477,
  "ethBalanceInUsd": 831.3660406964422,
  "kenduBalanceInUsd": 89534.72038521022,
  "totalUsdBalance": 831.3660406964422
}