{
  "ethBalance": 0.038589031500035925,
  "usdtBalance": 0,
  "usdcBalance": 0,
  "kenduBalance": 35199894.08324558,
  "ethBalanceInUsd": 131.56814522842748,
  "kenduBalanceInUsd": 913.4372514602229,
  "totalUsdBalance": 131.56814522842748
}