{
  "ethBalance": 0.045462183917402754,
  "usdtBalance": 0,
  "usdcBalance": 0,
  "kenduBalance": 307214787.46744066,
  "ethBalanceInUsd": 117.21969501263126,
  "kenduBalanceInUsd": 32448.025852311082,
  "totalUsdBalance": 117.21969501263126
}