{
  "ethBalance": 0.3579488855246269,
  "usdtBalance": 0,
  "usdcBalance": 0,
  "kenduBalance": 3705282011.416198,
  "ethBalanceInUsd": 641.8811005004715,
  "kenduBalanceInUsd": 45945.49694156085,
  "totalUsdBalance": 641.8811005004715
}