{
  "ethBalance": 0.0660488809860724,
  "usdtBalance": 0,
  "usdcBalance": 0,
  "kenduBalance": 7622102282.100412,
  "ethBalanceInUsd": 181.68858279410767,
  "kenduBalanceInUsd": 68675.14156172471,
  "totalUsdBalance": 181.68858279410767
}