{
  "ethBalance": 0.04459919224178026,
  "usdtBalance": 0,
  "usdcBalance": 0,
  "kenduBalance": 517214787.4674407,
  "ethBalanceInUsd": 110.23359350439618,
  "kenduBalanceInUsd": 32098.34971022937,
  "totalUsdBalance": 110.23359350439618
}