{
  "ethBalance": 0.038589031500035925,
  "usdtBalance": 0,
  "usdcBalance": 0,
  "kenduBalance": 35199894.08324558,
  "ethBalanceInUsd": 141.76028022821697,
  "kenduBalanceInUsd": 889.1493245427833,
  "totalUsdBalance": 141.76028022821697
}