{
  "ethBalance": 0.038589031500035925,
  "usdtBalance": 0,
  "usdcBalance": 0,
  "kenduBalance": 35199894.08324558,
  "ethBalanceInUsd": 150.66469924685026,
  "kenduBalanceInUsd": 1080.6367483556394,
  "totalUsdBalance": 150.66469924685026
}