{
  "ethBalance": 0.038589031500035925,
  "usdtBalance": 0,
  "usdcBalance": 0,
  "kenduBalance": 35199894.08324558,
  "ethBalanceInUsd": 126.5353637401928,
  "kenduBalanceInUsd": 479.42255741380484,
  "totalUsdBalance": 126.5353637401928
}