{
  "ethBalance": 0.038589031500035925,
  "usdtBalance": 0,
  "usdcBalance": 0,
  "kenduBalance": 35199894.08324558,
  "ethBalanceInUsd": 116.93981516739386,
  "kenduBalanceInUsd": 1882.490335571974,
  "totalUsdBalance": 116.93981516739386
}