{
  "ethBalance": 0.06254024854608203,
  "usdtBalance": 0,
  "usdcBalance": 0,
  "kenduBalance": 6456272656.749752,
  "ethBalanceInUsd": 157.80530754638696,
  "kenduBalanceInUsd": 71600.06376335476,
  "totalUsdBalance": 157.80530754638696
}