{
  "ethBalance": 0.3579488855246269,
  "usdtBalance": 0,
  "usdcBalance": 0,
  "kenduBalance": 3705282011.416198,
  "ethBalanceInUsd": 607.4106228244499,
  "kenduBalanceInUsd": 43166.5354329987,
  "totalUsdBalance": 607.4106228244499
}