{
  "ethBalance": 0.038589031500035925,
  "usdtBalance": 0,
  "usdcBalance": 0,
  "kenduBalance": 35199894.08324558,
  "ethBalanceInUsd": 101.5045884576945,
  "kenduBalanceInUsd": 1245.0202537243963,
  "totalUsdBalance": 101.5045884576945
}