{
  "ethBalance": 0.045462183917402754,
  "usdtBalance": 0,
  "usdcBalance": 0,
  "kenduBalance": 307214787.46744066,
  "ethBalanceInUsd": 120.94623022834077,
  "kenduBalanceInUsd": 25701.589119526085,
  "totalUsdBalance": 120.94623022834077
}