{
  "ethBalance": 0.038589031500035925,
  "usdtBalance": 0,
  "usdcBalance": 0,
  "kenduBalance": 35199894.08324558,
  "ethBalanceInUsd": 103.40741360096128,
  "kenduBalanceInUsd": 1585.0512305685486,
  "totalUsdBalance": 103.40741360096128
}