{
  "ethBalance": 0.04272247540230626,
  "usdtBalance": 0,
  "usdcBalance": 0,
  "kenduBalance": 517214787.4674407,
  "ethBalanceInUsd": 113.67382642668639,
  "kenduBalanceInUsd": 30541.533199952373,
  "totalUsdBalance": 113.67382642668639
}