{
  "ethBalance": 0.3117728554842481,
  "usdtBalance": 0,
  "usdcBalance": 0.463046,
  "kenduBalance": 4113980899.4295063,
  "ethBalanceInUsd": 563.1771329610812,
  "kenduBalanceInUsd": 44348.714095850075,
  "totalUsdBalance": 563.6401789610811
}