{
  "ethBalance": 0.038589031500035925,
  "usdtBalance": 0,
  "usdcBalance": 0,
  "kenduBalance": 35199894.08324558,
  "ethBalanceInUsd": 133.69362908344948,
  "kenduBalanceInUsd": 1067.6127875448385,
  "totalUsdBalance": 133.69362908344948
}