{
  "ethBalance": 0.5002741579676101,
  "usdtBalance": 0,
  "usdcBalance": 100,
  "kenduBalance": 4855925261.348792,
  "ethBalanceInUsd": 1093.8044217219624,
  "kenduBalanceInUsd": 91485.63192381123,
  "totalUsdBalance": 1193.8044217219624
}