{
  "ethBalance": 0.038589031500035925,
  "usdtBalance": 0,
  "usdcBalance": 0,
  "kenduBalance": 35199894.08324558,
  "ethBalanceInUsd": 153.60711289872802,
  "kenduBalanceInUsd": 1144.348556646314,
  "totalUsdBalance": 153.60711289872802
}