{
  "ethBalance": 0.3579040556931112,
  "usdtBalance": 0,
  "usdcBalance": 0,
  "kenduBalance": 3646098337.9468102,
  "ethBalanceInUsd": 660.3472989160178,
  "kenduBalanceInUsd": 39414.323033205015,
  "totalUsdBalance": 660.3472989160178
}