{
  "ethBalance": 0.35779268808449755,
  "usdtBalance": 0,
  "usdcBalance": 0,
  "kenduBalance": 3546950453.60037,
  "ethBalanceInUsd": 634.3771697544566,
  "kenduBalanceInUsd": 36888.28471744385,
  "totalUsdBalance": 634.3771697544566
}