{
  "ethBalance": 0.038589031500035925,
  "usdtBalance": 0,
  "usdcBalance": 0,
  "kenduBalance": 35199894.08324558,
  "ethBalanceInUsd": 124.37785098902579,
  "kenduBalanceInUsd": 733.5657926948379,
  "totalUsdBalance": 124.37785098902579
}