{
  "ethBalance": 0.04841366454199495,
  "usdtBalance": 90113.767042,
  "usdcBalance": 0,
  "kenduBalance": 946492975.4674407,
  "ethBalanceInUsd": 119.27190396565875,
  "kenduBalanceInUsd": 103697.77039221281,
  "totalUsdBalance": 90233.03894596567
}