{
  "ethBalance": 0.04459919224178026,
  "usdtBalance": 0,
  "usdcBalance": 0,
  "kenduBalance": 517214787.4674407,
  "ethBalanceInUsd": 111.05689459317945,
  "kenduBalanceInUsd": 31834.57016862098,
  "totalUsdBalance": 111.05689459317945
}