{
  "ethBalance": 0.5002741579676101,
  "usdtBalance": 0,
  "usdcBalance": 100,
  "kenduBalance": 4855925261.348792,
  "ethBalanceInUsd": 1320.2985440002183,
  "kenduBalanceInUsd": 154175.62704782415,
  "totalUsdBalance": 1420.2985440002183
}