{
  "ethBalance": 0.0624422229661258,
  "usdtBalance": 0,
  "usdcBalance": 0,
  "kenduBalance": 6384544426.92592,
  "ethBalanceInUsd": 133.49647732373967,
  "kenduBalanceInUsd": 53821.7095189855,
  "totalUsdBalance": 133.49647732373967
}