{
  "ethBalance": 0.3579488855246269,
  "usdtBalance": 0,
  "usdcBalance": 0,
  "kenduBalance": 3705282011.416198,
  "ethBalanceInUsd": 606.4584787889544,
  "kenduBalanceInUsd": 42203.16211003049,
  "totalUsdBalance": 606.4584787889544
}