{
  "ethBalance": 0.06254024854608203,
  "usdtBalance": 0,
  "usdcBalance": 0,
  "kenduBalance": 6456272656.749752,
  "ethBalanceInUsd": 145.1015068592213,
  "kenduBalanceInUsd": 52683.18487907798,
  "totalUsdBalance": 145.1015068592213
}