{
  "ethBalance": 0.038589031500035925,
  "usdtBalance": 0,
  "usdcBalance": 0,
  "kenduBalance": 35199894.08324558,
  "ethBalanceInUsd": 95.48778666620889,
  "kenduBalanceInUsd": 1180.2524486112243,
  "totalUsdBalance": 95.48778666620889
}