{
  "ethBalance": 0.038589031500035925,
  "usdtBalance": 0,
  "usdcBalance": 0,
  "kenduBalance": 35199894.08324558,
  "ethBalanceInUsd": 150.58404817101518,
  "kenduBalanceInUsd": 1237.2762770260822,
  "totalUsdBalance": 150.58404817101518
}