{
  "ethBalance": 0.35769432885289126,
  "usdtBalance": 0,
  "usdcBalance": 0,
  "kenduBalance": 4514955040.756332,
  "ethBalanceInUsd": 933.4534283476592,
  "kenduBalanceInUsd": 103573.06863495026,
  "totalUsdBalance": 933.4534283476592
}