{
  "ethBalance": 0.04459919224178026,
  "usdtBalance": 0,
  "usdcBalance": 0,
  "kenduBalance": 517214787.4674407,
  "ethBalanceInUsd": 101.86455508022611,
  "kenduBalanceInUsd": 22607.458360201836,
  "totalUsdBalance": 101.86455508022611
}