{
  "ethBalance": 0.5002528644753425,
  "usdtBalance": 0,
  "usdcBalance": null,
  "kenduBalance": 4845166789.051858,
  "ethBalanceInUsd": 1391.8485423011005,
  "kenduBalanceInUsd": 97000.23911681821,
  "totalUsdBalance": null
}