{
  "ethBalance": 0.038589031500035925,
  "usdtBalance": 0,
  "usdcBalance": 0,
  "kenduBalance": 35199894.08324558,
  "ethBalanceInUsd": 125.08480204610645,
  "kenduBalanceInUsd": 788.8296264055335,
  "totalUsdBalance": 125.08480204610645
}