{
  "ethBalance": 0.04459919224178026,
  "usdtBalance": 0,
  "usdcBalance": 0,
  "kenduBalance": 517214787.4674407,
  "ethBalanceInUsd": 113.03486876910239,
  "kenduBalanceInUsd": 34953.37533704964,
  "totalUsdBalance": 113.03486876910239
}