{
  "ethBalance": 0.35779268808449755,
  "usdtBalance": 0,
  "usdcBalance": 0,
  "kenduBalance": 3546950453.60037,
  "ethBalanceInUsd": 679.466204306865,
  "kenduBalanceInUsd": 42208.7103978444,
  "totalUsdBalance": 679.466204306865
}