{
  "ethBalance": 0.5002741579676101,
  "usdtBalance": 0,
  "usdcBalance": 100,
  "kenduBalance": 4855925261.348792,
  "ethBalanceInUsd": 1337.7180901806503,
  "kenduBalanceInUsd": 147765.80570284373,
  "totalUsdBalance": 1437.7180901806503
}