{
  "ethBalance": 0.038589031500035925,
  "usdtBalance": 0,
  "usdcBalance": 0,
  "kenduBalance": 35199894.08324558,
  "ethBalanceInUsd": 153.56080606092794,
  "kenduBalanceInUsd": 1679.0349477708144,
  "totalUsdBalance": 153.56080606092794
}