{
  "ethBalance": 0.04459919224178026,
  "usdtBalance": 0,
  "usdcBalance": 0,
  "kenduBalance": 517214787.4674407,
  "ethBalanceInUsd": 107.9496688696946,
  "kenduBalanceInUsd": 29631.235174009682,
  "totalUsdBalance": 107.9496688696946
}