{
  "ethBalance": 0.04459919224178026,
  "usdtBalance": 0,
  "usdcBalance": 0,
  "kenduBalance": 517214787.4674407,
  "ethBalanceInUsd": 109.20602811514556,
  "kenduBalanceInUsd": 29801.916053873934,
  "totalUsdBalance": 109.20602811514556
}