{
  "ethBalance": 0.06254024854608203,
  "usdtBalance": 0,
  "usdcBalance": 0,
  "kenduBalance": 6456272656.749752,
  "ethBalanceInUsd": 154.4393913696368,
  "kenduBalanceInUsd": 57654.51482477528,
  "totalUsdBalance": 154.4393913696368
}