{
  "ethBalance": 0.10788809429719365,
  "usdtBalance": 3946.421819,
  "usdcBalance": 0,
  "kenduBalance": 13268928669.075045,
  "ethBalanceInUsd": 343.51677112320755,
  "kenduBalanceInUsd": 312483.2701567173,
  "totalUsdBalance": 4289.938590123208
}