{
  "ethBalance": 0.35779268808449755,
  "usdtBalance": 0,
  "usdcBalance": 0,
  "kenduBalance": 3546950453.60037,
  "ethBalanceInUsd": 782.6393038429107,
  "kenduBalanceInUsd": 55722.59162606181,
  "totalUsdBalance": 782.6393038429107
}