{
  "ethBalance": 0.5002741579676101,
  "usdtBalance": 0,
  "usdcBalance": 100,
  "kenduBalance": 4855925261.348792,
  "ethBalanceInUsd": 1213.9152443084058,
  "kenduBalanceInUsd": 109841.02941170968,
  "totalUsdBalance": 1313.9152443084058
}