{
  "ethBalance": 0.35769432885289126,
  "usdtBalance": 0,
  "usdcBalance": 0,
  "kenduBalance": 4514955040.756332,
  "ethBalanceInUsd": 965.3919549709337,
  "kenduBalanceInUsd": 92195.38193224432,
  "totalUsdBalance": 965.3919549709337
}