{
  "ethBalance": 0.038589031500035925,
  "usdtBalance": 0,
  "usdcBalance": 0,
  "kenduBalance": 35199894.08324558,
  "ethBalanceInUsd": 128.48835462440962,
  "kenduBalanceInUsd": 928.221206975186,
  "totalUsdBalance": 128.48835462440962
}