{
  "ethBalance": 0.038589031500035925,
  "usdtBalance": 0,
  "usdcBalance": 0,
  "kenduBalance": 35199894.08324558,
  "ethBalanceInUsd": 142.72153300288286,
  "kenduBalanceInUsd": 923.6452207443641,
  "totalUsdBalance": 142.72153300288286
}