{
  "ethBalance": 0.5002741579676101,
  "usdtBalance": 0,
  "usdcBalance": 100,
  "kenduBalance": 4855925261.348792,
  "ethBalanceInUsd": 1274.9536943220342,
  "kenduBalanceInUsd": 114454.15840999103,
  "totalUsdBalance": 1374.9536943220342
}