{
  "ethBalance": 0.06254024854608203,
  "usdtBalance": 0,
  "usdcBalance": 0,
  "kenduBalance": 6456272656.749752,
  "ethBalanceInUsd": 137.97567093988073,
  "kenduBalanceInUsd": 61786.52932509513,
  "totalUsdBalance": 137.97567093988073
}