{
  "ethBalance": 0.038589031500035925,
  "usdtBalance": 0,
  "usdcBalance": 0,
  "kenduBalance": 35199894.08324558,
  "ethBalanceInUsd": 101.91787698505989,
  "kenduBalanceInUsd": 1917.3382307143868,
  "totalUsdBalance": 101.91787698505989
}