{
  "ethBalance": 0.3579040556931112,
  "usdtBalance": 0,
  "usdcBalance": 0,
  "kenduBalance": 3646098337.9468102,
  "ethBalanceInUsd": 643.7047603262881,
  "kenduBalanceInUsd": 38393.41549857992,
  "totalUsdBalance": 643.7047603262881
}