{
  "ethBalance": 1.3609421787309672,
  "usdtBalance": 0,
  "usdcBalance": null,
  "kenduBalance": 4489413951.490725,
  "ethBalanceInUsd": 6176.853828919092,
  "kenduBalanceInUsd": 63255.842576504314,
  "totalUsdBalance": null
}