{
  "ethBalance": 0.04272247540230626,
  "usdtBalance": 0,
  "usdcBalance": 0,
  "kenduBalance": 517214787.4674407,
  "ethBalanceInUsd": 105.77486794955398,
  "kenduBalanceInUsd": 22410.916740964207,
  "totalUsdBalance": 105.77486794955398
}