{
  "ethBalance": 0.04459919224178026,
  "usdtBalance": 0,
  "usdcBalance": 0,
  "kenduBalance": 517214787.4674407,
  "ethBalanceInUsd": 109.33848771610364,
  "kenduBalanceInUsd": 34622.35787307048,
  "totalUsdBalance": 109.33848771610364
}