{
  "ethBalance": 0.04459919224178026,
  "usdtBalance": 0,
  "usdcBalance": 0,
  "kenduBalance": 517214787.4674407,
  "ethBalanceInUsd": 108.20656021700725,
  "kenduBalanceInUsd": 29719.161687879146,
  "totalUsdBalance": 108.20656021700725
}