{
  "ethBalance": 0.038589031500035925,
  "usdtBalance": 0,
  "usdcBalance": 0,
  "kenduBalance": 35199894.08324558,
  "ethBalanceInUsd": 94.78469451227825,
  "kenduBalanceInUsd": 1895.8662953236071,
  "totalUsdBalance": 94.78469451227825
}