{
  "ethBalance": 0.038589031500035925,
  "usdtBalance": 0,
  "usdcBalance": 0,
  "kenduBalance": 35199894.08324558,
  "ethBalanceInUsd": 131.3948804769923,
  "kenduBalanceInUsd": 657.182022534195,
  "totalUsdBalance": 131.3948804769923
}