{
  "ethBalance": 0.04459919224178026,
  "usdtBalance": 0,
  "usdcBalance": 0,
  "kenduBalance": 517214787.4674407,
  "ethBalanceInUsd": 110.12566345917107,
  "kenduBalanceInUsd": 31689.750028130093,
  "totalUsdBalance": 110.12566345917107
}