{
  "ethBalance": 0.038589031500035925,
  "usdtBalance": 0,
  "usdcBalance": 0,
  "kenduBalance": 35199894.08324558,
  "ethBalanceInUsd": 130.8527045844168,
  "kenduBalanceInUsd": 1174.2684666170726,
  "totalUsdBalance": 130.8527045844168
}