{
  "ethBalance": 0.3579488855246269,
  "usdtBalance": 0,
  "usdcBalance": 0,
  "kenduBalance": 3705282011.416198,
  "ethBalanceInUsd": 644.7804864732209,
  "kenduBalanceInUsd": 45760.232840990044,
  "totalUsdBalance": 644.7804864732209
}