{
  "ethBalance": 0.038589031500035925,
  "usdtBalance": 0,
  "usdcBalance": 0,
  "kenduBalance": 35199894.08324558,
  "ethBalanceInUsd": 141.73172434490695,
  "kenduBalanceInUsd": 1323.1640185892013,
  "totalUsdBalance": 141.73172434490695
}