{
  "ethBalance": 0.038589031500035925,
  "usdtBalance": 0,
  "usdcBalance": 0,
  "kenduBalance": 35199894.08324558,
  "ethBalanceInUsd": 121.43582322746306,
  "kenduBalanceInUsd": 1854.6824192462097,
  "totalUsdBalance": 121.43582322746306
}