{
  "ethBalance": 0.04272247540230626,
  "usdtBalance": 0,
  "usdcBalance": 0,
  "kenduBalance": 517214787.4674407,
  "ethBalanceInUsd": 112.59764727130228,
  "kenduBalanceInUsd": 29895.014715618076,
  "totalUsdBalance": 112.59764727130228
}