{
  "ethBalance": 1.2350681787309672,
  "usdtBalance": 0,
  "usdcBalance": null,
  "kenduBalance": 4489413951.490725,
  "ethBalanceInUsd": 5375.510741108661,
  "kenduBalanceInUsd": 65859.70266836893,
  "totalUsdBalance": null
}