{
  "ethBalance": 0.038589031500035925,
  "usdtBalance": 0,
  "usdcBalance": 0,
  "kenduBalance": 35199894.08324558,
  "ethBalanceInUsd": 131.78848859829267,
  "kenduBalanceInUsd": 1090.8447176397806,
  "totalUsdBalance": 131.78848859829267
}