{
  "ethBalance": 0.038589031500035925,
  "usdtBalance": 0,
  "usdcBalance": 0,
  "kenduBalance": 35199894.08324558,
  "ethBalanceInUsd": 121.19811479342282,
  "kenduBalanceInUsd": 934.9091868510027,
  "totalUsdBalance": 121.19811479342282
}