{
  "ethBalance": 0.038589031500035925,
  "usdtBalance": 0,
  "usdcBalance": 0,
  "kenduBalance": 35199894.08324558,
  "ethBalanceInUsd": 133.49412379059427,
  "kenduBalanceInUsd": 1212.6363511678103,
  "totalUsdBalance": 133.49412379059427
}