{
  "ethBalance": 0.038589031500035925,
  "usdtBalance": 0,
  "usdcBalance": 0,
  "kenduBalance": 35199894.08324558,
  "ethBalanceInUsd": 123.46251916184494,
  "kenduBalanceInUsd": 1831.0984902104353,
  "totalUsdBalance": 123.46251916184494
}