{
  "ethBalance": 0.038589031500035925,
  "usdtBalance": 0,
  "usdcBalance": 0,
  "kenduBalance": 35199894.08324558,
  "ethBalanceInUsd": 93.32487145063187,
  "kenduBalanceInUsd": 1764.5706903931011,
  "totalUsdBalance": 93.32487145063187
}