{
  "ethBalance": 0.04272247540230626,
  "usdtBalance": 0,
  "usdcBalance": 0,
  "kenduBalance": 517214787.4674407,
  "ethBalanceInUsd": 100.11371273399438,
  "kenduBalanceInUsd": 23486.723498896485,
  "totalUsdBalance": 100.11371273399438
}