{
  "ethBalance": 3.9774170719585187,
  "usdtBalance": 0,
  "usdcBalance": 0,
  "kenduBalance": 8310029020.399478,
  "ethBalanceInUsd": 10524.20579823152,
  "kenduBalanceInUsd": 102545.75811172956,
  "totalUsdBalance": 10524.20579823152
}