{
  "ethBalance": 0.5002741579676101,
  "usdtBalance": 0,
  "usdcBalance": 100,
  "kenduBalance": 4855925261.348792,
  "ethBalanceInUsd": 1254.0122180695098,
  "kenduBalanceInUsd": 120038.47246054214,
  "totalUsdBalance": 1354.0122180695098
}