{
  "ethBalance": 0.3579488855246269,
  "usdtBalance": 0,
  "usdcBalance": 0,
  "kenduBalance": 3705282011.416198,
  "ethBalanceInUsd": 565.6487263502917,
  "kenduBalanceInUsd": 38794.30265952759,
  "totalUsdBalance": 565.6487263502917
}