{
  "ethBalance": 0.0624422229661258,
  "usdtBalance": 0,
  "usdcBalance": 0,
  "kenduBalance": 6384544426.92592,
  "ethBalanceInUsd": 117.0885343949308,
  "kenduBalanceInUsd": 45585.647208251066,
  "totalUsdBalance": 117.0885343949308
}