{
  "ethBalance": 0.04272247540230626,
  "usdtBalance": 0,
  "usdcBalance": 0,
  "kenduBalance": 517214787.4674407,
  "ethBalanceInUsd": 101.54448843521762,
  "kenduBalanceInUsd": 23295.354027533533,
  "totalUsdBalance": 101.54448843521762
}