{
  "ethBalance": 0.357215510728175,
  "usdtBalance": 0,
  "usdcBalance": 0,
  "kenduBalance": 5355947774.956795,
  "ethBalanceInUsd": 906.3772039910275,
  "kenduBalanceInUsd": 137487.17938314093,
  "totalUsdBalance": 906.3772039910275
}