{
  "ethBalance": 0.3579488855246269,
  "usdtBalance": 0,
  "usdcBalance": 0,
  "kenduBalance": 3705282011.416198,
  "ethBalanceInUsd": 588.0026342513046,
  "kenduBalanceInUsd": 48650.35280989468,
  "totalUsdBalance": 588.0026342513046
}