{
  "ethBalance": 0.3579040556931112,
  "usdtBalance": 0,
  "usdcBalance": 0,
  "kenduBalance": 3646098337.9468102,
  "ethBalanceInUsd": 648.7691027143458,
  "kenduBalanceInUsd": 43607.33612184385,
  "totalUsdBalance": 648.7691027143458
}