{
  "ethBalance": 0.35769432885289126,
  "usdtBalance": 0,
  "usdcBalance": 0,
  "kenduBalance": 4514955040.756332,
  "ethBalanceInUsd": 891.4815758000609,
  "kenduBalanceInUsd": 77521.77804978623,
  "totalUsdBalance": 891.4815758000609
}