{
  "ethBalance": 0.038589031500035925,
  "usdtBalance": 0,
  "usdcBalance": 0,
  "kenduBalance": 35199894.08324558,
  "ethBalanceInUsd": 137.95192870947844,
  "kenduBalanceInUsd": 793.4056126363555,
  "totalUsdBalance": 137.95192870947844
}