{
  "ethBalance": 0.0624422229661258,
  "usdtBalance": 0,
  "usdcBalance": 0,
  "kenduBalance": 6379544426.92592,
  "ethBalanceInUsd": 139.4416013723445,
  "kenduBalanceInUsd": 53524.37774190846,
  "totalUsdBalance": 139.4416013723445
}