{
  "ethBalance": 0.038589031500035925,
  "usdtBalance": 0,
  "usdcBalance": 0,
  "kenduBalance": 35199894.08324558,
  "ethBalanceInUsd": 124.8196953997012,
  "kenduBalanceInUsd": 761.373709020602,
  "totalUsdBalance": 124.8196953997012
}