{
  "ethBalance": 0.04459919224178026,
  "usdtBalance": 0,
  "usdcBalance": 0,
  "kenduBalance": 517214787.4674407,
  "ethBalanceInUsd": 113.175356224664,
  "kenduBalanceInUsd": 29812.26034962328,
  "totalUsdBalance": 113.175356224664
}