{
  "ethBalance": 0.038589031500035925,
  "usdtBalance": 0,
  "usdcBalance": 0,
  "kenduBalance": 35199894.08324558,
  "ethBalanceInUsd": 140.1792876076605,
  "kenduBalanceInUsd": 904.285278998579,
  "totalUsdBalance": 140.1792876076605
}