{
  "ethBalance": 18.27649738337883,
  "usdtBalance": 0,
  "usdcBalance": 0,
  "kenduBalance": 10805029020.399477,
  "ethBalanceInUsd": 49352.025884337854,
  "kenduBalanceInUsd": 127715.44302112183,
  "totalUsdBalance": 49352.025884337854
}