{
  "ethBalance": 0.038589031500035925,
  "usdtBalance": 0,
  "usdcBalance": 0,
  "kenduBalance": 35199894.08324558,
  "ethBalanceInUsd": 143.0838840086682,
  "kenduBalanceInUsd": 1020.092930532457,
  "totalUsdBalance": 143.0838840086682
}