{
  "ethBalance": 0.04459919224178026,
  "usdtBalance": 0,
  "usdcBalance": 0,
  "kenduBalance": 517214787.4674407,
  "ethBalanceInUsd": 105.15686745151433,
  "kenduBalanceInUsd": 24919.408460181294,
  "totalUsdBalance": 105.15686745151433
}