{
  "ethBalance": 0.038589031500035925,
  "usdtBalance": 0,
  "usdcBalance": 0,
  "kenduBalance": 35199894.08324558,
  "ethBalanceInUsd": 129.28097333142034,
  "kenduBalanceInUsd": 913.0852525193903,
  "totalUsdBalance": 129.28097333142034
}