{
  "ethBalance": 0.04272247540230626,
  "usdtBalance": 0,
  "usdcBalance": 0,
  "kenduBalance": 517214787.4674407,
  "ethBalanceInUsd": 105.75436116136088,
  "kenduBalanceInUsd": 22105.760016358417,
  "totalUsdBalance": 105.75436116136088
}