{
  "ethBalance": 0.038589031500035925,
  "usdtBalance": 0,
  "usdcBalance": 0,
  "kenduBalance": 35199894.08324558,
  "ethBalanceInUsd": 122.53252350269408,
  "kenduBalanceInUsd": 402.6867883123295,
  "totalUsdBalance": 122.53252350269408
}