{
  "ethBalance": 0.35769432885289126,
  "usdtBalance": 0,
  "usdcBalance": 0,
  "kenduBalance": 4514955040.756332,
  "ethBalanceInUsd": 891.3277672386541,
  "kenduBalanceInUsd": 78605.36725956775,
  "totalUsdBalance": 891.3277672386541
}