{
  "ethBalance": 0.04272247540230626,
  "usdtBalance": 0,
  "usdcBalance": 0,
  "kenduBalance": 517214787.4674407,
  "ethBalanceInUsd": 113.61444218587718,
  "kenduBalanceInUsd": 29264.012674907794,
  "totalUsdBalance": 113.61444218587718
}