{
  "ethBalance": 0.06254024854608203,
  "usdtBalance": 0,
  "usdcBalance": 0,
  "kenduBalance": 6456272656.749752,
  "ethBalanceInUsd": 139.22585050831688,
  "kenduBalanceInUsd": 60559.83752031267,
  "totalUsdBalance": 139.22585050831688
}