{
  "ethBalance": 0.038589031500035925,
  "usdtBalance": 0,
  "usdcBalance": 0,
  "kenduBalance": 35199894.08324558,
  "ethBalanceInUsd": 154.26891478895362,
  "kenduBalanceInUsd": 1694.17090222661,
  "totalUsdBalance": 154.26891478895362
}