{
  "ethBalance": 0.3119048631851912,
  "usdtBalance": 0,
  "usdcBalance": 0.463046,
  "kenduBalance": 4175387837.757599,
  "ethBalanceInUsd": 619.9296298723585,
  "kenduBalanceInUsd": 36576.39745875657,
  "totalUsdBalance": 620.3926758723585
}