{
  "ethBalance": 0.5002741579676101,
  "usdtBalance": 0,
  "usdcBalance": 100,
  "kenduBalance": 4855925261.348792,
  "ethBalanceInUsd": 1132.5356470318147,
  "kenduBalanceInUsd": 107850.10005455666,
  "totalUsdBalance": 1232.5356470318147
}