{
  "ethBalance": 0.727034011230498,
  "usdtBalance": 0,
  "usdcBalance": 25.002104,
  "kenduBalance": null,
  "ethBalanceInUsd": 2917.7983269312454,
  "kenduBalanceInUsd": null,
  "totalUsdBalance": 2942.8004309312455
}