{
  "ethBalance": 8.056063080971311,
  "usdtBalance": 22313.097842,
  "usdcBalance": 88.007775,
  "kenduBalance": 319721753.5049916,
  "ethBalanceInUsd": 25408.17847233704,
  "kenduBalanceInUsd": 44847.37036414517,
  "totalUsdBalance": 47809.28408933704
}