{
  "ethBalance": 0.3579488855246269,
  "usdtBalance": 0,
  "usdcBalance": 0,
  "kenduBalance": 3705282011.416198,
  "ethBalanceInUsd": 561.0097087938925,
  "kenduBalanceInUsd": 40128.20418363742,
  "totalUsdBalance": 561.0097087938925
}