{
  "ethBalance": 0.04459919224178026,
  "usdtBalance": 0,
  "usdcBalance": 0,
  "kenduBalance": 517214787.4674407,
  "ethBalanceInUsd": 101.89042261172634,
  "kenduBalanceInUsd": 27065.849828171173,
  "totalUsdBalance": 101.89042261172634
}