{
  "ethBalance": 0.0624422229661258,
  "usdtBalance": 0,
  "usdcBalance": 0,
  "kenduBalance": 6379544426.92592,
  "ethBalanceInUsd": 147.65587580353835,
  "kenduBalanceInUsd": 65007.55771037513,
  "totalUsdBalance": 147.65587580353835
}