{
  "ethBalance": 0.038589031500035925,
  "usdtBalance": 0,
  "usdcBalance": 0,
  "kenduBalance": 35199894.08324558,
  "ethBalanceInUsd": 151.18102048832074,
  "kenduBalanceInUsd": 873.6613711461554,
  "totalUsdBalance": 151.18102048832074
}