{
  "ethBalance": 0.038589031500035925,
  "usdtBalance": 0,
  "usdcBalance": 0,
  "kenduBalance": 35199894.08324558,
  "ethBalanceInUsd": 138.28263670943372,
  "kenduBalanceInUsd": 879.9973520811396,
  "totalUsdBalance": 138.28263670943372
}