{
  "ethBalance": 0.05718734702235537,
  "usdtBalance": 0,
  "usdcBalance": 384.463046,
  "kenduBalance": 5593814937.395827,
  "ethBalanceInUsd": 106.85112667044966,
  "kenduBalanceInUsd": 39100.766412396835,
  "totalUsdBalance": 491.3141726704497
}