{
  "ethBalance": 0.038589031500035925,
  "usdtBalance": 0,
  "usdcBalance": 0,
  "kenduBalance": 35199894.08324558,
  "ethBalanceInUsd": 141.53607795520176,
  "kenduBalanceInUsd": 1163.7084983920988,
  "totalUsdBalance": 141.53607795520176
}