{
  "ethBalance": 0.04272247540230626,
  "usdtBalance": 0,
  "usdcBalance": 0,
  "kenduBalance": 517214787.4674407,
  "ethBalanceInUsd": 101.59447373143831,
  "kenduBalanceInUsd": 26590.012223701127,
  "totalUsdBalance": 101.59447373143831
}