{
  "ethBalance": 0.5002741579676101,
  "usdtBalance": 0,
  "usdcBalance": 100,
  "kenduBalance": 4855925261.348792,
  "ethBalanceInUsd": 1292.178133580859,
  "kenduBalanceInUsd": 110569.418200912,
  "totalUsdBalance": 1392.178133580859
}