{
  "ethBalance": 0.04459919224178026,
  "usdtBalance": 0,
  "usdcBalance": 0,
  "kenduBalance": 517214787.4674407,
  "ethBalanceInUsd": 109.5476579277176,
  "kenduBalanceInUsd": 26538.290744954385,
  "totalUsdBalance": 109.5476579277176
}