{
  "ethBalance": 0.3579488855246269,
  "usdtBalance": 0,
  "usdcBalance": 0,
  "kenduBalance": 3705282011.416198,
  "ethBalanceInUsd": 567.3561425342441,
  "kenduBalanceInUsd": 42499.58467094379,
  "totalUsdBalance": 567.3561425342441
}