{
  "ethBalance": 0.5002741579676101,
  "usdtBalance": 0,
  "usdcBalance": 100,
  "kenduBalance": 4855925261.348792,
  "ethBalanceInUsd": 1143.2415140123217,
  "kenduBalanceInUsd": 97118.50522697585,
  "totalUsdBalance": 1243.2415140123217
}