{
  "ethBalance": 0.3196155371451788,
  "usdtBalance": 0,
  "usdcBalance": 884.463046,
  "kenduBalance": 5453954448.539579,
  "ethBalanceInUsd": 656.8035365225995,
  "kenduBalanceInUsd": 36814.19252764216,
  "totalUsdBalance": 1541.2665825225995
}