{
  "ethBalance": 0.04272247540230626,
  "usdtBalance": 0,
  "usdcBalance": 0,
  "kenduBalance": 517214787.4674407,
  "ethBalanceInUsd": 111.8085631506217,
  "kenduBalanceInUsd": 29538.13651226554,
  "totalUsdBalance": 111.8085631506217
}