{
  "ethBalance": 0.5002741579676101,
  "usdtBalance": 0,
  "usdcBalance": 100,
  "kenduBalance": 4855925261.348792,
  "ethBalanceInUsd": 1261.331229000576,
  "kenduBalanceInUsd": 125040.07547973139,
  "totalUsdBalance": 1361.331229000576
}