{
  "ethBalance": 0.045462183917402754,
  "usdtBalance": 0,
  "usdcBalance": 0,
  "kenduBalance": 307214787.46744066,
  "ethBalanceInUsd": 121.28901509507797,
  "kenduBalanceInUsd": 29557.134702242467,
  "totalUsdBalance": 121.28901509507797
}