{
  "ethBalance": 0.5002741579676101,
  "usdtBalance": 0,
  "usdcBalance": 100,
  "kenduBalance": 4855925261.348792,
  "ethBalanceInUsd": 1397.2557177203757,
  "kenduBalanceInUsd": 135237.51852856384,
  "totalUsdBalance": 1497.2557177203757
}