{
  "ethBalance": 3.9773126053695473,
  "usdtBalance": 0,
  "usdcBalance": 0,
  "kenduBalance": 8110029020.399477,
  "ethBalanceInUsd": 10581.361774703304,
  "kenduBalanceInUsd": 105754.77842600919,
  "totalUsdBalance": 10581.361774703304
}