{
  "ethBalance": 0.045462183917402754,
  "usdtBalance": 0,
  "usdcBalance": 0,
  "kenduBalance": 307214787.46744066,
  "ethBalanceInUsd": 118.95316808540184,
  "kenduBalanceInUsd": 32902.703737762895,
  "totalUsdBalance": 118.95316808540184
}