{
  "ethBalance": 8.051792938400936,
  "usdtBalance": 22356.072978,
  "usdcBalance": 88.007775,
  "kenduBalance": 947823769.8171208,
  "ethBalanceInUsd": 18319.278257591042,
  "kenduBalanceInUsd": 78356.59105078138,
  "totalUsdBalance": 40763.35901059104
}