{
  "ethBalance": 0.04272247540230626,
  "usdtBalance": 0,
  "usdcBalance": 0,
  "kenduBalance": 517214787.4674407,
  "ethBalanceInUsd": 110.28935192531569,
  "kenduBalanceInUsd": 29527.79221651619,
  "totalUsdBalance": 110.28935192531569
}