{
  "ethBalance": 0.03983369884579122,
  "usdtBalance": 0,
  "usdcBalance": 0,
  "kenduBalance": 1091213805.8365645,
  "ethBalanceInUsd": 104.34039075666553,
  "kenduBalanceInUsd": 46518.444542812744,
  "totalUsdBalance": 104.34039075666553
}