{
  "ethBalance": 0.35779268808449755,
  "usdtBalance": 0,
  "usdcBalance": 0,
  "kenduBalance": 3546950453.60037,
  "ethBalanceInUsd": 642.7208952405871,
  "kenduBalanceInUsd": 38768.16845785204,
  "totalUsdBalance": 642.7208952405871
}