{
  "ethBalance": 0.038589031500035925,
  "usdtBalance": 0,
  "usdcBalance": 0,
  "kenduBalance": 35199894.08324558,
  "ethBalanceInUsd": 125.43711990370178,
  "kenduBalanceInUsd": 484.3505425854592,
  "totalUsdBalance": 125.43711990370178
}