{
  "ethBalance": 0.5002741579676101,
  "usdtBalance": 0,
  "usdcBalance": 100,
  "kenduBalance": 4855925261.348792,
  "ethBalanceInUsd": 1257.9693866590337,
  "kenduBalanceInUsd": 114454.15840999103,
  "totalUsdBalance": 1357.9693866590337
}