{
  "ethBalance": 0.038589031500035925,
  "usdtBalance": 0,
  "usdcBalance": 0,
  "kenduBalance": 35199894.08324558,
  "ethBalanceInUsd": 103.0122619184009,
  "kenduBalanceInUsd": 1158.7805132204446,
  "totalUsdBalance": 103.0122619184009
}