{
  "ethBalance": 0.04272247540230626,
  "usdtBalance": 0,
  "usdcBalance": 0,
  "kenduBalance": 517214787.4674407,
  "ethBalanceInUsd": 113.54565900047946,
  "kenduBalanceInUsd": 29088.159647168864,
  "totalUsdBalance": 113.54565900047946
}