{
  "ethBalance": 0.038589031500035925,
  "usdtBalance": 0,
  "usdcBalance": 0,
  "kenduBalance": 35199894.08324558,
  "ethBalanceInUsd": 142.3294684428425,
  "kenduBalanceInUsd": 814.1735501454704,
  "totalUsdBalance": 142.3294684428425
}