{
  "ethBalance": 0.045462183917402754,
  "usdtBalance": 0,
  "usdcBalance": 0,
  "kenduBalance": 307214787.46744066,
  "ethBalanceInUsd": 119.3264126153637,
  "kenduBalanceInUsd": 27501.867774085287,
  "totalUsdBalance": 119.3264126153637
}