{
  "ethBalance": 0.04272247540230626,
  "usdtBalance": 0,
  "usdcBalance": 0,
  "kenduBalance": 517214787.4674407,
  "ethBalanceInUsd": 102.55102995569595,
  "kenduBalanceInUsd": 24541.841665330063,
  "totalUsdBalance": 102.55102995569595
}