{
  "ethBalance": 0.3579488855246269,
  "usdtBalance": 0,
  "usdcBalance": 0,
  "kenduBalance": 3705282011.416198,
  "ethBalanceInUsd": 647.1894824728016,
  "kenduBalanceInUsd": 45982.549761675014,
  "totalUsdBalance": 647.1894824728016
}