{
  "ethBalance": 0.04459919224178026,
  "usdtBalance": 0,
  "usdcBalance": 0,
  "kenduBalance": 517214787.4674407,
  "ethBalanceInUsd": 107.82746708295213,
  "kenduBalanceInUsd": 27955.45926261517,
  "totalUsdBalance": 107.82746708295213
}