{
  "ethBalance": 4.092998430208601,
  "usdtBalance": 0,
  "usdcBalance": 0,
  "kenduBalance": 8310029020.399478,
  "ethBalanceInUsd": 10635.779210849956,
  "kenduBalanceInUsd": 117919.31179946859,
  "totalUsdBalance": 10635.779210849956
}