{
  "ethBalance": 1.126230410262131,
  "usdtBalance": 0,
  "usdcBalance": null,
  "kenduBalance": 4547808469.985,
  "ethBalanceInUsd": 4836.258627747643,
  "kenduBalanceInUsd": 60440.37456610065,
  "totalUsdBalance": null
}