{
  "ethBalance": 0.5002741579676101,
  "usdtBalance": 0,
  "usdcBalance": 100,
  "kenduBalance": 4855925261.348792,
  "ethBalanceInUsd": 1332.270104600383,
  "kenduBalanceInUsd": 142861.32118888147,
  "totalUsdBalance": 1432.270104600383
}