{
  "ethBalance": 3.9773126053695473,
  "usdtBalance": 0,
  "usdcBalance": 0,
  "kenduBalance": 8110029020.399477,
  "ethBalanceInUsd": 10639.589631245915,
  "kenduBalanceInUsd": 105673.6781358052,
  "totalUsdBalance": 10639.589631245915
}