{
  "ethBalance": 0.5002741579676101,
  "usdtBalance": 0,
  "usdcBalance": 100,
  "kenduBalance": 4855925261.348792,
  "ethBalanceInUsd": 1345.2622244828021,
  "kenduBalanceInUsd": 124020.33117484815,
  "totalUsdBalance": 1445.2622244828021
}