{
  "ethBalance": 0.04459919224178026,
  "usdtBalance": 0,
  "usdcBalance": 0,
  "kenduBalance": 517214787.4674407,
  "ethBalanceInUsd": 105.02440785055624,
  "kenduBalanceInUsd": 29620.89087826033,
  "totalUsdBalance": 105.02440785055624
}