{
  "ethBalance": 0.3579488855246269,
  "usdtBalance": 0,
  "usdcBalance": 0,
  "kenduBalance": 3705282011.416198,
  "ethBalanceInUsd": 636.0536926441305,
  "kenduBalanceInUsd": 47057.08154498571,
  "totalUsdBalance": 636.0536926441305
}