{
  "ethBalance": 0.04459919224178026,
  "usdtBalance": 0,
  "usdcBalance": 0,
  "kenduBalance": 517214787.4674407,
  "ethBalanceInUsd": 106.33696207823185,
  "kenduBalanceInUsd": 28296.821022343684,
  "totalUsdBalance": 106.33696207823185
}