{
  "ethBalance": 0.3579488855246269,
  "usdtBalance": 0,
  "usdcBalance": 0,
  "kenduBalance": 3705282011.416198,
  "ethBalanceInUsd": 575.4028334808378,
  "kenduBalanceInUsd": 40609.890845121525,
  "totalUsdBalance": 575.4028334808378
}