{
  "ethBalance": 0.04272247540230626,
  "usdtBalance": 0,
  "usdcBalance": 0,
  "kenduBalance": 517214787.4674407,
  "ethBalanceInUsd": 112.27423813250682,
  "kenduBalanceInUsd": 28948.511654552658,
  "totalUsdBalance": 112.27423813250682
}