{
  "ethBalance": 0.038589031500035925,
  "usdtBalance": 0,
  "usdcBalance": 0,
  "kenduBalance": 35199894.08324558,
  "ethBalanceInUsd": 123.14608910354464,
  "kenduBalanceInUsd": 1845.1784478437335,
  "totalUsdBalance": 123.14608910354464
}