{
  "ethBalance": 0.04459919224178026,
  "usdtBalance": 0,
  "usdcBalance": 0,
  "kenduBalance": 517214787.4674407,
  "ethBalanceInUsd": 112.00730337985178,
  "kenduBalanceInUsd": 32848.311152057155,
  "totalUsdBalance": 112.00730337985178
}