{
  "ethBalance": 0.04459919224178026,
  "usdtBalance": 0,
  "usdcBalance": 0,
  "kenduBalance": 517214787.4674407,
  "ethBalanceInUsd": 107.81319534143476,
  "kenduBalanceInUsd": 28493.362641581312,
  "totalUsdBalance": 107.81319534143476
}