{
  "ethBalance": 0.038589031500035925,
  "usdtBalance": 0,
  "usdcBalance": 0,
  "kenduBalance": 35199894.08324558,
  "ethBalanceInUsd": 140.35332413972566,
  "kenduBalanceInUsd": 1057.0528193198647,
  "totalUsdBalance": 140.35332413972566
}