{
  "ethBalance": 0.04272247540230626,
  "usdtBalance": 0,
  "usdcBalance": 0,
  "kenduBalance": 517214787.4674407,
  "ethBalanceInUsd": 104.47439579830778,
  "kenduBalanceInUsd": 24128.06983535611,
  "totalUsdBalance": 104.47439579830778
}