{
  "ethBalance": 0.5002741579676101,
  "usdtBalance": 0,
  "usdcBalance": 100,
  "kenduBalance": 4855925261.348792,
  "ethBalanceInUsd": 1324.4057948371324,
  "kenduBalanceInUsd": 156263.67491020414,
  "totalUsdBalance": 1424.4057948371324
}