{
  "ethBalance": 0.5002741579676101,
  "usdtBalance": 0,
  "usdcBalance": 100,
  "kenduBalance": 4855925261.348792,
  "ethBalanceInUsd": 1253.4619164957455,
  "kenduBalanceInUsd": 146551.82438750655,
  "totalUsdBalance": 1353.4619164957455
}