{
  "ethBalance": 0.04459919224178026,
  "usdtBalance": 0,
  "usdcBalance": 0,
  "kenduBalance": 517214787.4674407,
  "ethBalanceInUsd": 104.79338403474382,
  "kenduBalanceInUsd": 27883.049192369726,
  "totalUsdBalance": 104.79338403474382
}