{
  "ethBalance": 0.046325213179724774,
  "usdtBalance": 50113.767042,
  "usdcBalance": 0,
  "kenduBalance": 946492975.4674407,
  "ethBalanceInUsd": 121.20806727622268,
  "kenduBalanceInUsd": 108023.24329009901,
  "totalUsdBalance": 50234.97510927622
}