{
  "ethBalance": 0.0624422229661258,
  "usdtBalance": 0,
  "usdcBalance": 0,
  "kenduBalance": 6384544426.92592,
  "ethBalanceInUsd": 125.71492749770108,
  "kenduBalanceInUsd": 45202.57454263551,
  "totalUsdBalance": 125.71492749770108
}