{
  "ethBalance": 0.038589031500035925,
  "usdtBalance": 0,
  "usdcBalance": 0,
  "kenduBalance": 35199894.08324558,
  "ethBalanceInUsd": 144.06829020223412,
  "kenduBalanceInUsd": 934.2051889693378,
  "totalUsdBalance": 144.06829020223412
}