{
  "ethBalance": 0.3579488855246269,
  "usdtBalance": 0,
  "usdcBalance": 0,
  "kenduBalance": 3705282011.416198,
  "ethBalanceInUsd": 581.2338208260339,
  "kenduBalanceInUsd": 47983.40204783976,
  "totalUsdBalance": 581.2338208260339
}