{
  "ethBalance": 0.038589031500035925,
  "usdtBalance": 0,
  "usdcBalance": 0,
  "kenduBalance": 35199894.08324558,
  "ethBalanceInUsd": 130.1870437910412,
  "kenduBalanceInUsd": 976.797060810065,
  "totalUsdBalance": 130.1870437910412
}