{
  "ethBalance": 0.038589031500035925,
  "usdtBalance": 0,
  "usdcBalance": 0,
  "kenduBalance": 35199894.08324558,
  "ethBalanceInUsd": 102.80619649019071,
  "kenduBalanceInUsd": 1686.426925528296,
  "totalUsdBalance": 102.80619649019071
}