{
  "ethBalance": 0.038589031500035925,
  "usdtBalance": 0,
  "usdcBalance": 0,
  "kenduBalance": 35199894.08324558,
  "ethBalanceInUsd": 134.25973017555498,
  "kenduBalanceInUsd": 1052.4768330890429,
  "totalUsdBalance": 134.25973017555498
}