{
  "ethBalance": 0.35779268808449755,
  "usdtBalance": 0,
  "usdcBalance": 0,
  "kenduBalance": 3546950453.60037,
  "ethBalanceInUsd": 645.8802046763733,
  "kenduBalanceInUsd": 37030.16273558786,
  "totalUsdBalance": 645.8802046763733
}