{
  "ethBalance": 0.04459919224178026,
  "usdtBalance": 0,
  "usdcBalance": 0,
  "kenduBalance": 517214787.4674407,
  "ethBalanceInUsd": 104.16364344028989,
  "kenduBalanceInUsd": 24660.801066447573,
  "totalUsdBalance": 104.16364344028989
}