{
  "ethBalance": 0.5002741579676101,
  "usdtBalance": 0,
  "usdcBalance": 100,
  "kenduBalance": 4855925261.348792,
  "ethBalanceInUsd": 1322.8949668800701,
  "kenduBalanceInUsd": 133732.18169754575,
  "totalUsdBalance": 1422.8949668800701
}