{
  "ethBalance": 0.3196155371451788,
  "usdtBalance": 0,
  "usdcBalance": 884.463046,
  "kenduBalance": 5453954448.539579,
  "ethBalanceInUsd": 659.9325726312509,
  "kenduBalanceInUsd": 37468.66706146691,
  "totalUsdBalance": 1544.3956186312507
}