{
  "ethBalance": 0.045462183917402754,
  "usdtBalance": 0,
  "usdcBalance": 0,
  "kenduBalance": 307214787.46744066,
  "ethBalanceInUsd": 118.16121684156067,
  "kenduBalanceInUsd": 30432.696846524672,
  "totalUsdBalance": 118.16121684156067
}