{
  "ethBalance": 0.3196155371451788,
  "usdtBalance": 0,
  "usdcBalance": 884.463046,
  "kenduBalance": 5453954448.539579,
  "ethBalanceInUsd": 605.8152698818292,
  "kenduBalanceInUsd": 35996.09936036122,
  "totalUsdBalance": 1490.2783158818293
}