{
  "ethBalance": 0.5002741579676101,
  "usdtBalance": 0,
  "usdcBalance": 100,
  "kenduBalance": 4855925261.348792,
  "ethBalanceInUsd": 1268.730283796917,
  "kenduBalanceInUsd": 125088.63473234489,
  "totalUsdBalance": 1368.730283796917
}