{
  "ethBalance": 0.038589031500035925,
  "usdtBalance": 0,
  "usdcBalance": 0,
  "kenduBalance": 35199894.08324558,
  "ethBalanceInUsd": 126.99110020220823,
  "kenduBalanceInUsd": 781.437648648052,
  "totalUsdBalance": 126.99110020220823
}