{
  "ethBalance": 0.038589031500035925,
  "usdtBalance": 0,
  "usdcBalance": 0,
  "kenduBalance": 35199894.08324558,
  "ethBalanceInUsd": 140.26572703822058,
  "kenduBalanceInUsd": 1039.8048712190744,
  "totalUsdBalance": 140.26572703822058
}