{
  "ethBalance": 0.11327750927784742,
  "usdtBalance": 0,
  "usdcBalance": 0,
  "kenduBalance": 11796082608.223656,
  "ethBalanceInUsd": 375.4968188545798,
  "kenduBalanceInUsd": 298912.73329238745,
  "totalUsdBalance": 375.4968188545798
}