{
  "ethBalance": 0.9903603877171636,
  "usdtBalance": 0,
  "usdcBalance": null,
  "kenduBalance": 4565348937.707456,
  "ethBalanceInUsd": 4415.452463409834,
  "kenduBalanceInUsd": 68206.31312934938,
  "totalUsdBalance": null
}