{
  "ethBalance": 0.5002741579676101,
  "usdtBalance": 0,
  "usdcBalance": 100,
  "kenduBalance": 4855925261.348792,
  "ethBalanceInUsd": 1334.526341052817,
  "kenduBalanceInUsd": 155049.69359486693,
  "totalUsdBalance": 1434.526341052817
}