{
  "ethBalance": 0.3117728554842481,
  "usdtBalance": 0,
  "usdcBalance": 0.463046,
  "kenduBalance": 4113980899.4295063,
  "ethBalanceInUsd": 572.8420914810929,
  "kenduBalanceInUsd": 45089.23065774739,
  "totalUsdBalance": 573.3051374810929
}