{
  "ethBalance": 0.038589031500035925,
  "usdtBalance": 0,
  "usdcBalance": 0,
  "kenduBalance": 35199894.08324558,
  "ethBalanceInUsd": 149.57455910697425,
  "kenduBalanceInUsd": 1221.788323629454,
  "totalUsdBalance": 149.57455910697425
}