{
  "ethBalance": 0.045462183917402754,
  "usdtBalance": 0,
  "usdcBalance": 0,
  "kenduBalance": 307214787.46744066,
  "ethBalanceInUsd": 120.4397814995009,
  "kenduBalanceInUsd": 25732.31059827283,
  "totalUsdBalance": 120.4397814995009
}