{
  "ethBalance": 0.04272247540230626,
  "usdtBalance": 0,
  "usdcBalance": 0,
  "kenduBalance": 517214787.4674407,
  "ethBalanceInUsd": 105.02551573099754,
  "kenduBalanceInUsd": 26145.20750647913,
  "totalUsdBalance": 105.02551573099754
}