{
  "ethBalance": 0.038589031500035925,
  "usdtBalance": 0,
  "usdcBalance": 0,
  "kenduBalance": 35199894.08324558,
  "ethBalanceInUsd": 155.39725807001466,
  "kenduBalanceInUsd": 1366.811887252426,
  "totalUsdBalance": 155.39725807001466
}