{
  "ethBalance": 18.27649738337883,
  "usdtBalance": 0,
  "usdcBalance": 0,
  "kenduBalance": 10805029020.399477,
  "ethBalanceInUsd": 50293.81379450336,
  "kenduBalanceInUsd": 134522.61130397348,
  "totalUsdBalance": 50293.81379450336
}