{
  "ethBalance": 9.40272155275617,
  "usdtBalance": 3949.089252,
  "usdcBalance": 8005.206012,
  "kenduBalance": 11652025441.98484,
  "ethBalanceInUsd": 29452.52082856026,
  "kenduBalanceInUsd": 243410.81148306333,
  "totalUsdBalance": 41406.816092560264
}