{
  "ethBalance": 0.04459919224178026,
  "usdtBalance": 0,
  "usdcBalance": 0,
  "kenduBalance": 517214787.4674407,
  "ethBalanceInUsd": 102.20083298972914,
  "kenduBalanceInUsd": 27789.950530625592,
  "totalUsdBalance": 102.20083298972914
}