{
  "ethBalance": 0.04459919224178026,
  "usdtBalance": 0,
  "usdcBalance": 0,
  "kenduBalance": 517214787.4674407,
  "ethBalanceInUsd": 110.5997528727012,
  "kenduBalanceInUsd": 32465.572209331254,
  "totalUsdBalance": 110.5997528727012
}