{
  "ethBalance": 0.04272247540230626,
  "usdtBalance": 0,
  "usdcBalance": 0,
  "kenduBalance": 517214787.4674407,
  "ethBalanceInUsd": 112.81852246913222,
  "kenduBalanceInUsd": 27991.66429773789,
  "totalUsdBalance": 112.81852246913222
}