{
  "ethBalance": 0.038589031500035925,
  "usdtBalance": 0,
  "usdcBalance": 0,
  "kenduBalance": 35199894.08324558,
  "ethBalanceInUsd": 122.13467058792871,
  "kenduBalanceInUsd": 1866.6503832345131,
  "totalUsdBalance": 122.13467058792871
}