{
  "ethBalance": 0.3117728554842481,
  "usdtBalance": 0,
  "usdcBalance": 0.463046,
  "kenduBalance": 4113980899.4295063,
  "ethBalanceInUsd": 562.0641038670025,
  "kenduBalanceInUsd": 41016.38956731217,
  "totalUsdBalance": 562.5271498670024
}