{
  "ethBalance": 13.475892841222715,
  "usdtBalance": 3949.089252,
  "usdcBalance": 8005.206012,
  "kenduBalance": 10903927414.89931,
  "ethBalanceInUsd": 43921.97753739719,
  "kenduBalanceInUsd": 202922.08919127614,
  "totalUsdBalance": 55876.272801397194
}