{
  "ethBalance": 0.038589031500035925,
  "usdtBalance": 0,
  "usdcBalance": 0,
  "kenduBalance": 35199894.08324558,
  "ethBalanceInUsd": 151.5580353260761,
  "kenduBalanceInUsd": 882.4613446669667,
  "totalUsdBalance": 151.5580353260761
}