{
  "ethBalance": 0.038589031500035925,
  "usdtBalance": 0,
  "usdcBalance": 0,
  "kenduBalance": 35199894.08324558,
  "ethBalanceInUsd": 129.00081696273008,
  "kenduBalanceInUsd": 530.8144027753434,
  "totalUsdBalance": 129.00081696273008
}