{
  "ethBalance": 0.038589031500035925,
  "usdtBalance": 0,
  "usdcBalance": 0,
  "kenduBalance": 35199894.08324558,
  "ethBalanceInUsd": 98.5035194779367,
  "kenduBalanceInUsd": 1116.8926392613826,
  "totalUsdBalance": 98.5035194779367
}