{
  "ethBalance": 3.9773126053695473,
  "usdtBalance": 0,
  "usdcBalance": 0,
  "kenduBalance": 8110029020.399477,
  "ethBalanceInUsd": 10574.640116400229,
  "kenduBalanceInUsd": 106484.68103784513,
  "totalUsdBalance": 10574.640116400229
}