{
  "ethBalance": 0.038589031500035925,
  "usdtBalance": 0,
  "usdcBalance": 0,
  "kenduBalance": 35199894.08324558,
  "ethBalanceInUsd": 93.72272436539724,
  "kenduBalanceInUsd": 1677.274953066652,
  "totalUsdBalance": 93.72272436539724
}