{
  "ethBalance": 0.045462183917402754,
  "usdtBalance": 0,
  "usdcBalance": 0,
  "kenduBalance": 307214787.46744066,
  "ethBalanceInUsd": 116.57094964812993,
  "kenduBalanceInUsd": 19784.632312903177,
  "totalUsdBalance": 116.57094964812993
}