{
  "ethBalance": 0.9903603877171636,
  "usdtBalance": 0,
  "usdcBalance": null,
  "kenduBalance": 4565348937.707456,
  "ethBalanceInUsd": 4441.360291152515,
  "kenduBalanceInUsd": 69073.72942751381,
  "totalUsdBalance": null
}