{
  "ethBalance": 0.3117728554842481,
  "usdtBalance": 0,
  "usdcBalance": 0.463046,
  "kenduBalance": 4113980899.4295063,
  "ethBalanceInUsd": 565.1475374077417,
  "kenduBalanceInUsd": 48092.43671433093,
  "totalUsdBalance": 565.6105834077416
}