{
  "ethBalance": 0.038589031500035925,
  "usdtBalance": 0,
  "usdcBalance": 0,
  "kenduBalance": 13206739398.082659,
  "ethBalanceInUsd": 127.51050856619871,
  "kenduBalanceInUsd": 204176.19109435793,
  "totalUsdBalance": 127.51050856619871
}