{
  "ethBalance": 0.3196155371451788,
  "usdtBalance": 0,
  "usdcBalance": 884.463046,
  "kenduBalance": 5453954448.539579,
  "ethBalanceInUsd": 607.2055974684107,
  "kenduBalanceInUsd": 39268.47202948497,
  "totalUsdBalance": 1491.6686434684107
}