{
  "ethBalance": 0.038589031500035925,
  "usdtBalance": 0,
  "usdcBalance": 0,
  "kenduBalance": 35199894.08324558,
  "ethBalanceInUsd": 149.17053194716888,
  "kenduBalanceInUsd": 1218.620333161962,
  "totalUsdBalance": 149.17053194716888
}