{
  "ethBalance": 0.038589031500035925,
  "usdtBalance": 0,
  "usdcBalance": 0,
  "kenduBalance": 35199894.08324558,
  "ethBalanceInUsd": 131.2343501059522,
  "kenduBalanceInUsd": 1105.9806720955762,
  "totalUsdBalance": 131.2343501059522
}