{
  "ethBalance": 0.038589031500035925,
  "usdtBalance": 0,
  "usdcBalance": 0,
  "kenduBalance": 35199894.08324558,
  "ethBalanceInUsd": 100.92691065613896,
  "kenduBalanceInUsd": 1166.5244899187585,
  "totalUsdBalance": 100.92691065613896
}