{
  "ethBalance": 0.038589031500035925,
  "usdtBalance": 0,
  "usdcBalance": 0,
  "kenduBalance": 35199894.08324558,
  "ethBalanceInUsd": 155.6330370524799,
  "kenduBalanceInUsd": 1305.2120726067462,
  "totalUsdBalance": 155.6330370524799
}