{
  "ethBalance": 4.778379203455415,
  "usdtBalance": 3949.089252,
  "usdcBalance": 5005.206012,
  "kenduBalance": 12310098030.836285,
  "ethBalanceInUsd": 15039.42292116354,
  "kenduBalanceInUsd": 287933.1929412607,
  "totalUsdBalance": 23993.71818516354
}