{
  "ethBalance": 0.038589031500035925,
  "usdtBalance": 0,
  "usdcBalance": 0,
  "kenduBalance": 35199894.08324558,
  "ethBalanceInUsd": 126.80317161880303,
  "kenduBalanceInUsd": 814.1735501454704,
  "totalUsdBalance": 126.80317161880303
}