{
  "ethBalance": 0.038589031500035925,
  "usdtBalance": 0,
  "usdcBalance": 0,
  "kenduBalance": 35199894.08324558,
  "ethBalanceInUsd": 155.1884914095995,
  "kenduBalanceInUsd": 1394.61980357819,
  "totalUsdBalance": 155.1884914095995
}