{
  "ethBalance": 0.045462183917402754,
  "usdtBalance": 0,
  "usdcBalance": 0,
  "kenduBalance": 307214787.46744066,
  "ethBalanceInUsd": 121.10398400653416,
  "kenduBalanceInUsd": 30521.78913489023,
  "totalUsdBalance": 121.10398400653416
}