{
  "ethBalance": 0.045462183917402754,
  "usdtBalance": 0,
  "usdcBalance": 0,
  "kenduBalance": 307214787.46744066,
  "ethBalanceInUsd": 118.64084288188927,
  "kenduBalanceInUsd": 18586.494641780162,
  "totalUsdBalance": 118.64084288188927
}