{
  "ethBalance": 8.056063080971311,
  "usdtBalance": 22356.072978,
  "usdcBalance": 88.007775,
  "kenduBalance": 319823769.8171208,
  "ethBalanceInUsd": 23452.085795646395,
  "kenduBalanceInUsd": 38439.61889431975,
  "totalUsdBalance": 45896.1665486464
}