{
  "ethBalance": 0.0624422229661258,
  "usdtBalance": 0,
  "usdcBalance": 0,
  "kenduBalance": 6384544426.92592,
  "ethBalanceInUsd": 128.19887912729357,
  "kenduBalanceInUsd": 48139.46497902143,
  "totalUsdBalance": 128.19887912729357
}