{
  "ethBalance": 0.3579488855246269,
  "usdtBalance": 0,
  "usdcBalance": 0,
  "kenduBalance": 3705282011.416198,
  "ethBalanceInUsd": 650.6615866623905,
  "kenduBalanceInUsd": 46353.077962816635,
  "totalUsdBalance": 650.6615866623905
}