{
  "ethBalance": 0.038589031500035925,
  "usdtBalance": 0,
  "usdcBalance": 0,
  "kenduBalance": 35199894.08324558,
  "ethBalanceInUsd": 128.37721821368953,
  "kenduBalanceInUsd": 1176.028461321235,
  "totalUsdBalance": 128.37721821368953
}