{
  "ethBalance": 0.045462183917402754,
  "usdtBalance": 0,
  "usdcBalance": 0,
  "kenduBalance": 307214787.46744066,
  "ethBalanceInUsd": 125.79704525232765,
  "kenduBalanceInUsd": 23677.043670115654,
  "totalUsdBalance": 125.79704525232765
}