{
  "ethBalance": 8.056063080971311,
  "usdtBalance": 22313.097842,
  "usdcBalance": 88.007775,
  "kenduBalance": 319823769.8171208,
  "ethBalanceInUsd": 24414.30197003761,
  "kenduBalanceInUsd": 41206.09450323784,
  "totalUsdBalance": 46815.407587037604
}