{
  "ethBalance": 0.3119048631851912,
  "usdtBalance": 0,
  "usdcBalance": 0.463046,
  "kenduBalance": 4175387837.757599,
  "ethBalanceInUsd": 638.2010167577471,
  "kenduBalanceInUsd": 64467.98821497733,
  "totalUsdBalance": 638.664062757747
}