{
  "ethBalance": 0.038589031500035925,
  "usdtBalance": 0,
  "usdcBalance": 0,
  "kenduBalance": 35199894.08324558,
  "ethBalanceInUsd": 99.31543270069746,
  "kenduBalanceInUsd": 1788.5066183697081,
  "totalUsdBalance": 99.31543270069746
}