{
  "ethBalance": 0.30943876692005484,
  "usdtBalance": 0,
  "usdcBalance": 0,
  "kenduBalance": 8110029020.399477,
  "ethBalanceInUsd": 824.4346123174329,
  "kenduBalanceInUsd": 75666.57076032713,
  "totalUsdBalance": 824.4346123174329
}