{
  "ethBalance": 0.038589031500035925,
  "usdtBalance": 0,
  "usdcBalance": 0,
  "kenduBalance": 35199894.08324558,
  "ethBalanceInUsd": 151.22848499706578,
  "kenduBalanceInUsd": 1230.2362982094332,
  "totalUsdBalance": 151.22848499706578
}