{
  "ethBalance": 0.3117728554842481,
  "usdtBalance": 0,
  "usdcBalance": 0.463046,
  "kenduBalance": 4113980899.4295063,
  "ethBalanceInUsd": 566.684577585279,
  "kenduBalanceInUsd": 48915.23289421683,
  "totalUsdBalance": 567.147623585279
}