{
  "ethBalance": 0.038589031500035925,
  "usdtBalance": 0,
  "usdcBalance": 0,
  "kenduBalance": 35199894.08324558,
  "ethBalanceInUsd": 152.0901780704616,
  "kenduBalanceInUsd": 1345.6919508024785,
  "totalUsdBalance": 152.0901780704616
}