{
  "ethBalance": 0.3579040556931112,
  "usdtBalance": 0,
  "usdcBalance": 0,
  "kenduBalance": 3646098337.9468102,
  "ethBalanceInUsd": 656.650150020708,
  "kenduBalanceInUsd": 39742.47188362024,
  "totalUsdBalance": 656.650150020708
}