{
  "ethBalance": 0.038589031500035925,
  "usdtBalance": 0,
  "usdcBalance": 0,
  "kenduBalance": 35199894.08324558,
  "ethBalanceInUsd": 104.3053803639671,
  "kenduBalanceInUsd": 1348.5079423291381,
  "totalUsdBalance": 104.3053803639671
}