{
  "ethBalance": 18.27649738337883,
  "usdtBalance": 0,
  "usdcBalance": 0,
  "kenduBalance": 10805029020.399477,
  "ethBalanceInUsd": 47833.9800116744,
  "kenduBalanceInUsd": 132793.80666070955,
  "totalUsdBalance": 47833.9800116744
}