{
  "ethBalance": 0.3117728554842481,
  "usdtBalance": 0,
  "usdcBalance": 0.463046,
  "kenduBalance": 4113980899.4295063,
  "ethBalanceInUsd": 554.1232492378186,
  "kenduBalanceInUsd": 47393.05996142791,
  "totalUsdBalance": 554.5862952378186
}