{
  "ethBalance": 0.038589031500035925,
  "usdtBalance": 0,
  "usdcBalance": 0,
  "kenduBalance": 35199894.08324558,
  "ethBalanceInUsd": 143.66966550683875,
  "kenduBalanceInUsd": 963.0691021175991,
  "totalUsdBalance": 143.66966550683875
}