{
  "ethBalance": 0.3117728554842481,
  "usdtBalance": 0,
  "usdcBalance": 0.463046,
  "kenduBalance": 4113980899.4295063,
  "ethBalanceInUsd": 561.2285526143047,
  "kenduBalanceInUsd": 48709.53384924535,
  "totalUsdBalance": 561.6915986143047
}