{
  "ethBalance": 0.06254024854608203,
  "usdtBalance": 0,
  "usdcBalance": 0,
  "kenduBalance": 6456272656.749752,
  "ethBalanceInUsd": 154.63326614012968,
  "kenduBalanceInUsd": 59268.58298896273,
  "totalUsdBalance": 154.63326614012968
}