{
  "ethBalance": 0.5002741579676101,
  "usdtBalance": 0,
  "usdcBalance": 100,
  "kenduBalance": 4855925261.348792,
  "ethBalanceInUsd": 1345.3772875391346,
  "kenduBalanceInUsd": 136791.41461219548,
  "totalUsdBalance": 1445.3772875391346
}