{
  "ethBalance": 0.038589031500035925,
  "usdtBalance": 0,
  "usdcBalance": 0,
  "kenduBalance": 35199894.08324558,
  "ethBalanceInUsd": 155.754592501705,
  "kenduBalanceInUsd": 1492.4755091296126,
  "totalUsdBalance": 155.754592501705
}