{
  "ethBalance": 0.038589031500035925,
  "usdtBalance": 0,
  "usdcBalance": 0,
  "kenduBalance": 35199894.08324558,
  "ethBalanceInUsd": 129.32998140142539,
  "kenduBalanceInUsd": 1137.3085778296647,
  "totalUsdBalance": 129.32998140142539
}