{
  "ethBalance": 0.038589031500035925,
  "usdtBalance": 0,
  "usdcBalance": 0,
  "kenduBalance": 35199894.08324558,
  "ethBalanceInUsd": 147.98276155759777,
  "kenduBalanceInUsd": 1183.068440137884,
  "totalUsdBalance": 147.98276155759777
}