{
  "ethBalance": 0.046325213179724774,
  "usdtBalance": 50113.767042,
  "usdcBalance": 0,
  "kenduBalance": 946492975.4674407,
  "ethBalanceInUsd": 119.68118824981896,
  "kenduBalanceInUsd": 106064.0028308814,
  "totalUsdBalance": 50233.44823024982
}