{
  "ethBalance": 0.038589031500035925,
  "usdtBalance": 0,
  "usdcBalance": 0,
  "kenduBalance": 35199894.08324558,
  "ethBalanceInUsd": 128.72644894876484,
  "kenduBalanceInUsd": 1058.4608150831946,
  "totalUsdBalance": 128.72644894876484
}