{
  "ethBalance": 0.5002741579676101,
  "usdtBalance": 0,
  "usdcBalance": 100,
  "kenduBalance": 4855925261.348792,
  "ethBalanceInUsd": 1125.3266964155016,
  "kenduBalanceInUsd": 92845.2909969889,
  "totalUsdBalance": 1225.3266964155016
}