{
  "ethBalance": 0.3117728554842481,
  "usdtBalance": 0,
  "usdcBalance": 0.463046,
  "kenduBalance": 4113980899.4295063,
  "ethBalanceInUsd": 626.8442677795196,
  "kenduBalanceInUsd": 53193.77302962352,
  "totalUsdBalance": 627.3073137795195
}