{
  "ethBalance": 13.47560135212183,
  "usdtBalance": 3949.089252,
  "usdcBalance": 8005.206012,
  "kenduBalance": 10805029020.399477,
  "ethBalanceInUsd": 42377.127840058085,
  "kenduBalanceInUsd": 163263.98849823608,
  "totalUsdBalance": 54331.423104058085
}