{
  "ethBalance": 0.038589031500035925,
  "usdtBalance": 0,
  "usdcBalance": 0,
  "kenduBalance": 35199894.08324558,
  "ethBalanceInUsd": 102.4731731483454,
  "kenduBalanceInUsd": 1559.3553078877792,
  "totalUsdBalance": 102.4731731483454
}