{
  "ethBalance": 0.038589031500035925,
  "usdtBalance": 0,
  "usdcBalance": 0,
  "kenduBalance": 35199894.08324558,
  "ethBalanceInUsd": 102.20806650194015,
  "kenduBalanceInUsd": 1442.8436584722365,
  "totalUsdBalance": 102.20806650194015
}