{
  "ethBalance": 0.045462183917402754,
  "usdtBalance": 0,
  "usdcBalance": 0,
  "kenduBalance": 307214787.46744066,
  "ethBalanceInUsd": 126.03663096157236,
  "kenduBalanceInUsd": 23621.745008371516,
  "totalUsdBalance": 126.03663096157236
}