{
  "ethBalance": 0.5002741579676101,
  "usdtBalance": 0,
  "usdcBalance": 100,
  "kenduBalance": 4855925261.348792,
  "ethBalanceInUsd": 1255.643111824484,
  "kenduBalanceInUsd": 117222.03580895983,
  "totalUsdBalance": 1355.643111824484
}