{
  "ethBalance": 0.3579488855246269,
  "usdtBalance": 0,
  "usdcBalance": 0,
  "kenduBalance": 3705282011.416198,
  "ethBalanceInUsd": 568.3977737911208,
  "kenduBalanceInUsd": 43870.539015167786,
  "totalUsdBalance": 568.3977737911208
}