{
  "ethBalance": 0.04841366454199495,
  "usdtBalance": 90113.767042,
  "usdcBalance": 0,
  "kenduBalance": 946492975.4674407,
  "ethBalanceInUsd": 117.83740708527944,
  "kenduBalanceInUsd": 105363.5980290355,
  "totalUsdBalance": 90231.60444908528
}