{
  "ethBalance": 0.038589031500035925,
  "usdtBalance": 0,
  "usdcBalance": 0,
  "kenduBalance": 35199894.08324558,
  "ethBalanceInUsd": 111.61414293007391,
  "kenduBalanceInUsd": 2011.3219479166526,
  "totalUsdBalance": 111.61414293007391
}