{
  "ethBalance": 0.038589031500035925,
  "usdtBalance": 0,
  "usdcBalance": 0,
  "kenduBalance": 35199894.08324558,
  "ethBalanceInUsd": 95.32841396611374,
  "kenduBalanceInUsd": 1918.3942275368843,
  "totalUsdBalance": 95.32841396611374
}