{
  "ethBalance": 1.5631390808546095,
  "usdtBalance": 3946.421819,
  "usdcBalance": 0,
  "kenduBalance": 13057744113.924847,
  "ethBalanceInUsd": 4869.709704149599,
  "kenduBalanceInUsd": 275648.9782449535,
  "totalUsdBalance": 8816.1315231496
}