{
  "ethBalance": 0.3265431199402911,
  "usdtBalance": 0,
  "usdcBalance": 154.403285,
  "kenduBalance": 4113980899.4295063,
  "ethBalanceInUsd": 583.8395058660441,
  "kenduBalanceInUsd": 47063.94148947355,
  "totalUsdBalance": 738.2427908660441
}