{
  "ethBalance": 0.04272247540230626,
  "usdtBalance": 0,
  "usdcBalance": 0,
  "kenduBalance": 517214787.4674407,
  "ethBalanceInUsd": 114.48726235834629,
  "kenduBalanceInUsd": 29708.817392129793,
  "totalUsdBalance": 114.48726235834629
}