{
  "ethBalance": 0.0660488809860724,
  "usdtBalance": 0,
  "usdcBalance": 0,
  "kenduBalance": 7622102282.100412,
  "ethBalanceInUsd": 179.41253835532763,
  "kenduBalanceInUsd": 68675.14156172471,
  "totalUsdBalance": 179.41253835532763
}