{
  "ethBalance": 0.3196155371451788,
  "usdtBalance": 0,
  "usdcBalance": 884.463046,
  "kenduBalance": 5453954448.539579,
  "ethBalanceInUsd": 655.6625090549912,
  "kenduBalanceInUsd": 36759.65298315677,
  "totalUsdBalance": 1540.1255550549913
}