{
  "ethBalance": 0.038589031500035925,
  "usdtBalance": 0,
  "usdcBalance": 0,
  "kenduBalance": 35199894.08324558,
  "ethBalanceInUsd": 127.57147923596877,
  "kenduBalanceInUsd": 792.349615813858,
  "totalUsdBalance": 127.57147923596877
}