{
  "ethBalance": 0.04272247540230626,
  "usdtBalance": 0,
  "usdcBalance": 0,
  "kenduBalance": 517214787.4674407,
  "ethBalanceInUsd": 111.77267627128376,
  "kenduBalanceInUsd": 27805.466974249615,
  "totalUsdBalance": 111.77267627128376
}