{
  "ethBalance": 0.038589031500035925,
  "usdtBalance": 0,
  "usdcBalance": 0,
  "kenduBalance": 35199894.08324558,
  "ethBalanceInUsd": 151.8841126422514,
  "kenduBalanceInUsd": 1191.1644157770306,
  "totalUsdBalance": 151.8841126422514
}