{
  "ethBalance": 0.30943876692005484,
  "usdtBalance": 0,
  "usdcBalance": 0,
  "kenduBalance": 8110029020.399477,
  "ethBalanceInUsd": 824.9018648554822,
  "kenduBalanceInUsd": 73476.86292481926,
  "totalUsdBalance": 824.9018648554822
}