{
  "ethBalance": 0.0624422229661258,
  "usdtBalance": 0,
  "usdcBalance": 0,
  "kenduBalance": 6379544426.92592,
  "ethBalanceInUsd": 135.5814231485786,
  "kenduBalanceInUsd": 53141.60507629291,
  "totalUsdBalance": 135.5814231485786
}