{
  "ethBalance": 0.3579040556931112,
  "usdtBalance": 0,
  "usdcBalance": 0,
  "kenduBalance": 3646098337.9468102,
  "ethBalanceInUsd": 644.4134103565606,
  "kenduBalanceInUsd": 41237.37220217843,
  "totalUsdBalance": 644.4134103565606
}