{
  "ethBalance": 0.04459919224178026,
  "usdtBalance": 0,
  "usdcBalance": 0,
  "kenduBalance": 517214787.4674407,
  "ethBalanceInUsd": 105.10245643697935,
  "kenduBalanceInUsd": 27293.424334656847,
  "totalUsdBalance": 105.10245643697935
}