{
  "ethBalance": 0.3579488855246269,
  "usdtBalance": 0,
  "usdcBalance": 0,
  "kenduBalance": 3705282011.416198,
  "ethBalanceInUsd": 566.2429215002626,
  "kenduBalanceInUsd": 40646.94366523569,
  "totalUsdBalance": 566.2429215002626
}