{
  "ethBalance": 0.3406431199402911,
  "usdtBalance": 0,
  "usdcBalance": 154.403285,
  "kenduBalance": 4113980899.4295063,
  "ethBalanceInUsd": 608.0650012494167,
  "kenduBalanceInUsd": 45706.32779266182,
  "totalUsdBalance": 762.4682862494167
}