{
  "ethBalance": 0.04272247540230626,
  "usdtBalance": 0,
  "usdcBalance": 0,
  "kenduBalance": 517214787.4674407,
  "ethBalanceInUsd": 110.96479426142615,
  "kenduBalanceInUsd": 25224.565184787087,
  "totalUsdBalance": 110.96479426142615
}