{
  "ethBalance": 0.038589031500035925,
  "usdtBalance": 0,
  "usdcBalance": 0,
  "kenduBalance": 35199894.08324558,
  "ethBalanceInUsd": 137.9554017223134,
  "kenduBalanceInUsd": 688.5099282682836,
  "totalUsdBalance": 137.9554017223134
}