{
  "ethBalance": 0.3117728554842481,
  "usdtBalance": 0,
  "usdcBalance": 0.463046,
  "kenduBalance": 4113980899.4295063,
  "ethBalanceInUsd": 627.1841001919973,
  "kenduBalanceInUsd": 52700.09532169197,
  "totalUsdBalance": 627.6471461919973
}