{
  "ethBalance": 0.30943876692005484,
  "usdtBalance": 0,
  "usdcBalance": 0,
  "kenduBalance": 8110029020.399477,
  "ethBalanceInUsd": 839.8291909717057,
  "kenduBalanceInUsd": 89534.72038521022,
  "totalUsdBalance": 839.8291909717057
}