{
  "ethBalance": 0.038589031500035925,
  "usdtBalance": 0,
  "usdcBalance": 0,
  "kenduBalance": 35199894.08324558,
  "ethBalanceInUsd": 148.79621834161853,
  "kenduBalanceInUsd": 1200.3163882386746,
  "totalUsdBalance": 148.79621834161853
}