{
  "ethBalance": 0.35779268808449755,
  "usdtBalance": 0,
  "usdcBalance": 0,
  "kenduBalance": 3546950453.60037,
  "ethBalanceInUsd": 633.5578244987432,
  "kenduBalanceInUsd": 36852.815212907844,
  "totalUsdBalance": 633.5578244987432
}