{
  "ethBalance": 0.0624422229661258,
  "usdtBalance": 0,
  "usdcBalance": 0,
  "kenduBalance": 6384544426.92592,
  "ethBalanceInUsd": 133.92732866220595,
  "kenduBalanceInUsd": 50757.128194061064,
  "totalUsdBalance": 133.92732866220595
}