{
  "ethBalance": 0.038589031500035925,
  "usdtBalance": 0,
  "usdcBalance": 0,
  "kenduBalance": 35199894.08324558,
  "ethBalanceInUsd": 91.80600717079048,
  "kenduBalanceInUsd": 1987.3860199400456,
  "totalUsdBalance": 91.80600717079048
}