{
  "ethBalance": 0.35769432885289126,
  "usdtBalance": 0,
  "usdcBalance": 0,
  "kenduBalance": 4514955040.756332,
  "ethBalanceInUsd": 915.7511360127296,
  "kenduBalanceInUsd": 81269.19073361398,
  "totalUsdBalance": 915.7511360127296
}