{
  "ethBalance": 0.038589031500035925,
  "usdtBalance": 0,
  "usdcBalance": 0,
  "kenduBalance": 35199894.08324558,
  "ethBalanceInUsd": 133.98613394221974,
  "kenduBalanceInUsd": 1207.3563670553235,
  "totalUsdBalance": 133.98613394221974
}