{
  "ethBalance": 18.27649738337883,
  "usdtBalance": 0,
  "usdcBalance": 0,
  "kenduBalance": 10805029020.399477,
  "ethBalanceInUsd": 51654.49902469592,
  "kenduBalanceInUsd": 157645.37340762836,
  "totalUsdBalance": 51654.49902469592
}