{
  "ethBalance": 0.0660488809860724,
  "usdtBalance": 0,
  "usdcBalance": 0,
  "kenduBalance": 7622102282.100412,
  "ethBalanceInUsd": 184.6019989344033,
  "kenduBalanceInUsd": 66845.83701402062,
  "totalUsdBalance": 184.6019989344033
}