{
  "ethBalance": 0.04272247540230626,
  "usdtBalance": 0,
  "usdcBalance": 0,
  "kenduBalance": 517214787.4674407,
  "ethBalanceInUsd": 105.23101083768262,
  "kenduBalanceInUsd": 24722.86684094367,
  "totalUsdBalance": 105.23101083768262
}