{
  "ethBalance": 0.038589031500035925,
  "usdtBalance": 0,
  "usdcBalance": 0,
  "kenduBalance": 35199894.08324558,
  "ethBalanceInUsd": 128.85456453334496,
  "kenduBalanceInUsd": 1077.8207568289797,
  "totalUsdBalance": 128.85456453334496
}