{
  "ethBalance": 0.038589031500035925,
  "usdtBalance": 0,
  "usdcBalance": 0,
  "kenduBalance": 35199894.08324558,
  "ethBalanceInUsd": 154.41786845054375,
  "kenduBalanceInUsd": 1717.7548312623844,
  "totalUsdBalance": 154.41786845054375
}