{
  "ethBalance": 0.30943876692005484,
  "usdtBalance": 0,
  "usdcBalance": 0,
  "kenduBalance": 8110029020.399477,
  "ethBalanceInUsd": 843.7126474965523,
  "kenduBalanceInUsd": 90102.42241663819,
  "totalUsdBalance": 843.7126474965523
}