{
  "ethBalance": 0.038589031500035925,
  "usdtBalance": 0,
  "usdcBalance": 0,
  "kenduBalance": 35199894.08324558,
  "ethBalanceInUsd": 123.00678269982951,
  "kenduBalanceInUsd": 1484.3795334904662,
  "totalUsdBalance": 123.00678269982951
}