{
  "ethBalance": 0.0624422229661258,
  "usdtBalance": 0,
  "usdcBalance": 0,
  "kenduBalance": 6384544426.92592,
  "ethBalanceInUsd": 136.2408130231009,
  "kenduBalanceInUsd": 50565.591861253284,
  "totalUsdBalance": 136.2408130231009
}