{
  "ethBalance": 2.037084045317489,
  "usdtBalance": 0,
  "usdcBalance": 0,
  "kenduBalance": 8110029020.399477,
  "ethBalanceInUsd": 5463.092734413349,
  "kenduBalanceInUsd": 102754.06768846138,
  "totalUsdBalance": 5463.092734413349
}