{
  "ethBalance": 0.9903818468589797,
  "usdtBalance": 0,
  "usdcBalance": null,
  "kenduBalance": 4677192821.897994,
  "ethBalanceInUsd": 4247.21293498086,
  "kenduBalanceInUsd": 72870.66416517075,
  "totalUsdBalance": null
}