{
  "ethBalance": 0.04459919224178026,
  "usdtBalance": 0,
  "usdcBalance": 0,
  "kenduBalance": 517214787.4674407,
  "ethBalanceInUsd": 104.80274986511459,
  "kenduBalanceInUsd": 30132.933517853096,
  "totalUsdBalance": 104.80274986511459
}