{
  "ethBalance": 0.35703877941042383,
  "usdtBalance": 0,
  "usdcBalance": 0,
  "kenduBalance": 4855947774.956796,
  "ethBalanceInUsd": 936.4056067597186,
  "kenduBalanceInUsd": 160149.1576180751,
  "totalUsdBalance": 936.4056067597186
}