{
  "ethBalance": 0.3117728554842481,
  "usdtBalance": 0,
  "usdcBalance": 0.463046,
  "kenduBalance": 4113980899.4295063,
  "ethBalanceInUsd": 557.3781578490742,
  "kenduBalanceInUsd": 47475.339579416504,
  "totalUsdBalance": 557.8412038490742
}