{
  "ethBalance": 7.099812771415156,
  "usdtBalance": 22118.494633,
  "kenduBalance": 512735445.5049916,
  "ethBalanceInUsd": 23192.10640284932,
  "kenduBalanceInUsd": 90723.40972765321,
  "totalUsdBalance": 45310.60103584932
}