{
  "ethBalance": 0.038589031500035925,
  "usdtBalance": 0,
  "usdcBalance": 0,
  "kenduBalance": 35199894.08324558,
  "ethBalanceInUsd": 94.38645570719787,
  "kenduBalanceInUsd": 1926.4902031760307,
  "totalUsdBalance": 94.38645570719787
}