{
  "ethBalance": 0.038589031500035925,
  "usdtBalance": 0,
  "usdcBalance": 0,
  "kenduBalance": 35199894.08324558,
  "ethBalanceInUsd": 142.22257682558742,
  "kenduBalanceInUsd": 961.3091074134369,
  "totalUsdBalance": 142.22257682558742
}