{
  "ethBalance": 0.5002741579676101,
  "usdtBalance": 0,
  "usdcBalance": 100,
  "kenduBalance": 4855925261.348792,
  "ethBalanceInUsd": 1312.9895385523114,
  "kenduBalanceInUsd": 131352.77831948482,
  "totalUsdBalance": 1412.9895385523114
}