{
  "ethBalance": 0.04459919224178026,
  "usdtBalance": 0,
  "usdcBalance": 0,
  "kenduBalance": 517214787.4674407,
  "ethBalanceInUsd": 103.57582608654322,
  "kenduBalanceInUsd": 26346.92127359143,
  "totalUsdBalance": 103.57582608654322
}