{
  "ethBalance": 0.038589031500035925,
  "usdtBalance": 0,
  "usdcBalance": 0,
  "kenduBalance": 35199894.08324558,
  "ethBalanceInUsd": 129.7606349929658,
  "kenduBalanceInUsd": 1127.452607486356,
  "totalUsdBalance": 129.7606349929658
}