{
  "ethBalance": 0.04272247540230626,
  "usdtBalance": 0,
  "usdcBalance": 0,
  "kenduBalance": 517214787.4674407,
  "ethBalanceInUsd": 108.91155209359131,
  "kenduBalanceInUsd": 29900.186863492745,
  "totalUsdBalance": 108.91155209359131
}