{
  "ethBalance": 0.045462183917402754,
  "usdtBalance": 0,
  "usdcBalance": 0,
  "kenduBalance": 307214787.46744066,
  "ethBalanceInUsd": 117.46564542762441,
  "kenduBalanceInUsd": 32100.873142472876,
  "totalUsdBalance": 117.46564542762441
}