{
  "ethBalance": 0.3579488855246269,
  "usdtBalance": 0,
  "usdcBalance": 0,
  "kenduBalance": 3705282011.416198,
  "ethBalanceInUsd": 565.6952597054099,
  "kenduBalanceInUsd": 43574.11645425448,
  "totalUsdBalance": 565.6952597054099
}