{
  "ethBalance": 8.051792938400936,
  "usdtBalance": 22356.072978,
  "usdcBalance": 88.007775,
  "kenduBalance": 947823769.8171208,
  "ethBalanceInUsd": 20219.903980700583,
  "kenduBalanceInUsd": 91057.42956633079,
  "totalUsdBalance": 42663.984733700585
}