{
  "ethBalance": 0.03983369884579122,
  "usdtBalance": 0,
  "usdcBalance": 0,
  "kenduBalance": 1091213805.8365645,
  "ethBalanceInUsd": 103.51901988646532,
  "kenduBalanceInUsd": 45416.31859891782,
  "totalUsdBalance": 103.51901988646532
}