{
  "ethBalance": 0.04272247540230626,
  "usdtBalance": 0,
  "usdcBalance": 0,
  "kenduBalance": 517214787.4674407,
  "ethBalanceInUsd": 105.91029819657929,
  "kenduBalanceInUsd": 26745.17665994136,
  "totalUsdBalance": 105.91029819657929
}