{
  "ethBalance": 0.5002741579676101,
  "usdtBalance": 0,
  "usdcBalance": 100,
  "kenduBalance": 4855925261.348792,
  "ethBalanceInUsd": 1213.0547727567018,
  "kenduBalanceInUsd": 109258.31838034783,
  "totalUsdBalance": 1313.0547727567018
}