{
  "ethBalance": 0.038589031500035925,
  "usdtBalance": 0,
  "usdcBalance": 0,
  "kenduBalance": 35199894.08324558,
  "ethBalanceInUsd": 111.24484589861856,
  "kenduBalanceInUsd": 1978.9380453600668,
  "totalUsdBalance": 111.24484589861856
}