{
  "ethBalance": 0.0624422229661258,
  "usdtBalance": 0,
  "usdcBalance": 0,
  "kenduBalance": 6379544426.92592,
  "ethBalanceInUsd": 143.2418350620629,
  "kenduBalanceInUsd": 64114.42149060549,
  "totalUsdBalance": 143.2418350620629
}