{
  "ethBalance": 0.045462183917402754,
  "usdtBalance": 0,
  "usdcBalance": 0,
  "kenduBalance": 307214787.46744066,
  "ethBalanceInUsd": 120.93895627891398,
  "kenduBalanceInUsd": 29885.85452483263,
  "totalUsdBalance": 120.93895627891398
}