{
  "ethBalance": 0.038589031500035925,
  "usdtBalance": 0,
  "usdcBalance": 0,
  "kenduBalance": 35199894.08324558,
  "ethBalanceInUsd": 140.65509036605593,
  "kenduBalanceInUsd": 789.1816253463659,
  "totalUsdBalance": 140.65509036605593
}