{
  "ethBalance": 0.06254024854608203,
  "usdtBalance": 0,
  "usdcBalance": 0,
  "kenduBalance": 6456272656.749752,
  "ethBalanceInUsd": 139.35718503026368,
  "kenduBalanceInUsd": 60624.40024688017,
  "totalUsdBalance": 139.35718503026368
}