{
  "ethBalance": 0.038589031500035925,
  "usdtBalance": 0,
  "usdcBalance": 0,
  "kenduBalance": 35199894.08324558,
  "ethBalanceInUsd": 142.79639572399293,
  "kenduBalanceInUsd": 1330.9079952875154,
  "totalUsdBalance": 142.79639572399293
}