{
  "ethBalance": 0.038589031500035925,
  "usdtBalance": 0,
  "usdcBalance": 0,
  "kenduBalance": 35199894.08324558,
  "ethBalanceInUsd": 126.14715808330243,
  "kenduBalanceInUsd": 1427.003706134776,
  "totalUsdBalance": 126.14715808330243
}