{
  "ethBalance": 0.038589031500035925,
  "usdtBalance": 0,
  "usdcBalance": 0,
  "kenduBalance": 35199894.08324558,
  "ethBalanceInUsd": 96.65047418530499,
  "kenduBalanceInUsd": 1069.0207833081683,
  "totalUsdBalance": 96.65047418530499
}