{
  "ethBalance": 0.35798968333076975,
  "usdtBalance": 0,
  "usdcBalance": 4004.403285,
  "kenduBalance": 3705282011.416198,
  "ethBalanceInUsd": 567.1487357136053,
  "kenduBalanceInUsd": 38312.61599804348,
  "totalUsdBalance": 4571.552020713605
}