{
  "ethBalance": 0.038589031500035925,
  "usdtBalance": 0,
  "usdcBalance": 0,
  "kenduBalance": 35199894.08324558,
  "ethBalanceInUsd": 132.52129430647838,
  "kenduBalanceInUsd": 1102.108683746419,
  "totalUsdBalance": 132.52129430647838
}