{
  "ethBalance": 0.045462183917402754,
  "usdtBalance": 0,
  "usdcBalance": 0,
  "kenduBalance": 307214787.46744066,
  "ethBalanceInUsd": 118.50945717036798,
  "kenduBalanceInUsd": 29978.01896107286,
  "totalUsdBalance": 118.50945717036798
}