{
  "ethBalance": 0.30943876692005484,
  "usdtBalance": 0,
  "usdcBalance": 0,
  "kenduBalance": 8110029020.399477,
  "ethBalanceInUsd": 855.6848333886893,
  "kenduBalanceInUsd": 88885.91806357827,
  "totalUsdBalance": 855.6848333886893
}