{
  "ethBalance": 0.038589031500035925,
  "usdtBalance": 0,
  "usdcBalance": 0,
  "kenduBalance": 35199894.08324558,
  "ethBalanceInUsd": 94.76617177715823,
  "kenduBalanceInUsd": 1847.6424404295606,
  "totalUsdBalance": 94.76617177715823
}