{
  "ethBalance": 0.3579488855246269,
  "usdtBalance": 0,
  "usdcBalance": 0,
  "kenduBalance": 3705282011.416198,
  "ethBalanceInUsd": 564.7860695361773,
  "kenduBalanceInUsd": 38201.457537701,
  "totalUsdBalance": 564.7860695361773
}