{
  "ethBalance": 0.3117728554842481,
  "usdtBalance": 0,
  "usdcBalance": 0.463046,
  "kenduBalance": 4113980899.4295063,
  "ethBalanceInUsd": 569.4094723422113,
  "kenduBalanceInUsd": 47516.47938841079,
  "totalUsdBalance": 569.8725183422113
}