{
  "ethBalance": 0.038589031500035925,
  "usdtBalance": 0,
  "usdcBalance": 0,
  "kenduBalance": 35199894.08324558,
  "ethBalanceInUsd": 101.90051192088487,
  "kenduBalanceInUsd": 1448.8276404663882,
  "totalUsdBalance": 101.90051192088487
}