{
  "ethBalance": 0.04459919224178026,
  "usdtBalance": 0,
  "usdcBalance": 0,
  "kenduBalance": 517214787.4674407,
  "ethBalanceInUsd": 104.99229643214217,
  "kenduBalanceInUsd": 30101.90063060505,
  "totalUsdBalance": 104.99229643214217
}