{
  "ethBalance": 6.7707671114151555,
  "usdtBalance": 22011.945382,
  "kenduBalance": 507285445.5049916,
  "ethBalanceInUsd": 22358.562570657352,
  "kenduBalanceInUsd": 93005.71357888516,
  "totalUsdBalance": 44370.50795265735
}