{
  "ethBalance": 18.27649738337883,
  "usdtBalance": 0,
  "usdcBalance": 0,
  "kenduBalance": 10805029020.399477,
  "ethBalanceInUsd": 46506.0097117981,
  "kenduBalanceInUsd": 116262.11225949838,
  "totalUsdBalance": 46506.0097117981
}