{
  "ethBalance": 0.04459919224178026,
  "usdtBalance": 0,
  "usdcBalance": 0,
  "kenduBalance": 517214787.4674407,
  "ethBalanceInUsd": 101.51578939689539,
  "kenduBalanceInUsd": 22354.023114342788,
  "totalUsdBalance": 101.51578939689539
}