{
  "ethBalance": 0.045462183917402754,
  "usdtBalance": 0,
  "usdcBalance": 0,
  "kenduBalance": 307214787.46744066,
  "ethBalanceInUsd": 121.30492685944908,
  "kenduBalanceInUsd": 28878.19002193942,
  "totalUsdBalance": 121.30492685944908
}