{
  "ethBalance": 0.045462183917402754,
  "usdtBalance": 0,
  "usdcBalance": 0,
  "kenduBalance": 307214787.46744066,
  "ethBalanceInUsd": 125.62474357528069,
  "kenduBalanceInUsd": 24220.81384393302,
  "totalUsdBalance": 125.62474357528069
}