{
  "ethBalance": 0.5002741579676101,
  "usdtBalance": 0,
  "usdcBalance": 100,
  "kenduBalance": 4855925261.348792,
  "ethBalanceInUsd": 1277.239947223946,
  "kenduBalanceInUsd": 111589.16250579525,
  "totalUsdBalance": 1377.239947223946
}