{
  "ethBalance": 0.5002741579676101,
  "usdtBalance": 0,
  "usdcBalance": 100,
  "kenduBalance": 4855925261.348792,
  "ethBalanceInUsd": 1200.2627625374698,
  "kenduBalanceInUsd": 158982.99305655947,
  "totalUsdBalance": 1300.2627625374698
}