{
  "ethBalance": 0.04459919224178026,
  "usdtBalance": 0,
  "usdcBalance": 0,
  "kenduBalance": 517214787.4674407,
  "ethBalanceInUsd": 107.78821979377938,
  "kenduBalanceInUsd": 28301.993170218357,
  "totalUsdBalance": 107.78821979377938
}