{
  "ethBalance": 0.17126601123049806,
  "usdtBalance": 0,
  "usdcBalance": null,
  "kenduBalance": 4482236645.828448,
  "ethBalanceInUsd": 797.370019126279,
  "kenduBalanceInUsd": 61048.06311618347,
  "totalUsdBalance": null
}