{
  "ethBalance": 0.5002741579676101,
  "usdtBalance": 0,
  "usdcBalance": 100,
  "kenduBalance": 4855925261.348792,
  "ethBalanceInUsd": 1305.4704179580583,
  "kenduBalanceInUsd": 127128.12334211137,
  "totalUsdBalance": 1405.4704179580583
}