{
  "ethBalance": 0.04459919224178026,
  "usdtBalance": 0,
  "usdcBalance": 0,
  "kenduBalance": 517214787.4674407,
  "ethBalanceInUsd": 113.61688822785763,
  "kenduBalanceInUsd": 30065.695595482328,
  "totalUsdBalance": 113.61688822785763
}