{
  "ethBalance": 0.06254024854608203,
  "usdtBalance": 0,
  "usdcBalance": 0,
  "kenduBalance": 6456272656.749752,
  "ethBalanceInUsd": 141.03388909378415,
  "kenduBalanceInUsd": 63077.78385644507,
  "totalUsdBalance": 141.03388909378415
}