{
  "ethBalance": 0.35769432885289126,
  "usdtBalance": 0,
  "usdcBalance": 0,
  "kenduBalance": 4514955040.756332,
  "ethBalanceInUsd": 899.1755808136866,
  "kenduBalanceInUsd": 79508.35826771901,
  "totalUsdBalance": 899.1755808136866
}