{
  "ethBalance": 0.3196155371451788,
  "usdtBalance": 0,
  "usdcBalance": 884.463046,
  "kenduBalance": 5453954448.539579,
  "ethBalanceInUsd": 608.8292443971083,
  "kenduBalanceInUsd": 36868.732072127554,
  "totalUsdBalance": 1493.2922903971082
}