{
  "ethBalance": 0.04272247540230626,
  "usdtBalance": 0,
  "usdcBalance": 0,
  "kenduBalance": 517214787.4674407,
  "ethBalanceInUsd": 112.82493084044256,
  "kenduBalanceInUsd": 30055.351299732978,
  "totalUsdBalance": 112.82493084044256
}