{
  "ethBalance": 0.3119048631851912,
  "usdtBalance": 0,
  "usdcBalance": 0.463046,
  "kenduBalance": 4175387837.757599,
  "ethBalanceInUsd": 614.7488900948525,
  "kenduBalanceInUsd": 35574.30437769474,
  "totalUsdBalance": 615.2119360948525
}