{
  "ethBalance": 0.045462183917402754,
  "usdtBalance": 0,
  "usdcBalance": 0,
  "kenduBalance": 307214787.46744066,
  "ethBalanceInUsd": 120.48615292709665,
  "kenduBalanceInUsd": 26933.520417270523,
  "totalUsdBalance": 120.48615292709665
}