{
  "ethBalance": 0.04272247540230626,
  "usdtBalance": 0,
  "usdcBalance": 0,
  "kenduBalance": 517214787.4674407,
  "ethBalanceInUsd": 110.75545413195485,
  "kenduBalanceInUsd": 29124.364682291587,
  "totalUsdBalance": 110.75545413195485
}