{
  "ethBalance": 0.038589031500035925,
  "usdtBalance": 0,
  "usdcBalance": 0,
  "kenduBalance": 35199894.08324558,
  "ethBalanceInUsd": 149.7177244138394,
  "kenduBalanceInUsd": 1120.0606297288743,
  "totalUsdBalance": 149.7177244138394
}