{
  "ethBalance": 0.06254024854608203,
  "usdtBalance": 0,
  "usdcBalance": 0,
  "kenduBalance": 6456272656.749752,
  "ethBalanceInUsd": 134.4702900088728,
  "kenduBalanceInUsd": 53522.50032445545,
  "totalUsdBalance": 134.4702900088728
}