{
  "ethBalance": 0.5002741579676101,
  "usdtBalance": 0,
  "usdcBalance": 100,
  "kenduBalance": 4855925261.348792,
  "ethBalanceInUsd": 1285.3944159988182,
  "kenduBalanceInUsd": 124554.48295359651,
  "totalUsdBalance": 1385.3944159988182
}