{
  "ethBalance": 0.04459919224178026,
  "usdtBalance": 0,
  "usdcBalance": 0,
  "kenduBalance": 517214787.4674407,
  "ethBalanceInUsd": 102.02778812383102,
  "kenduBalanceInUsd": 21588.545228890973,
  "totalUsdBalance": 102.02778812383102
}