{
  "ethBalance": 0.5002741579676101,
  "usdtBalance": 0,
  "usdcBalance": 100,
  "kenduBalance": 4855925261.348792,
  "ethBalanceInUsd": 1268.1049410994576,
  "kenduBalanceInUsd": 113191.61784204033,
  "totalUsdBalance": 1368.1049410994576
}