{
  "ethBalance": 0.045462183917402754,
  "usdtBalance": 0,
  "usdcBalance": 0,
  "kenduBalance": 307214787.46744066,
  "ethBalanceInUsd": 120.06926470057407,
  "kenduBalanceInUsd": 30749.128077616137,
  "totalUsdBalance": 120.06926470057407
}