{
  "ethBalance": 0.038589031500035925,
  "usdtBalance": 0,
  "usdcBalance": 0,
  "kenduBalance": 35199894.08324558,
  "ethBalanceInUsd": 120.11685013079182,
  "kenduBalanceInUsd": 1316.476038713385,
  "totalUsdBalance": 120.11685013079182
}