{
  "ethBalance": 0.04272247540230626,
  "usdtBalance": 0,
  "usdcBalance": 0,
  "kenduBalance": 517214787.4674407,
  "ethBalanceInUsd": 104.52010884698824,
  "kenduBalanceInUsd": 21748.881813005883,
  "totalUsdBalance": 104.52010884698824
}