{
  "ethBalance": 0.04459919224178026,
  "usdtBalance": 0,
  "usdcBalance": 0,
  "kenduBalance": 517214787.4674407,
  "ethBalanceInUsd": 110.42135610373407,
  "kenduBalanceInUsd": 32181.10407622416,
  "totalUsdBalance": 110.42135610373407
}