{
  "ethBalance": 0.5002741579676101,
  "usdtBalance": 0,
  "usdcBalance": 100,
  "kenduBalance": 4855925261.348792,
  "ethBalanceInUsd": 1241.065122861308,
  "kenduBalanceInUsd": 110132.38492739061,
  "totalUsdBalance": 1341.065122861308
}