{
  "ethBalance": 0.04459919224178026,
  "usdtBalance": 0,
  "usdcBalance": 0,
  "kenduBalance": 517214787.4674407,
  "ethBalanceInUsd": 108.04823308454894,
  "kenduBalanceInUsd": 29677.78450488175,
  "totalUsdBalance": 108.04823308454894
}