{
  "ethBalance": 0.3119048631851912,
  "usdtBalance": 0,
  "usdcBalance": 0.463046,
  "kenduBalance": 4175387837.757599,
  "ethBalanceInUsd": 624.1746550603091,
  "kenduBalanceInUsd": 61879.247755567616,
  "totalUsdBalance": 624.637701060309
}