{
  "ethBalance": 0.038589031500035925,
  "usdtBalance": 0,
  "usdcBalance": 0,
  "kenduBalance": 35199894.08324558,
  "ethBalanceInUsd": 148.9737278865187,
  "kenduBalanceInUsd": 1218.2683342211296,
  "totalUsdBalance": 148.9737278865187
}