{
  "ethBalance": 0.35769432885289126,
  "usdtBalance": 0,
  "usdcBalance": 0,
  "kenduBalance": 4514955040.756332,
  "ethBalanceInUsd": 923.9995672360773,
  "kenduBalanceInUsd": 86371.08992966864,
  "totalUsdBalance": 923.9995672360773
}