{
  "ethBalance": 0.04272247540230626,
  "usdtBalance": 0,
  "usdcBalance": 0,
  "kenduBalance": 517214787.4674407,
  "ethBalanceInUsd": 110.21885984090189,
  "kenduBalanceInUsd": 29274.356970657143,
  "totalUsdBalance": 110.21885984090189
}