{
  "ethBalance": 0.35798968333076975,
  "usdtBalance": 0,
  "usdcBalance": 4004.403285,
  "kenduBalance": 3705282011.416198,
  "ethBalanceInUsd": 554.3649241218635,
  "kenduBalanceInUsd": 34681.43962685561,
  "totalUsdBalance": 4558.768209121863
}