{
  "ethBalance": 0.045462183917402754,
  "usdtBalance": 0,
  "usdcBalance": 0,
  "kenduBalance": 307214787.46744066,
  "ethBalanceInUsd": 120.04153276838444,
  "kenduBalanceInUsd": 23345.251699650817,
  "totalUsdBalance": 120.04153276838444
}