{
  "ethBalance": 3.9774170719585187,
  "usdtBalance": 0,
  "usdcBalance": 0,
  "kenduBalance": 8310029020.399478,
  "ethBalanceInUsd": 10492.58533250945,
  "kenduBalanceInUsd": 104706.36565703341,
  "totalUsdBalance": 10492.58533250945
}