{
  "ethBalance": 8.051792938400936,
  "usdtBalance": 22356.072978,
  "usdcBalance": 88.007775,
  "kenduBalance": 947823769.8171208,
  "ethBalanceInUsd": 17704.52386674413,
  "kenduBalanceInUsd": 85787.5294061476,
  "totalUsdBalance": 40148.604619744125
}