{
  "ethBalance": 0.5002741579676101,
  "usdtBalance": 0,
  "usdcBalance": 100,
  "kenduBalance": 4855925261.348792,
  "ethBalanceInUsd": 1273.0126305891197,
  "kenduBalanceInUsd": 115425.34346226079,
  "totalUsdBalance": 1373.0126305891197
}