{
  "ethBalance": 0.038589031500035925,
  "usdtBalance": 0,
  "usdcBalance": 0,
  "kenduBalance": 35199894.08324558,
  "ethBalanceInUsd": 110.23342738300262,
  "kenduBalanceInUsd": 1897.6262900277693,
  "totalUsdBalance": 110.23342738300262
}