{
  "ethBalance": 18.27649738337883,
  "usdtBalance": 0,
  "usdcBalance": 0,
  "kenduBalance": 10805029020.399477,
  "ethBalanceInUsd": 49680.0890123695,
  "kenduBalanceInUsd": 143274.68481049707,
  "totalUsdBalance": 49680.0890123695
}