{
  "ethBalance": 0.3579040556931112,
  "usdtBalance": 0,
  "usdcBalance": 0,
  "kenduBalance": 3646098337.9468102,
  "ethBalanceInUsd": 642.4699913341469,
  "kenduBalanceInUsd": 38648.64238223619,
  "totalUsdBalance": 642.4699913341469
}