{
  "ethBalance": 0.5002741579676101,
  "usdtBalance": 0,
  "usdcBalance": 100,
  "kenduBalance": 4855925261.348792,
  "ethBalanceInUsd": 1330.5491614969744,
  "kenduBalanceInUsd": 168257.81030573565,
  "totalUsdBalance": 1430.5491614969744
}