{
  "ethBalance": 3.3856809462214548,
  "usdtBalance": 3949.089252,
  "usdcBalance": 5005.206012,
  "kenduBalance": 12579294084.737032,
  "ethBalanceInUsd": 10795.446837883881,
  "kenduBalanceInUsd": 288946.3851264096,
  "totalUsdBalance": 19749.74210188388
}