{
  "ethBalance": 0.5002741579676101,
  "usdtBalance": 0,
  "usdcBalance": 100,
  "kenduBalance": 4855925261.348792,
  "ethBalanceInUsd": 1270.8114242940621,
  "kenduBalanceInUsd": 131984.04860346016,
  "totalUsdBalance": 1370.8114242940621
}