{
  "ethBalance": 0.038589031500035925,
  "usdtBalance": 0,
  "usdcBalance": 0,
  "kenduBalance": 35199894.08324558,
  "ethBalanceInUsd": 123.69559691210516,
  "kenduBalanceInUsd": 714.2058509490529,
  "totalUsdBalance": 123.69559691210516
}