{
  "ethBalance": 0.038589031500035925,
  "usdtBalance": 0,
  "usdcBalance": 0,
  "kenduBalance": 35199894.08324558,
  "ethBalanceInUsd": 138.06190744925354,
  "kenduBalanceInUsd": 1196.7963988303497,
  "totalUsdBalance": 138.06190744925354
}