{
  "ethBalance": 0.038589031500035925,
  "usdtBalance": 0,
  "usdcBalance": 0,
  "kenduBalance": 35199894.08324558,
  "ethBalanceInUsd": 102.73171965939564,
  "kenduBalanceInUsd": 1591.0352125627003,
  "totalUsdBalance": 102.73171965939564
}