{
  "ethBalance": 0.04272247540230626,
  "usdtBalance": 0,
  "usdcBalance": 0,
  "kenduBalance": 517214787.4674407,
  "ethBalanceInUsd": 103.99974909658815,
  "kenduBalanceInUsd": 23926.356068243807,
  "totalUsdBalance": 103.99974909658815
}