{
  "ethBalance": 0.3117728554842481,
  "usdtBalance": 0,
  "usdcBalance": 0.463046,
  "kenduBalance": 4113980899.4295063,
  "ethBalanceInUsd": 566.4881606863239,
  "kenduBalanceInUsd": 48832.95327622824,
  "totalUsdBalance": 566.9512066863239
}