{
  "ethBalance": 0.30943876692005484,
  "usdtBalance": 0,
  "usdcBalance": 0,
  "kenduBalance": 8110029020.399477,
  "ethBalanceInUsd": 815.6125130725422,
  "kenduBalanceInUsd": 77369.67685461101,
  "totalUsdBalance": 815.6125130725422
}