{
  "ethBalance": 0.5002741579676101,
  "usdtBalance": 0,
  "usdcBalance": 100,
  "kenduBalance": 4855925261.348792,
  "ethBalanceInUsd": 1323.2001341164303,
  "kenduBalanceInUsd": 151747.66441714976,
  "totalUsdBalance": 1423.2001341164303
}