{
  "ethBalance": 0.04272247540230626,
  "usdtBalance": 0,
  "usdcBalance": 0,
  "kenduBalance": 517214787.4674407,
  "ethBalanceInUsd": 112.75785655406094,
  "kenduBalanceInUsd": 29181.258308913006,
  "totalUsdBalance": 112.75785655406094
}