{
  "ethBalance": 0.3119048631851912,
  "usdtBalance": 0,
  "usdcBalance": 0.463046,
  "kenduBalance": 4175387837.757599,
  "ethBalanceInUsd": 641.4385892376093,
  "kenduBalanceInUsd": 66388.66662034583,
  "totalUsdBalance": 641.9016352376093
}