{
  "ethBalance": 0.038589031500035925,
  "usdtBalance": 0,
  "usdcBalance": 0,
  "kenduBalance": 35199894.08324558,
  "ethBalanceInUsd": 141.63370820489686,
  "kenduBalanceInUsd": 1314.36404506839,
  "totalUsdBalance": 141.63370820489686
}