{
  "ethBalance": 0.3117728554842481,
  "usdtBalance": 0,
  "usdcBalance": 0.463046,
  "kenduBalance": 4113980899.4295063,
  "ethBalanceInUsd": 595.7355722593013,
  "kenduBalanceInUsd": 45459.48893869604,
  "totalUsdBalance": 596.1986182593013
}