{
  "ethBalance": 0.045462183917402754,
  "usdtBalance": 0,
  "usdcBalance": 0,
  "kenduBalance": 307214787.46744066,
  "ethBalanceInUsd": 118.11166306109071,
  "kenduBalanceInUsd": 23889.021873468188,
  "totalUsdBalance": 118.11166306109071
}