{
  "ethBalance": 0.9903603877171636,
  "usdtBalance": 0,
  "usdcBalance": null,
  "kenduBalance": 4565348937.707456,
  "ethBalanceInUsd": 4524.312877227705,
  "kenduBalanceInUsd": 77382.66449414137,
  "totalUsdBalance": null
}