{
  "ethBalance": 0.04459919224178026,
  "usdtBalance": 0,
  "usdcBalance": 0,
  "kenduBalance": 517214787.4674407,
  "ethBalanceInUsd": 104.58956572619888,
  "kenduBalanceInUsd": 25296.975255032525,
  "totalUsdBalance": 104.58956572619888
}