{
  "ethBalance": 18.27649738337883,
  "usdtBalance": 0,
  "usdcBalance": 0,
  "kenduBalance": 10805029020.399477,
  "ethBalanceInUsd": 50238.98430235322,
  "kenduBalanceInUsd": 137115.81826886936,
  "totalUsdBalance": 50238.98430235322
}