{
  "ethBalance": 0.038589031500035925,
  "usdtBalance": 0,
  "usdcBalance": 0,
  "kenduBalance": 35199894.08324558,
  "ethBalanceInUsd": 101.73033429196971,
  "kenduBalanceInUsd": 1648.7630388592231,
  "totalUsdBalance": 101.73033429196971
}