{
  "ethBalance": 0.10788809429719365,
  "usdtBalance": 3946.421819,
  "usdcBalance": 0,
  "kenduBalance": 13268928669.075045,
  "ethBalanceInUsd": 355.45782540002097,
  "kenduBalanceInUsd": 326548.33454593684,
  "totalUsdBalance": 4301.879644400021
}