{
  "ethBalance": 0.04459919224178026,
  "usdtBalance": 0,
  "usdcBalance": 0,
  "kenduBalance": 517214787.4674407,
  "ethBalanceInUsd": 105.79864982787355,
  "kenduBalanceInUsd": 28074.418663732682,
  "totalUsdBalance": 105.79864982787355
}