{
  "ethBalance": 0.35798968333076975,
  "usdtBalance": 0,
  "usdcBalance": 4004.403285,
  "kenduBalance": 3705282011.416198,
  "ethBalanceInUsd": 523.66730877625,
  "kenduBalanceInUsd": 39461.25342158251,
  "totalUsdBalance": 4528.07059377625
}