{
  "ethBalance": 0.038589031500035925,
  "usdtBalance": 0,
  "usdcBalance": 0,
  "kenduBalance": 35199894.08324558,
  "ethBalanceInUsd": 135.17467611242083,
  "kenduBalanceInUsd": 781.437648648052,
  "totalUsdBalance": 135.17467611242083
}