{
  "ethBalance": 0.038589031500035925,
  "usdtBalance": 0,
  "usdcBalance": 0,
  "kenduBalance": 35199894.08324558,
  "ethBalanceInUsd": 127.90874737127908,
  "kenduBalanceInUsd": 599.8061951785047,
  "totalUsdBalance": 127.90874737127908
}