{
  "ethBalance": 0.04272247540230626,
  "usdtBalance": 0,
  "usdcBalance": 0,
  "kenduBalance": 517214787.4674407,
  "ethBalanceInUsd": 106.08674201999081,
  "kenduBalanceInUsd": 24221.168497100247,
  "totalUsdBalance": 106.08674201999081
}