{
  "ethBalance": 0.30943876692005484,
  "usdtBalance": 0,
  "usdcBalance": 0,
  "kenduBalance": 8110029020.399477,
  "ethBalanceInUsd": 838.6038134547022,
  "kenduBalanceInUsd": 85560.80616521448,
  "totalUsdBalance": 838.6038134547022
}