{
  "ethBalance": 0.35779268808449755,
  "usdtBalance": 0,
  "usdcBalance": 0,
  "kenduBalance": 3546950453.60037,
  "ethBalanceInUsd": 850.7451420197949,
  "kenduBalanceInUsd": 58063.57892543806,
  "totalUsdBalance": 850.7451420197949
}