{
  "ethBalance": 0.038589031500035925,
  "usdtBalance": 0,
  "usdcBalance": 0,
  "kenduBalance": 35199894.08324558,
  "ethBalanceInUsd": 131.5816513894525,
  "kenduBalanceInUsd": 1148.220544995471,
  "totalUsdBalance": 131.5816513894525
}