{
  "ethBalance": 0.04272247540230626,
  "usdtBalance": 0,
  "usdcBalance": 0,
  "kenduBalance": 517214787.4674407,
  "ethBalanceInUsd": 104.42782830011926,
  "kenduBalanceInUsd": 28612.32204269882,
  "totalUsdBalance": 104.42782830011926
}