{
  "ethBalance": 0.038589031500035925,
  "usdtBalance": 0,
  "usdcBalance": 0,
  "kenduBalance": 35199894.08324558,
  "ethBalanceInUsd": 133.97262778119475,
  "kenduBalanceInUsd": 1256.2842198310348,
  "totalUsdBalance": 133.97262778119475
}