{
  "ethBalance": 0.045462183917402754,
  "usdtBalance": 0,
  "usdcBalance": 0,
  "kenduBalance": 307214787.46744066,
  "ethBalanceInUsd": 118.60083616004196,
  "kenduBalanceInUsd": 19750.83868628176,
  "totalUsdBalance": 118.60083616004196
}