{
  "ethBalance": 0.04459919224178026,
  "usdtBalance": 0,
  "usdcBalance": 0,
  "kenduBalance": 517214787.4674407,
  "ethBalanceInUsd": 112.64016591776264,
  "kenduBalanceInUsd": 36463.64251645457,
  "totalUsdBalance": 112.64016591776264
}