{
  "ethBalance": 0.038589031500035925,
  "usdtBalance": 0,
  "usdcBalance": 0,
  "kenduBalance": 35199894.08324558,
  "ethBalanceInUsd": 130.43131236043644,
  "kenduBalanceInUsd": 661.4060098241846,
  "totalUsdBalance": 130.43131236043644
}