{
  "ethBalance": 0.3119048631851912,
  "usdtBalance": 0,
  "usdcBalance": 0.463046,
  "kenduBalance": 4175387837.757599,
  "ethBalanceInUsd": 646.2637574710842,
  "kenduBalanceInUsd": 72651.74837698221,
  "totalUsdBalance": 646.7268034710842
}