{
  "ethBalance": 0.04272247540230626,
  "usdtBalance": 0,
  "usdcBalance": 0,
  "kenduBalance": 517214787.4674407,
  "ethBalanceInUsd": 101.6201072166797,
  "kenduBalanceInUsd": 26693.45518119462,
  "totalUsdBalance": 101.6201072166797
}