{
  "ethBalance": 0.03983369884579122,
  "usdtBalance": 0,
  "usdcBalance": 0,
  "kenduBalance": 1091213805.8365645,
  "ethBalanceInUsd": 104.17747092838624,
  "kenduBalanceInUsd": 45678.20991231859,
  "totalUsdBalance": 104.17747092838624
}