{
  "ethBalance": 0.038589031500035925,
  "usdtBalance": 0,
  "usdcBalance": 0,
  "kenduBalance": 35199894.08324558,
  "ethBalanceInUsd": 127.2944099897985,
  "kenduBalanceInUsd": 1073.5967695389902,
  "totalUsdBalance": 127.2944099897985
}