{
  "ethBalance": 0.038589031500035925,
  "usdtBalance": 0,
  "usdcBalance": 0,
  "kenduBalance": 35199894.08324558,
  "ethBalanceInUsd": 142.03812125501724,
  "kenduBalanceInUsd": 1320.3480270625419,
  "totalUsdBalance": 142.03812125501724
}