{
  "ethBalance": 0.04459919224178026,
  "usdtBalance": 0,
  "usdcBalance": 0,
  "kenduBalance": 517214787.4674407,
  "ethBalanceInUsd": 107.78465185840001,
  "kenduBalanceInUsd": 28917.47876730461,
  "totalUsdBalance": 107.78465185840001
}