{
  "ethBalance": 0.04459919224178026,
  "usdtBalance": 0,
  "usdcBalance": 0,
  "kenduBalance": 517214787.4674407,
  "ethBalanceInUsd": 101.49884170384352,
  "kenduBalanceInUsd": 27138.259898416614,
  "totalUsdBalance": 101.49884170384352
}