{
  "ethBalance": 0.04459919224178026,
  "usdtBalance": 0,
  "usdcBalance": 0,
  "kenduBalance": 517214787.4674407,
  "ethBalanceInUsd": 102.41089518518791,
  "kenduBalanceInUsd": 22845.377162436856,
  "totalUsdBalance": 102.41089518518791
}