{
  "ethBalance": 0.038589031500035925,
  "usdtBalance": 0,
  "usdcBalance": 0,
  "kenduBalance": 35199894.08324558,
  "ethBalanceInUsd": 124.04058285371548,
  "kenduBalanceInUsd": 1438.619671182247,
  "totalUsdBalance": 124.04058285371548
}