{
  "ethBalance": 0.04272247540230626,
  "usdtBalance": 0,
  "usdcBalance": 0,
  "kenduBalance": 517214787.4674407,
  "ethBalanceInUsd": 103.70880903909844,
  "kenduBalanceInUsd": 22648.835543199228,
  "totalUsdBalance": 103.70880903909844
}