{
  "ethBalance": 0.045462183917402754,
  "usdtBalance": 0,
  "usdcBalance": 0,
  "kenduBalance": 307214787.46744066,
  "ethBalanceInUsd": 127.24819816297112,
  "kenduBalanceInUsd": 27173.147951495124,
  "totalUsdBalance": 127.24819816297112
}