{
  "ethBalance": 0.038589031500035925,
  "usdtBalance": 0,
  "usdcBalance": 0,
  "kenduBalance": 35199894.08324558,
  "ethBalanceInUsd": 129.66995076894074,
  "kenduBalanceInUsd": 1187.2924274278735,
  "totalUsdBalance": 129.66995076894074
}