{
  "ethBalance": 0.045462183917402754,
  "usdtBalance": 0,
  "usdcBalance": 0,
  "kenduBalance": 307214787.46744066,
  "ethBalanceInUsd": 118.35397650137045,
  "kenduBalanceInUsd": 26282.22506783955,
  "totalUsdBalance": 118.35397650137045
}