{
  "ethBalance": 0.3579488855246269,
  "usdtBalance": 0,
  "usdcBalance": 0,
  "kenduBalance": 3705282011.416198,
  "ethBalanceInUsd": 563.329217572092,
  "kenduBalanceInUsd": 38386.72163827181,
  "totalUsdBalance": 563.329217572092
}