{
  "ethBalance": 0.038589031500035925,
  "usdtBalance": 0,
  "usdcBalance": 0,
  "kenduBalance": 13206739398.082659,
  "ethBalanceInUsd": 127.46535939934367,
  "kenduBalanceInUsd": 200742.43885085642,
  "totalUsdBalance": 127.46535939934367
}