{
  "ethBalance": 3.9773126053695473,
  "usdtBalance": 0,
  "usdcBalance": 0,
  "kenduBalance": 8110029020.399477,
  "ethBalanceInUsd": 10453.292308810405,
  "kenduBalanceInUsd": 102510.76681784938,
  "totalUsdBalance": 10453.292308810405
}