{
  "ethBalance": 0.04272247540230626,
  "usdtBalance": 0,
  "usdcBalance": 0,
  "kenduBalance": 517214787.4674407,
  "ethBalanceInUsd": 104.88111376413774,
  "kenduBalanceInUsd": 28653.699225696215,
  "totalUsdBalance": 104.88111376413774
}