{
  "ethBalance": 0.5002741579676101,
  "usdtBalance": 0,
  "usdcBalance": 100,
  "kenduBalance": 4855925261.348792,
  "ethBalanceInUsd": 1281.6773790051186,
  "kenduBalanceInUsd": 125671.34576370673,
  "totalUsdBalance": 1381.6773790051186
}