{
  "ethBalance": 0.038589031500035925,
  "usdtBalance": 0,
  "usdcBalance": 0,
  "kenduBalance": 35199894.08324558,
  "ethBalanceInUsd": 134.55995284062527,
  "kenduBalanceInUsd": 1225.3083130377788,
  "totalUsdBalance": 134.55995284062527
}