{
  "ethBalance": 0.045462183917402754,
  "usdtBalance": 0,
  "usdcBalance": 0,
  "kenduBalance": 307214787.46744066,
  "ethBalanceInUsd": 119.05182102450259,
  "kenduBalanceInUsd": 29941.15318657677,
  "totalUsdBalance": 119.05182102450259
}