{
  "ethBalance": 0.04272247540230626,
  "usdtBalance": 0,
  "usdcBalance": 0,
  "kenduBalance": 517214787.4674407,
  "ethBalanceInUsd": 111.6513444411412,
  "kenduBalanceInUsd": 30096.728482730374,
  "totalUsdBalance": 111.6513444411412
}