{
  "ethBalance": 13.47560135212183,
  "usdtBalance": 3949.089252,
  "usdcBalance": 8005.206012,
  "kenduBalance": 10805029020.399477,
  "ethBalanceInUsd": 44002.420119137496,
  "kenduBalanceInUsd": 168342.35213782385,
  "totalUsdBalance": 55956.715383137496
}