{
  "ethBalance": 0.3119048631851912,
  "usdtBalance": 0,
  "usdcBalance": 0.463046,
  "kenduBalance": 4175387837.757599,
  "ethBalanceInUsd": 623.8845835375467,
  "kenduBalanceInUsd": 39833.19997220749,
  "totalUsdBalance": 624.3476295375467
}