{
  "ethBalance": 0.038589031500035925,
  "usdtBalance": 0,
  "usdcBalance": 0,
  "kenduBalance": 35199894.08324558,
  "ethBalanceInUsd": 116.6426796248436,
  "kenduBalanceInUsd": 698.3658986115923,
  "totalUsdBalance": 116.6426796248436
}