{
  "ethBalance": 0.35779268808449755,
  "usdtBalance": 0,
  "usdcBalance": 0,
  "kenduBalance": 3546950453.60037,
  "ethBalanceInUsd": 648.4920912993902,
  "kenduBalanceInUsd": 37313.91877187589,
  "totalUsdBalance": 648.4920912993902
}