{
  "ethBalance": 0.04459919224178026,
  "usdtBalance": 0,
  "usdcBalance": 0,
  "kenduBalance": 517214787.4674407,
  "ethBalanceInUsd": 115.28891194500197,
  "kenduBalanceInUsd": 38201.48420234517,
  "totalUsdBalance": 115.28891194500197
}