{
  "ethBalance": 0.3117728554842481,
  "usdtBalance": 0,
  "usdcBalance": 0.463046,
  "kenduBalance": 4113980899.4295063,
  "ethBalanceInUsd": 582.242043073943,
  "kenduBalanceInUsd": 50026.0077370628,
  "totalUsdBalance": 582.705089073943
}