{
  "ethBalance": 0.038589031500035925,
  "usdtBalance": 0,
  "usdcBalance": 0,
  "kenduBalance": 35199894.08324558,
  "ethBalanceInUsd": 130.35220484586137,
  "kenduBalanceInUsd": 841.6294675304018,
  "totalUsdBalance": 130.35220484586137
}