{
  "ethBalance": 0.04272247540230626,
  "usdtBalance": 0,
  "usdcBalance": 0,
  "kenduBalance": 517214787.4674407,
  "ethBalanceInUsd": 108.96111016505799,
  "kenduBalanceInUsd": 29848.465384746007,
  "totalUsdBalance": 108.96111016505799
}