{
  "ethBalance": 0.038589031500035925,
  "usdtBalance": 0,
  "usdcBalance": 0,
  "kenduBalance": 35199894.08324558,
  "ethBalanceInUsd": 128.5473958426047,
  "kenduBalanceInUsd": 1123.2286201963664,
  "totalUsdBalance": 128.5473958426047
}