{
  "ethBalance": 0.5002741579676101,
  "usdtBalance": 0,
  "usdcBalance": 100,
  "kenduBalance": 4855925261.348792,
  "ethBalanceInUsd": 1328.0177742576584,
  "kenduBalanceInUsd": 158497.40053042458,
  "totalUsdBalance": 1428.0177742576584
}