{
  "ethBalance": 0.5002741579676101,
  "usdtBalance": 0,
  "usdcBalance": 100,
  "kenduBalance": 4855925261.348792,
  "ethBalanceInUsd": 1270.921484608815,
  "kenduBalanceInUsd": 123583.29790132675,
  "totalUsdBalance": 1370.921484608815
}