{
  "ethBalance": 0.038589031500035925,
  "usdtBalance": 0,
  "usdcBalance": 0,
  "kenduBalance": 35199894.08324558,
  "ethBalanceInUsd": 121.23670382492286,
  "kenduBalanceInUsd": 1756.4747147539547,
  "totalUsdBalance": 121.23670382492286
}