{
  "ethBalance": 0.045462183917402754,
  "usdtBalance": 0,
  "usdcBalance": 0,
  "kenduBalance": 307214787.46744066,
  "ethBalanceInUsd": 119.54644958552393,
  "kenduBalanceInUsd": 19750.83868628176,
  "totalUsdBalance": 119.54644958552393
}