{
  "ethBalance": 0.5002741579676101,
  "usdtBalance": 0,
  "usdcBalance": 100,
  "kenduBalance": 4855925261.348792,
  "ethBalanceInUsd": 1247.4186046674968,
  "kenduBalanceInUsd": 114648.39542044498,
  "totalUsdBalance": 1347.4186046674968
}