{
  "ethBalance": 0.10895982647011769,
  "usdtBalance": 3946.421819,
  "usdcBalance": 0,
  "kenduBalance": 11554476486.075047,
  "ethBalanceInUsd": 358.1836375552179,
  "kenduBalanceInUsd": 306655.8059404317,
  "totalUsdBalance": 4304.605456555218
}