{
  "ethBalance": 0.3579488855246269,
  "usdtBalance": 0,
  "usdcBalance": 0,
  "kenduBalance": 3705282011.416198,
  "ethBalanceInUsd": 590.8841227797778,
  "kenduBalanceInUsd": 48576.24716966635,
  "totalUsdBalance": 590.8841227797778
}