{
  "ethBalance": 0.038589031500035925,
  "usdtBalance": 0,
  "usdcBalance": 0,
  "kenduBalance": 35199894.08324558,
  "ethBalanceInUsd": 151.01084285940559,
  "kenduBalanceInUsd": 865.9173944478414,
  "totalUsdBalance": 151.01084285940559
}