{
  "ethBalance": 0.04272247540230626,
  "usdtBalance": 0,
  "usdcBalance": 0,
  "kenduBalance": 517214787.4674407,
  "ethBalanceInUsd": 113.04067934122419,
  "kenduBalanceInUsd": 30045.007003983632,
  "totalUsdBalance": 113.04067934122419
}