{
  "ethBalance": 0.3119048631851912,
  "usdtBalance": 0,
  "usdcBalance": 0.463046,
  "kenduBalance": 4175387837.757599,
  "ethBalanceInUsd": 646.3760432218309,
  "kenduBalanceInUsd": 52693.3945125009,
  "totalUsdBalance": 646.8390892218308
}