{
  "ethBalance": 0.038589031500035925,
  "usdtBalance": 0,
  "usdcBalance": 0,
  "kenduBalance": 35199894.08324558,
  "ethBalanceInUsd": 129.62518749240067,
  "kenduBalanceInUsd": 1134.1405873621727,
  "totalUsdBalance": 129.62518749240067
}