{
  "ethBalance": 0.038589031500035925,
  "usdtBalance": 0,
  "usdcBalance": 0,
  "kenduBalance": 35199894.08324558,
  "ethBalanceInUsd": 111.94639449128921,
  "kenduBalanceInUsd": 1883.1943334536386,
  "totalUsdBalance": 111.94639449128921
}