{
  "ethBalance": 0.038589031500035925,
  "usdtBalance": 0,
  "usdcBalance": 0,
  "kenduBalance": 35199894.08324558,
  "ethBalanceInUsd": 131.86952556444277,
  "kenduBalanceInUsd": 888.4453266611184,
  "totalUsdBalance": 131.86952556444277
}