{
  "ethBalance": 3.9773126053695473,
  "usdtBalance": 0,
  "usdcBalance": 0,
  "kenduBalance": 8110029020.399477,
  "ethBalanceInUsd": 10551.452383910926,
  "kenduBalanceInUsd": 105430.3772651932,
  "totalUsdBalance": 10551.452383910926
}