{
  "ethBalance": 0.11828269992644785,
  "usdtBalance": 0,
  "usdcBalance": 0,
  "kenduBalance": 12696082608.223658,
  "ethBalanceInUsd": 382.8219583119485,
  "kenduBalanceInUsd": 313085.39711879543,
  "totalUsdBalance": 382.8219583119485
}