{
  "ethBalance": 0.5002741579676101,
  "usdtBalance": 0,
  "usdcBalance": 100,
  "kenduBalance": 4855925261.348792,
  "ethBalanceInUsd": 1295.3898936750109,
  "kenduBalanceInUsd": 145580.6393352368,
  "totalUsdBalance": 1395.3898936750109
}