{
  "ethBalance": 0.5002741579676101,
  "usdtBalance": 0,
  "usdcBalance": 100,
  "kenduBalance": 4855925261.348792,
  "ethBalanceInUsd": 1258.4046251764653,
  "kenduBalanceInUsd": 159808.50035098876,
  "totalUsdBalance": 1358.4046251764653
}