{
  "ethBalance": 13.47560135212183,
  "usdtBalance": 3949.089252,
  "usdcBalance": 8005.206012,
  "kenduBalance": 10805029020.399477,
  "ethBalanceInUsd": 41407.69307878643,
  "kenduBalanceInUsd": 144679.33858314902,
  "totalUsdBalance": 53361.98834278643
}