{
  "ethBalance": 0.04272247540230626,
  "usdtBalance": 0,
  "usdcBalance": 0,
  "kenduBalance": 517214787.4674407,
  "ethBalanceInUsd": 114.11472237283819,
  "kenduBalanceInUsd": 29553.652955889564,
  "totalUsdBalance": 114.11472237283819
}