{
  "ethBalance": 0.038589031500035925,
  "usdtBalance": 0,
  "usdcBalance": 0,
  "kenduBalance": 35199894.08324558,
  "ethBalanceInUsd": 132.72157137996356,
  "kenduBalanceInUsd": 912.0292556968931,
  "totalUsdBalance": 132.72157137996356
}