{
  "ethBalance": 0.038589031500035925,
  "usdtBalance": 0,
  "usdcBalance": 0,
  "kenduBalance": 35199894.08324558,
  "ethBalanceInUsd": 94.53540936878801,
  "kenduBalanceInUsd": 1896.2182942644395,
  "totalUsdBalance": 94.53540936878801
}