{
  "ethBalance": 0.038589031500035925,
  "usdtBalance": 0,
  "usdcBalance": 0,
  "kenduBalance": 35199894.08324558,
  "ethBalanceInUsd": 129.68268514933573,
  "kenduBalanceInUsd": 1735.7067772448397,
  "totalUsdBalance": 129.68268514933573
}