{
  "ethBalance": 0.04272247540230626,
  "usdtBalance": 0,
  "usdcBalance": 0,
  "kenduBalance": 517214787.4674407,
  "ethBalanceInUsd": 103.05131014265696,
  "kenduBalanceInUsd": 22100.58786848374,
  "totalUsdBalance": 103.05131014265696
}