{
  "ethBalance": 0.04459919224178026,
  "usdtBalance": 0,
  "usdcBalance": 0,
  "kenduBalance": 517214787.4674407,
  "ethBalanceInUsd": 104.18861898794529,
  "kenduBalanceInUsd": 25571.09909239027,
  "totalUsdBalance": 104.18861898794529
}