{
  "ethBalance": 0.5002741579676101,
  "usdtBalance": 0,
  "usdcBalance": 100,
  "kenduBalance": 4855925261.348792,
  "ethBalanceInUsd": 1231.4648617699097,
  "kenduBalanceInUsd": 110375.18119045805,
  "totalUsdBalance": 1331.4648617699097
}