{
  "ethBalance": 18.27649738337883,
  "usdtBalance": 0,
  "usdcBalance": 0,
  "kenduBalance": 10805029020.399477,
  "ethBalanceInUsd": 50463.785220168786,
  "kenduBalanceInUsd": 131821.35404887362,
  "totalUsdBalance": 50463.785220168786
}