{
  "ethBalance": 0.3117728554842481,
  "usdtBalance": 0,
  "usdcBalance": 0.463046,
  "kenduBalance": 4113980899.4295063,
  "ethBalanceInUsd": 564.626876739083,
  "kenduBalanceInUsd": 48627.25423125677,
  "totalUsdBalance": 565.0899227390829
}