{
  "ethBalance": 0.03983369884579122,
  "usdtBalance": 0,
  "usdcBalance": 0,
  "kenduBalance": 1091213805.8365645,
  "ethBalanceInUsd": 104.05040142906816,
  "kenduBalanceInUsd": 45787.33129290224,
  "totalUsdBalance": 104.05040142906816
}