{
  "ethBalance": 6.7554413704538945,
  "usdtBalance": 22002.126666,
  "kenduBalance": 501472065.1465608,
  "ethBalanceInUsd": 22121.368311688322,
  "kenduBalanceInUsd": 88434.598688596,
  "totalUsdBalance": 44123.49497768832
}