{
  "ethBalance": 0.5002741579676101,
  "usdtBalance": 0,
  "usdcBalance": 100,
  "kenduBalance": 4855925261.348792,
  "ethBalanceInUsd": 1251.1556526275149,
  "kenduBalanceInUsd": 115328.22495703382,
  "totalUsdBalance": 1351.1556526275149
}