{
  "ethBalance": 0.038589031500035925,
  "usdtBalance": 0,
  "usdcBalance": 0,
  "kenduBalance": 35199894.08324558,
  "ethBalanceInUsd": 141.28447746982155,
  "kenduBalanceInUsd": 923.2932218035317,
  "totalUsdBalance": 141.28447746982155
}