{
  "ethBalance": 0.04459919224178026,
  "usdtBalance": 0,
  "usdcBalance": 0,
  "kenduBalance": 517214787.4674407,
  "ethBalanceInUsd": 113.51520206954636,
  "kenduBalanceInUsd": 30257.065066845284,
  "totalUsdBalance": 113.51520206954636
}