{
  "ethBalance": 0.04459919224178026,
  "usdtBalance": 0,
  "usdcBalance": 0,
  "kenduBalance": 517214787.4674407,
  "ethBalanceInUsd": 103.31848874730814,
  "kenduBalanceInUsd": 23274.665436034833,
  "totalUsdBalance": 103.31848874730814
}