{
  "ethBalance": 0.038589031500035925,
  "usdtBalance": 0,
  "usdcBalance": 0,
  "kenduBalance": 35199894.08324558,
  "ethBalanceInUsd": 128.32743836305445,
  "kenduBalanceInUsd": 1057.4048182606973,
  "totalUsdBalance": 128.32743836305445
}