{
  "ethBalance": 1.3609421787309672,
  "usdtBalance": 0,
  "usdcBalance": null,
  "kenduBalance": 4489413951.490725,
  "ethBalanceInUsd": 6180.106480726259,
  "kenduBalanceInUsd": 63210.948436989405,
  "totalUsdBalance": null
}