{
  "ethBalance": 0.038589031500035925,
  "usdtBalance": 0,
  "usdcBalance": 0,
  "kenduBalance": 35199894.08324558,
  "ethBalanceInUsd": 142.27390023748245,
  "kenduBalanceInUsd": 1235.51628232192,
  "totalUsdBalance": 142.27390023748245
}