{
  "ethBalance": 0.0660488809860724,
  "usdtBalance": 0,
  "usdcBalance": 0,
  "kenduBalance": 7622102282.100412,
  "ethBalanceInUsd": 175.37761221588843,
  "kenduBalanceInUsd": 61739.02848501335,
  "totalUsdBalance": 175.37761221588843
}