{
  "ethBalance": 0.35703877941042383,
  "usdtBalance": 0,
  "usdcBalance": 0,
  "kenduBalance": 4855947774.956796,
  "ethBalanceInUsd": 923.6343296202077,
  "kenduBalanceInUsd": 184331.77753735997,
  "totalUsdBalance": 923.6343296202077
}