{
  "ethBalance": 0.038589031500035925,
  "usdtBalance": 0,
  "usdcBalance": 0,
  "kenduBalance": 35199894.08324558,
  "ethBalanceInUsd": 126.33277132481761,
  "kenduBalanceInUsd": 319.6150382758699,
  "totalUsdBalance": 126.33277132481761
}