{
  "ethBalance": 0.038589031500035925,
  "usdtBalance": 0,
  "usdcBalance": 0,
  "kenduBalance": 13206739398.082659,
  "ethBalanceInUsd": 127.02197142740825,
  "kenduBalanceInUsd": 259248.29438436258,
  "totalUsdBalance": 127.02197142740825
}