{
  "ethBalance": 0.0624422229661258,
  "usdtBalance": 0,
  "usdcBalance": 0,
  "kenduBalance": 6379544426.92592,
  "ethBalanceInUsd": 137.60392675045142,
  "kenduBalanceInUsd": 52312.264300792536,
  "totalUsdBalance": 137.60392675045142
}