{
  "ethBalance": 0.04459919224178026,
  "usdtBalance": 0,
  "usdcBalance": 0,
  "kenduBalance": 517214787.4674407,
  "ethBalanceInUsd": 108.81533919110755,
  "kenduBalanceInUsd": 30091.5563348557,
  "totalUsdBalance": 108.81533919110755
}