{
  "ethBalance": 0.038589031500035925,
  "usdtBalance": 0,
  "usdcBalance": 0,
  "kenduBalance": 35199894.08324558,
  "ethBalanceInUsd": 102.64335077726055,
  "kenduBalanceInUsd": 1583.2912358643864,
  "totalUsdBalance": 102.64335077726055
}