{
  "ethBalance": 0.5002741579676101,
  "usdtBalance": 0,
  "usdcBalance": 100,
  "kenduBalance": 4855925261.348792,
  "ethBalanceInUsd": 1248.309092668679,
  "kenduBalanceInUsd": 128196.42689960812,
  "totalUsdBalance": 1348.309092668679
}