{
  "ethBalance": 0.038589031500035925,
  "usdtBalance": 0,
  "usdcBalance": 0,
  "kenduBalance": 35199894.08324558,
  "ethBalanceInUsd": 102.05988462098001,
  "kenduBalanceInUsd": 1487.8995228987908,
  "totalUsdBalance": 102.05988462098001
}