{
  "ethBalance": 0.045462183917402754,
  "usdtBalance": 0,
  "usdcBalance": 0,
  "kenduBalance": 307214787.46744066,
  "ethBalanceInUsd": 124.0913041117467,
  "kenduBalanceInUsd": 24503.451448403066,
  "totalUsdBalance": 124.0913041117467
}