{
  "ethBalance": 13.475892841222715,
  "usdtBalance": 3949.089252,
  "usdcBalance": 8005.206012,
  "kenduBalance": 10903927414.89931,
  "ethBalanceInUsd": 44018.330171211936,
  "kenduBalanceInUsd": 212190.42749394054,
  "totalUsdBalance": 55972.625435211936
}