{
  "ethBalance": 0.03983369884579122,
  "usdtBalance": 0,
  "usdcBalance": 0,
  "kenduBalance": 1091213805.8365645,
  "ethBalanceInUsd": 103.9536055408729,
  "kenduBalanceInUsd": 45809.15556901898,
  "totalUsdBalance": 103.9536055408729
}