{
  "ethBalance": 0.038589031500035925,
  "usdtBalance": 0,
  "usdcBalance": 0,
  "kenduBalance": 35199894.08324558,
  "ethBalanceInUsd": 129.36316796851543,
  "kenduBalanceInUsd": 945.8211540168088,
  "totalUsdBalance": 129.36316796851543
}