{
  "ethBalance": 0.038589031500035925,
  "usdtBalance": 0,
  "usdcBalance": 0,
  "kenduBalance": 35199894.08324558,
  "ethBalanceInUsd": 118.9097852254707,
  "kenduBalanceInUsd": 1719.5148259665468,
  "totalUsdBalance": 118.9097852254707
}