{
  "ethBalance": 0.3406431199402911,
  "usdtBalance": 0,
  "usdcBalance": 154.403285,
  "kenduBalance": 4113980899.4295063,
  "ethBalanceInUsd": 552.5401726991491,
  "kenduBalanceInUsd": 42250.58383714103,
  "totalUsdBalance": 706.9434576991491
}