{
  "ethBalance": 0.038589031500035925,
  "usdtBalance": 0,
  "usdcBalance": 0,
  "kenduBalance": 35199894.08324558,
  "ethBalanceInUsd": 130.5027020687115,
  "kenduBalanceInUsd": 1117.2446382022147,
  "totalUsdBalance": 130.5027020687115
}