{
  "ethBalance": 0.3117728554842481,
  "usdtBalance": 0,
  "usdcBalance": 0.463046,
  "kenduBalance": 4113980899.4295063,
  "ethBalanceInUsd": 583.3332480681379,
  "kenduBalanceInUsd": 49614.60964711985,
  "totalUsdBalance": 583.7962940681379
}