{
  "ethBalance": 0.04459919224178026,
  "usdtBalance": 0,
  "usdcBalance": 0,
  "kenduBalance": 517214787.4674407,
  "ethBalanceInUsd": 105.73308901527813,
  "kenduBalanceInUsd": 24779.760467565084,
  "totalUsdBalance": 105.73308901527813
}