{
  "ethBalance": 0.3119048631851912,
  "usdtBalance": 0,
  "usdcBalance": 0.463046,
  "kenduBalance": 4175387837.757599,
  "ethBalanceInUsd": 627.4434180264899,
  "kenduBalanceInUsd": 41461.60122893296,
  "totalUsdBalance": 627.9064640264899
}