{
  "ethBalance": 0.04272247540230626,
  "usdtBalance": 0,
  "usdcBalance": 0,
  "kenduBalance": 517214787.4674407,
  "ethBalanceInUsd": 113.87846708386343,
  "kenduBalanceInUsd": 30758.763410688698,
  "totalUsdBalance": 113.87846708386343
}