{
  "ethBalance": 0.038589031500035925,
  "usdtBalance": 0,
  "usdcBalance": 0,
  "kenduBalance": 35199894.08324558,
  "ethBalanceInUsd": 131.96213924004286,
  "kenduBalanceInUsd": 1172.8604708537428,
  "totalUsdBalance": 131.96213924004286
}