{
  "ethBalance": 0.3579488855246269,
  "usdtBalance": 0,
  "usdcBalance": 0,
  "kenduBalance": 3705282011.416198,
  "ethBalanceInUsd": 646.3125077032663,
  "kenduBalanceInUsd": 45908.44412144669,
  "totalUsdBalance": 646.3125077032663
}