{
  "ethBalance": 0.5002741579676101,
  "usdtBalance": 0,
  "usdcBalance": 100,
  "kenduBalance": 4855925261.348792,
  "ethBalanceInUsd": 1201.3033327860423,
  "kenduBalanceInUsd": 101100.36394128186,
  "totalUsdBalance": 1301.3033327860423
}