{
  "ethBalance": 0.038589031500035925,
  "usdtBalance": 0,
  "usdcBalance": 0,
  "kenduBalance": 35199894.08324558,
  "ethBalanceInUsd": 128.95373834430004,
  "kenduBalanceInUsd": 894.0773097144379,
  "totalUsdBalance": 128.95373834430004
}