{
  "ethBalance": 0.038589031500035925,
  "usdtBalance": 0,
  "usdcBalance": 0,
  "kenduBalance": 35199894.08324558,
  "ethBalanceInUsd": 95.67185634646407,
  "kenduBalanceInUsd": 1174.6204655579052,
  "totalUsdBalance": 95.67185634646407
}