{
  "ethBalance": 0.5002741579676101,
  "usdtBalance": 0,
  "usdcBalance": 100,
  "kenduBalance": 4855925261.348792,
  "ethBalanceInUsd": 1312.6493521248935,
  "kenduBalanceInUsd": 141938.69538922518,
  "totalUsdBalance": 1412.6493521248935
}