{
  "ethBalance": 0.04272247540230626,
  "usdtBalance": 0,
  "usdcBalance": 0,
  "kenduBalance": 517214787.4674407,
  "ethBalanceInUsd": 109.61604571297534,
  "kenduBalanceInUsd": 29077.81535141952,
  "totalUsdBalance": 109.61604571297534
}