{
  "ethBalance": 0.11064889545570843,
  "usdtBalance": 0,
  "usdcBalance": 0,
  "kenduBalance": 11696082608.223656,
  "ethBalanceInUsd": 368.41877528723586,
  "kenduBalanceInUsd": 335794.5316821012,
  "totalUsdBalance": 368.41877528723586
}