{
  "ethBalance": 0.04459919224178026,
  "usdtBalance": 0,
  "usdcBalance": 0,
  "kenduBalance": 517214787.4674407,
  "ethBalanceInUsd": 101.97025516583912,
  "kenduBalanceInUsd": 26817.586730186802,
  "totalUsdBalance": 101.97025516583912
}