{
  "ethBalance": 0.35769432885289126,
  "usdtBalance": 0,
  "usdcBalance": 0,
  "kenduBalance": 4514955040.756332,
  "ethBalanceInUsd": 892.1540411383043,
  "kenduBalanceInUsd": 80998.29343116861,
  "totalUsdBalance": 892.1540411383043
}