{
  "ethBalance": 0.038589031500035925,
  "usdtBalance": 0,
  "usdcBalance": 0,
  "kenduBalance": 35199894.08324558,
  "ethBalanceInUsd": 133.4404850368092,
  "kenduBalanceInUsd": 1067.964786485671,
  "totalUsdBalance": 133.4404850368092
}