{
  "ethBalance": 0.04459919224178026,
  "usdtBalance": 0,
  "usdcBalance": 0,
  "kenduBalance": 517214787.4674407,
  "ethBalanceInUsd": 110.1292313945504,
  "kenduBalanceInUsd": 32672.458124318233,
  "totalUsdBalance": 110.1292313945504
}