{
  "ethBalance": 0.727034011230498,
  "usdtBalance": 0,
  "usdcBalance": null,
  "kenduBalance": 4482236645.828448,
  "ethBalanceInUsd": 3025.770147939087,
  "kenduBalanceInUsd": 49976.938600987196,
  "totalUsdBalance": null
}