{
  "ethBalance": 0.35769432885289126,
  "usdtBalance": 0,
  "usdcBalance": 0,
  "kenduBalance": 4514955040.756332,
  "ethBalanceInUsd": 937.2628729499424,
  "kenduBalanceInUsd": 104566.35874391666,
  "totalUsdBalance": 937.2628729499424
}