{
  "ethBalance": 0.5002741579676101,
  "usdtBalance": 0,
  "usdcBalance": 100,
  "kenduBalance": 4855925261.348792,
  "ethBalanceInUsd": 1222.9001681855043,
  "kenduBalanceInUsd": 111152.12923227384,
  "totalUsdBalance": 1322.9001681855043
}