{
  "ethBalance": 0.038589031500035925,
  "usdtBalance": 0,
  "usdcBalance": 0,
  "kenduBalance": 35199894.08324558,
  "ethBalanceInUsd": 95.14858907932359,
  "kenduBalanceInUsd": 1076.41276106565,
  "totalUsdBalance": 95.14858907932359
}