{
  "ethBalance": 0.045462183917402754,
  "usdtBalance": 0,
  "usdcBalance": 0,
  "kenduBalance": 307214787.46744066,
  "ethBalanceInUsd": 119.82649663845513,
  "kenduBalanceInUsd": 26527.9968978135,
  "totalUsdBalance": 119.82649663845513
}