{
  "ethBalance": 0.9903818468589797,
  "usdtBalance": 0,
  "usdcBalance": null,
  "kenduBalance": 4677192821.897994,
  "ethBalanceInUsd": 4733.153691960687,
  "kenduBalanceInUsd": 82786.31294759449,
  "totalUsdBalance": null
}