{
  "ethBalance": 0.038589031500035925,
  "usdtBalance": 0,
  "usdcBalance": 0,
  "kenduBalance": 35199894.08324558,
  "ethBalanceInUsd": 128.9942568273751,
  "kenduBalanceInUsd": 1035.580883929085,
  "totalUsdBalance": 128.9942568273751
}