{
  "ethBalance": 0.038589031500035925,
  "usdtBalance": 0,
  "usdcBalance": 0,
  "kenduBalance": 35199894.08324558,
  "ethBalanceInUsd": 124.5098254767559,
  "kenduBalanceInUsd": 1456.2196182238697,
  "totalUsdBalance": 124.5098254767559
}