{
  "ethBalance": 0.04272247540230626,
  "usdtBalance": 0,
  "usdcBalance": 0,
  "kenduBalance": 517214787.4674407,
  "ethBalanceInUsd": 110.276962407449,
  "kenduBalanceInUsd": 29734.678131503166,
  "totalUsdBalance": 110.276962407449
}