{
  "ethBalance": 0.5002741579676101,
  "usdtBalance": 0,
  "usdcBalance": 100,
  "kenduBalance": 4855925261.348792,
  "ethBalanceInUsd": 1292.2631801877135,
  "kenduBalanceInUsd": 117124.91730373286,
  "totalUsdBalance": 1392.2631801877135
}