{
  "ethBalance": 0.04459919224178026,
  "usdtBalance": 0,
  "usdcBalance": 0,
  "kenduBalance": 517214787.4674407,
  "ethBalanceInUsd": 105.95430100879736,
  "kenduBalanceInUsd": 28152.000881852797,
  "totalUsdBalance": 105.95430100879736
}