{
  "ethBalance": 0.038589031500035925,
  "usdtBalance": 0,
  "usdcBalance": 0,
  "kenduBalance": 35199894.08324558,
  "ethBalanceInUsd": 129.40677357411047,
  "kenduBalanceInUsd": 961.6611063542694,
  "totalUsdBalance": 129.40677357411047
}