{
  "ethBalance": 0.038589031500035925,
  "usdtBalance": 0,
  "usdcBalance": 0,
  "kenduBalance": 35199894.08324558,
  "ethBalanceInUsd": 102.28678812620024,
  "kenduBalanceInUsd": 1468.5395811530057,
  "totalUsdBalance": 102.28678812620024
}