{
  "ethBalance": 0.038589031500035925,
  "usdtBalance": 0,
  "usdcBalance": 0,
  "kenduBalance": 35199894.08324558,
  "ethBalanceInUsd": 150.65350842771525,
  "kenduBalanceInUsd": 1189.0524221320356,
  "totalUsdBalance": 150.65350842771525
}