{
  "ethBalance": 0.038589031500035925,
  "usdtBalance": 0,
  "usdcBalance": 0,
  "kenduBalance": 35199894.08324558,
  "ethBalanceInUsd": 121.01481689379766,
  "kenduBalanceInUsd": 1117.5966371430472,
  "totalUsdBalance": 121.01481689379766
}