{
  "ethBalance": 18.27649738337883,
  "usdtBalance": 0,
  "usdcBalance": 0,
  "kenduBalance": 10805029020.399477,
  "ethBalanceInUsd": 50306.97287261939,
  "kenduBalanceInUsd": 131173.05230764966,
  "totalUsdBalance": 50306.97287261939
}