{
  "ethBalance": 0.04272247540230626,
  "usdtBalance": 0,
  "usdcBalance": 0,
  "kenduBalance": 517214787.4674407,
  "ethBalanceInUsd": 105.61337699253326,
  "kenduBalanceInUsd": 22074.727129110368,
  "totalUsdBalance": 105.61337699253326
}