{
  "ethBalance": 0.038589031500035925,
  "usdtBalance": 0,
  "usdcBalance": 0,
  "kenduBalance": 35199894.08324558,
  "ethBalanceInUsd": 126.60096509374286,
  "kenduBalanceInUsd": 648.0300500725513,
  "totalUsdBalance": 126.60096509374286
}