{
  "ethBalance": 0.30943876692005484,
  "usdtBalance": 0,
  "usdcBalance": 0,
  "kenduBalance": 8110029020.399477,
  "ethBalanceInUsd": 832.8358748393124,
  "kenduBalanceInUsd": 82478.99513746267,
  "totalUsdBalance": 832.8358748393124
}