{
  "ethBalance": 0.038589031500035925,
  "usdtBalance": 0,
  "usdcBalance": 0,
  "kenduBalance": 35199894.08324558,
  "ethBalanceInUsd": 101.8221761869398,
  "kenduBalanceInUsd": 1633.9790833442598,
  "totalUsdBalance": 101.8221761869398
}