{
  "ethBalance": 0.3119048631851912,
  "usdtBalance": 0,
  "usdcBalance": 0.463046,
  "kenduBalance": 4175387837.757599,
  "ethBalanceInUsd": 617.244129000334,
  "kenduBalanceInUsd": 38998.12240465597,
  "totalUsdBalance": 617.707175000334
}