{
  "ethBalance": 0.038589031500035925,
  "usdtBalance": 0,
  "usdcBalance": 0,
  "kenduBalance": 35199894.08324558,
  "ethBalanceInUsd": 138.06808169429354,
  "kenduBalanceInUsd": 879.6453531403071,
  "totalUsdBalance": 138.06808169429354
}