{
  "ethBalance": 0.038589031500035925,
  "usdtBalance": 0,
  "usdcBalance": 0,
  "kenduBalance": 35199894.08324558,
  "ethBalanceInUsd": 139.64212828918,
  "kenduBalanceInUsd": 1010.2369601891482,
  "totalUsdBalance": 139.64212828918
}