{
  "ethBalance": 0.038589031500035925,
  "usdtBalance": 0,
  "usdcBalance": 0,
  "kenduBalance": 35199894.08324558,
  "ethBalanceInUsd": 101.93601382986489,
  "kenduBalanceInUsd": 1706.8428640965783,
  "totalUsdBalance": 101.93601382986489
}