{
  "ethBalance": 0.3196155371451788,
  "usdtBalance": 0,
  "usdcBalance": 884.463046,
  "kenduBalance": 5453954448.539579,
  "ethBalanceInUsd": 638.3361507863511,
  "kenduBalanceInUsd": 37850.44387286468,
  "totalUsdBalance": 1522.799196786351
}