{
  "ethBalance": 0.038589031500035925,
  "usdtBalance": 0,
  "usdcBalance": 0,
  "kenduBalance": 35199894.08324558,
  "ethBalanceInUsd": 105.97281241508367,
  "kenduBalanceInUsd": 1312.95604930506,
  "totalUsdBalance": 105.97281241508367
}