{
  "ethBalance": 0.038589031500035925,
  "usdtBalance": 0,
  "usdcBalance": 0,
  "kenduBalance": 35199894.08324558,
  "ethBalanceInUsd": 127.28784985444351,
  "kenduBalanceInUsd": 1514.2994434612249,
  "totalUsdBalance": 127.28784985444351
}