{
  "ethBalance": 18.27649738337883,
  "usdtBalance": 0,
  "usdcBalance": 0,
  "kenduBalance": 10805029020.399477,
  "ethBalanceInUsd": 46178.12934874028,
  "kenduBalanceInUsd": 114641.35790643845,
  "totalUsdBalance": 46178.12934874028
}