{
  "ethBalance": 0.04272247540230626,
  "usdtBalance": 0,
  "usdcBalance": 0,
  "kenduBalance": 517214787.4674407,
  "ethBalanceInUsd": 113.51703494195992,
  "kenduBalanceInUsd": 29119.192534416914,
  "totalUsdBalance": 113.51703494195992
}