{
  "ethBalance": 0.3579488855246269,
  "usdtBalance": 0,
  "usdcBalance": 0,
  "kenduBalance": 3705282011.416198,
  "ethBalanceInUsd": 572.8792938378891,
  "kenduBalanceInUsd": 49317.30357194959,
  "totalUsdBalance": 572.8792938378891
}