{
  "ethBalance": 0.3117728554842481,
  "usdtBalance": 0,
  "usdcBalance": 0.463046,
  "kenduBalance": 4113980899.4295063,
  "ethBalanceInUsd": 557.8489348608555,
  "kenduBalanceInUsd": 40399.29243239775,
  "totalUsdBalance": 558.3119808608554
}