{
  "ethBalance": 0.3579040556931112,
  "usdtBalance": 0,
  "usdcBalance": 0,
  "kenduBalance": 3646098337.9468102,
  "ethBalanceInUsd": 647.2551685587639,
  "kenduBalanceInUsd": 37955.88369802629,
  "totalUsdBalance": 647.2551685587639
}