{
  "ethBalance": 0.35703877941042383,
  "usdtBalance": 0,
  "usdcBalance": 0,
  "kenduBalance": 4855947774.956796,
  "ethBalanceInUsd": 878.1475891233198,
  "kenduBalanceInUsd": 156555.7562646071,
  "totalUsdBalance": 878.1475891233198
}