{
  "ethBalance": 0.3117728554842481,
  "usdtBalance": 0,
  "usdcBalance": 0.463046,
  "kenduBalance": 4113980899.4295063,
  "ethBalanceInUsd": 574.8499086704114,
  "kenduBalanceInUsd": 45336.069511713154,
  "totalUsdBalance": 575.3129546704114
}