{
  "ethBalance": 0.3196155371451788,
  "usdtBalance": 0,
  "usdcBalance": 884.463046,
  "kenduBalance": 5453954448.539579,
  "ethBalanceInUsd": 645.9014505505775,
  "kenduBalanceInUsd": 36432.415716244395,
  "totalUsdBalance": 1530.3644965505773
}