{
  "ethBalance": 0.038589031500035925,
  "usdtBalance": 0,
  "usdcBalance": 0,
  "kenduBalance": 35199894.08324558,
  "ethBalanceInUsd": 98.57452329589677,
  "kenduBalanceInUsd": 1084.156737763964,
  "totalUsdBalance": 98.57452329589677
}