{
  "ethBalance": 0.06254024854608203,
  "usdtBalance": 0,
  "usdcBalance": 0,
  "kenduBalance": 6456272656.749752,
  "ethBalanceInUsd": 147.10904883755055,
  "kenduBalanceInUsd": 56169.57211372284,
  "totalUsdBalance": 147.10904883755055
}