{
  "ethBalance": 0.04272247540230626,
  "usdtBalance": 0,
  "usdcBalance": 0,
  "kenduBalance": 517214787.4674407,
  "ethBalanceInUsd": 111.33391644890207,
  "kenduBalanceInUsd": 24066.004060860014,
  "totalUsdBalance": 111.33391644890207
}