{
  "ethBalance": 0.038589031500035925,
  "usdtBalance": 0,
  "usdcBalance": 0,
  "kenduBalance": 35199894.08324558,
  "ethBalanceInUsd": 101.87388548914983,
  "kenduBalanceInUsd": 1258.0442145351972,
  "totalUsdBalance": 101.87388548914983
}