{
  "ethBalance": 0.04459919224178026,
  "usdtBalance": 0,
  "usdcBalance": 0,
  "kenduBalance": 517214787.4674407,
  "ethBalanceInUsd": 106.75976242068393,
  "kenduBalanceInUsd": 24846.998389935852,
  "totalUsdBalance": 106.75976242068393
}