{
  "ethBalance": 0.3579040556931112,
  "usdtBalance": 0,
  "usdcBalance": 0,
  "kenduBalance": 3646098337.9468102,
  "ethBalanceInUsd": 660.2112953748544,
  "kenduBalanceInUsd": 37481.89091409321,
  "totalUsdBalance": 660.2112953748544
}