{
  "ethBalance": 0.0660488809860724,
  "usdtBalance": 0,
  "usdcBalance": 0,
  "kenduBalance": 7622102282.100412,
  "ethBalanceInUsd": 173.83867328891296,
  "kenduBalanceInUsd": 62196.35462193936,
  "totalUsdBalance": 173.83867328891296
}