{
  "ethBalance": 0.5002528644753425,
  "usdtBalance": 0,
  "usdcBalance": null,
  "kenduBalance": 4845166789.051858,
  "ethBalanceInUsd": 1273.88391432917,
  "kenduBalanceInUsd": 90168.55394425508,
  "totalUsdBalance": null
}