{
  "ethBalance": 0.35703877941042383,
  "usdtBalance": 0,
  "usdcBalance": 0,
  "kenduBalance": 4855947774.956796,
  "ethBalanceInUsd": 931.9390516292942,
  "kenduBalanceInUsd": 145047.1600379595,
  "totalUsdBalance": 931.9390516292942
}