{
  "ethBalance": 0.5002741579676101,
  "usdtBalance": 0,
  "usdcBalance": 100,
  "kenduBalance": 4855925261.348792,
  "ethBalanceInUsd": 1137.043117195103,
  "kenduBalanceInUsd": 97312.7422374298,
  "totalUsdBalance": 1237.043117195103
}