{
  "ethBalance": 0.038589031500035925,
  "usdtBalance": 0,
  "usdcBalance": 0,
  "kenduBalance": 35199894.08324558,
  "ethBalanceInUsd": 131.7066798515126,
  "kenduBalanceInUsd": 869.7893827969983,
  "totalUsdBalance": 131.7066798515126
}