{
  "ethBalance": 0.30943876692005484,
  "usdtBalance": 0,
  "usdcBalance": 0,
  "kenduBalance": 8110029020.399477,
  "ethBalanceInUsd": 829.6950713550739,
  "kenduBalanceInUsd": 90264.62299704619,
  "totalUsdBalance": 829.6950713550739
}