{
  "ethBalance": 0.9903603877171636,
  "usdtBalance": 0,
  "usdcBalance": null,
  "kenduBalance": 4565348937.707456,
  "ethBalanceInUsd": 4492.106357419142,
  "kenduBalanceInUsd": 74643.45513151691,
  "totalUsdBalance": null
}