{
  "ethBalance": 1.4053936273325678,
  "usdtBalance": 3946.421819,
  "usdcBalance": 0,
  "kenduBalance": 13081629191.022676,
  "ethBalanceInUsd": 4373.121188361932,
  "kenduBalanceInUsd": 270920.54054607963,
  "totalUsdBalance": 8319.543007361932
}