{
  "ethBalance": 0.038589031500035925,
  "usdtBalance": 0,
  "usdcBalance": 0,
  "kenduBalance": 35199894.08324558,
  "ethBalanceInUsd": 100.14586865857824,
  "kenduBalanceInUsd": 1153.5005291079578,
  "totalUsdBalance": 100.14586865857824
}