{
  "ethBalance": 0.3117728554842481,
  "usdtBalance": 0,
  "usdcBalance": 0.463046,
  "kenduBalance": 4113980899.4295063,
  "ethBalanceInUsd": 565.3657784065807,
  "kenduBalanceInUsd": 48298.1357593024,
  "totalUsdBalance": 565.8288244065807
}