{
  "ethBalance": 0.04272247540230626,
  "usdtBalance": 0,
  "usdcBalance": 0,
  "kenduBalance": 517214787.4674407,
  "ethBalanceInUsd": 113.21669593988172,
  "kenduBalanceInUsd": 30676.00904469391,
  "totalUsdBalance": 113.21669593988172
}