{
  "ethBalance": 0.04459919224178026,
  "usdtBalance": 0,
  "usdcBalance": 0,
  "kenduBalance": 517214787.4674407,
  "ethBalanceInUsd": 100.66126887354288,
  "kenduBalanceInUsd": 22147.137199355813,
  "totalUsdBalance": 100.66126887354288
}