{
  "ethBalance": 3.3851601237650075,
  "usdtBalance": 3949.089252,
  "usdcBalance": 5005.206012,
  "kenduBalance": 12479294084.737034,
  "ethBalanceInUsd": 10748.4250185737,
  "kenduBalanceInUsd": 282032.04631505697,
  "totalUsdBalance": 19702.7202825737
}