{
  "ethBalance": 0.038589031500035925,
  "usdtBalance": 0,
  "usdcBalance": 0,
  "kenduBalance": 35199894.08324558,
  "ethBalanceInUsd": 146.2848441715962,
  "kenduBalanceInUsd": 1284.7961340384638,
  "totalUsdBalance": 146.2848441715962
}