{
  "ethBalance": 0.045462183917402754,
  "usdtBalance": 0,
  "usdcBalance": 0,
  "kenduBalance": 307214787.46744066,
  "ethBalanceInUsd": 120.39932015581442,
  "kenduBalanceInUsd": 30617.025719005138,
  "totalUsdBalance": 120.39932015581442
}