{
  "ethBalance": 0.357215510728175,
  "usdtBalance": 0,
  "usdcBalance": 0,
  "kenduBalance": 4299933763.203477,
  "ethBalanceInUsd": 919.8763781414452,
  "kenduBalanceInUsd": 98382.48450209555,
  "totalUsdBalance": 919.8763781414452
}