{
  "ethBalance": 0.038589031500035925,
  "usdtBalance": 0,
  "usdcBalance": 0,
  "kenduBalance": 35199894.08324558,
  "ethBalanceInUsd": 142.50736387805767,
  "kenduBalanceInUsd": 820.5095310804545,
  "totalUsdBalance": 142.50736387805767
}