{
  "ethBalance": 1.5619054443825804,
  "usdtBalance": 3946.421819,
  "usdcBalance": 0,
  "kenduBalance": 13053495101.864979,
  "ethBalanceInUsd": 4967.7808373487915,
  "kenduBalanceInUsd": 294356.3145470553,
  "totalUsdBalance": 8914.202656348793
}