{
  "ethBalance": 0.038589031500035925,
  "usdtBalance": 0,
  "usdcBalance": 0,
  "kenduBalance": 35199894.08324558,
  "ethBalanceInUsd": 149.27317877095896,
  "kenduBalanceInUsd": 1555.8353184794546,
  "totalUsdBalance": 149.27317877095896
}