{
  "ethBalance": 0.04459919224178026,
  "usdtBalance": 0,
  "usdcBalance": 0,
  "kenduBalance": 517214787.4674407,
  "ethBalanceInUsd": 108.05849089876456,
  "kenduBalanceInUsd": 27252.04715165945,
  "totalUsdBalance": 108.05849089876456
}