{
  "ethBalance": 0.045462183917402754,
  "usdtBalance": 0,
  "usdcBalance": 0,
  "kenduBalance": 307214787.46744066,
  "ethBalanceInUsd": 126.16801667309365,
  "kenduBalanceInUsd": 26269.936476340852,
  "totalUsdBalance": 126.16801667309365
}