{
  "ethBalance": 0.3579488855246269,
  "usdtBalance": 0,
  "usdcBalance": 0,
  "kenduBalance": 3705282011.416198,
  "ethBalanceInUsd": 568.3333429917263,
  "kenduBalanceInUsd": 43722.327734711136,
  "totalUsdBalance": 568.3333429917263
}