{
  "ethBalance": 0.045462183917402754,
  "usdtBalance": 0,
  "usdcBalance": 0,
  "kenduBalance": 307214787.46744066,
  "ethBalanceInUsd": 120.01243697067731,
  "kenduBalanceInUsd": 26896.65464277443,
  "totalUsdBalance": 120.01243697067731
}