{
  "ethBalance": 0.04272247540230626,
  "usdtBalance": 0,
  "usdcBalance": 0,
  "kenduBalance": 517214787.4674407,
  "ethBalanceInUsd": 103.96471666675825,
  "kenduBalanceInUsd": 22762.622796442065,
  "totalUsdBalance": 103.96471666675825
}