{
  "ethBalance": 0.045462183917402754,
  "usdtBalance": 0,
  "usdcBalance": 0,
  "kenduBalance": 307214787.46744066,
  "ethBalanceInUsd": 119.36732858088936,
  "kenduBalanceInUsd": 20780.008224297686,
  "totalUsdBalance": 119.36732858088936
}