{
  "ethBalance": 8.051792938400936,
  "usdtBalance": 22356.072978,
  "usdcBalance": 88.007775,
  "kenduBalance": 947823769.8171208,
  "ethBalanceInUsd": 19834.142581021795,
  "kenduBalanceInUsd": 111359.81471581353,
  "totalUsdBalance": 42278.22333402179
}