{
  "ethBalance": 0.04272247540230626,
  "usdtBalance": 0,
  "usdcBalance": 0,
  "kenduBalance": 517214787.4674407,
  "ethBalanceInUsd": 104.34409224833074,
  "kenduBalanceInUsd": 24040.143321486645,
  "totalUsdBalance": 104.34409224833074
}