{
  "ethBalance": 0.04459919224178026,
  "usdtBalance": 0,
  "usdcBalance": 0,
  "kenduBalance": 517214787.4674407,
  "ethBalanceInUsd": 112.3163757820873,
  "kenduBalanceInUsd": 32594.875906198115,
  "totalUsdBalance": 112.3163757820873
}