{
  "ethBalance": 0.038589031500035925,
  "usdtBalance": 0,
  "usdcBalance": 0,
  "kenduBalance": 35199894.08324558,
  "ethBalanceInUsd": 125.93414662942223,
  "kenduBalanceInUsd": 473.79057436048555,
  "totalUsdBalance": 125.93414662942223
}