{
  "ethBalance": 0.5002741579676101,
  "usdtBalance": 0,
  "usdcBalance": 100,
  "kenduBalance": 4855925261.348792,
  "ethBalanceInUsd": 1338.973778317149,
  "kenduBalanceInUsd": 158934.43380394595,
  "totalUsdBalance": 1438.973778317149
}