{
  "ethBalance": 0.3119048631851912,
  "usdtBalance": 0,
  "usdcBalance": 0.463046,
  "kenduBalance": 4175387837.757599,
  "ethBalanceInUsd": 623.0611546987378,
  "kenduBalanceInUsd": 38914.614647900824,
  "totalUsdBalance": 623.5242006987378
}