{
  "ethBalance": 0.3119048631851912,
  "usdtBalance": 0,
  "usdcBalance": 0.463046,
  "kenduBalance": 4175387837.757599,
  "ethBalanceInUsd": 613.3110086755688,
  "kenduBalanceInUsd": 35115.01171554141,
  "totalUsdBalance": 613.7740546755688
}