{
  "ethBalance": 0.10788809429719365,
  "usdtBalance": 3946.421819,
  "usdcBalance": 0,
  "kenduBalance": 13268928669.075045,
  "ethBalanceInUsd": 331.61779320317004,
  "kenduBalanceInUsd": 297091.31290059024,
  "totalUsdBalance": 4278.03961220317
}