{
  "ethBalance": 0.045462183917402754,
  "usdtBalance": 0,
  "usdcBalance": 0,
  "kenduBalance": 307214787.46744066,
  "ethBalanceInUsd": 118.18212944616269,
  "kenduBalanceInUsd": 26825.995241656918,
  "totalUsdBalance": 118.18212944616269
}