{
  "ethBalance": 0.038589031500035925,
  "usdtBalance": 0,
  "usdcBalance": 0,
  "kenduBalance": 35199894.08324558,
  "ethBalanceInUsd": 118.4741150598353,
  "kenduBalanceInUsd": 1429.1156997797705,
  "totalUsdBalance": 118.4741150598353
}