{
  "ethBalance": 0.038589031500035925,
  "usdtBalance": 0,
  "usdcBalance": 0,
  "kenduBalance": 35199894.08324558,
  "ethBalanceInUsd": 119.62329641790636,
  "kenduBalanceInUsd": 1088.3807250539535,
  "totalUsdBalance": 119.62329641790636
}