{
  "ethBalance": 0.0660488809860724,
  "usdtBalance": 0,
  "usdcBalance": 0,
  "kenduBalance": 7622102282.100412,
  "ethBalanceInUsd": 185.60660241420146,
  "kenduBalanceInUsd": 68065.37337915668,
  "totalUsdBalance": 185.60660241420146
}