{
  "ethBalance": 0.04459919224178026,
  "usdtBalance": 0,
  "usdcBalance": 0,
  "kenduBalance": 517214787.4674407,
  "ethBalanceInUsd": 112.5567654282705,
  "kenduBalanceInUsd": 32548.326575326042,
  "totalUsdBalance": 112.5567654282705
}