{
  "ethBalance": 0.038589031500035925,
  "usdtBalance": 0,
  "usdcBalance": 0,
  "kenduBalance": 35199894.08324558,
  "ethBalanceInUsd": 118.88624591625567,
  "kenduBalanceInUsd": 1721.6268196115414,
  "totalUsdBalance": 118.88624591625567
}