{
  "ethBalance": 0.3579488855246269,
  "usdtBalance": 0,
  "usdcBalance": 0,
  "kenduBalance": 3705282011.416198,
  "ethBalanceInUsd": 587.8308187862527,
  "kenduBalanceInUsd": 49206.145111607104,
  "totalUsdBalance": 587.8308187862527
}