{
  "ethBalance": 8.056063080971311,
  "usdtBalance": 22313.097842,
  "usdcBalance": 88.007775,
  "kenduBalance": 319721753.5049916,
  "ethBalanceInUsd": 25006.58372775062,
  "kenduBalanceInUsd": 39095.57601859037,
  "totalUsdBalance": 47407.68934475062
}