{
  "ethBalance": 0.5002741579676101,
  "usdtBalance": 0,
  "usdcBalance": 100,
  "kenduBalance": 4855925261.348792,
  "ethBalanceInUsd": 1282.2326833204627,
  "kenduBalanceInUsd": 123874.65341700769,
  "totalUsdBalance": 1382.2326833204627
}