{
  "ethBalance": 0.038589031500035925,
  "usdtBalance": 0,
  "usdcBalance": 0,
  "kenduBalance": 35199894.08324558,
  "ethBalanceInUsd": 128.99194148548509,
  "kenduBalanceInUsd": 1047.5488479173885,
  "totalUsdBalance": 128.99194148548509
}