{
  "ethBalance": 0.038589031500035925,
  "usdtBalance": 0,
  "usdcBalance": 0,
  "kenduBalance": 35199894.08324558,
  "ethBalanceInUsd": 103.35956320190121,
  "kenduBalanceInUsd": 1597.723192438517,
  "totalUsdBalance": 103.35956320190121
}