{
  "ethBalance": 0.5002741579676101,
  "usdtBalance": 0,
  "usdcBalance": 100,
  "kenduBalance": 4855925261.348792,
  "ethBalanceInUsd": 1257.904351018498,
  "kenduBalanceInUsd": 112366.11054761104,
  "totalUsdBalance": 1357.904351018498
}