{
  "ethBalance": 0.3579488855246269,
  "usdtBalance": 0,
  "usdcBalance": 0,
  "kenduBalance": 3705282011.416198,
  "ethBalanceInUsd": 564.0522743208518,
  "kenduBalanceInUsd": 37830.929336559384,
  "totalUsdBalance": 564.0522743208518
}