{
  "ethBalance": 0.0660488809860724,
  "usdtBalance": 0,
  "usdcBalance": 0,
  "kenduBalance": 7622102282.100412,
  "ethBalanceInUsd": 180.59415283616843,
  "kenduBalanceInUsd": 70047.11997250278,
  "totalUsdBalance": 180.59415283616843
}