{
  "ethBalance": 0.5002741579676101,
  "usdtBalance": 0,
  "usdcBalance": 100,
  "kenduBalance": 4855925261.348792,
  "ethBalanceInUsd": 1267.4245682446215,
  "kenduBalanceInUsd": 115619.58047271475,
  "totalUsdBalance": 1367.4245682446215
}