{
  "ethBalance": 0.5002741579676101,
  "usdtBalance": 0,
  "usdcBalance": 100,
  "kenduBalance": 4855925261.348792,
  "ethBalanceInUsd": 1142.4160616516751,
  "kenduBalanceInUsd": 96875.7089639084,
  "totalUsdBalance": 1242.4160616516751
}