{
  "ethBalance": 0.038589031500035925,
  "usdtBalance": 0,
  "usdcBalance": 0,
  "kenduBalance": 35199894.08324558,
  "ethBalanceInUsd": 139.57151036153493,
  "kenduBalanceInUsd": 1041.9168648640693,
  "totalUsdBalance": 139.57151036153493
}