{
  "ethBalance": 0.35769432885289126,
  "usdtBalance": 0,
  "usdcBalance": 0,
  "kenduBalance": 4514955040.756332,
  "ethBalanceInUsd": 908.3397095188976,
  "kenduBalanceInUsd": 83391.21960276946,
  "totalUsdBalance": 908.3397095188976
}