{
  "ethBalance": 0.045462183917402754,
  "usdtBalance": 0,
  "usdcBalance": 0,
  "kenduBalance": 307214787.46744066,
  "ethBalanceInUsd": 119.93696974537443,
  "kenduBalanceInUsd": 26942.736860894547,
  "totalUsdBalance": 119.93696974537443
}