{
  "ethBalance": 0.35769432885289126,
  "usdtBalance": 0,
  "usdcBalance": 0,
  "kenduBalance": 4514955040.756332,
  "ethBalanceInUsd": 889.643026949757,
  "kenduBalanceInUsd": 81630.38713687449,
  "totalUsdBalance": 889.643026949757
}