{
  "ethBalance": 0.038589031500035925,
  "usdtBalance": 0,
  "usdcBalance": 0,
  "kenduBalance": 35199894.08324558,
  "ethBalanceInUsd": 140.61302832172092,
  "kenduBalanceInUsd": 969.4050830525833,
  "totalUsdBalance": 140.61302832172092
}