{
  "ethBalance": 0.04272247540230626,
  "usdtBalance": 0,
  "usdcBalance": 0,
  "kenduBalance": 517214787.4674407,
  "ethBalanceInUsd": 113.83403570944503,
  "kenduBalanceInUsd": 29145.053273790287,
  "totalUsdBalance": 113.83403570944503
}