{
  "ethBalance": 0.04272247540230626,
  "usdtBalance": 0,
  "usdcBalance": 0,
  "kenduBalance": 517214787.4674407,
  "ethBalanceInUsd": 103.11838442903857,
  "kenduBalanceInUsd": 23998.766138489253,
  "totalUsdBalance": 103.11838442903857
}