{
  "ethBalance": 0.06254024854608203,
  "usdtBalance": 0,
  "usdcBalance": 0,
  "kenduBalance": 6456272656.749752,
  "ethBalanceInUsd": 139.7955921725717,
  "kenduBalanceInUsd": 61915.65477823012,
  "totalUsdBalance": 139.7955921725717
}