{
  "ethBalance": 1.3093732181628452,
  "usdtBalance": 0,
  "usdcBalance": 0,
  "kenduBalance": 7816332108.549569,
  "ethBalanceInUsd": 3492.7661531815716,
  "kenduBalanceInUsd": 70581.4789402026,
  "totalUsdBalance": 3492.7661531815716
}