{
  "ethBalance": 0.045462183917402754,
  "usdtBalance": 0,
  "usdcBalance": 0,
  "kenduBalance": 307214787.46744066,
  "ethBalanceInUsd": 123.93127722435744,
  "kenduBalanceInUsd": 24291.473245050533,
  "totalUsdBalance": 123.93127722435744
}