{
  "ethBalance": 0.038589031500035925,
  "usdtBalance": 0,
  "usdcBalance": 0,
  "kenduBalance": 35199894.08324558,
  "ethBalanceInUsd": 136.04292932117164,
  "kenduBalanceInUsd": 845.1494569387264,
  "totalUsdBalance": 136.04292932117164
}