{
  "ethBalance": 0.5002741579676101,
  "usdtBalance": 0,
  "usdcBalance": 100,
  "kenduBalance": 4855925261.348792,
  "ethBalanceInUsd": 1248.4791858823883,
  "kenduBalanceInUsd": 110763.65521136594,
  "totalUsdBalance": 1348.4791858823883
}