{
  "ethBalance": 0.3579488855246269,
  "usdtBalance": 0,
  "usdcBalance": 0,
  "kenduBalance": 3705282011.416198,
  "ethBalanceInUsd": 581.6347235778215,
  "kenduBalanceInUsd": 49280.25075183543,
  "totalUsdBalance": 581.6347235778215
}