{
  "ethBalance": 0.038589031500035925,
  "usdtBalance": 0,
  "usdcBalance": 0,
  "kenduBalance": 35199894.08324558,
  "ethBalanceInUsd": 102.5792929849705,
  "kenduBalanceInUsd": 1556.891315301952,
  "totalUsdBalance": 102.5792929849705
}