{
  "ethBalance": 0.35779268808449755,
  "usdtBalance": 0,
  "usdcBalance": 0,
  "kenduBalance": 3546950453.60037,
  "ethBalanceInUsd": 656.317017387798,
  "kenduBalanceInUsd": 38980.985485068064,
  "totalUsdBalance": 656.317017387798
}