{
  "ethBalance": 0.727034011230498,
  "usdtBalance": 0,
  "usdcBalance": null,
  "kenduBalance": 4482236645.828448,
  "ethBalanceInUsd": 2928.413023495211,
  "kenduBalanceInUsd": 47601.35317869812,
  "totalUsdBalance": null
}