{
  "ethBalance": 0.038589031500035925,
  "usdtBalance": 0,
  "usdcBalance": 0,
  "kenduBalance": 35199894.08324558,
  "ethBalanceInUsd": 148.52146443733827,
  "kenduBalanceInUsd": 966.9410904667561,
  "totalUsdBalance": 148.52146443733827
}