{
  "ethBalance": 0.038589031500035925,
  "usdtBalance": 0,
  "usdcBalance": 0,
  "kenduBalance": 35199894.08324558,
  "ethBalanceInUsd": 120.13614464654184,
  "kenduBalanceInUsd": 1051.772835207378,
  "totalUsdBalance": 120.13614464654184
}