{
  "ethBalance": 0.35703877941042383,
  "usdtBalance": 0,
  "usdcBalance": 0,
  "kenduBalance": 4855947774.956796,
  "ethBalanceInUsd": 888.6766627281331,
  "kenduBalanceInUsd": 151408.4516231529,
  "totalUsdBalance": 888.6766627281331
}