{
  "ethBalance": 0.35769432885289126,
  "usdtBalance": 0,
  "usdcBalance": 0,
  "kenduBalance": 4514955040.756332,
  "ethBalanceInUsd": 871.7869260534206,
  "kenduBalanceInUsd": 79779.25557016439,
  "totalUsdBalance": 871.7869260534206
}