{
  "ethBalance": 0.04841366454199495,
  "usdtBalance": 90113.767042,
  "usdcBalance": 0,
  "kenduBalance": 946492975.4674407,
  "ethBalanceInUsd": 117.8630663274867,
  "kenduBalanceInUsd": 105089.11506614994,
  "totalUsdBalance": 90231.63010832749
}