{
  "ethBalance": 0.038589031500035925,
  "usdtBalance": 0,
  "usdcBalance": 0,
  "kenduBalance": 35199894.08324558,
  "ethBalanceInUsd": 138.4782830991389,
  "kenduBalanceInUsd": 1356.2519190274522,
  "totalUsdBalance": 138.4782830991389
}