{
  "ethBalance": 0.35703877941042383,
  "usdtBalance": 0,
  "usdcBalance": 0,
  "kenduBalance": 4855947774.956796,
  "ethBalanceInUsd": 918.7607502812555,
  "kenduBalanceInUsd": 156264.39939810967,
  "totalUsdBalance": 918.7607502812555
}