{
  "ethBalance": 0.3579488855246269,
  "usdtBalance": 0,
  "usdcBalance": 0,
  "kenduBalance": 3705282011.416198,
  "ethBalanceInUsd": 568.6519174998433,
  "kenduBalanceInUsd": 39572.41188192499,
  "totalUsdBalance": 568.6519174998433
}