{
  "ethBalance": 8.051792938400936,
  "usdtBalance": 22356.072978,
  "usdcBalance": 88.007775,
  "kenduBalance": 947823769.8171208,
  "ethBalanceInUsd": 20499.220677733712,
  "kenduBalanceInUsd": 111520.94475668242,
  "totalUsdBalance": 42943.30143073371
}