{
  "ethBalance": 0.35779268808449755,
  "usdtBalance": 0,
  "usdcBalance": 0,
  "kenduBalance": 4546950453.600369,
  "ethBalanceInUsd": 834.4798864194737,
  "kenduBalanceInUsd": 79798.98046068648,
  "totalUsdBalance": 834.4798864194737
}