{
  "ethBalance": 0.038589031500035925,
  "usdtBalance": 0,
  "usdcBalance": 0,
  "kenduBalance": 35199894.08324558,
  "ethBalanceInUsd": 143.7105698802288,
  "kenduBalanceInUsd": 906.0452737027414,
  "totalUsdBalance": 143.7105698802288
}