{
  "ethBalance": 0.038589031500035925,
  "usdtBalance": 0,
  "usdcBalance": 0,
  "kenduBalance": 35199894.08324558,
  "ethBalanceInUsd": 128.34287397565447,
  "kenduBalanceInUsd": 1173.91646767624,
  "totalUsdBalance": 128.34287397565447
}