{
  "ethBalance": 0.5002741579676101,
  "usdtBalance": 0,
  "usdcBalance": 100,
  "kenduBalance": 4855925261.348792,
  "ethBalanceInUsd": 1219.6884080913521,
  "kenduBalanceInUsd": 105567.81518172273,
  "totalUsdBalance": 1319.6884080913521
}