{
  "ethBalance": 0.04459919224178026,
  "usdtBalance": 0,
  "usdcBalance": 0,
  "kenduBalance": 517214787.4674407,
  "ethBalanceInUsd": 109.9637683913334,
  "kenduBalanceInUsd": 32724.17960306497,
  "totalUsdBalance": 109.9637683913334
}