{
  "ethBalance": 0.038589031500035925,
  "usdtBalance": 0,
  "usdcBalance": 0,
  "kenduBalance": 35199894.08324558,
  "ethBalanceInUsd": 101.97498875167994,
  "kenduBalanceInUsd": 1626.5871055867783,
  "totalUsdBalance": 101.97498875167994
}