{
  "ethBalance": 0.3579040556931112,
  "usdtBalance": 0,
  "usdcBalance": 0,
  "kenduBalance": 3646098337.9468102,
  "ethBalanceInUsd": 632.8280560737745,
  "kenduBalanceInUsd": 39086.17418278981,
  "totalUsdBalance": 632.8280560737745
}