{
  "ethBalance": 0.12545362288007134,
  "usdtBalance": 71,
  "usdcBalance": 0,
  "kenduBalance": 13187362985.903593,
  "ethBalanceInUsd": 413.73350289618725,
  "kenduBalanceInUsd": 321244.16233661154,
  "totalUsdBalance": 484.73350289618725
}