{
  "ethBalance": 0.3579488855246269,
  "usdtBalance": 0,
  "usdcBalance": 0,
  "kenduBalance": 3705282011.416198,
  "ethBalanceInUsd": 578.1554604105221,
  "kenduBalanceInUsd": 38905.46111987007,
  "totalUsdBalance": 578.1554604105221
}