{
  "ethBalance": 0.04459919224178026,
  "usdtBalance": 0,
  "usdcBalance": 0,
  "kenduBalance": 517214787.4674407,
  "ethBalanceInUsd": 106.08765259360028,
  "kenduBalanceInUsd": 28048.55792435931,
  "totalUsdBalance": 106.08765259360028
}