{
  "ethBalance": 0.5002741579676101,
  "usdtBalance": 0,
  "usdcBalance": 100,
  "kenduBalance": 4855925261.348792,
  "ethBalanceInUsd": 1209.6228920330439,
  "kenduBalanceInUsd": 103236.97105627532,
  "totalUsdBalance": 1309.6228920330439
}