{
  "ethBalance": 0.038589031500035925,
  "usdtBalance": 0,
  "usdcBalance": 0,
  "kenduBalance": 35199894.08324558,
  "ethBalanceInUsd": 150.99347779523058,
  "kenduBalanceInUsd": 1359.4199094949445,
  "totalUsdBalance": 150.99347779523058
}