{
  "ethBalance": 0.04459919224178026,
  "usdtBalance": 0,
  "usdcBalance": 0,
  "kenduBalance": 517214787.4674407,
  "ethBalanceInUsd": 112.70305077882355,
  "kenduBalanceInUsd": 33691.37125562909,
  "totalUsdBalance": 112.70305077882355
}