{
  "ethBalance": 0.35779268808449755,
  "usdtBalance": 0,
  "usdcBalance": 0,
  "kenduBalance": 3546950453.60037,
  "ethBalanceInUsd": 659.1507354774272,
  "kenduBalanceInUsd": 38590.82093517202,
  "totalUsdBalance": 659.1507354774272
}