{
  "ethBalance": 0.3579040556931112,
  "usdtBalance": 0,
  "usdcBalance": 0,
  "kenduBalance": 3646098337.9468102,
  "ethBalanceInUsd": 660.2399276993099,
  "kenduBalanceInUsd": 41273.833185557894,
  "totalUsdBalance": 660.2399276993099
}