{
  "ethBalance": 0.3579488855246269,
  "usdtBalance": 0,
  "usdcBalance": 0,
  "kenduBalance": 3705282011.416198,
  "ethBalanceInUsd": 645.5285996439674,
  "kenduBalanceInUsd": 47686.979486926466,
  "totalUsdBalance": 645.5285996439674
}