{
  "ethBalance": 0.04459919224178026,
  "usdtBalance": 0,
  "usdcBalance": 0,
  "kenduBalance": 517214787.4674407,
  "ethBalanceInUsd": 102.64147300907793,
  "kenduBalanceInUsd": 23786.708075627597,
  "totalUsdBalance": 102.64147300907793
}