{
  "ethBalance": 0.038589031500035925,
  "usdtBalance": 0,
  "usdcBalance": 0,
  "kenduBalance": 35199894.08324558,
  "ethBalanceInUsd": 124.51561383148092,
  "kenduBalanceInUsd": 674.4299706349854,
  "totalUsdBalance": 124.51561383148092
}