{
  "ethBalance": 0.04272247540230626,
  "usdtBalance": 0,
  "usdcBalance": 0,
  "kenduBalance": 517214787.4674407,
  "ethBalanceInUsd": 112.73649531635978,
  "kenduBalanceInUsd": 30908.755699054254,
  "totalUsdBalance": 112.73649531635978
}