{
  "ethBalance": 0.038589031500035925,
  "usdtBalance": 0,
  "usdcBalance": 0,
  "kenduBalance": 35199894.08324558,
  "ethBalanceInUsd": 128.4594128507846,
  "kenduBalanceInUsd": 293.9191155951006,
  "totalUsdBalance": 128.4594128507846
}