{
  "ethBalance": 0.038589031500035925,
  "usdtBalance": 0,
  "usdcBalance": 0,
  "kenduBalance": 35199894.08324558,
  "ethBalanceInUsd": 129.5418351843606,
  "kenduBalanceInUsd": 1176.7324592028997,
  "totalUsdBalance": 129.5418351843606
}