{
  "ethBalance": 0.038589031500035925,
  "usdtBalance": 0,
  "usdcBalance": 0,
  "kenduBalance": 35199894.08324558,
  "ethBalanceInUsd": 127.98052296986914,
  "kenduBalanceInUsd": 513.566454674553,
  "totalUsdBalance": 127.98052296986914
}