{
  "ethBalance": 9.40272155275617,
  "usdtBalance": 3949.089252,
  "usdcBalance": 8005.206012,
  "kenduBalance": 11652025441.98484,
  "ethBalanceInUsd": 29210.212694145735,
  "kenduBalanceInUsd": 256577.60023250617,
  "totalUsdBalance": 41164.50795814574
}