{
  "ethBalance": 0.038589031500035925,
  "usdtBalance": 0,
  "usdcBalance": 0,
  "kenduBalance": 35199894.08324558,
  "ethBalanceInUsd": 140.9113215352162,
  "kenduBalanceInUsd": 970.1090809342483,
  "totalUsdBalance": 140.9113215352162
}