{
  "ethBalance": 0.038589031500035925,
  "usdtBalance": 0,
  "usdcBalance": 0,
  "kenduBalance": 35199894.08324558,
  "ethBalanceInUsd": 95.09687977711353,
  "kenduBalanceInUsd": 1103.516679509749,
  "totalUsdBalance": 95.09687977711353
}