{
  "ethBalance": 1.126230410262131,
  "usdtBalance": 0,
  "usdcBalance": null,
  "kenduBalance": 4547808469.985,
  "ethBalanceInUsd": 4847.16053811898,
  "kenduBalanceInUsd": 61122.545836598394,
  "totalUsdBalance": null
}