{
  "ethBalance": 13.47560135212183,
  "usdtBalance": 3949.089252,
  "usdcBalance": 8005.206012,
  "kenduBalance": 10805029020.399477,
  "ethBalanceInUsd": 43730.6172398652,
  "kenduBalanceInUsd": 170287.25736149578,
  "totalUsdBalance": 55684.9125038652
}