{
  "ethBalance": 0.3579040556931112,
  "usdtBalance": 0,
  "usdcBalance": 0,
  "kenduBalance": 3646098337.9468102,
  "ethBalanceInUsd": 635.7915016549135,
  "kenduBalanceInUsd": 39888.31581713811,
  "totalUsdBalance": 635.7915016549135
}