{
  "ethBalance": 8.011063080971311,
  "usdtBalance": 22313.097842,
  "usdcBalance": 88.007775,
  "kenduBalance": 302835445.5049916,
  "ethBalanceInUsd": 25426.553444587273,
  "kenduBalanceInUsd": 45537.36594058559,
  "totalUsdBalance": 47827.65906158727
}