{
  "ethBalance": 0.3119048631851912,
  "usdtBalance": 0,
  "usdcBalance": 0.463046,
  "kenduBalance": 4175387837.757599,
  "ethBalanceInUsd": 622.6837498142838,
  "kenduBalanceInUsd": 42254.9249181069,
  "totalUsdBalance": 623.1467958142838
}