{
  "ethBalance": 0.0624422229661258,
  "usdtBalance": 0,
  "usdcBalance": 0,
  "kenduBalance": 6384544426.92592,
  "ethBalanceInUsd": 136.4905819149654,
  "kenduBalanceInUsd": 53310.94596483143,
  "totalUsdBalance": 136.4905819149654
}