{
  "ethBalance": 0.3579488855246269,
  "usdtBalance": 0,
  "usdcBalance": 0,
  "kenduBalance": 3705282011.416198,
  "ethBalanceInUsd": 645.6109278876381,
  "kenduBalanceInUsd": 45982.549761675014,
  "totalUsdBalance": 645.6109278876381
}