{
  "ethBalance": 0.06254024854608203,
  "usdtBalance": 0,
  "usdcBalance": 0,
  "kenduBalance": 6456272656.749752,
  "ethBalanceInUsd": 143.57114697729867,
  "kenduBalanceInUsd": 62173.90568450011,
  "totalUsdBalance": 143.57114697729867
}