{
  "ethBalance": 0.3196155371451788,
  "usdtBalance": 0,
  "usdcBalance": 884.463046,
  "kenduBalance": 5453954448.539579,
  "ethBalanceInUsd": 621.4700388912,
  "kenduBalanceInUsd": 38395.839317718644,
  "totalUsdBalance": 1505.9330848912
}