{
  "ethBalance": 0.038589031500035925,
  "usdtBalance": 0,
  "usdcBalance": 0,
  "kenduBalance": 35199894.08324558,
  "ethBalanceInUsd": 131.98992334272288,
  "kenduBalanceInUsd": 864.861397625344,
  "totalUsdBalance": 131.98992334272288
}