{
  "ethBalance": 0.06254024854608203,
  "usdtBalance": 0,
  "usdcBalance": 0,
  "kenduBalance": 6456272656.749752,
  "ethBalanceInUsd": 131.10062141720994,
  "kenduBalanceInUsd": 52489.496699375486,
  "totalUsdBalance": 131.10062141720994
}