{
  "ethBalance": 0.5002741579676101,
  "usdtBalance": 0,
  "usdcBalance": 100,
  "kenduBalance": 4855925261.348792,
  "ethBalanceInUsd": 1268.465138493194,
  "kenduBalanceInUsd": 120621.183491904,
  "totalUsdBalance": 1368.465138493194
}