{
  "ethBalance": 0.3119048631851912,
  "usdtBalance": 0,
  "usdcBalance": 0.463046,
  "kenduBalance": 4175387837.757599,
  "ethBalanceInUsd": 620.4817014801963,
  "kenduBalanceInUsd": 42213.17103972932,
  "totalUsdBalance": 620.9447474801963
}