{
  "ethBalance": 0.04459919224178026,
  "usdtBalance": 0,
  "usdcBalance": 0,
  "kenduBalance": 517214787.4674407,
  "ethBalanceInUsd": 108.39476880826759,
  "kenduBalanceInUsd": 30267.409362594633,
  "totalUsdBalance": 108.39476880826759
}