{
  "ethBalance": 0.038589031500035925,
  "usdtBalance": 0,
  "usdcBalance": 0,
  "kenduBalance": 13206739398.082659,
  "ethBalanceInUsd": 127.54369513328874,
  "kenduBalanceInUsd": 222533.55885769278,
  "totalUsdBalance": 127.54369513328874
}