{
  "ethBalance": 0.038589031500035925,
  "usdtBalance": 0,
  "usdcBalance": 0,
  "kenduBalance": 35199894.08324558,
  "ethBalanceInUsd": 103.63817600933149,
  "kenduBalanceInUsd": 1582.5872379827215,
  "totalUsdBalance": 103.63817600933149
}