{
  "ethBalance": 0.5002741579676101,
  "usdtBalance": 0,
  "usdcBalance": 100,
  "kenduBalance": 4855925261.348792,
  "ethBalanceInUsd": 1372.8673525194547,
  "kenduBalanceInUsd": 140481.91781082054,
  "totalUsdBalance": 1472.8673525194547
}