{
  "ethBalance": 0.045462183917402754,
  "usdtBalance": 0,
  "usdcBalance": 0,
  "kenduBalance": 307214787.46744066,
  "ethBalanceInUsd": 117.23515215516316,
  "kenduBalanceInUsd": 20021.187699253107,
  "totalUsdBalance": 117.23515215516316
}