{
  "ethBalance": 0.04272247540230626,
  "usdtBalance": 0,
  "usdcBalance": 0,
  "kenduBalance": 517214787.4674407,
  "ethBalanceInUsd": 110.50723654986744,
  "kenduBalanceInUsd": 25059.056452797504,
  "totalUsdBalance": 110.50723654986744
}