{
  "ethBalance": 0.5002741579676101,
  "usdtBalance": 0,
  "usdcBalance": 100,
  "kenduBalance": 4855925261.348792,
  "ethBalanceInUsd": 1243.4814470442916,
  "kenduBalanceInUsd": 112366.11054761104,
  "totalUsdBalance": 1343.4814470442916
}