{
  "ethBalance": 0.038589031500035925,
  "usdtBalance": 0,
  "usdcBalance": 0,
  "kenduBalance": 35199894.08324558,
  "ethBalanceInUsd": 127.56144608777875,
  "kenduBalanceInUsd": 296.03110924009536,
  "totalUsdBalance": 127.56144608777875
}