{
  "ethBalance": 0.3196155371451788,
  "usdtBalance": 0,
  "usdcBalance": 884.463046,
  "kenduBalance": 5453954448.539579,
  "ethBalanceInUsd": 608.4904519277343,
  "kenduBalanceInUsd": 37959.52296183547,
  "totalUsdBalance": 1492.9534979277341
}