{
  "ethBalance": 0.3579488855246269,
  "usdtBalance": 0,
  "usdcBalance": 0,
  "kenduBalance": 3705282011.416198,
  "ethBalanceInUsd": 645.9330818846101,
  "kenduBalanceInUsd": 45871.39130133253,
  "totalUsdBalance": 645.9330818846101
}