{
  "ethBalance": 0.038589031500035925,
  "usdtBalance": 0,
  "usdcBalance": 0,
  "kenduBalance": 35199894.08324558,
  "ethBalanceInUsd": 127.11728633521335,
  "kenduBalanceInUsd": 508.28647056206626,
  "totalUsdBalance": 127.11728633521335
}