{
  "ethBalance": 0.038589031500035925,
  "usdtBalance": 0,
  "usdcBalance": 0,
  "kenduBalance": 35199894.08324558,
  "ethBalanceInUsd": 96.91442316076521,
  "kenduBalanceInUsd": 1573.78726446191,
  "totalUsdBalance": 96.91442316076521
}