{
  "ethBalance": 0.7404211583199757,
  "usdtBalance": 0,
  "usdcBalance": null,
  "kenduBalance": 4745282940.56362,
  "ethBalanceInUsd": 3310.7043588887727,
  "kenduBalanceInUsd": 77205.75344297009,
  "totalUsdBalance": null
}