{
  "ethBalance": 0.04459919224178026,
  "usdtBalance": 0,
  "usdcBalance": 0,
  "kenduBalance": 517214787.4674407,
  "ethBalanceInUsd": 104.52400491360348,
  "kenduBalanceInUsd": 28012.35288923659,
  "totalUsdBalance": 104.52400491360348
}