{
  "ethBalance": 0.5002741579676101,
  "usdtBalance": 0,
  "usdcBalance": 100,
  "kenduBalance": 4855925261.348792,
  "ethBalanceInUsd": 1268.1299548073557,
  "kenduBalanceInUsd": 115085.42869396637,
  "totalUsdBalance": 1368.1299548073557
}