{
  "ethBalance": 0.038589031500035925,
  "usdtBalance": 0,
  "usdcBalance": 0,
  "kenduBalance": 35199894.08324558,
  "ethBalanceInUsd": 128.12291649610427,
  "kenduBalanceInUsd": 1146.108551350476,
  "totalUsdBalance": 128.12291649610427
}