{
  "ethBalance": 0.038589031500035925,
  "usdtBalance": 0,
  "usdcBalance": 0,
  "kenduBalance": 35199894.08324558,
  "ethBalanceInUsd": 101.77162455567475,
  "kenduBalanceInUsd": 1660.7310028475265,
  "totalUsdBalance": 101.77162455567475
}