{
  "ethBalance": 0.5002741579676101,
  "usdtBalance": 0,
  "usdcBalance": 100,
  "kenduBalance": 4855925261.348792,
  "ethBalanceInUsd": 1254.4474565869416,
  "kenduBalanceInUsd": 122757.79060689746,
  "totalUsdBalance": 1354.4474565869416
}