{
  "ethBalance": 0.04841366454199495,
  "usdtBalance": 90113.767042,
  "usdcBalance": 0,
  "kenduBalance": 946492975.4674407,
  "ethBalanceInUsd": 113.9386546797126,
  "kenduBalanceInUsd": 111279.179125707,
  "totalUsdBalance": 90227.70569667972
}