{
  "ethBalance": 0.3196155371451788,
  "usdtBalance": 0,
  "usdcBalance": 884.463046,
  "kenduBalance": 5453954448.539579,
  "ethBalanceInUsd": 643.8495188021055,
  "kenduBalanceInUsd": 37305.04842801072,
  "totalUsdBalance": 1528.3125648021055
}