{
  "ethBalance": 0.5002741579676101,
  "usdtBalance": 0,
  "usdcBalance": 100,
  "kenduBalance": 4855925261.348792,
  "ethBalanceInUsd": 1249.2746217935564,
  "kenduBalanceInUsd": 111055.01072704687,
  "totalUsdBalance": 1349.2746217935564
}