{
  "ethBalance": 0.04272247540230626,
  "usdtBalance": 0,
  "usdcBalance": 0,
  "kenduBalance": 517214787.4674407,
  "ethBalanceInUsd": 99.07213878368614,
  "kenduBalanceInUsd": 23388.452689277667,
  "totalUsdBalance": 99.07213878368614
}