{
  "ethBalance": 13.47560135212183,
  "usdtBalance": 3949.089252,
  "usdcBalance": 8005.206012,
  "kenduBalance": 10805029020.399477,
  "ethBalanceInUsd": 43812.27938405905,
  "kenduBalanceInUsd": 167910.15097700787,
  "totalUsdBalance": 55766.57464805905
}