{
  "ethBalance": 0.5002741579676101,
  "usdtBalance": 0,
  "usdcBalance": 100,
  "kenduBalance": 4855925261.348792,
  "ethBalanceInUsd": 1302.5137976844696,
  "kenduBalanceInUsd": 121106.77601803887,
  "totalUsdBalance": 1402.5137976844696
}