{
  "ethBalance": 0.3579488855246269,
  "usdtBalance": 0,
  "usdcBalance": 0,
  "kenduBalance": 3705282011.416198,
  "ethBalanceInUsd": 589.4344297934031,
  "kenduBalanceInUsd": 38275.56317792932,
  "totalUsdBalance": 589.4344297934031
}