{
  "ethBalance": 0.3117728554842481,
  "usdtBalance": 0,
  "usdcBalance": 0.463046,
  "kenduBalance": 4113980899.4295063,
  "ethBalanceInUsd": 563.5450249305526,
  "kenduBalanceInUsd": 47146.221107462145,
  "totalUsdBalance": 564.0080709305525
}