{
  "ethBalance": 0.04272247540230626,
  "usdtBalance": 0,
  "usdcBalance": 0,
  "kenduBalance": 517214787.4674407,
  "ethBalanceInUsd": 104.6303328335262,
  "kenduBalanceInUsd": 22498.84325483367,
  "totalUsdBalance": 104.6303328335262
}