{
  "ethBalance": 0.03983369884579122,
  "usdtBalance": 0,
  "usdcBalance": 0,
  "kenduBalance": 1091213805.8365645,
  "ethBalanceInUsd": 103.84724956495464,
  "kenduBalanceInUsd": 46933.10578903065,
  "totalUsdBalance": 103.84724956495464
}