{
  "ethBalance": 0.038589031500035925,
  "usdtBalance": 0,
  "usdcBalance": 0,
  "kenduBalance": 35199894.08324558,
  "ethBalanceInUsd": 126.99457321504322,
  "kenduBalanceInUsd": 495.9665076329303,
  "totalUsdBalance": 126.99457321504322
}