{
  "ethBalance": 0.038589031500035925,
  "usdtBalance": 0,
  "usdcBalance": 0,
  "kenduBalance": 35199894.08324558,
  "ethBalanceInUsd": 101.15960251608418,
  "kenduBalanceInUsd": 1304.860073665914,
  "totalUsdBalance": 101.15960251608418
}