{
  "ethBalance": 0.3579488855246269,
  "usdtBalance": 0,
  "usdcBalance": 0,
  "kenduBalance": 3705282011.416198,
  "ethBalanceInUsd": 578.0946090999829,
  "kenduBalanceInUsd": 45093.28207893513,
  "totalUsdBalance": 578.0946090999829
}