{
  "ethBalance": 0.3579040556931112,
  "usdtBalance": 0,
  "usdcBalance": 0,
  "kenduBalance": 3646098337.9468102,
  "ethBalanceInUsd": 663.3107444971567,
  "kenduBalanceInUsd": 42440.58465370087,
  "totalUsdBalance": 663.3107444971567
}