{
  "ethBalance": 0.04272247540230626,
  "usdtBalance": 0,
  "usdcBalance": 0,
  "kenduBalance": 517214787.4674407,
  "ethBalanceInUsd": 112.52672796213446,
  "kenduBalanceInUsd": 29941.564046490144,
  "totalUsdBalance": 112.52672796213446
}