{
  "ethBalance": 3.9774170719585187,
  "usdtBalance": 0,
  "usdcBalance": 0,
  "kenduBalance": 8310029020.399478,
  "ethBalanceInUsd": 10503.40390694518,
  "kenduBalanceInUsd": 102795.05898234155,
  "totalUsdBalance": 10503.40390694518
}