{
  "ethBalance": 0.04272247540230626,
  "usdtBalance": 0,
  "usdcBalance": 0,
  "kenduBalance": 517214787.4674407,
  "ethBalanceInUsd": 115.56301428897636,
  "kenduBalanceInUsd": 28746.797887440356,
  "totalUsdBalance": 115.56301428897636
}