{
  "ethBalance": 0.038589031500035925,
  "usdtBalance": 0,
  "usdcBalance": 0,
  "kenduBalance": 35199894.08324558,
  "ethBalanceInUsd": 125.31440678353165,
  "kenduBalanceInUsd": 655.4220278300328,
  "totalUsdBalance": 125.31440678353165
}