{
  "ethBalance": 0.04459919224178026,
  "usdtBalance": 0,
  "usdcBalance": 0,
  "kenduBalance": 517214787.4674407,
  "ethBalanceInUsd": 109.96287640748857,
  "kenduBalanceInUsd": 30391.540911586817,
  "totalUsdBalance": 109.96287640748857
}