{
  "ethBalance": 0.038589031500035925,
  "usdtBalance": 0,
  "usdcBalance": 0,
  "kenduBalance": 35199894.08324558,
  "ethBalanceInUsd": 150.74612210331534,
  "kenduBalanceInUsd": 1176.7324592028997,
  "totalUsdBalance": 150.74612210331534
}