{
  "ethBalance": 0.35769432885289126,
  "usdtBalance": 0,
  "usdcBalance": 0,
  "kenduBalance": 4514955040.756332,
  "ethBalanceInUsd": 959.1215733861427,
  "kenduBalanceInUsd": 89983.05396227371,
  "totalUsdBalance": 959.1215733861427
}