{
  "ethBalance": 0.3196155371451788,
  "usdtBalance": 0,
  "usdcBalance": 884.463046,
  "kenduBalance": 5453954448.539579,
  "ethBalanceInUsd": 619.0089992551822,
  "kenduBalanceInUsd": 37141.42979455453,
  "totalUsdBalance": 1503.4720452551821
}