{
  "ethBalance": 0.038589031500035925,
  "usdtBalance": 0,
  "usdcBalance": 0,
  "kenduBalance": 35199894.08324558,
  "ethBalanceInUsd": 144.13890812987918,
  "kenduBalanceInUsd": 891.9653160694431,
  "totalUsdBalance": 144.13890812987918
}