{
  "ethBalance": 0.3579040556931112,
  "usdtBalance": 0,
  "usdcBalance": 0,
  "kenduBalance": 3646098337.9468102,
  "ethBalanceInUsd": 638.8408442094188,
  "kenduBalanceInUsd": 38721.564348995125,
  "totalUsdBalance": 638.8408442094188
}