{
  "ethBalance": 0.038589031500035925,
  "usdtBalance": 0,
  "usdcBalance": 0,
  "kenduBalance": 35199894.08324558,
  "ethBalanceInUsd": 118.61033434103041,
  "kenduBalanceInUsd": 618.1101401017925,
  "totalUsdBalance": 118.61033434103041
}