{
  "ethBalance": 0.35703877941042383,
  "usdtBalance": 0,
  "usdcBalance": 0,
  "kenduBalance": 4855947774.956796,
  "ethBalanceInUsd": 885.1776826899109,
  "kenduBalanceInUsd": 154273.4608103774,
  "totalUsdBalance": 885.1776826899109
}