{
  "ethBalance": 0.038589031500035925,
  "usdtBalance": 0,
  "usdcBalance": 0,
  "kenduBalance": 35199894.08324558,
  "ethBalanceInUsd": 97.21503171615049,
  "kenduBalanceInUsd": 1658.619009202532,
  "totalUsdBalance": 97.21503171615049
}