{
  "ethBalance": 0.3117728554842481,
  "usdtBalance": 0,
  "usdcBalance": 0.463046,
  "kenduBalance": 4113980899.4295063,
  "ethBalanceInUsd": 627.5052262331461,
  "kenduBalanceInUsd": 53029.21379364634,
  "totalUsdBalance": 627.9682722331461
}