{
  "ethBalance": 0.038589031500035925,
  "usdtBalance": 0,
  "usdcBalance": 0,
  "kenduBalance": 35199894.08324558,
  "ethBalanceInUsd": 119.83360663958156,
  "kenduBalanceInUsd": 1001.7889856091692,
  "totalUsdBalance": 119.83360663958156
}