{
  "ethBalance": 0.04272247540230626,
  "usdtBalance": 0,
  "usdcBalance": 0,
  "kenduBalance": 517214787.4674407,
  "ethBalanceInUsd": 113.15303945153227,
  "kenduBalanceInUsd": 29010.57742904875,
  "totalUsdBalance": 113.15303945153227
}