{
  "ethBalance": 0.35769432885289126,
  "usdtBalance": 0,
  "usdcBalance": 0,
  "kenduBalance": 4514955040.756332,
  "ethBalanceInUsd": 889.0778699101694,
  "kenduBalanceInUsd": 78424.7690579375,
  "totalUsdBalance": 889.0778699101694
}