{
  "ethBalance": 0.3579488855246269,
  "usdtBalance": 0,
  "usdcBalance": 0,
  "kenduBalance": 3705282011.416198,
  "ethBalanceInUsd": 642.1638801200359,
  "kenduBalanceInUsd": 45612.021560533394,
  "totalUsdBalance": 642.1638801200359
}