{
  "ethBalance": 0.038589031500035925,
  "usdtBalance": 0,
  "usdcBalance": 0,
  "kenduBalance": 35199894.08324558,
  "ethBalanceInUsd": 128.4686742183446,
  "kenduBalanceInUsd": 885.2773361936264,
  "totalUsdBalance": 128.4686742183446
}