{
  "ethBalance": 0.5002741579676101,
  "usdtBalance": 0,
  "usdcBalance": 100,
  "kenduBalance": 4855925261.348792,
  "ethBalanceInUsd": 1259.5452502566316,
  "kenduBalanceInUsd": 114794.07317828544,
  "totalUsdBalance": 1359.5452502566316
}