{
  "ethBalance": 0.5002741579676101,
  "usdtBalance": 0,
  "usdcBalance": 100,
  "kenduBalance": 4855925261.348792,
  "ethBalanceInUsd": 1280.2465949133314,
  "kenduBalanceInUsd": 131352.77831948482,
  "totalUsdBalance": 1380.2465949133314
}