{
  "ethBalance": 0.045462183917402754,
  "usdtBalance": 0,
  "usdcBalance": 0,
  "kenduBalance": 307214787.46744066,
  "ethBalanceInUsd": 119.49144034298388,
  "kenduBalanceInUsd": 30331.315966660415,
  "totalUsdBalance": 119.49144034298388
}