{
  "ethBalance": 0.3119048631851912,
  "usdtBalance": 0,
  "usdcBalance": 0.463046,
  "kenduBalance": 4175387837.757599,
  "ethBalanceInUsd": 652.863664376083,
  "kenduBalanceInUsd": 49353.08424229482,
  "totalUsdBalance": 653.3267103760829
}