{
  "ethBalance": 0.04272247540230626,
  "usdtBalance": 0,
  "usdcBalance": 0,
  "kenduBalance": 517214787.4674407,
  "ethBalanceInUsd": 113.04879661155064,
  "kenduBalanceInUsd": 30008.80196886091,
  "totalUsdBalance": 113.04879661155064
}