{
  "ethBalance": 0.3119048631851912,
  "usdtBalance": 0,
  "usdcBalance": 0.463046,
  "kenduBalance": 4175387837.757599,
  "ethBalanceInUsd": 622.5371545285868,
  "kenduBalanceInUsd": 36409.38194524626,
  "totalUsdBalance": 623.0002005285868
}