{
  "ethBalance": 0.3119048631851912,
  "usdtBalance": 0,
  "usdcBalance": 0.463046,
  "kenduBalance": 4175387837.757599,
  "ethBalanceInUsd": 619.268391562406,
  "kenduBalanceInUsd": 37536.73666144082,
  "totalUsdBalance": 619.731437562406
}