{
  "ethBalance": 0.5002741579676101,
  "usdtBalance": 0,
  "usdcBalance": 100,
  "kenduBalance": 4855925261.348792,
  "ethBalanceInUsd": 1264.4029123304972,
  "kenduBalanceInUsd": 113920.00663124266,
  "totalUsdBalance": 1364.4029123304972
}