{
  "ethBalance": 0.038589031500035925,
  "usdtBalance": 0,
  "usdcBalance": 0,
  "kenduBalance": 35199894.08324558,
  "ethBalanceInUsd": 146.60899203619647,
  "kenduBalanceInUsd": 870.8453796194957,
  "totalUsdBalance": 146.60899203619647
}