{
  "ethBalance": 0.038589031500035925,
  "usdtBalance": 0,
  "usdcBalance": 0,
  "kenduBalance": 35199894.08324558,
  "ethBalanceInUsd": 134.53757120235525,
  "kenduBalanceInUsd": 1245.3722526652286,
  "totalUsdBalance": 134.53757120235525
}