{
  "ethBalance": 0.3579488855246269,
  "usdtBalance": 0,
  "usdcBalance": 0,
  "kenduBalance": 3705282011.416198,
  "ethBalanceInUsd": 591.8863796592468,
  "kenduBalanceInUsd": 40165.25700375158,
  "totalUsdBalance": 591.8863796592468
}