{
  "ethBalance": 0.10788809429719365,
  "usdtBalance": 3946.421819,
  "usdcBalance": 0,
  "kenduBalance": 13268928669.075045,
  "ethBalanceInUsd": 357.7601573323231,
  "kenduBalanceInUsd": 324027.2380988126,
  "totalUsdBalance": 4304.181976332323
}