{
  "ethBalance": 0.038589031500035925,
  "usdtBalance": 0,
  "usdcBalance": 0,
  "kenduBalance": 35199894.08324558,
  "ethBalanceInUsd": 123.22172360528471,
  "kenduBalanceInUsd": 1770.5546723872528,
  "totalUsdBalance": 123.22172360528471
}