{
  "ethBalance": 0.5002741579676101,
  "usdtBalance": 0,
  "usdcBalance": 100,
  "kenduBalance": 4855925261.348792,
  "ethBalanceInUsd": 1143.3865935181323,
  "kenduBalanceInUsd": 97167.06447958933,
  "totalUsdBalance": 1243.3865935181323
}