{
  "ethBalance": 0.04459919224178026,
  "usdtBalance": 0,
  "usdcBalance": 0,
  "kenduBalance": 517214787.4674407,
  "ethBalanceInUsd": 105.45880398299118,
  "kenduBalanceInUsd": 24521.153073831367,
  "totalUsdBalance": 105.45880398299118
}