{
  "ethBalance": 0.038589031500035925,
  "usdtBalance": 0,
  "usdcBalance": 0,
  "kenduBalance": 35199894.08324558,
  "ethBalanceInUsd": 102.56077024985048,
  "kenduBalanceInUsd": 1564.6352920002662,
  "totalUsdBalance": 102.56077024985048
}