{
  "ethBalance": 0.3579488855246269,
  "usdtBalance": 0,
  "usdcBalance": 0,
  "kenduBalance": 3705282011.416198,
  "ethBalanceInUsd": 646.1800666156222,
  "kenduBalanceInUsd": 45093.28207893513,
  "totalUsdBalance": 646.1800666156222
}