{
  "ethBalance": 0.5002741579676101,
  "usdtBalance": 0,
  "usdcBalance": 100,
  "kenduBalance": 4855925261.348792,
  "ethBalanceInUsd": 1271.0215394404086,
  "kenduBalanceInUsd": 127079.56408949789,
  "totalUsdBalance": 1371.0215394404086
}