{
  "ethBalance": 13.47560135212183,
  "usdtBalance": 3949.089252,
  "usdcBalance": 8005.206012,
  "kenduBalance": 10805029020.399477,
  "ethBalanceInUsd": 43664.047769185716,
  "kenduBalanceInUsd": 177526.6268051634,
  "totalUsdBalance": 55618.343033185716
}