{
  "ethBalance": 0.7404211583199757,
  "usdtBalance": 0,
  "usdcBalance": null,
  "kenduBalance": 4745282940.56362,
  "ethBalanceInUsd": 2739.53607314916,
  "kenduBalanceInUsd": 80147.82886611953,
  "totalUsdBalance": null
}