{
  "ethBalance": 0.3117728554842481,
  "usdtBalance": 0,
  "usdcBalance": 0.463046,
  "kenduBalance": 4113980899.4295063,
  "ethBalanceInUsd": 559.1677340395538,
  "kenduBalanceInUsd": 44760.11218579303,
  "totalUsdBalance": 559.6307800395538
}