{
  "ethBalance": 0.7404211583199757,
  "usdtBalance": 0,
  "usdcBalance": null,
  "kenduBalance": 4745282940.56362,
  "ethBalanceInUsd": 3103.7048156572578,
  "kenduBalanceInUsd": 97325.75311095983,
  "totalUsdBalance": null
}