{
  "ethBalance": 0.038589031500035925,
  "usdtBalance": 0,
  "usdcBalance": 0,
  "kenduBalance": 35199894.08324558,
  "ethBalanceInUsd": 139.27398892866967,
  "kenduBalanceInUsd": 1010.5889591299807,
  "totalUsdBalance": 139.27398892866967
}