{
  "ethBalance": 0.5002741579676101,
  "usdtBalance": 0,
  "usdcBalance": 100,
  "kenduBalance": 4855925261.348792,
  "ethBalanceInUsd": 1259.2100665707933,
  "kenduBalanceInUsd": 116687.88403021147,
  "totalUsdBalance": 1359.2100665707933
}