{
  "ethBalance": 0.9903603877171636,
  "usdtBalance": 0,
  "usdcBalance": null,
  "kenduBalance": 4565348937.707456,
  "ethBalanceInUsd": 4549.745331984281,
  "kenduBalanceInUsd": 81628.43900620932,
  "totalUsdBalance": null
}