{
  "ethBalance": 0.038589031500035925,
  "usdtBalance": 0,
  "usdcBalance": 0,
  "kenduBalance": 35199894.08324558,
  "ethBalanceInUsd": 122.35347039653391,
  "kenduBalanceInUsd": 1355.5479211457875,
  "totalUsdBalance": 122.35347039653391
}