{
  "ethBalance": 0.5002741579676101,
  "usdtBalance": 0,
  "usdcBalance": 100,
  "kenduBalance": 4855925261.348792,
  "ethBalanceInUsd": 1248.4541721744897,
  "kenduBalanceInUsd": 114211.36214692358,
  "totalUsdBalance": 1348.4541721744897
}