{
  "ethBalance": 0.038589031500035925,
  "usdtBalance": 0,
  "usdcBalance": 0,
  "kenduBalance": 35199894.08324558,
  "ethBalanceInUsd": 130.91444703481687,
  "kenduBalanceInUsd": 1127.452607486356,
  "totalUsdBalance": 130.91444703481687
}