{
  "ethBalance": 0.04459919224178026,
  "usdtBalance": 0,
  "usdcBalance": 0,
  "kenduBalance": 517214787.4674407,
  "ethBalanceInUsd": 104.32286255659304,
  "kenduBalanceInUsd": 25224.565184787087,
  "totalUsdBalance": 104.32286255659304
}