{
  "ethBalance": 0.3117728554842481,
  "usdtBalance": 0,
  "usdcBalance": 0.463046,
  "kenduBalance": 4113980899.4295063,
  "ethBalanceInUsd": 571.9223615574144,
  "kenduBalanceInUsd": 42332.86345512962,
  "totalUsdBalance": 572.3854075574144
}