{
  "ethBalance": 0.12545362288007134,
  "usdtBalance": 71,
  "usdcBalance": 0,
  "kenduBalance": 13187362985.903593,
  "ethBalanceInUsd": 414.0044827216082,
  "kenduBalanceInUsd": 340365.8386661717,
  "totalUsdBalance": 485.0044827216082
}