{
  "ethBalance": 0.038589031500035925,
  "usdtBalance": 0,
  "usdcBalance": 0,
  "kenduBalance": 35199894.08324558,
  "ethBalanceInUsd": 139.81539304061516,
  "kenduBalanceInUsd": 1044.028858509064,
  "totalUsdBalance": 139.81539304061516
}