{
  "ethBalance": 0.3579040556931112,
  "usdtBalance": 0,
  "usdcBalance": 0,
  "kenduBalance": 3646098337.9468102,
  "ethBalanceInUsd": 652.852787989804,
  "kenduBalanceInUsd": 41200.91121879896,
  "totalUsdBalance": 652.852787989804
}