{
  "ethBalance": 0.5002741579676101,
  "usdtBalance": 0,
  "usdcBalance": 100,
  "kenduBalance": 4855925261.348792,
  "ethBalanceInUsd": 1159.2753007751837,
  "kenduBalanceInUsd": 96050.20166947911,
  "totalUsdBalance": 1259.2753007751837
}