{
  "ethBalance": 0.038589031500035925,
  "usdtBalance": 0,
  "usdcBalance": 0,
  "kenduBalance": 35199894.08324558,
  "ethBalanceInUsd": 143.2123854835633,
  "kenduBalanceInUsd": 876.4773626728149,
  "totalUsdBalance": 143.2123854835633
}