{
  "ethBalance": 0.038589031500035925,
  "usdtBalance": 0,
  "usdcBalance": 0,
  "kenduBalance": 35199894.08324558,
  "ethBalanceInUsd": 121.20814794161284,
  "kenduBalanceInUsd": 1158.4285142796123,
  "totalUsdBalance": 121.20814794161284
}