{
  "ethBalance": 0.038589031500035925,
  "usdtBalance": 0,
  "usdcBalance": 0,
  "kenduBalance": 35199894.08324558,
  "ethBalanceInUsd": 128.3749028717995,
  "kenduBalanceInUsd": 1142.2365630013192,
  "totalUsdBalance": 128.3749028717995
}