{
  "ethBalance": 0.3117728554842481,
  "usdtBalance": 0,
  "usdcBalance": 0.463046,
  "kenduBalance": 4113980899.4295063,
  "ethBalanceInUsd": 560.0344625778,
  "kenduBalanceInUsd": 51260.202006891646,
  "totalUsdBalance": 560.4975085778
}