{
  "ethBalance": 0.5002741579676101,
  "usdtBalance": 0,
  "usdcBalance": 100,
  "kenduBalance": 4855925261.348792,
  "ethBalanceInUsd": 1241.5954134687538,
  "kenduBalanceInUsd": 140142.00304252614,
  "totalUsdBalance": 1341.5954134687538
}