{
  "ethBalance": 0.3406431199402911,
  "usdtBalance": 0,
  "usdcBalance": 154.403285,
  "kenduBalance": 4113980899.4295063,
  "ethBalanceInUsd": 577.1652638396329,
  "kenduBalanceInUsd": 43649.33734294706,
  "totalUsdBalance": 731.5685488396329
}