{
  "ethBalance": 0.30943876692005484,
  "usdtBalance": 0,
  "usdcBalance": 0,
  "kenduBalance": 8110029020.399477,
  "ethBalanceInUsd": 832.1458263890806,
  "kenduBalanceInUsd": 91237.82647949412,
  "totalUsdBalance": 832.1458263890806
}