{
  "ethBalance": 0.04272247540230626,
  "usdtBalance": 0,
  "usdcBalance": 0,
  "kenduBalance": 517214787.4674407,
  "ethBalanceInUsd": 111.62400205688373,
  "kenduBalanceInUsd": 30091.5563348557,
  "totalUsdBalance": 111.62400205688373
}