{
  "ethBalance": 0.038589031500035925,
  "usdtBalance": 0,
  "usdcBalance": 0,
  "kenduBalance": 35199894.08324558,
  "ethBalanceInUsd": 131.050280425697,
  "kenduBalanceInUsd": 1138.364574652162,
  "totalUsdBalance": 131.050280425697
}