{
  "ethBalance": 0.045462183917402754,
  "usdtBalance": 0,
  "usdcBalance": 0,
  "kenduBalance": 307214787.46744066,
  "ethBalanceInUsd": 118.01119163463324,
  "kenduBalanceInUsd": 27839.80404029947,
  "totalUsdBalance": 118.01119163463324
}