{
  "ethBalance": 0.038589031500035925,
  "usdtBalance": 0,
  "usdcBalance": 0,
  "kenduBalance": 35199894.08324558,
  "ethBalanceInUsd": 119.65532531405141,
  "kenduBalanceInUsd": 748.7017471506337,
  "totalUsdBalance": 119.65532531405141
}