{
  "ethBalance": 0.038589031500035925,
  "usdtBalance": 0,
  "usdcBalance": 0,
  "kenduBalance": 35199894.08324558,
  "ethBalanceInUsd": 96.57985625765993,
  "kenduBalanceInUsd": 1074.6527663614877,
  "totalUsdBalance": 96.57985625765993
}