{
  "ethBalance": 0.038589031500035925,
  "usdtBalance": 0,
  "usdcBalance": 0,
  "kenduBalance": 35199894.08324558,
  "ethBalanceInUsd": 124.76104007182116,
  "kenduBalanceInUsd": 664.2220013508442,
  "totalUsdBalance": 124.76104007182116
}