{
  "ethBalance": 0.038589031500035925,
  "usdtBalance": 0,
  "usdcBalance": 0,
  "kenduBalance": 35199894.08324558,
  "ethBalanceInUsd": 101.98425011923995,
  "kenduBalanceInUsd": 1437.915673300582,
  "totalUsdBalance": 101.98425011923995
}