{
  "ethBalance": 18.27649738337883,
  "usdtBalance": 0,
  "usdcBalance": 0,
  "kenduBalance": 10805029020.399477,
  "ethBalanceInUsd": 51059.416269893096,
  "kenduBalanceInUsd": 163912.29023946007,
  "totalUsdBalance": 51059.416269893096
}