{
  "ethBalance": 0.7404211583199757,
  "usdtBalance": 0,
  "usdcBalance": null,
  "kenduBalance": 4745282940.56362,
  "ethBalanceInUsd": 3100.646876273396,
  "kenduBalanceInUsd": 97468.11159917674,
  "totalUsdBalance": null
}