{
  "ethBalance": 0.038589031500035925,
  "usdtBalance": 0,
  "usdcBalance": 0,
  "kenduBalance": 35199894.08324558,
  "ethBalanceInUsd": 152.71493449044718,
  "kenduBalanceInUsd": 1145.4045534688112,
  "totalUsdBalance": 152.71493449044718
}