{
  "ethBalance": 0.35779268808449755,
  "usdtBalance": 0,
  "usdcBalance": 0,
  "kenduBalance": 3546950453.60037,
  "ethBalanceInUsd": 695.4094464879103,
  "kenduBalanceInUsd": 43166.387020316506,
  "totalUsdBalance": 695.4094464879103
}