{
  "ethBalance": 0.3579040556931112,
  "usdtBalance": 0,
  "usdcBalance": 0,
  "kenduBalance": 3646098337.9468102,
  "ethBalanceInUsd": 656.8827876569085,
  "kenduBalanceInUsd": 41674.904002732044,
  "totalUsdBalance": 656.8827876569085
}