{
  "ethBalance": 0.04459919224178026,
  "usdtBalance": 0,
  "usdcBalance": 0,
  "kenduBalance": 517214787.4674407,
  "ethBalanceInUsd": 109.19398633324029,
  "kenduBalanceInUsd": 28705.42070444296,
  "totalUsdBalance": 109.19398633324029
}