{
  "ethBalance": 0.3117728554842481,
  "usdtBalance": 0,
  "usdcBalance": 0.463046,
  "kenduBalance": 4113980899.4295063,
  "ethBalanceInUsd": 562.7219445920742,
  "kenduBalanceInUsd": 41057.52937630647,
  "totalUsdBalance": 563.1849905920742
}