{
  "ethBalance": 0.3579488855246269,
  "usdtBalance": 0,
  "usdcBalance": 0,
  "kenduBalance": 3705282011.416198,
  "ethBalanceInUsd": 568.5087379456335,
  "kenduBalanceInUsd": 38053.24625724435,
  "totalUsdBalance": 568.5087379456335
}