{
  "ethBalance": 0.0624422229661258,
  "usdtBalance": 0,
  "usdcBalance": 0,
  "kenduBalance": 6384544426.92592,
  "ethBalanceInUsd": 135.39222321299127,
  "kenduBalanceInUsd": 51714.80985809995,
  "totalUsdBalance": 135.39222321299127
}