{
  "ethBalance": 0.038589031500035925,
  "usdtBalance": 0,
  "usdcBalance": 0,
  "kenduBalance": 35199894.08324558,
  "ethBalanceInUsd": 131.5774065959875,
  "kenduBalanceInUsd": 1098.9406932789273,
  "totalUsdBalance": 131.5774065959875
}