{
  "ethBalance": 0.3117728554842481,
  "usdtBalance": 0,
  "usdcBalance": 0.463046,
  "kenduBalance": 4113980899.4295063,
  "ethBalanceInUsd": 557.7055193473327,
  "kenduBalanceInUsd": 44760.11218579303,
  "totalUsdBalance": 558.1685653473327
}