{
  "ethBalance": 0.04272247540230626,
  "usdtBalance": 0,
  "usdcBalance": 0,
  "kenduBalance": 517214787.4674407,
  "ethBalanceInUsd": 102.70568531665229,
  "kenduBalanceInUsd": 24526.32522170604,
  "totalUsdBalance": 102.70568531665229
}