{
  "ethBalance": 0.3117728554842481,
  "usdtBalance": 0,
  "usdcBalance": 0.463046,
  "kenduBalance": 4113980899.4295063,
  "ethBalanceInUsd": 557.047678622261,
  "kenduBalanceInUsd": 47927.87747835375,
  "totalUsdBalance": 557.5107246222609
}