{
  "ethBalance": 18.27649738337883,
  "usdtBalance": 0,
  "usdcBalance": 0,
  "kenduBalance": 10805029020.399477,
  "ethBalanceInUsd": 50505.45563420289,
  "kenduBalanceInUsd": 132253.5552096896,
  "totalUsdBalance": 50505.45563420289
}