{
  "ethBalance": 0.038589031500035925,
  "usdtBalance": 0,
  "usdcBalance": 0,
  "kenduBalance": 35199894.08324558,
  "ethBalanceInUsd": 131.6788957488326,
  "kenduBalanceInUsd": 1053.8848288523727,
  "totalUsdBalance": 131.6788957488326
}