{
  "ethBalance": 0.10788809429719365,
  "usdtBalance": 3946.421819,
  "usdcBalance": 0,
  "kenduBalance": 13268928669.075045,
  "ethBalanceInUsd": 357.763393975152,
  "kenduBalanceInUsd": 321904.2095117606,
  "totalUsdBalance": 4304.185212975152
}