{
  "ethBalance": 0.038589031500035925,
  "usdtBalance": 0,
  "usdcBalance": 0,
  "kenduBalance": 35199894.08324558,
  "ethBalanceInUsd": 108.5960947764561,
  "kenduBalanceInUsd": 1964.506088785936,
  "totalUsdBalance": 108.5960947764561
}