{
  "ethBalance": 8.011063080971311,
  "usdtBalance": 22313.097842,
  "kenduBalance": 302835445.5049916,
  "ethBalanceInUsd": 26451.729187059173,
  "kenduBalanceInUsd": 53414.115878170414,
  "totalUsdBalance": 48764.827029059175
}