{
  "ethBalance": 0.038589031500035925,
  "usdtBalance": 0,
  "usdcBalance": 0,
  "kenduBalance": 35199894.08324558,
  "ethBalanceInUsd": 151.2138211650958,
  "kenduBalanceInUsd": 1147.1645481729736,
  "totalUsdBalance": 151.2138211650958
}