{
  "ethBalance": 0.04459919224178026,
  "usdtBalance": 0,
  "usdcBalance": 0,
  "kenduBalance": 517214787.4674407,
  "ethBalanceInUsd": 104.24838190554925,
  "kenduBalanceInUsd": 25798.673598875943,
  "totalUsdBalance": 104.24838190554925
}