{
  "ethBalance": 0.045462183917402754,
  "usdtBalance": 0,
  "usdcBalance": 0,
  "kenduBalance": 307214787.46744066,
  "ethBalanceInUsd": 124.3468015853625,
  "kenduBalanceInUsd": 24607.904476141997,
  "totalUsdBalance": 124.3468015853625
}