{
  "ethBalance": 0.35779268808449755,
  "usdtBalance": 0,
  "usdcBalance": 0,
  "kenduBalance": 4546950453.600369,
  "ethBalanceInUsd": 835.1775821612384,
  "kenduBalanceInUsd": 80071.7974879025,
  "totalUsdBalance": 835.1775821612384
}