{
  "ethBalance": 0.038589031500035925,
  "usdtBalance": 0,
  "usdcBalance": 0,
  "kenduBalance": 35199894.08324558,
  "ethBalanceInUsd": 147.11759547136697,
  "kenduBalanceInUsd": 1051.772835207378,
  "totalUsdBalance": 147.11759547136697
}