{
  "ethBalance": 0.038589031500035925,
  "usdtBalance": 0,
  "usdcBalance": 0,
  "kenduBalance": 35199894.08324558,
  "ethBalanceInUsd": 132.09179838588298,
  "kenduBalanceInUsd": 353.0549376549532,
  "totalUsdBalance": 132.09179838588298
}