{
  "ethBalance": 0.5002741579676101,
  "usdtBalance": 0,
  "usdcBalance": 100,
  "kenduBalance": 4855925261.348792,
  "ethBalanceInUsd": 1262.3918102154673,
  "kenduBalanceInUsd": 110860.77371659293,
  "totalUsdBalance": 1362.3918102154673
}