{
  "ethBalance": 0.04272247540230626,
  "usdtBalance": 0,
  "usdcBalance": 0,
  "kenduBalance": 517214787.4674407,
  "ethBalanceInUsd": 111.1027878569756,
  "kenduBalanceInUsd": 30469.12312970693,
  "totalUsdBalance": 111.1027878569756
}