{
  "ethBalance": 0.038589031500035925,
  "usdtBalance": 0,
  "usdcBalance": 0,
  "kenduBalance": 35199894.08324558,
  "ethBalanceInUsd": 120.48383182035717,
  "kenduBalanceInUsd": 1286.2041298017937,
  "totalUsdBalance": 120.48383182035717
}