{
  "ethBalance": 0.038589031500035925,
  "usdtBalance": 0,
  "usdcBalance": 0,
  "kenduBalance": 35199894.08324558,
  "ethBalanceInUsd": 140.52311587832583,
  "kenduBalanceInUsd": 964.1250989400966,
  "totalUsdBalance": 140.52311587832583
}