{
  "ethBalance": 0.06254024854608203,
  "usdtBalance": 0,
  "usdcBalance": 0,
  "kenduBalance": 6456272656.749752,
  "ethBalanceInUsd": 144.8863684042228,
  "kenduBalanceInUsd": 56621.51119969533,
  "totalUsdBalance": 144.8863684042228
}