{
  "ethBalance": 2.037084045317489,
  "usdtBalance": 0,
  "usdcBalance": 0,
  "kenduBalance": 8110029020.399477,
  "ethBalanceInUsd": 5443.068198247877,
  "kenduBalanceInUsd": 102348.5662374414,
  "totalUsdBalance": 5443.068198247877
}