{
  "ethBalance": 0.04272247540230626,
  "usdtBalance": 0,
  "usdcBalance": 0,
  "kenduBalance": 517214787.4674407,
  "ethBalanceInUsd": 104.83454626594921,
  "kenduBalanceInUsd": 22917.787232682298,
  "totalUsdBalance": 104.83454626594921
}