{
  "ethBalance": 0.3119048631851912,
  "usdtBalance": 0,
  "usdcBalance": 0.463046,
  "kenduBalance": 4175387837.757599,
  "ethBalanceInUsd": 618.6009151551897,
  "kenduBalanceInUsd": 39081.63016141113,
  "totalUsdBalance": 619.0639611551896
}