{
  "ethBalance": 0.038589031500035925,
  "usdtBalance": 0,
  "usdcBalance": 0,
  "kenduBalance": 35199894.08324558,
  "ethBalanceInUsd": 138.39222955889383,
  "kenduBalanceInUsd": 713.501853067388,
  "totalUsdBalance": 138.39222955889383
}