{
  "ethBalance": 0.038589031500035925,
  "usdtBalance": 0,
  "usdcBalance": 0,
  "kenduBalance": 35199894.08324558,
  "ethBalanceInUsd": 133.65619772289443,
  "kenduBalanceInUsd": 1075.3567642431524,
  "totalUsdBalance": 133.65619772289443
}