{
  "ethBalance": 0.3579488855246269,
  "usdtBalance": 0,
  "usdcBalance": 0,
  "kenduBalance": 3705282011.416198,
  "ethBalanceInUsd": 581.6168261335453,
  "kenduBalanceInUsd": 38646.091379070946,
  "totalUsdBalance": 581.6168261335453
}