{
  "ethBalance": 6.7554413704538945,
  "usdtBalance": 22002.126666,
  "kenduBalance": 501472065.1465608,
  "ethBalanceInUsd": 22129.33973250546,
  "kenduBalanceInUsd": 90139.6037100943,
  "totalUsdBalance": 44131.466398505465
}