{
  "ethBalance": 0.038589031500035925,
  "usdtBalance": 0,
  "usdcBalance": 0,
  "kenduBalance": 35199894.08324558,
  "ethBalanceInUsd": 148.69511507908842,
  "kenduBalanceInUsd": 1163.7084983920988,
  "totalUsdBalance": 148.69511507908842
}