{
  "ethBalance": 0.038589031500035925,
  "usdtBalance": 0,
  "usdcBalance": 0,
  "kenduBalance": 35199894.08324558,
  "ethBalanceInUsd": 122.04745937673862,
  "kenduBalanceInUsd": 783.5496422930466,
  "totalUsdBalance": 122.04745937673862
}