{
  "ethBalance": 0.04459919224178026,
  "usdtBalance": 0,
  "usdcBalance": 0,
  "kenduBalance": 517214787.4674407,
  "ethBalanceInUsd": 110.20906394866319,
  "kenduBalanceInUsd": 32341.440660339067,
  "totalUsdBalance": 110.20906394866319
}