{
  "ethBalance": 0.35779268808449755,
  "usdtBalance": 0,
  "usdcBalance": 0,
  "kenduBalance": 3546950453.60037,
  "ethBalanceInUsd": 654.5924566312308,
  "kenduBalanceInUsd": 38023.30886259597,
  "totalUsdBalance": 654.5924566312308
}