{
  "ethBalance": 0.35769432885289126,
  "usdtBalance": 0,
  "usdcBalance": 0,
  "kenduBalance": 4514955040.756332,
  "ethBalanceInUsd": 896.7253746610443,
  "kenduBalanceInUsd": 78560.21770916018,
  "totalUsdBalance": 896.7253746610443
}