{
  "ethBalance": 0.5002741579676101,
  "usdtBalance": 0,
  "usdcBalance": 100,
  "kenduBalance": 4855925261.348792,
  "ethBalanceInUsd": 1324.8760525456219,
  "kenduBalanceInUsd": 122709.23135428398,
  "totalUsdBalance": 1424.8760525456219
}