{
  "ethBalance": 0.3117728554842481,
  "usdtBalance": 0,
  "usdcBalance": 0.463046,
  "kenduBalance": 4113980899.4295063,
  "ethBalanceInUsd": 564.923060951793,
  "kenduBalanceInUsd": 48997.512512205416,
  "totalUsdBalance": 565.386106951793
}