{
  "ethBalance": 0.0660488809860724,
  "usdtBalance": 0,
  "usdcBalance": 0,
  "kenduBalance": 7622102282.100412,
  "ethBalanceInUsd": 177.08761774461786,
  "kenduBalanceInUsd": 67074.50008248363,
  "totalUsdBalance": 177.08761774461786
}