{
  "ethBalance": 0.5002741579676101,
  "usdtBalance": 0,
  "usdcBalance": 100,
  "kenduBalance": 4855925261.348792,
  "ethBalanceInUsd": 1284.0536812554647,
  "kenduBalanceInUsd": 123777.53491178072,
  "totalUsdBalance": 1384.0536812554647
}