{
  "ethBalance": 0.03983369884579122,
  "usdtBalance": 0,
  "usdcBalance": 0,
  "kenduBalance": 1091213805.8365645,
  "ethBalanceInUsd": 104.20176948468217,
  "kenduBalanceInUsd": 44990.74521464156,
  "totalUsdBalance": 104.20176948468217
}