{
  "ethBalance": 0.038589031500035925,
  "usdtBalance": 0,
  "usdcBalance": 0,
  "kenduBalance": 35199894.08324558,
  "ethBalanceInUsd": 151.96862262123648,
  "kenduBalanceInUsd": 1336.5399783408348,
  "totalUsdBalance": 151.96862262123648
}