{
  "ethBalance": 0.038589031500035925,
  "usdtBalance": 0,
  "usdcBalance": 0,
  "kenduBalance": 35199894.08324558,
  "ethBalanceInUsd": 119.09578435730089,
  "kenduBalanceInUsd": 585.7262375452065,
  "totalUsdBalance": 119.09578435730089
}