{
  "ethBalance": 0.04459919224178026,
  "usdtBalance": 0,
  "usdcBalance": 0,
  "kenduBalance": 517214787.4674407,
  "ethBalanceInUsd": 113.67977308891854,
  "kenduBalanceInUsd": 29165.741865288983,
  "totalUsdBalance": 113.67977308891854
}