{
  "ethBalance": 0.038589031500035925,
  "usdtBalance": 0,
  "usdcBalance": 0,
  "kenduBalance": 35199894.08324558,
  "ethBalanceInUsd": 97.76608308597102,
  "kenduBalanceInUsd": 1140.8285672379895,
  "totalUsdBalance": 97.76608308597102
}