{
  "ethBalance": 0.038589031500035925,
  "usdtBalance": 0,
  "usdcBalance": 0,
  "kenduBalance": 35199894.08324558,
  "ethBalanceInUsd": 96.27114400565964,
  "kenduBalanceInUsd": 1222.4923215111191,
  "totalUsdBalance": 96.27114400565964
}