{
  "ethBalance": 0.35769432885289126,
  "usdtBalance": 0,
  "usdcBalance": 0,
  "kenduBalance": 4514955040.756332,
  "ethBalanceInUsd": 957.0290615623533,
  "kenduBalanceInUsd": 87906.1746435258,
  "totalUsdBalance": 957.0290615623533
}