{
  "ethBalance": 0.04459919224178026,
  "usdtBalance": 0,
  "usdcBalance": 0,
  "kenduBalance": 517214787.4674407,
  "ethBalanceInUsd": 102.90014832408023,
  "kenduBalanceInUsd": 23336.731210530925,
  "totalUsdBalance": 102.90014832408023
}