{
  "ethBalance": 0.3579488855246269,
  "usdtBalance": 0,
  "usdcBalance": 0,
  "kenduBalance": 3705282011.416198,
  "ethBalanceInUsd": 643.6672654392394,
  "kenduBalanceInUsd": 48465.08870932387,
  "totalUsdBalance": 643.6672654392394
}