{
  "ethBalance": 0.5002741579676101,
  "usdtBalance": 0,
  "usdcBalance": 100,
  "kenduBalance": 4855925261.348792,
  "ethBalanceInUsd": 1369.155318267335,
  "kenduBalanceInUsd": 128342.10465744857,
  "totalUsdBalance": 1469.155318267335
}