{
  "ethBalance": 0.30943876692005484,
  "usdtBalance": 0,
  "usdcBalance": 0,
  "kenduBalance": 8110029020.399477,
  "ethBalanceInUsd": 835.6765227196385,
  "kenduBalanceInUsd": 93751.93547581795,
  "totalUsdBalance": 835.6765227196385
}