{
  "ethBalance": 0.3119048631851912,
  "usdtBalance": 0,
  "usdcBalance": 0.463046,
  "kenduBalance": 4175387837.757599,
  "ethBalanceInUsd": 640.1753745417093,
  "kenduBalanceInUsd": 52192.34797196999,
  "totalUsdBalance": 640.6384205417093
}