{
  "ethBalance": 0.5002347289702855,
  "usdtBalance": 0,
  "usdcBalance": null,
  "kenduBalance": 4809031095.836518,
  "ethBalanceInUsd": 1885.4197099200342,
  "kenduBalanceInUsd": 97959.96342218987,
  "totalUsdBalance": null
}