{
  "ethBalance": 0.038589031500035925,
  "usdtBalance": 0,
  "usdcBalance": 0,
  "kenduBalance": 35199894.08324558,
  "ethBalanceInUsd": 128.74265634199486,
  "kenduBalanceInUsd": 945.4691550759763,
  "totalUsdBalance": 128.74265634199486
}