{
  "ethBalance": 0.038589031500035925,
  "usdtBalance": 0,
  "usdcBalance": 0,
  "kenduBalance": 35199894.08324558,
  "ethBalanceInUsd": 93.60772905152716,
  "kenduBalanceInUsd": 1939.1621650459992,
  "totalUsdBalance": 93.60772905152716
}