{
  "ethBalance": 18.27649738337883,
  "usdtBalance": 0,
  "usdcBalance": 0,
  "kenduBalance": 10805029020.399477,
  "ethBalanceInUsd": 50752.7366438,
  "kenduBalanceInUsd": 141978.08132804913,
  "totalUsdBalance": 50752.7366438
}