{
  "ethBalance": 0.038589031500035925,
  "usdtBalance": 0,
  "usdcBalance": 0,
  "kenduBalance": 35199894.08324558,
  "ethBalanceInUsd": 123.46637806499494,
  "kenduBalanceInUsd": 1839.1944658495818,
  "totalUsdBalance": 123.46637806499494
}