{
  "ethBalance": 0.06254024854608203,
  "usdtBalance": 0,
  "usdcBalance": 0,
  "kenduBalance": 6456272656.749752,
  "ethBalanceInUsd": 154.99725038666787,
  "kenduBalanceInUsd": 67597.1747161699,
  "totalUsdBalance": 154.99725038666787
}