{
  "ethBalance": 0.10788809429719365,
  "usdtBalance": 3946.421819,
  "usdcBalance": 0,
  "kenduBalance": 13268928669.075045,
  "ethBalanceInUsd": 359.2749061762557,
  "kenduBalanceInUsd": 343001.80609558994,
  "totalUsdBalance": 4305.696725176256
}