{
  "ethBalance": 0.04272247540230626,
  "usdtBalance": 0,
  "usdcBalance": 0,
  "kenduBalance": 517214787.4674407,
  "ethBalanceInUsd": 103.3319968060501,
  "kenduBalanceInUsd": 23983.249694865226,
  "totalUsdBalance": 103.3319968060501
}