{
  "ethBalance": 0.038589031500035925,
  "usdtBalance": 0,
  "usdcBalance": 0,
  "kenduBalance": 35199894.08324558,
  "ethBalanceInUsd": 112.8844938470551,
  "kenduBalanceInUsd": 1818.4265283404668,
  "totalUsdBalance": 112.8844938470551
}