{
  "ethBalance": 0.0660488809860724,
  "usdtBalance": 0,
  "usdcBalance": 0,
  "kenduBalance": 7622102282.100412,
  "ethBalanceInUsd": 159.7623357731612,
  "kenduBalanceInUsd": 55412.683590869994,
  "totalUsdBalance": 159.7623357731612
}