{
  "ethBalance": 0.045462183917402754,
  "usdtBalance": 0,
  "usdcBalance": 0,
  "kenduBalance": 307214787.46744066,
  "ethBalanceInUsd": 125.5442755097469,
  "kenduBalanceInUsd": 26383.605947703803,
  "totalUsdBalance": 125.5442755097469
}