{
  "ethBalance": 0.3117728554842481,
  "usdtBalance": 0,
  "usdcBalance": 0.463046,
  "kenduBalance": 4113980899.4295063,
  "ethBalanceInUsd": 597.5438548211099,
  "kenduBalanceInUsd": 47845.59786036516,
  "totalUsdBalance": 598.0069008211099
}