{
  "ethBalance": 0.045462183917402754,
  "usdtBalance": 0,
  "usdcBalance": 0,
  "kenduBalance": 307214787.46744066,
  "ethBalanceInUsd": 117.85798407483159,
  "kenduBalanceInUsd": 31876.60634762164,
  "totalUsdBalance": 117.85798407483159
}