{
  "ethBalance": 0.3579488855246269,
  "usdtBalance": 0,
  "usdcBalance": 0,
  "kenduBalance": 3705282011.416198,
  "ethBalanceInUsd": 579.2042506451093,
  "kenduBalanceInUsd": 41091.57750660564,
  "totalUsdBalance": 579.2042506451093
}