{
  "ethBalance": 0.10788809429719365,
  "usdtBalance": 3946.421819,
  "usdcBalance": 0,
  "kenduBalance": 13268928669.075045,
  "ethBalanceInUsd": 329.2572016999475,
  "kenduBalanceInUsd": 285281.9663851135,
  "totalUsdBalance": 4275.679020699948
}