{
  "ethBalance": 0.038589031500035925,
  "usdtBalance": 0,
  "usdcBalance": 0,
  "kenduBalance": 35199894.08324558,
  "ethBalanceInUsd": 130.65049805935664,
  "kenduBalanceInUsd": 301.3110933525822,
  "totalUsdBalance": 130.65049805935664
}