{
  "ethBalance": 0.3117728554842481,
  "usdtBalance": 0,
  "usdcBalance": 0.463046,
  "kenduBalance": 4113980899.4295063,
  "ethBalanceInUsd": 564.6424653818572,
  "kenduBalanceInUsd": 48010.15709634234,
  "totalUsdBalance": 565.1055113818571
}