{
  "ethBalance": 0.3117728554842481,
  "usdtBalance": 0,
  "usdcBalance": 0.463046,
  "kenduBalance": 4113980899.4295063,
  "ethBalanceInUsd": 623.8294242669868,
  "kenduBalanceInUsd": 52206.41761376044,
  "totalUsdBalance": 624.2924702669868
}