{
  "ethBalance": 0.038589031500035925,
  "usdtBalance": 0,
  "usdcBalance": 0,
  "kenduBalance": 35199894.08324558,
  "ethBalanceInUsd": 124.25861088169069,
  "kenduBalanceInUsd": 737.7897799848274,
  "totalUsdBalance": 124.25861088169069
}