{
  "ethBalance": 0.038589031500035925,
  "usdtBalance": 0,
  "usdcBalance": 0,
  "kenduBalance": 35199894.08324558,
  "ethBalanceInUsd": 134.35388741241508,
  "kenduBalanceInUsd": 1241.8522632569043,
  "totalUsdBalance": 134.35388741241508
}