{
  "ethBalance": 0.659534011230498,
  "usdtBalance": 0,
  "usdcBalance": null,
  "kenduBalance": 4482236645.828448,
  "ethBalanceInUsd": 2983.125095516441,
  "kenduBalanceInUsd": 56431.359370980164,
  "totalUsdBalance": null
}