{
  "ethBalance": 0.5002741579676101,
  "usdtBalance": 0,
  "usdcBalance": 100,
  "kenduBalance": 4855925261.348792,
  "ethBalanceInUsd": 1096.716017321334,
  "kenduBalanceInUsd": 94544.86483846098,
  "totalUsdBalance": 1196.716017321334
}