{
  "ethBalance": 0.038589031500035925,
  "usdtBalance": 0,
  "usdcBalance": 0,
  "kenduBalance": 35199894.08324558,
  "ethBalanceInUsd": 143.36404037735846,
  "kenduBalanceInUsd": 977.5010586917299,
  "totalUsdBalance": 143.36404037735846
}