{
  "ethBalance": 13.47560135212183,
  "usdtBalance": 3949.089252,
  "usdcBalance": 8005.206012,
  "kenduBalance": 10805029020.399477,
  "ethBalanceInUsd": 43910.920785956594,
  "kenduBalanceInUsd": 178391.02912679536,
  "totalUsdBalance": 55865.216049956594
}