{
  "ethBalance": 0.3603761199402911,
  "usdtBalance": 0,
  "usdcBalance": 154.403285,
  "kenduBalance": 4113980899.4295063,
  "ethBalanceInUsd": 527.0536791738751,
  "kenduBalanceInUsd": 36244.17172397395,
  "totalUsdBalance": 681.4569641738751
}