{
  "ethBalance": 0.3579488855246269,
  "usdtBalance": 0,
  "usdcBalance": 0,
  "kenduBalance": 3705282011.416198,
  "ethBalanceInUsd": 583.4531039162866,
  "kenduBalanceInUsd": 39053.67240032673,
  "totalUsdBalance": 583.4531039162866
}