{
  "ethBalance": 0.038589031500035925,
  "usdtBalance": 0,
  "usdcBalance": 0,
  "kenduBalance": 35199894.08324558,
  "ethBalanceInUsd": 126.04219591762234,
  "kenduBalanceInUsd": 1076.7647600064822,
  "totalUsdBalance": 126.04219591762234
}