{
  "ethBalance": 0.06254024854608203,
  "usdtBalance": 0,
  "usdcBalance": 0,
  "kenduBalance": 6456272656.749752,
  "ethBalanceInUsd": 138.47474212327847,
  "kenduBalanceInUsd": 60624.40024688017,
  "totalUsdBalance": 138.47474212327847
}