{
  "ethBalance": 0.038589031500035925,
  "usdtBalance": 0,
  "usdcBalance": 0,
  "kenduBalance": 35199894.08324558,
  "ethBalanceInUsd": 154.69725303860403,
  "kenduBalanceInUsd": 1318.236033417547,
  "totalUsdBalance": 154.69725303860403
}