{
  "ethBalance": 0.5002741579676101,
  "usdtBalance": 0,
  "usdcBalance": 100,
  "kenduBalance": 4855925261.348792,
  "ethBalanceInUsd": 1275.834176840057,
  "kenduBalanceInUsd": 111443.48474795478,
  "totalUsdBalance": 1375.834176840057
}