{
  "ethBalance": 0.5002741579676101,
  "usdtBalance": 0,
  "usdcBalance": 100,
  "kenduBalance": 4855925261.348792,
  "ethBalanceInUsd": 1331.54470707133,
  "kenduBalanceInUsd": 142764.2026836545,
  "totalUsdBalance": 1431.54470707133
}