{
  "ethBalance": 0.5002741579676101,
  "usdtBalance": 0,
  "usdcBalance": 100,
  "kenduBalance": 4855925261.348792,
  "ethBalanceInUsd": 1256.5886299830431,
  "kenduBalanceInUsd": 116882.12104066543,
  "totalUsdBalance": 1356.5886299830431
}