{
  "ethBalance": 0.04459919224178026,
  "usdtBalance": 0,
  "usdcBalance": 0,
  "kenduBalance": 517214787.4674407,
  "ethBalanceInUsd": 110.16223479680933,
  "kenduBalanceInUsd": 30319.130841341375,
  "totalUsdBalance": 110.16223479680933
}