{
  "ethBalance": 0.04272247540230626,
  "usdtBalance": 0,
  "usdcBalance": 0,
  "kenduBalance": 517214787.4674407,
  "ethBalanceInUsd": 104.29880642440429,
  "kenduBalanceInUsd": 24381.505081215157,
  "totalUsdBalance": 104.29880642440429
}