{
  "ethBalance": 0.3579488855246269,
  "usdtBalance": 0,
  "usdcBalance": 0,
  "kenduBalance": 3705282011.416198,
  "ethBalanceInUsd": 567.717670908624,
  "kenduBalanceInUsd": 39831.78162272413,
  "totalUsdBalance": 567.717670908624
}