{
  "ethBalance": 8.011063080971311,
  "usdtBalance": 22313.097842,
  "usdcBalance": 88.007775,
  "kenduBalance": 302835445.5049916,
  "ethBalanceInUsd": 25357.177638306064,
  "kenduBalanceInUsd": 44253.34365164443,
  "totalUsdBalance": 47758.283255306065
}