{
  "ethBalance": 0.038589031500035925,
  "usdtBalance": 0,
  "usdcBalance": 0,
  "kenduBalance": 35199894.08324558,
  "ethBalanceInUsd": 132.49312431348335,
  "kenduBalanceInUsd": 1201.3723850611718,
  "totalUsdBalance": 132.49312431348335
}