{
  "ethBalance": 0.038589031500035925,
  "usdtBalance": 0,
  "usdcBalance": 0,
  "kenduBalance": 35199894.08324558,
  "ethBalanceInUsd": 150.89430398427547,
  "kenduBalanceInUsd": 1145.7565524096437,
  "totalUsdBalance": 150.89430398427547
}