{
  "ethBalance": 7.104415215415171,
  "usdtBalance": 22218.494633,
  "kenduBalance": 302835445.5049916,
  "ethBalanceInUsd": 23488.40445274918,
  "kenduBalanceInUsd": 55370.43285613266,
  "totalUsdBalance": 45706.89908574917
}