{
  "ethBalance": 0.04459919224178026,
  "usdtBalance": 0,
  "usdcBalance": 0,
  "kenduBalance": 517214787.4674407,
  "ethBalanceInUsd": 107.94877688584978,
  "kenduBalanceInUsd": 28291.648874469007,
  "totalUsdBalance": 107.94877688584978
}