{
  "ethBalance": 18.27649738337883,
  "usdtBalance": 0,
  "usdcBalance": 0,
  "kenduBalance": 10805029020.399477,
  "ethBalanceInUsd": 51034.56023345171,
  "kenduBalanceInUsd": 126959.09098969385,
  "totalUsdBalance": 51034.56023345171
}