{
  "ethBalance": 0.038589031500035925,
  "usdtBalance": 0,
  "usdcBalance": 0,
  "kenduBalance": 35199894.08324558,
  "ethBalanceInUsd": 138.38566942353881,
  "kenduBalanceInUsd": 1066.9087896631736,
  "totalUsdBalance": 138.38566942353881
}