{
  "ethBalance": 0.3579488855246269,
  "usdtBalance": 0,
  "usdcBalance": 0,
  "kenduBalance": 3705282011.416198,
  "ethBalanceInUsd": 566.858593583365,
  "kenduBalanceInUsd": 44204.014396195234,
  "totalUsdBalance": 566.858593583365
}