{
  "ethBalance": 0.038589031500035925,
  "usdtBalance": 0,
  "usdcBalance": 0,
  "kenduBalance": 35199894.08324558,
  "ethBalanceInUsd": 129.3157034597704,
  "kenduBalanceInUsd": 939.837172022657,
  "totalUsdBalance": 129.3157034597704
}