{
  "ethBalance": 13.47560135212183,
  "usdtBalance": 3949.089252,
  "usdcBalance": 8005.206012,
  "kenduBalance": 10805029020.399477,
  "ethBalanceInUsd": 45439.99727138185,
  "kenduBalanceInUsd": 198272.2825243304,
  "totalUsdBalance": 57394.29253538185
}