{
  "ethBalance": 2.037084045317489,
  "usdtBalance": 0,
  "usdcBalance": 0,
  "kenduBalance": 8110029020.399477,
  "ethBalanceInUsd": 5586.74373596412,
  "kenduBalanceInUsd": 101456.46304519747,
  "totalUsdBalance": 5586.74373596412
}