{
  "ethBalance": 0.06254024854608203,
  "usdtBalance": 0,
  "usdcBalance": 0,
  "kenduBalance": 6456272656.749752,
  "ethBalanceInUsd": 143.05206291436622,
  "kenduBalanceInUsd": 54942.88030894039,
  "totalUsdBalance": 143.05206291436622
}