{
  "ethBalance": 0.3579488855246269,
  "usdtBalance": 0,
  "usdcBalance": 0,
  "kenduBalance": 3705282011.416198,
  "ethBalanceInUsd": 570.0658155976655,
  "kenduBalanceInUsd": 42054.95082957384,
  "totalUsdBalance": 570.0658155976655
}