{
  "ethBalance": 0.30943876692005484,
  "usdtBalance": 0,
  "usdcBalance": 0,
  "kenduBalance": 8110029020.399477,
  "ethBalanceInUsd": 847.8684101362886,
  "kenduBalanceInUsd": 84506.50239256256,
  "totalUsdBalance": 847.8684101362886
}