{
  "ethBalance": 0.038589031500035925,
  "usdtBalance": 0,
  "usdcBalance": 0,
  "kenduBalance": 35199894.08324558,
  "ethBalanceInUsd": 139.25932509669965,
  "kenduBalanceInUsd": 793.0536136955229,
  "totalUsdBalance": 139.25932509669965
}