{
  "ethBalance": 0.038589031500035925,
  "usdtBalance": 0,
  "usdcBalance": 0,
  "kenduBalance": 35199894.08324558,
  "ethBalanceInUsd": 104.59286864864237,
  "kenduBalanceInUsd": 1257.6922155943646,
  "totalUsdBalance": 104.59286864864237
}