{
  "ethBalance": 0.04459919224178026,
  "usdtBalance": 0,
  "usdcBalance": 0,
  "kenduBalance": 517214787.4674407,
  "ethBalanceInUsd": 104.62078516076814,
  "kenduBalanceInUsd": 20212.753894227582,
  "totalUsdBalance": 104.62078516076814
}