{
  "ethBalance": 0.3196155371451788,
  "usdtBalance": 0,
  "usdcBalance": 884.463046,
  "kenduBalance": 5453954448.539579,
  "ethBalanceInUsd": 603.5332149466126,
  "kenduBalanceInUsd": 37741.364783893885,
  "totalUsdBalance": 1487.9962609466124
}