{
  "ethBalance": 0.3117728554842481,
  "usdtBalance": 0,
  "usdcBalance": 0.463046,
  "kenduBalance": 4113980899.4295063,
  "ethBalanceInUsd": 567.6323670659511,
  "kenduBalanceInUsd": 51548.18066985172,
  "totalUsdBalance": 568.0954130659511
}