{
  "ethBalance": 0.038589031500035925,
  "usdtBalance": 0,
  "usdcBalance": 0,
  "kenduBalance": 35199894.08324558,
  "ethBalanceInUsd": 150.92517520947553,
  "kenduBalanceInUsd": 1143.9965577054813,
  "totalUsdBalance": 150.92517520947553
}