{
  "ethBalance": 0.5002741579676101,
  "usdtBalance": 0,
  "usdcBalance": 100,
  "kenduBalance": 4855925261.348792,
  "ethBalanceInUsd": 1139.5294797602019,
  "kenduBalanceInUsd": 97021.38672174886,
  "totalUsdBalance": 1239.5294797602019
}