{
  "ethBalance": 0.04459919224178026,
  "usdtBalance": 0,
  "usdcBalance": 0,
  "kenduBalance": 517214787.4674407,
  "ethBalanceInUsd": 104.65557253071671,
  "kenduBalanceInUsd": 27893.39348811908,
  "totalUsdBalance": 104.65557253071671
}