{
  "ethBalance": 0.038589031500035925,
  "usdtBalance": 0,
  "usdcBalance": 0,
  "kenduBalance": 35199894.08324558,
  "ethBalanceInUsd": 116.35403366922333,
  "kenduBalanceInUsd": 1717.0508333807195,
  "totalUsdBalance": 116.35403366922333
}