{
  "ethBalance": 0.038589031500035925,
  "usdtBalance": 0,
  "usdcBalance": 0,
  "kenduBalance": 35199894.08324558,
  "ethBalanceInUsd": 131.1517695785421,
  "kenduBalanceInUsd": 874.0133700869878,
  "totalUsdBalance": 131.1517695785421
}