{
  "ethBalance": 0.038589031500035925,
  "usdtBalance": 0,
  "usdcBalance": 0,
  "kenduBalance": 35199894.08324558,
  "ethBalanceInUsd": 133.6245547170644,
  "kenduBalanceInUsd": 1034.8768860474202,
  "totalUsdBalance": 133.6245547170644
}