{
  "ethBalance": 0.045462183917402754,
  "usdtBalance": 0,
  "usdcBalance": 0,
  "kenduBalance": 307214787.46744066,
  "ethBalanceInUsd": 121.7681865135674,
  "kenduBalanceInUsd": 29646.226990608026,
  "totalUsdBalance": 121.7681865135674
}