{
  "ethBalance": 0.3117728554842481,
  "usdtBalance": 0,
  "usdcBalance": 0.463046,
  "kenduBalance": 4113980899.4295063,
  "ethBalanceInUsd": 595.0496719772359,
  "kenduBalanceInUsd": 50972.22334393158,
  "totalUsdBalance": 595.5127179772359
}