{
  "ethBalance": 0.04272247540230626,
  "usdtBalance": 0,
  "usdcBalance": 0,
  "kenduBalance": 517214787.4674407,
  "ethBalanceInUsd": 110.40427538414788,
  "kenduBalanceInUsd": 25167.671558165664,
  "totalUsdBalance": 110.40427538414788
}