{
  "ethBalance": 0.5002741579676101,
  "usdtBalance": 0,
  "usdcBalance": 100,
  "kenduBalance": 4855925261.348792,
  "ethBalanceInUsd": 1346.913129204095,
  "kenduBalanceInUsd": 144123.86175683216,
  "totalUsdBalance": 1446.913129204095
}