{
  "ethBalance": 0.038589031500035925,
  "usdtBalance": 0,
  "usdcBalance": 0,
  "kenduBalance": 35199894.08324558,
  "ethBalanceInUsd": 102.18105417989013,
  "kenduBalanceInUsd": 1445.3076510580638,
  "totalUsdBalance": 102.18105417989013
}