{
  "ethBalance": 0.038589031500035925,
  "usdtBalance": 0,
  "usdcBalance": 0,
  "kenduBalance": 35199894.08324558,
  "ethBalanceInUsd": 132.51087526797338,
  "kenduBalanceInUsd": 623.7421231551117,
  "totalUsdBalance": 132.51087526797338
}