{
  "ethBalance": 0.35769432885289126,
  "usdtBalance": 0,
  "usdcBalance": 0,
  "kenduBalance": 4514955040.756332,
  "ethBalanceInUsd": 923.4952182323947,
  "kenduBalanceInUsd": 86145.34217763082,
  "totalUsdBalance": 923.4952182323947
}