{
  "ethBalance": 0.038589031500035925,
  "usdtBalance": 0,
  "usdcBalance": 0,
  "kenduBalance": 35199894.08324558,
  "ethBalanceInUsd": 131.43038238597237,
  "kenduBalanceInUsd": 1212.6363511678103,
  "totalUsdBalance": 131.43038238597237
}