{
  "ethBalance": 0.038589031500035925,
  "usdtBalance": 0,
  "usdcBalance": 0,
  "kenduBalance": 35199894.08324558,
  "ethBalanceInUsd": 128.63846595694477,
  "kenduBalanceInUsd": 1129.9166000721832,
  "totalUsdBalance": 128.63846595694477
}