{
  "ethBalance": 0.045462183917402754,
  "usdtBalance": 0,
  "usdcBalance": 0,
  "kenduBalance": 307214787.46744066,
  "ethBalanceInUsd": 124.75550661877993,
  "kenduBalanceInUsd": 24488.090709029693,
  "totalUsdBalance": 124.75550661877993
}