{
  "ethBalance": 0.3603761199402911,
  "usdtBalance": 0,
  "usdcBalance": 154.403285,
  "kenduBalance": 4113980899.4295063,
  "ethBalanceInUsd": 541.093932806749,
  "kenduBalanceInUsd": 36778.98924089979,
  "totalUsdBalance": 695.497217806749
}