{
  "ethBalance": 8.011063080971311,
  "usdtBalance": 22313.097842,
  "usdcBalance": 88.007775,
  "kenduBalance": 302835445.5049916,
  "ethBalanceInUsd": 25408.28822076266,
  "kenduBalanceInUsd": 44995.290493131644,
  "totalUsdBalance": 47809.393837762655
}