{
  "ethBalance": 0.04272247540230626,
  "usdtBalance": 0,
  "usdcBalance": 0,
  "kenduBalance": 517214787.4674407,
  "ethBalanceInUsd": 111.57828900820326,
  "kenduBalanceInUsd": 23983.249694865226,
  "totalUsdBalance": 111.57828900820326
}