{
  "ethBalance": 0.11064889545570843,
  "usdtBalance": 0,
  "usdcBalance": 0,
  "kenduBalance": 11696082608.223656,
  "ethBalanceInUsd": 368.02597170836816,
  "kenduBalanceInUsd": 339303.35646456823,
  "totalUsdBalance": 368.02597170836816
}