{
  "ethBalance": 0.038589031500035925,
  "usdtBalance": 0,
  "usdcBalance": 0,
  "kenduBalance": 35199894.08324558,
  "ethBalanceInUsd": 128.7986104376699,
  "kenduBalanceInUsd": 1085.9167324681262,
  "totalUsdBalance": 128.7986104376699
}