{
  "ethBalance": 0.04459919224178026,
  "usdtBalance": 0,
  "usdcBalance": 0,
  "kenduBalance": 517214787.4674407,
  "ethBalanceInUsd": 103.11333246299596,
  "kenduBalanceInUsd": 26584.840075826454,
  "totalUsdBalance": 103.11333246299596
}