{
  "ethBalance": 0.038589031500035925,
  "usdtBalance": 0,
  "usdcBalance": 0,
  "kenduBalance": 35199894.08324558,
  "ethBalanceInUsd": 102.35509071195528,
  "kenduBalanceInUsd": 1443.1956574130688,
  "totalUsdBalance": 102.35509071195528
}