{
  "ethBalance": 8.056063080971311,
  "usdtBalance": 22313.097842,
  "usdcBalance": 88.007775,
  "kenduBalance": 319721753.5049916,
  "ethBalanceInUsd": 25590.48717985942,
  "kenduBalanceInUsd": 42401.49894983198,
  "totalUsdBalance": 47991.59279685942
}