{
  "ethBalance": 0.045462183917402754,
  "usdtBalance": 0,
  "usdcBalance": 0,
  "kenduBalance": 307214787.46744066,
  "ethBalanceInUsd": 123.83398815077419,
  "kenduBalanceInUsd": 30739.911633992113,
  "totalUsdBalance": 123.83398815077419
}