{
  "ethBalance": 0.038589031500035925,
  "usdtBalance": 0,
  "usdcBalance": 0,
  "kenduBalance": 35199894.08324558,
  "ethBalanceInUsd": 116.13870687345313,
  "kenduBalanceInUsd": 693.7899123807704,
  "totalUsdBalance": 116.13870687345313
}