{
  "ethBalance": 0.35798968333076975,
  "usdtBalance": 0,
  "usdcBalance": 4004.403285,
  "kenduBalance": 3705282011.416198,
  "ethBalanceInUsd": 564.4459136044579,
  "kenduBalanceInUsd": 39275.98932101169,
  "totalUsdBalance": 4568.849198604457
}