{
  "ethBalance": 0.038589031500035925,
  "usdtBalance": 0,
  "usdcBalance": 0,
  "kenduBalance": 35199894.08324558,
  "ethBalanceInUsd": 142.46375827246263,
  "kenduBalanceInUsd": 1372.4438703057451,
  "totalUsdBalance": 142.46375827246263
}