{
  "ethBalance": 0.038589031500035925,
  "usdtBalance": 0,
  "usdcBalance": 0,
  "kenduBalance": 35199894.08324558,
  "ethBalanceInUsd": 103.81491377360165,
  "kenduBalanceInUsd": 1867.0023821753457,
  "totalUsdBalance": 103.81491377360165
}