{
  "ethBalance": 0.30943876692005484,
  "usdtBalance": 0,
  "usdcBalance": 0,
  "kenduBalance": 8110029020.399477,
  "ethBalanceInUsd": 831.2329820266666,
  "kenduBalanceInUsd": 89940.22183623021,
  "totalUsdBalance": 831.2329820266666
}