{
  "ethBalance": 0.35769432885289126,
  "usdtBalance": 0,
  "usdcBalance": 0,
  "kenduBalance": 4514955040.756332,
  "ethBalanceInUsd": 904.1403780981648,
  "kenduBalanceInUsd": 77296.03029774841,
  "totalUsdBalance": 904.1403780981648
}