{
  "ethBalance": 0.038589031500035925,
  "usdtBalance": 0,
  "usdcBalance": 0,
  "kenduBalance": 35199894.08324558,
  "ethBalanceInUsd": 121.9297628306635,
  "kenduBalanceInUsd": 1477.6915536146496,
  "totalUsdBalance": 121.9297628306635
}