{
  "ethBalance": 8.056063080971311,
  "usdtBalance": 22313.097842,
  "usdcBalance": 88.007775,
  "kenduBalance": 319823769.8171208,
  "ethBalanceInUsd": 23935.449580504675,
  "kenduBalanceInUsd": 37707.22246143854,
  "totalUsdBalance": 46336.55519750468
}