{
  "ethBalance": 0.3579488855246269,
  "usdtBalance": 0,
  "usdcBalance": 0,
  "kenduBalance": 3705282011.416198,
  "ethBalanceInUsd": 583.023565253657,
  "kenduBalanceInUsd": 37386.295495189435,
  "totalUsdBalance": 583.023565253657
}