{
  "ethBalance": 0.038589031500035925,
  "usdtBalance": 0,
  "usdcBalance": 0,
  "kenduBalance": 35199894.08324558,
  "ethBalanceInUsd": 149.07560292967878,
  "kenduBalanceInUsd": 995.4530046741851,
  "totalUsdBalance": 149.07560292967878
}