{
  "ethBalance": 0.04272247540230626,
  "usdtBalance": 0,
  "usdcBalance": 0,
  "kenduBalance": 517214787.4674407,
  "ethBalanceInUsd": 111.87478298749527,
  "kenduBalanceInUsd": 30070.867743357005,
  "totalUsdBalance": 111.87478298749527
}