{
  "ethBalance": 0.3117728554842481,
  "usdtBalance": 0,
  "usdcBalance": 0.463046,
  "kenduBalance": 4113980899.4295063,
  "ethBalanceInUsd": 575.4890430241542,
  "kenduBalanceInUsd": 46241.14530958766,
  "totalUsdBalance": 575.9520890241541
}