{
  "ethBalance": 0.045462183917402754,
  "usdtBalance": 0,
  "usdcBalance": 0,
  "kenduBalance": 307214787.46744066,
  "ethBalanceInUsd": 118.17394625305754,
  "kenduBalanceInUsd": 22635.585540601027,
  "totalUsdBalance": 118.17394625305754
}