{
  "ethBalance": 8.944122898556564,
  "usdtBalance": 3949.089252,
  "usdcBalance": 8005.206012,
  "kenduBalance": 11696090876.58079,
  "ethBalanceInUsd": 28123.27395361836,
  "kenduBalanceInUsd": 268542.2465262949,
  "totalUsdBalance": 40077.569217618366
}