{
  "ethBalance": 0.045462183917402754,
  "usdtBalance": 0,
  "usdcBalance": 0,
  "kenduBalance": 307214787.46744066,
  "ethBalanceInUsd": 117.08148997352237,
  "kenduBalanceInUsd": 21563.40593233966,
  "totalUsdBalance": 117.08148997352237
}