{
  "ethBalance": 0.038589031500035925,
  "usdtBalance": 0,
  "usdcBalance": 0,
  "kenduBalance": 35199894.08324558,
  "ethBalanceInUsd": 123.08087364030959,
  "kenduBalanceInUsd": 1845.8824457253984,
  "totalUsdBalance": 123.08087364030959
}