{
  "ethBalance": 0.038589031500035925,
  "usdtBalance": 0,
  "usdcBalance": 0,
  "kenduBalance": 35199894.08324558,
  "ethBalanceInUsd": 124.25050718507568,
  "kenduBalanceInUsd": 666.6859939366714,
  "totalUsdBalance": 124.25050718507568
}