{
  "ethBalance": 0.5002741579676101,
  "usdtBalance": 0,
  "usdcBalance": 100,
  "kenduBalance": 4855925261.348792,
  "ethBalanceInUsd": 1261.6464017200956,
  "kenduBalanceInUsd": 114357.03990476405,
  "totalUsdBalance": 1361.6464017200956
}