{
  "ethBalance": 8.051792938400936,
  "usdtBalance": 22356.072978,
  "usdcBalance": 88.007775,
  "kenduBalance": 947823769.8171208,
  "ethBalanceInUsd": 19851.614971698124,
  "kenduBalanceInUsd": 110279.295618222,
  "totalUsdBalance": 42295.695724698126
}