{
  "ethBalance": 0.5002741579676101,
  "usdtBalance": 0,
  "usdcBalance": 100,
  "kenduBalance": 4855925261.348792,
  "ethBalanceInUsd": 1288.8162912393163,
  "kenduBalanceInUsd": 121592.36854417376,
  "totalUsdBalance": 1388.8162912393163
}