{
  "ethBalance": 0.038589031500035925,
  "usdtBalance": 0,
  "usdcBalance": 0,
  "kenduBalance": 35199894.08324558,
  "ethBalanceInUsd": 121.8039625879734,
  "kenduBalanceInUsd": 801.501588275502,
  "totalUsdBalance": 121.8039625879734
}