{
  "ethBalance": 0.04272247540230626,
  "usdtBalance": 0,
  "usdcBalance": 0,
  "kenduBalance": 517214787.4674407,
  "ethBalanceInUsd": 112.19178375498038,
  "kenduBalanceInUsd": 29134.708978040933,
  "totalUsdBalance": 112.19178375498038
}