{
  "ethBalance": 0.5002741579676101,
  "usdtBalance": 0,
  "usdcBalance": 100,
  "kenduBalance": 4855925261.348792,
  "ethBalanceInUsd": 1247.9839144660002,
  "kenduBalanceInUsd": 159420.02633008084,
  "totalUsdBalance": 1347.9839144660002
}