{
  "ethBalance": 8.051792938400936,
  "usdtBalance": 22356.072978,
  "usdcBalance": 88.007775,
  "kenduBalance": 947823769.8171208,
  "ethBalanceInUsd": 19779.309871111287,
  "kenduBalanceInUsd": 105085.22135962418,
  "totalUsdBalance": 42223.390624111285
}