{
  "ethBalance": 0.3579040556931112,
  "usdtBalance": 0,
  "usdcBalance": 0,
  "kenduBalance": 3646098337.9468102,
  "ethBalanceInUsd": 658.829785719879,
  "kenduBalanceInUsd": 40508.15253458906,
  "totalUsdBalance": 658.829785719879
}