{
  "ethBalance": 0.5002741579676101,
  "usdtBalance": 0,
  "usdcBalance": 100,
  "kenduBalance": 4855925261.348792,
  "ethBalanceInUsd": 1274.753584658847,
  "kenduBalanceInUsd": 121446.69078633329,
  "totalUsdBalance": 1374.753584658847
}