{
  "ethBalance": 0.045462183917402754,
  "usdtBalance": 0,
  "usdcBalance": 0,
  "kenduBalance": 307214787.46744066,
  "ethBalanceInUsd": 121.25400921346157,
  "kenduBalanceInUsd": 27729.206716811197,
  "totalUsdBalance": 121.25400921346157
}