{
  "ethBalance": 0.04272247540230626,
  "usdtBalance": 0,
  "usdcBalance": 0,
  "kenduBalance": 517214787.4674407,
  "ethBalanceInUsd": 109.79889790769721,
  "kenduBalanceInUsd": 29232.97978765975,
  "totalUsdBalance": 109.79889790769721
}