{
  "ethBalance": 9.83774027698866,
  "usdtBalance": 3949.089252,
  "usdcBalance": 8005.206012,
  "kenduBalance": 11515381333.82473,
  "ethBalanceInUsd": 31449.386494880117,
  "kenduBalanceInUsd": 240901.77750361335,
  "totalUsdBalance": 43403.68175888012
}