{
  "ethBalance": 4.092998430208601,
  "usdtBalance": 0,
  "usdcBalance": 0,
  "kenduBalance": 8305029020.399477,
  "ethBalanceInUsd": 11231.392342413912,
  "kenduBalanceInUsd": 123080.53008232026,
  "totalUsdBalance": 11231.392342413912
}