{
  "ethBalance": 0.04459919224178026,
  "usdtBalance": 0,
  "usdcBalance": 0,
  "kenduBalance": 517214787.4674407,
  "ethBalanceInUsd": 104.47851373751686,
  "kenduBalanceInUsd": 25488.34472639548,
  "totalUsdBalance": 104.47851373751686
}