{
  "ethBalance": 0.04272247540230626,
  "usdtBalance": 0,
  "usdcBalance": 0,
  "kenduBalance": 517214787.4674407,
  "ethBalanceInUsd": 104.86487922348485,
  "kenduBalanceInUsd": 22085.071424859718,
  "totalUsdBalance": 104.86487922348485
}