{
  "ethBalance": 0.038589031500035925,
  "usdtBalance": 0,
  "usdcBalance": 0,
  "kenduBalance": 35199894.08324558,
  "ethBalanceInUsd": 102.65261214482057,
  "kenduBalanceInUsd": 1925.4342063535335,
  "totalUsdBalance": 102.65261214482057
}