{
  "ethBalance": 0.04459919224178026,
  "usdtBalance": 0,
  "usdcBalance": 0,
  "kenduBalance": 517214787.4674407,
  "ethBalanceInUsd": 104.43346855335265,
  "kenduBalanceInUsd": 23936.700363993154,
  "totalUsdBalance": 104.43346855335265
}