{
  "ethBalance": 0.0660488809860724,
  "usdtBalance": 0,
  "usdcBalance": 0,
  "kenduBalance": 7622102282.100412,
  "ethBalanceInUsd": 177.62393465822478,
  "kenduBalanceInUsd": 66388.5108770946,
  "totalUsdBalance": 177.62393465822478
}