{
  "ethBalance": 0.038589031500035925,
  "usdtBalance": 0,
  "usdcBalance": 0,
  "kenduBalance": 35199894.08324558,
  "ethBalanceInUsd": 123.81676647101527,
  "kenduBalanceInUsd": 784.2536401747116,
  "totalUsdBalance": 123.81676647101527
}