{
  "ethBalance": 0.35779268808449755,
  "usdtBalance": 0,
  "usdcBalance": 0,
  "kenduBalance": 3546950453.60037,
  "ethBalanceInUsd": 840.9559340738031,
  "kenduBalanceInUsd": 61255.83433367839,
  "totalUsdBalance": 840.9559340738031
}