{
  "ethBalance": 0.038589031500035925,
  "usdtBalance": 0,
  "usdcBalance": 0,
  "kenduBalance": 35199894.08324558,
  "ethBalanceInUsd": 121.66272673268327,
  "kenduBalanceInUsd": 1390.747815229033,
  "totalUsdBalance": 121.66272673268327
}