{
  "ethBalance": 0.35779268808449755,
  "usdtBalance": 0,
  "usdcBalance": 0,
  "kenduBalance": 3546950453.60037,
  "ethBalanceInUsd": 730.337168698719,
  "kenduBalanceInUsd": 48628.69071886107,
  "totalUsdBalance": 730.337168698719
}