{
  "ethBalance": 0.3196155371451788,
  "usdtBalance": 0,
  "usdcBalance": 884.463046,
  "kenduBalance": 5453954448.539579,
  "ethBalanceInUsd": 609.2830984598544,
  "kenduBalanceInUsd": 38232.22068426245,
  "totalUsdBalance": 1493.7461444598543
}