{
  "ethBalance": 0.04459919224178026,
  "usdtBalance": 0,
  "usdcBalance": 0,
  "kenduBalance": 517214787.4674407,
  "ethBalanceInUsd": 114.92899646361079,
  "kenduBalanceInUsd": 36391.23244620913,
  "totalUsdBalance": 114.92899646361079
}