{
  "ethBalance": 0.04272247540230626,
  "usdtBalance": 0,
  "usdcBalance": 0,
  "kenduBalance": 517214787.4674407,
  "ethBalanceInUsd": 101.34070222754862,
  "kenduBalanceInUsd": 23026.402338050462,
  "totalUsdBalance": 101.34070222754862
}