{
  "ethBalance": 0.04459919224178026,
  "usdtBalance": 0,
  "usdcBalance": 0,
  "kenduBalance": 517214787.4674407,
  "ethBalanceInUsd": 108.77921384539172,
  "kenduBalanceInUsd": 29331.250597278562,
  "totalUsdBalance": 108.77921384539172
}