{
  "ethBalance": 0.04272247540230626,
  "usdtBalance": 0,
  "usdcBalance": 0,
  "kenduBalance": 517214787.4674407,
  "ethBalanceInUsd": 104.26761901736062,
  "kenduBalanceInUsd": 23253.976844536137,
  "totalUsdBalance": 104.26761901736062
}