{
  "ethBalance": 0.038589031500035925,
  "usdtBalance": 0,
  "usdcBalance": 0,
  "kenduBalance": 35199894.08324558,
  "ethBalanceInUsd": 129.1115674831352,
  "kenduBalanceInUsd": 1131.6765947763456,
  "totalUsdBalance": 129.1115674831352
}