{
  "ethBalance": 0.5002741579676101,
  "usdtBalance": 0,
  "usdcBalance": 100,
  "kenduBalance": 4855925261.348792,
  "ethBalanceInUsd": 1216.9218919977914,
  "kenduBalanceInUsd": 109743.9109064827,
  "totalUsdBalance": 1316.9218919977914
}