{
  "ethBalance": 0.038589031500035925,
  "usdtBalance": 0,
  "usdcBalance": 0,
  "kenduBalance": 35199894.08324558,
  "ethBalanceInUsd": 126.63762467366789,
  "kenduBalanceInUsd": 463.23060613551183,
  "totalUsdBalance": 126.63762467366789
}