{
  "ethBalance": 0.045462183917402754,
  "usdtBalance": 0,
  "usdcBalance": 0,
  "kenduBalance": 307214787.46744066,
  "ethBalanceInUsd": 121.56860752617001,
  "kenduBalanceInUsd": 29606.289068237256,
  "totalUsdBalance": 121.56860752617001
}