{
  "ethBalance": 0.038589031500035925,
  "usdtBalance": 0,
  "usdcBalance": 0,
  "kenduBalance": 35199894.08324558,
  "ethBalanceInUsd": 130.56637397068656,
  "kenduBalanceInUsd": 1119.3566318472097,
  "totalUsdBalance": 130.56637397068656
}