{
  "ethBalance": 0.5002741579676101,
  "usdtBalance": 0,
  "usdcBalance": 100,
  "kenduBalance": 4855925261.348792,
  "ethBalanceInUsd": 1250.5002934805773,
  "kenduBalanceInUsd": 112851.70307374593,
  "totalUsdBalance": 1350.5002934805773
}