{
  "ethBalance": 0.3579488855246269,
  "usdtBalance": 0,
  "usdcBalance": 0,
  "kenduBalance": 3705282011.416198,
  "ethBalanceInUsd": 570.5669440374,
  "kenduBalanceInUsd": 43166.5354329987,
  "totalUsdBalance": 570.5669440374
}