{
  "ethBalance": 0.038589031500035925,
  "usdtBalance": 0,
  "usdcBalance": 0,
  "kenduBalance": 35199894.08324558,
  "ethBalanceInUsd": 102.7876737550707,
  "kenduBalanceInUsd": 1277.7561552218147,
  "totalUsdBalance": 102.7876737550707
}