{
  "ethBalance": 0.35769432885289126,
  "usdtBalance": 0,
  "usdcBalance": 0,
  "kenduBalance": 4514955040.756332,
  "ethBalanceInUsd": 888.9347921786283,
  "kenduBalanceInUsd": 78921.41411242068,
  "totalUsdBalance": 888.9347921786283
}