{
  "ethBalance": 0.3196155371451788,
  "usdtBalance": 0,
  "usdcBalance": 884.463046,
  "kenduBalance": 5453954448.539579,
  "ethBalanceInUsd": 635.5075532826163,
  "kenduBalanceInUsd": 37086.89025006914,
  "totalUsdBalance": 1519.9705992826161
}