{
  "ethBalance": 0.35769432885289126,
  "usdtBalance": 0,
  "usdcBalance": 0,
  "kenduBalance": 4514955040.756332,
  "ethBalanceInUsd": 949.1454785544356,
  "kenduBalanceInUsd": 103934.26503821077,
  "totalUsdBalance": 949.1454785544356
}