{
  "ethBalance": 0.038589031500035925,
  "usdtBalance": 0,
  "usdcBalance": 0,
  "kenduBalance": 35199894.08324558,
  "ethBalanceInUsd": 101.99196792553995,
  "kenduBalanceInUsd": 1451.6436319930478,
  "totalUsdBalance": 101.99196792553995
}