{
  "ethBalance": 0.038589031500035925,
  "usdtBalance": 0,
  "usdcBalance": 0,
  "kenduBalance": 35199894.08324558,
  "ethBalanceInUsd": 95.34539313997377,
  "kenduBalanceInUsd": 2013.78594050248,
  "totalUsdBalance": 95.34539313997377
}