{
  "ethBalance": 0.038589031500035925,
  "usdtBalance": 0,
  "usdcBalance": 0,
  "kenduBalance": 35199894.08324558,
  "ethBalanceInUsd": 130.91946360891188,
  "kenduBalanceInUsd": 1128.5086043088534,
  "totalUsdBalance": 130.91946360891188
}