{
  "ethBalance": 0.038589031500035925,
  "usdtBalance": 0,
  "usdcBalance": 0,
  "kenduBalance": 35199894.08324558,
  "ethBalanceInUsd": 121.46090609793808,
  "kenduBalanceInUsd": 1208.4123638778208,
  "totalUsdBalance": 121.46090609793808
}