{
  "ethBalance": 0.3579488855246269,
  "usdtBalance": 0,
  "usdcBalance": 0,
  "kenduBalance": 3705282011.416198,
  "ethBalanceInUsd": 560.5264777984343,
  "kenduBalanceInUsd": 41943.792369231356,
  "totalUsdBalance": 560.5264777984343
}