{
  "ethBalance": 0.038589031500035925,
  "usdtBalance": 0,
  "usdcBalance": 0,
  "kenduBalance": 35199894.08324558,
  "ethBalanceInUsd": 122.63980101026416,
  "kenduBalanceInUsd": 1493.1795070112776,
  "totalUsdBalance": 122.63980101026416
}