{
  "ethBalance": 0.5002741579676101,
  "usdtBalance": 0,
  "usdcBalance": 100,
  "kenduBalance": 4855925261.348792,
  "ethBalanceInUsd": 1263.0971967782016,
  "kenduBalanceInUsd": 114745.51392567196,
  "totalUsdBalance": 1363.0971967782016
}