{
  "ethBalance": 0.0660488809860724,
  "usdtBalance": 0,
  "usdcBalance": 0,
  "kenduBalance": 7622102282.100412,
  "ethBalanceInUsd": 167.07857031998844,
  "kenduBalanceInUsd": 71419.09838328087,
  "totalUsdBalance": 167.07857031998844
}