{
  "ethBalance": 0.038589031500035925,
  "usdtBalance": 0,
  "usdcBalance": 0,
  "kenduBalance": 35199894.08324558,
  "ethBalanceInUsd": 124.50094999951091,
  "kenduBalanceInUsd": 1520.9874233370417,
  "totalUsdBalance": 124.50094999951091
}