{
  "ethBalance": 0.038589031500035925,
  "usdtBalance": 0,
  "usdcBalance": 0,
  "kenduBalance": 35199894.08324558,
  "ethBalanceInUsd": 140.1665532272655,
  "kenduBalanceInUsd": 1065.1487949590114,
  "totalUsdBalance": 140.1665532272655
}