{
  "ethBalance": 0.06254024854608203,
  "usdtBalance": 0,
  "usdcBalance": 0,
  "kenduBalance": 6456272656.749752,
  "ethBalanceInUsd": 149.0840698866358,
  "kenduBalanceInUsd": 56298.69756685784,
  "totalUsdBalance": 149.0840698866358
}