{
  "ethBalance": 0.06254024854608203,
  "usdtBalance": 0,
  "usdcBalance": 0,
  "kenduBalance": 6456272656.749752,
  "ethBalanceInUsd": 142.94074127195418,
  "kenduBalanceInUsd": 54555.50394953541,
  "totalUsdBalance": 142.94074127195418
}