{
  "ethBalance": 0.04272247540230626,
  "usdtBalance": 0,
  "usdcBalance": 0,
  "kenduBalance": 517214787.4674407,
  "ethBalanceInUsd": 112.93814540025868,
  "kenduBalanceInUsd": 31488.03626101779,
  "totalUsdBalance": 112.93814540025868
}