{
  "ethBalance": 0.0624422229661258,
  "usdtBalance": 0,
  "usdcBalance": 0,
  "kenduBalance": 6384544426.92592,
  "ethBalanceInUsd": 133.06187945189544,
  "kenduBalanceInUsd": 52161.72796798476,
  "totalUsdBalance": 133.06187945189544
}