{
  "ethBalance": 0.5002741579676101,
  "usdtBalance": 0,
  "usdcBalance": 100,
  "kenduBalance": 4855925261.348792,
  "ethBalanceInUsd": 1330.7342629354227,
  "kenduBalanceInUsd": 124311.68669052907,
  "totalUsdBalance": 1430.7342629354227
}