{
  "ethBalance": 0.04272247540230626,
  "usdtBalance": 0,
  "usdcBalance": 0,
  "kenduBalance": 517214787.4674407,
  "ethBalanceInUsd": 111.42576977101703,
  "kenduBalanceInUsd": 23822.91311075032,
  "totalUsdBalance": 111.42576977101703
}