{
  "ethBalance": 0.04459919224178026,
  "usdtBalance": 0,
  "usdcBalance": 0,
  "kenduBalance": 517214787.4674407,
  "ethBalanceInUsd": 110.57656129273548,
  "kenduBalanceInUsd": 32481.088652955274,
  "totalUsdBalance": 110.57656129273548
}