{
  "ethBalance": 0.045462183917402754,
  "usdtBalance": 0,
  "usdcBalance": 0,
  "kenduBalance": 307214787.46744066,
  "ethBalanceInUsd": 125.8329603776224,
  "kenduBalanceInUsd": 27974.978546785147,
  "totalUsdBalance": 125.8329603776224
}