{
  "ethBalance": 0.5002741579676101,
  "usdtBalance": 0,
  "usdcBalance": 100,
  "kenduBalance": 4855925261.348792,
  "ethBalanceInUsd": 1310.7983377404132,
  "kenduBalanceInUsd": 123728.97565916722,
  "totalUsdBalance": 1410.7983377404132
}