{
  "ethBalance": 0.3117728554842481,
  "usdtBalance": 0,
  "usdcBalance": 0.463046,
  "kenduBalance": 4113980899.4295063,
  "ethBalanceInUsd": 585.2849461434693,
  "kenduBalanceInUsd": 50313.98640002286,
  "totalUsdBalance": 585.7479921434692
}