{
  "ethBalance": 7.113115056018341,
  "usdtBalance": 22218.494633,
  "kenduBalance": 512835445.5049916,
  "ethBalanceInUsd": 23607.85982172039,
  "kenduBalanceInUsd": 94695.06501249669,
  "totalUsdBalance": 45826.35445472039
}