{
  "ethBalance": 0.04272247540230626,
  "usdtBalance": 0,
  "usdcBalance": 0,
  "kenduBalance": 517214787.4674407,
  "ethBalanceInUsd": 114.19931287413476,
  "kenduBalanceInUsd": 29429.521406897376,
  "totalUsdBalance": 114.19931287413476
}