{
  "ethBalance": 0.04272247540230626,
  "usdtBalance": 0,
  "usdcBalance": 0,
  "kenduBalance": 517214787.4674407,
  "ethBalanceInUsd": 110.78365096572035,
  "kenduBalanceInUsd": 27712.368312505474,
  "totalUsdBalance": 110.78365096572035
}