{
  "ethBalance": 0.3119048631851912,
  "usdtBalance": 0,
  "usdcBalance": 0.463046,
  "kenduBalance": 4175387837.757599,
  "ethBalanceInUsd": 615.9122952345333,
  "kenduBalanceInUsd": 35198.51947229656,
  "totalUsdBalance": 616.3753412345333
}