{
  "ethBalance": 0.038589031500035925,
  "usdtBalance": 0,
  "usdcBalance": 0,
  "kenduBalance": 35199894.08324558,
  "ethBalanceInUsd": 95.2697586382337,
  "kenduBalanceInUsd": 1154.2045269896228,
  "totalUsdBalance": 95.2697586382337
}