{
  "ethBalance": 0.038589031500035925,
  "usdtBalance": 0,
  "usdcBalance": 0,
  "kenduBalance": 35199894.08324558,
  "ethBalanceInUsd": 128.92672602225002,
  "kenduBalanceInUsd": 899.0052948860922,
  "totalUsdBalance": 128.92672602225002
}