{
  "ethBalance": 0.9901811623811279,
  "usdtBalance": 0,
  "usdcBalance": null,
  "kenduBalance": 4558502396.376256,
  "ethBalanceInUsd": 4423.228368661113,
  "kenduBalanceInUsd": 69745.08666455671,
  "totalUsdBalance": null
}