{
  "ethBalance": 0.04459919224178026,
  "usdtBalance": 0,
  "usdcBalance": 0,
  "kenduBalance": 517214787.4674407,
  "ethBalanceInUsd": 110.37363496803536,
  "kenduBalanceInUsd": 32041.456083607954,
  "totalUsdBalance": 110.37363496803536
}