{
  "ethBalance": 0.038589031500035925,
  "usdtBalance": 0,
  "usdcBalance": 0,
  "kenduBalance": 35199894.08324558,
  "ethBalanceInUsd": 126.46204458034273,
  "kenduBalanceInUsd": 811.3575586188107,
  "totalUsdBalance": 126.46204458034273
}