{
  "ethBalance": 0.038589031500035925,
  "usdtBalance": 0,
  "usdcBalance": 0,
  "kenduBalance": 35199894.08324558,
  "ethBalanceInUsd": 125.55134343694189,
  "kenduBalanceInUsd": 760.3177121981046,
  "totalUsdBalance": 125.55134343694189
}