{
  "ethBalance": 8.056063080971311,
  "usdtBalance": 22313.097842,
  "usdcBalance": 88.007775,
  "kenduBalance": 319721753.5049916,
  "ethBalanceInUsd": 24935.69037263807,
  "kenduBalanceInUsd": 40508.746169082435,
  "totalUsdBalance": 47336.79598963807
}