{
  "ethBalance": 0.038589031500035925,
  "usdtBalance": 0,
  "usdcBalance": 0,
  "kenduBalance": 35199894.08324558,
  "ethBalanceInUsd": 143.56586101210365,
  "kenduBalanceInUsd": 1301.6920831984216,
  "totalUsdBalance": 143.56586101210365
}