{
  "ethBalance": 0.04272247540230626,
  "usdtBalance": 0,
  "usdcBalance": 0,
  "kenduBalance": 517214787.4674407,
  "ethBalanceInUsd": 102.91758879464774,
  "kenduBalanceInUsd": 24500.464482332667,
  "totalUsdBalance": 102.91758879464774
}