{
  "ethBalance": 0.038589031500035925,
  "usdtBalance": 0,
  "usdcBalance": 0,
  "kenduBalance": 35199894.08324558,
  "ethBalanceInUsd": 131.54460591921247,
  "kenduBalanceInUsd": 825.4375162521089,
  "totalUsdBalance": 131.54460591921247
}