{
  "ethBalance": 0.7404211583199757,
  "usdtBalance": 0,
  "usdcBalance": null,
  "kenduBalance": 4745282940.56362,
  "ethBalanceInUsd": 3277.785234189867,
  "kenduBalanceInUsd": 77870.093054649,
  "totalUsdBalance": null
}