{
  "ethBalance": 0.3117728554842481,
  "usdtBalance": 0,
  "usdcBalance": 0.463046,
  "kenduBalance": 4113980899.4295063,
  "ethBalanceInUsd": 557.2004473214482,
  "kenduBalanceInUsd": 40399.29243239775,
  "totalUsdBalance": 557.6634933214482
}