{
  "ethBalance": 0.30943876692005484,
  "usdtBalance": 0,
  "usdcBalance": 0,
  "kenduBalance": 8110029020.399477,
  "ethBalanceInUsd": 854.8864813700354,
  "kenduBalanceInUsd": 90751.22473827015,
  "totalUsdBalance": 854.8864813700354
}