{
  "ethBalance": 0.045462183917402754,
  "usdtBalance": 0,
  "usdcBalance": 0,
  "kenduBalance": 307214787.46744066,
  "ethBalanceInUsd": 120.99805711800661,
  "kenduBalanceInUsd": 25578.70320453911,
  "totalUsdBalance": 120.99805711800661
}