{
  "ethBalance": 0.5002741579676101,
  "usdtBalance": 0,
  "usdcBalance": 100,
  "kenduBalance": 4855925261.348792,
  "ethBalanceInUsd": 1265.9287485122982,
  "kenduBalanceInUsd": 141695.89912615775,
  "totalUsdBalance": 1365.9287485122982
}