{
  "ethBalance": 0.5002741579676101,
  "usdtBalance": 0,
  "usdcBalance": 100,
  "kenduBalance": 4855925261.348792,
  "ethBalanceInUsd": 1197.4912437023293,
  "kenduBalanceInUsd": 104159.5968559316,
  "totalUsdBalance": 1297.4912437023293
}