{
  "ethBalance": 0.038589031500035925,
  "usdtBalance": 0,
  "usdcBalance": 0,
  "kenduBalance": 35199894.08324558,
  "ethBalanceInUsd": 98.36845786768659,
  "kenduBalanceInUsd": 1182.7164411970514,
  "totalUsdBalance": 98.36845786768659
}