{
  "ethBalance": 0.03983369884579122,
  "usdtBalance": 0,
  "usdcBalance": 0,
  "kenduBalance": 1091213805.8365645,
  "ethBalanceInUsd": 104.13803556652891,
  "kenduBalanceInUsd": 46289.289643587064,
  "totalUsdBalance": 104.13803556652891
}