{
  "ethBalance": 0.5002741579676101,
  "usdtBalance": 0,
  "usdcBalance": 100,
  "kenduBalance": 4855925261.348792,
  "ethBalanceInUsd": 1213.0697809814405,
  "kenduBalanceInUsd": 104742.30788729344,
  "totalUsdBalance": 1313.0697809814405
}