{
  "ethBalance": 0.30943876692005484,
  "usdtBalance": 0,
  "usdcBalance": 0,
  "kenduBalance": 8110029020.399477,
  "ethBalanceInUsd": 827.4021300921963,
  "kenduBalanceInUsd": 93589.73489540996,
  "totalUsdBalance": 827.4021300921963
}