{
  "ethBalance": 0.038589031500035925,
  "usdtBalance": 0,
  "usdcBalance": 0,
  "kenduBalance": 35199894.08324558,
  "ethBalanceInUsd": 131.7850155854577,
  "kenduBalanceInUsd": 1007.0689697216561,
  "totalUsdBalance": 131.7850155854577
}