{
  "ethBalance": 0.038589031500035925,
  "usdtBalance": 0,
  "usdcBalance": 0,
  "kenduBalance": 35199894.08324558,
  "ethBalanceInUsd": 120.39353348664707,
  "kenduBalanceInUsd": 1009.1809633666509,
  "totalUsdBalance": 120.39353348664707
}