{
  "ethBalance": 0.038589031500035925,
  "usdtBalance": 0,
  "usdcBalance": 0,
  "kenduBalance": 35199894.08324558,
  "ethBalanceInUsd": 101.2796144040493,
  "kenduBalanceInUsd": 1690.6509128182854,
  "totalUsdBalance": 101.2796144040493
}