{
  "ethBalance": 0.04272247540230626,
  "usdtBalance": 0,
  "usdcBalance": 0,
  "kenduBalance": 517214787.4674407,
  "ethBalanceInUsd": 111.43901373839175,
  "kenduBalanceInUsd": 30189.827144474515,
  "totalUsdBalance": 111.43901373839175
}