{
  "ethBalance": 9.83774027698866,
  "usdtBalance": 3949.089252,
  "usdcBalance": 8005.206012,
  "kenduBalance": 11515381333.82473,
  "ethBalanceInUsd": 31364.880305900784,
  "kenduBalanceInUsd": 238253.23979683366,
  "totalUsdBalance": 43319.175569900784
}