{
  "ethBalance": 0.5002741579676101,
  "usdtBalance": 0,
  "usdcBalance": 100,
  "kenduBalance": 4855925261.348792,
  "ethBalanceInUsd": 1311.4386886626119,
  "kenduBalanceInUsd": 144269.5395146726,
  "totalUsdBalance": 1411.4386886626119
}