{
  "ethBalance": 0.038589031500035925,
  "usdtBalance": 0,
  "usdcBalance": 0,
  "kenduBalance": 35199894.08324558,
  "ethBalanceInUsd": 154.33953271659868,
  "kenduBalanceInUsd": 1728.3147994873582,
  "totalUsdBalance": 154.33953271659868
}