{
  "ethBalance": 0.5002741579676101,
  "usdtBalance": 0,
  "usdcBalance": 100,
  "kenduBalance": 4855925261.348792,
  "ethBalanceInUsd": 1276.8297224144126,
  "kenduBalanceInUsd": 132372.52262436808,
  "totalUsdBalance": 1376.8297224144126
}