{
  "ethBalance": 0.5002741579676101,
  "usdtBalance": 0,
  "usdcBalance": 100,
  "kenduBalance": 4855925261.348792,
  "ethBalanceInUsd": 1291.1475688154455,
  "kenduBalanceInUsd": 133295.14842402434,
  "totalUsdBalance": 1391.1475688154455
}