{
  "ethBalance": 0.3119048631851912,
  "usdtBalance": 0,
  "usdcBalance": 0.463046,
  "kenduBalance": 4175387837.757599,
  "ethBalanceInUsd": 631.82256230561,
  "kenduBalanceInUsd": 59457.522809668204,
  "totalUsdBalance": 632.2856083056099
}