{
  "ethBalance": 0.045462183917402754,
  "usdtBalance": 0,
  "usdcBalance": 0,
  "kenduBalance": 307214787.46744066,
  "ethBalanceInUsd": 118.66084624281292,
  "kenduBalanceInUsd": 20552.66928157178,
  "totalUsdBalance": 118.66084624281292
}