{
  "ethBalance": 0.038589031500035925,
  "usdtBalance": 0,
  "usdcBalance": 0,
  "kenduBalance": 35199894.08324558,
  "ethBalanceInUsd": 152.06393752904157,
  "kenduBalanceInUsd": 1333.723986814175,
  "totalUsdBalance": 152.06393752904157
}