{
  "ethBalance": 0.038589031500035925,
  "usdtBalance": 0,
  "usdcBalance": 0,
  "kenduBalance": 35199894.08324558,
  "ethBalanceInUsd": 132.20332068691806,
  "kenduBalanceInUsd": 899.3572938269247,
  "totalUsdBalance": 132.20332068691806
}