{
  "ethBalance": 0.5002741579676101,
  "usdtBalance": 0,
  "usdcBalance": 100,
  "kenduBalance": 4855925261.348792,
  "ethBalanceInUsd": 1244.652088573936,
  "kenduBalanceInUsd": 114599.8361678315,
  "totalUsdBalance": 1344.652088573936
}