{
  "ethBalance": 0.5002741579676101,
  "usdtBalance": 0,
  "usdcBalance": 100,
  "kenduBalance": 4855925261.348792,
  "ethBalanceInUsd": 1281.0020088918625,
  "kenduBalanceInUsd": 131886.9300982332,
  "totalUsdBalance": 1381.0020088918625
}