{
  "ethBalance": 0.04272247540230626,
  "usdtBalance": 0,
  "usdcBalance": 0,
  "kenduBalance": 517214787.4674407,
  "ethBalanceInUsd": 104.37613410488247,
  "kenduBalanceInUsd": 21717.848925757837,
  "totalUsdBalance": 104.37613410488247
}