{
  "ethBalance": 0.038589031500035925,
  "usdtBalance": 0,
  "usdcBalance": 0,
  "kenduBalance": 35199894.08324558,
  "ethBalanceInUsd": 129.03361763950514,
  "kenduBalanceInUsd": 819.4535342579572,
  "totalUsdBalance": 129.03361763950514
}