{
  "ethBalance": 0.038589031500035925,
  "usdtBalance": 0,
  "usdcBalance": 0,
  "kenduBalance": 35199894.08324558,
  "ethBalanceInUsd": 128.00637762097418,
  "kenduBalanceInUsd": 1118.6526339655445,
  "totalUsdBalance": 128.00637762097418
}