{
  "ethBalance": 0.0624422229661258,
  "usdtBalance": 0,
  "usdcBalance": 0,
  "kenduBalance": 6384544426.92592,
  "ethBalanceInUsd": 117.17782677377235,
  "kenduBalanceInUsd": 45841.0289853281,
  "totalUsdBalance": 117.17782677377235
}