{
  "ethBalance": 0.7404211583199757,
  "usdtBalance": 0,
  "usdcBalance": null,
  "kenduBalance": 4730282940.56362,
  "ethBalanceInUsd": 2702.085570961336,
  "kenduBalanceInUsd": 81077.04960126043,
  "totalUsdBalance": null
}