{
  "ethBalance": 0.038589031500035925,
  "usdtBalance": 0,
  "usdcBalance": 0,
  "kenduBalance": 35199894.08324558,
  "ethBalanceInUsd": 128.10516554161427,
  "kenduBalanceInUsd": 605.438178231824,
  "totalUsdBalance": 128.10516554161427
}