{
  "ethBalance": 0.35779268808449755,
  "usdtBalance": 0,
  "usdcBalance": 0,
  "kenduBalance": 4546950453.600369,
  "ethBalanceInUsd": 827.3061430233795,
  "kenduBalanceInUsd": 75206.56050255011,
  "totalUsdBalance": 827.3061430233795
}