{
  "ethBalance": 0.04459919224178026,
  "usdtBalance": 0,
  "usdcBalance": 0,
  "kenduBalance": 517214787.4674407,
  "ethBalanceInUsd": 109.85182441880654,
  "kenduBalanceInUsd": 34068.93805048032,
  "totalUsdBalance": 109.85182441880654
}