{
  "ethBalance": 0.04272247540230626,
  "usdtBalance": 0,
  "usdcBalance": 0,
  "kenduBalance": 517214787.4674407,
  "ethBalanceInUsd": 114.30483738837844,
  "kenduBalanceInUsd": 29972.59693373819,
  "totalUsdBalance": 114.30483738837844
}