{
  "ethBalance": 0.0624422229661258,
  "usdtBalance": 0,
  "usdcBalance": 0,
  "kenduBalance": 6379544426.92592,
  "ethBalanceInUsd": 133.54518225765324,
  "kenduBalanceInUsd": 58436.626950641425,
  "totalUsdBalance": 133.54518225765324
}