{
  "ethBalance": 0.0624422229661258,
  "usdtBalance": 0,
  "usdcBalance": 0,
  "kenduBalance": 6379544426.92592,
  "ethBalanceInUsd": 137.34916248074964,
  "kenduBalanceInUsd": 52695.0369664081,
  "totalUsdBalance": 137.34916248074964
}