{
  "ethBalance": 0.04272247540230626,
  "usdtBalance": 0,
  "usdcBalance": 0,
  "kenduBalance": 517214787.4674407,
  "ethBalanceInUsd": 103.91601304479963,
  "kenduBalanceInUsd": 23435.00202014974,
  "totalUsdBalance": 103.91601304479963
}