{
  "ethBalance": 0.038589031500035925,
  "usdtBalance": 0,
  "usdcBalance": 0,
  "kenduBalance": 35199894.08324558,
  "ethBalanceInUsd": 95.45614366037886,
  "kenduBalanceInUsd": 2050.0418314082226,
  "totalUsdBalance": 95.45614366037886
}