{
  "ethBalance": 0.04272247540230626,
  "usdtBalance": 0,
  "usdcBalance": 0,
  "kenduBalance": 517214787.4674407,
  "ethBalanceInUsd": 114.48427178506813,
  "kenduBalanceInUsd": 30727.730523440656,
  "totalUsdBalance": 114.48427178506813
}