{
  "ethBalance": 0.9903818468589797,
  "usdtBalance": 0,
  "usdcBalance": null,
  "kenduBalance": 4677192821.897994,
  "ethBalanceInUsd": 4303.833065165788,
  "kenduBalanceInUsd": 73759.33080133137,
  "totalUsdBalance": null
}