{
  "ethBalance": 0.890283224186648,
  "usdtBalance": 0,
  "usdcBalance": null,
  "kenduBalance": 4809031095.836518,
  "ethBalanceInUsd": 3391.3825943909237,
  "kenduBalanceInUsd": 92958.57108251989,
  "totalUsdBalance": null
}