{
  "ethBalance": 0.038589031500035925,
  "usdtBalance": 0,
  "usdcBalance": 0,
  "kenduBalance": 35199894.08324558,
  "ethBalanceInUsd": 125.55790357229688,
  "kenduBalanceInUsd": 683.9339420374616,
  "totalUsdBalance": 125.55790357229688
}