{
  "ethBalance": 0.038589031500035925,
  "usdtBalance": 0,
  "usdcBalance": 0,
  "kenduBalance": 35199894.08324558,
  "ethBalanceInUsd": 128.76580976089488,
  "kenduBalanceInUsd": 922.5892239218667,
  "totalUsdBalance": 128.76580976089488
}