{
  "ethBalance": 0.04459919224178026,
  "usdtBalance": 0,
  "usdcBalance": 0,
  "kenduBalance": 517214787.4674407,
  "ethBalanceInUsd": 98.00360300785519,
  "kenduBalanceInUsd": 21340.282130906606,
  "totalUsdBalance": 98.00360300785519
}