{
  "ethBalance": 0.04272247540230626,
  "usdtBalance": 0,
  "usdcBalance": 0,
  "kenduBalance": 517214787.4674407,
  "ethBalanceInUsd": 106.09058704277702,
  "kenduBalanceInUsd": 24702.17824944497,
  "totalUsdBalance": 106.09058704277702
}