{
  "ethBalance": 3.9773126053695473,
  "usdtBalance": 0,
  "usdcBalance": 0,
  "kenduBalance": 8110029020.399477,
  "ethBalanceInUsd": 10623.60083457233,
  "kenduBalanceInUsd": 109404.29148518894,
  "totalUsdBalance": 10623.60083457233
}