{
  "ethBalance": 0.038589031500035925,
  "usdtBalance": 0,
  "usdcBalance": 0,
  "kenduBalance": 35199894.08324558,
  "ethBalanceInUsd": 116.98419255361891,
  "kenduBalanceInUsd": 728.989806464016,
  "totalUsdBalance": 116.98419255361891
}