{
  "ethBalance": 0.038589031500035925,
  "usdtBalance": 0,
  "usdcBalance": 0,
  "kenduBalance": 35199894.08324558,
  "ethBalanceInUsd": 129.70236555540075,
  "kenduBalanceInUsd": 612.8301559893056,
  "totalUsdBalance": 129.70236555540075
}