{
  "ethBalance": 0.038589031500035925,
  "usdtBalance": 0,
  "usdcBalance": 0,
  "kenduBalance": 35199894.08324558,
  "ethBalanceInUsd": 130.52739904887153,
  "kenduBalanceInUsd": 1731.4827899548502,
  "totalUsdBalance": 130.52739904887153
}