{
  "ethBalance": 0.3196155371451788,
  "usdtBalance": 0,
  "usdcBalance": 884.463046,
  "kenduBalance": 5453954448.539579,
  "ethBalanceInUsd": 615.7297438440727,
  "kenduBalanceInUsd": 38123.14159529166,
  "totalUsdBalance": 1500.1927898440726
}