{
  "ethBalance": 0.3406431199402911,
  "usdtBalance": 0,
  "usdcBalance": 154.403285,
  "kenduBalance": 4113980899.4295063,
  "ethBalanceInUsd": 555.1529054290912,
  "kenduBalanceInUsd": 41880.32555619238,
  "totalUsdBalance": 709.5561904290912
}