{
  "ethBalance": 0.3119048631851912,
  "usdtBalance": 0,
  "usdcBalance": 0.463046,
  "kenduBalance": 4175387837.757599,
  "ethBalanceInUsd": 640.1348269094952,
  "kenduBalanceInUsd": 52234.101850347564,
  "totalUsdBalance": 640.5978729094952
}