{
  "ethBalance": 0.0624422229661258,
  "usdtBalance": 0,
  "usdcBalance": 0,
  "kenduBalance": 6379544426.92592,
  "ethBalanceInUsd": 137.0101012100436,
  "kenduBalanceInUsd": 61562.603719835126,
  "totalUsdBalance": 137.0101012100436
}