{
  "ethBalance": 0.3117728554842481,
  "usdtBalance": 0,
  "usdcBalance": 0.463046,
  "kenduBalance": 4113980899.4295063,
  "ethBalanceInUsd": 564.4242243830182,
  "kenduBalanceInUsd": 48256.995950308105,
  "totalUsdBalance": 564.8872703830182
}