{
  "ethBalance": 0.038589031500035925,
  "usdtBalance": 0,
  "usdcBalance": 0,
  "kenduBalance": 35199894.08324558,
  "ethBalanceInUsd": 131.051438096642,
  "kenduBalanceInUsd": 1129.9166000721832,
  "totalUsdBalance": 131.051438096642
}