{
  "ethBalance": 8.051792938400936,
  "usdtBalance": 22380.187863,
  "usdcBalance": 88.007775,
  "kenduBalance": 947823769.8171208,
  "ethBalanceInUsd": 20053.312384805067,
  "kenduBalanceInUsd": 111577.81418287146,
  "totalUsdBalance": 42521.508022805065
}