{
  "ethBalance": 18.27649738337883,
  "usdtBalance": 0,
  "usdcBalance": 0,
  "kenduBalance": 10805029020.399477,
  "ethBalanceInUsd": 48890.72709038137,
  "kenduBalanceInUsd": 133226.00782152556,
  "totalUsdBalance": 48890.72709038137
}