{
  "ethBalance": 0.3406431199402911,
  "usdtBalance": 0,
  "usdcBalance": 154.403285,
  "kenduBalance": 4113980899.4295063,
  "ethBalanceInUsd": 609.2027492700173,
  "kenduBalanceInUsd": 46570.26378154201,
  "totalUsdBalance": 763.6060342700173
}