{
  "ethBalance": 0.038589031500035925,
  "usdtBalance": 0,
  "usdcBalance": 0,
  "kenduBalance": 35199894.08324558,
  "ethBalanceInUsd": 150.41078341958004,
  "kenduBalanceInUsd": 1140.476568297157,
  "totalUsdBalance": 150.41078341958004
}