{
  "ethBalance": 0.038589031500035925,
  "usdtBalance": 0,
  "usdcBalance": 0,
  "kenduBalance": 35199894.08324558,
  "ethBalanceInUsd": 128.19044730122934,
  "kenduBalanceInUsd": 895.4853054777676,
  "totalUsdBalance": 128.19044730122934
}