{
  "ethBalance": 13.47560135212183,
  "usdtBalance": 3949.089252,
  "usdcBalance": 8005.206012,
  "kenduBalance": 10805029020.399477,
  "ethBalanceInUsd": 39965.93849012293,
  "kenduBalanceInUsd": 140033.17610437723,
  "totalUsdBalance": 51920.23375412293
}