{
  "ethBalance": 0.5002741579676101,
  "usdtBalance": 0,
  "usdcBalance": 100,
  "kenduBalance": 4855925261.348792,
  "ethBalanceInUsd": 1214.0903402636945,
  "kenduBalanceInUsd": 109306.8776329613,
  "totalUsdBalance": 1314.0903402636945
}