{
  "ethBalance": 0.5002741579676101,
  "usdtBalance": 0,
  "usdcBalance": 100,
  "kenduBalance": 4855925261.348792,
  "ethBalanceInUsd": 1237.1179597549437,
  "kenduBalanceInUsd": 112706.02531590546,
  "totalUsdBalance": 1337.1179597549437
}