{
  "ethBalance": 0.045462183917402754,
  "usdtBalance": 0,
  "usdcBalance": 0,
  "kenduBalance": 307214787.46744066,
  "ethBalanceInUsd": 117.57793702190041,
  "kenduBalanceInUsd": 26484.98682756806,
  "totalUsdBalance": 117.57793702190041
}