{
  "ethBalance": 0.038589031500035925,
  "usdtBalance": 0,
  "usdcBalance": 0,
  "kenduBalance": 35199894.08324558,
  "ethBalanceInUsd": 129.18565842361528,
  "kenduBalanceInUsd": 1079.5807515331421,
  "totalUsdBalance": 129.18565842361528
}