{
  "ethBalance": 3.9773126053695473,
  "usdtBalance": 0,
  "usdcBalance": 0,
  "kenduBalance": 8110029020.399477,
  "ethBalanceInUsd": 10567.719592466887,
  "kenduBalanceInUsd": 105998.07929662116,
  "totalUsdBalance": 10567.719592466887
}