{
  "ethBalance": 0.5002741579676101,
  "usdtBalance": 0,
  "usdcBalance": 100,
  "kenduBalance": 4855925261.348792,
  "ethBalanceInUsd": 1259.800390077195,
  "kenduBalanceInUsd": 114065.68438908312,
  "totalUsdBalance": 1359.800390077195
}