{
  "ethBalance": 0.038589031500035925,
  "usdtBalance": 0,
  "usdcBalance": 0,
  "kenduBalance": 35199894.08324558,
  "ethBalanceInUsd": 131.073819734912,
  "kenduBalanceInUsd": 1102.8126816280842,
  "totalUsdBalance": 131.073819734912
}