{
  "ethBalance": 0.0624422229661258,
  "usdtBalance": 0,
  "usdcBalance": 0,
  "kenduBalance": 6384544426.92592,
  "ethBalanceInUsd": 133.56516376900242,
  "kenduBalanceInUsd": 53310.94596483143,
  "totalUsdBalance": 133.56516376900242
}