{
  "ethBalance": 0.5002741579676101,
  "usdtBalance": 0,
  "usdcBalance": 100,
  "kenduBalance": 4855925261.348792,
  "ethBalanceInUsd": 1262.4668513391625,
  "kenduBalanceInUsd": 120669.74274451748,
  "totalUsdBalance": 1362.4668513391625
}