{
  "ethBalance": 0.5002741579676101,
  "usdtBalance": 0,
  "usdcBalance": 100,
  "kenduBalance": 4855925261.348792,
  "ethBalanceInUsd": 1314.925599543646,
  "kenduBalanceInUsd": 126788.20857381696,
  "totalUsdBalance": 1414.925599543646
}