{
  "ethBalance": 0.038589031500035925,
  "usdtBalance": 0,
  "usdcBalance": 0,
  "kenduBalance": 35199894.08324558,
  "ethBalanceInUsd": 127.71001385905389,
  "kenduBalanceInUsd": 512.8624567928881,
  "totalUsdBalance": 127.71001385905389
}