{
  "ethBalance": 0.04272247540230626,
  "usdtBalance": 0,
  "usdcBalance": 0,
  "kenduBalance": 517214787.4674407,
  "ethBalanceInUsd": 109.69081004492936,
  "kenduBalanceInUsd": 29026.093872672773,
  "totalUsdBalance": 109.69081004492936
}