{
  "ethBalance": 0.35703877941042383,
  "usdtBalance": 0,
  "usdcBalance": 0,
  "kenduBalance": 4855947774.956796,
  "ethBalanceInUsd": 910.934460236579,
  "kenduBalanceInUsd": 152622.4385668921,
  "totalUsdBalance": 910.934460236579
}