{
  "ethBalance": 0.038589031500035925,
  "usdtBalance": 0,
  "usdcBalance": 0,
  "kenduBalance": 35199894.08324558,
  "ethBalanceInUsd": 131.7989076367977,
  "kenduBalanceInUsd": 1165.4684930962612,
  "totalUsdBalance": 131.7989076367977
}