{
  "ethBalance": 0.045462183917402754,
  "usdtBalance": 0,
  "usdcBalance": 0,
  "kenduBalance": 307214787.46744066,
  "ethBalanceInUsd": 118.33806473699937,
  "kenduBalanceInUsd": 20786.152520047035,
  "totalUsdBalance": 118.33806473699937
}