{
  "ethBalance": 0.9904211583199757,
  "usdtBalance": 0,
  "usdcBalance": null,
  "kenduBalance": 4745282940.56362,
  "ethBalanceInUsd": 4269.5768587668335,
  "kenduBalanceInUsd": 78107.35720167718,
  "totalUsdBalance": null
}