{
  "ethBalance": 0.0624422229661258,
  "usdtBalance": 0,
  "usdcBalance": 0,
  "kenduBalance": 6384544426.92592,
  "ethBalanceInUsd": 117.8703110264667,
  "kenduBalanceInUsd": 44691.81098848143,
  "totalUsdBalance": 117.8703110264667
}