{
  "ethBalance": 0.04459919224178026,
  "usdtBalance": 0,
  "usdcBalance": 0,
  "kenduBalance": 517214787.4674407,
  "ethBalanceInUsd": 109.60073096648532,
  "kenduBalanceInUsd": 28658.87137357089,
  "totalUsdBalance": 109.60073096648532
}