{
  "ethBalance": 3.9773126053695473,
  "usdtBalance": 0,
  "usdcBalance": 0,
  "kenduBalance": 8110029020.399477,
  "ethBalanceInUsd": 10644.79991075895,
  "kenduBalanceInUsd": 107214.5836496811,
  "totalUsdBalance": 10644.79991075895
}