{
  "ethBalance": 0.0624422229661258,
  "usdtBalance": 0,
  "usdcBalance": 0,
  "kenduBalance": 6384544426.92592,
  "ethBalanceInUsd": 116.31924620798813,
  "kenduBalanceInUsd": 44053.35654578885,
  "totalUsdBalance": 116.31924620798813
}