{
  "ethBalance": 0.038589031500035925,
  "usdtBalance": 0,
  "usdcBalance": 0,
  "kenduBalance": 35199894.08324558,
  "ethBalanceInUsd": 101.7145127890547,
  "kenduBalanceInUsd": 1483.323536667969,
  "totalUsdBalance": 101.7145127890547
}