{
  "ethBalance": 0.038589031500035925,
  "usdtBalance": 0,
  "usdcBalance": 0,
  "kenduBalance": 35199894.08324558,
  "ethBalanceInUsd": 127.57379457785876,
  "kenduBalanceInUsd": 445.98265803472157,
  "totalUsdBalance": 127.57379457785876
}