{
  "ethBalance": 0.038589031500035925,
  "usdtBalance": 0,
  "usdcBalance": 0,
  "kenduBalance": 35199894.08324558,
  "ethBalanceInUsd": 122.7721613883093,
  "kenduBalanceInUsd": 1843.0664541987387,
  "totalUsdBalance": 122.7721613883093
}