{
  "ethBalance": 0.038589031500035925,
  "usdtBalance": 0,
  "usdcBalance": 0,
  "kenduBalance": 35199894.08324558,
  "ethBalanceInUsd": 137.00263853457756,
  "kenduBalanceInUsd": 693.0859144991055,
  "totalUsdBalance": 137.00263853457756
}