{
  "ethBalance": 0.038589031500035925,
  "usdtBalance": 0,
  "usdcBalance": 0,
  "kenduBalance": 35199894.08324558,
  "ethBalanceInUsd": 137.3692343338279,
  "kenduBalanceInUsd": 1336.5399783408348,
  "totalUsdBalance": 137.3692343338279
}