{
  "ethBalance": 0.04272247540230626,
  "usdtBalance": 0,
  "usdcBalance": 0,
  "kenduBalance": 517214787.4674407,
  "ethBalanceInUsd": 105.15710095523663,
  "kenduBalanceInUsd": 21081.674737172885,
  "totalUsdBalance": 105.15710095523663
}