{
  "ethBalance": 0.04272247540230626,
  "usdtBalance": 0,
  "usdcBalance": 0,
  "kenduBalance": 517214787.4674407,
  "ethBalanceInUsd": 113.09493688498513,
  "kenduBalanceInUsd": 28322.681761717053,
  "totalUsdBalance": 113.09493688498513
}