{
  "ethBalance": 0.038589031500035925,
  "usdtBalance": 0,
  "usdcBalance": 0,
  "kenduBalance": 35199894.08324558,
  "ethBalanceInUsd": 151.3477251044009,
  "kenduBalanceInUsd": 945.8211540168088,
  "totalUsdBalance": 151.3477251044009
}