{
  "ethBalance": 0.3579488855246269,
  "usdtBalance": 0,
  "usdcBalance": 0,
  "kenduBalance": 3705282011.416198,
  "ethBalanceInUsd": 571.0788109437003,
  "kenduBalanceInUsd": 41239.78878706228,
  "totalUsdBalance": 571.0788109437003
}