{
  "ethBalance": 0.038589031500035925,
  "usdtBalance": 0,
  "usdcBalance": 0,
  "kenduBalance": 35199894.08324558,
  "ethBalanceInUsd": 100.96935859078901,
  "kenduBalanceInUsd": 1152.796531226293,
  "totalUsdBalance": 100.96935859078901
}