{
  "ethBalance": 0.04272247540230626,
  "usdtBalance": 0,
  "usdcBalance": 0,
  "kenduBalance": 517214787.4674407,
  "ethBalanceInUsd": 112.6181540594954,
  "kenduBalanceInUsd": 30396.713059461494,
  "totalUsdBalance": 112.6181540594954
}