{
  "ethBalance": 0.045462183917402754,
  "usdtBalance": 0,
  "usdcBalance": 0,
  "kenduBalance": 307214787.46744066,
  "ethBalanceInUsd": 117.9402706277221,
  "kenduBalanceInUsd": 23944.320535212326,
  "totalUsdBalance": 117.9402706277221
}