{
  "ethBalance": 0.3406431199402911,
  "usdtBalance": 0,
  "usdcBalance": 154.403285,
  "kenduBalance": 4113980899.4295063,
  "ethBalanceInUsd": 539.5787019854212,
  "kenduBalanceInUsd": 41098.669185300765,
  "totalUsdBalance": 693.9819869854211
}