{
  "ethBalance": 18.27649738337883,
  "usdtBalance": 0,
  "usdcBalance": 0,
  "kenduBalance": 10805029020.399477,
  "ethBalanceInUsd": 51655.41284956508,
  "kenduBalanceInUsd": 162399.58617660415,
  "totalUsdBalance": 51655.41284956508
}