{
  "ethBalance": 0.04272247540230626,
  "usdtBalance": 0,
  "usdcBalance": 0,
  "kenduBalance": 517214787.4674407,
  "ethBalanceInUsd": 103.08762424674892,
  "kenduBalanceInUsd": 23052.263077423835,
  "totalUsdBalance": 103.08762424674892
}