{
  "ethBalance": 0.5002741579676101,
  "usdtBalance": 0,
  "usdcBalance": 100,
  "kenduBalance": 4855925261.348792,
  "ethBalanceInUsd": 1269.3756374606953,
  "kenduBalanceInUsd": 144026.74325160516,
  "totalUsdBalance": 1369.3756374606953
}