{
  "ethBalance": 0.038589031500035925,
  "usdtBalance": 0,
  "usdcBalance": 0,
  "kenduBalance": 35199894.08324558,
  "ethBalanceInUsd": 96.54396845836487,
  "kenduBalanceInUsd": 1645.5950483917309,
  "totalUsdBalance": 96.54396845836487
}