{
  "ethBalance": 0.06254024854608203,
  "usdtBalance": 0,
  "usdcBalance": 0,
  "kenduBalance": 6456272656.749752,
  "ethBalanceInUsd": 146.00896586562496,
  "kenduBalanceInUsd": 55911.32120745286,
  "totalUsdBalance": 146.00896586562496
}