{
  "ethBalance": 0.5002741579676101,
  "usdtBalance": 0,
  "usdcBalance": 100,
  "kenduBalance": 4855925261.348792,
  "ethBalanceInUsd": 1203.0092676647118,
  "kenduBalanceInUsd": 102945.61554059439,
  "totalUsdBalance": 1303.0092676647118
}