{
  "ethBalance": 0.3579488855246269,
  "usdtBalance": 0,
  "usdcBalance": 0,
  "kenduBalance": 3705282011.416198,
  "ethBalanceInUsd": 644.9952558045358,
  "kenduBalanceInUsd": 45315.598999620095,
  "totalUsdBalance": 644.9952558045358
}