{
  "ethBalance": 0.038589031500035925,
  "usdtBalance": 0,
  "usdcBalance": 0,
  "kenduBalance": 35199894.08324558,
  "ethBalanceInUsd": 127.42098201311863,
  "kenduBalanceInUsd": 592.7662163618556,
  "totalUsdBalance": 127.42098201311863
}