{
  "ethBalance": 0.9903603877171636,
  "usdtBalance": 0,
  "usdcBalance": null,
  "kenduBalance": 4565348937.707456,
  "ethBalanceInUsd": 4546.090902153605,
  "kenduBalanceInUsd": 77702.2389197809,
  "totalUsdBalance": null
}