{
  "ethBalance": 0.045462183917402754,
  "usdtBalance": 0,
  "usdcBalance": 0,
  "kenduBalance": 307214787.46744066,
  "ethBalanceInUsd": 120.45296553283694,
  "kenduBalanceInUsd": 28472.6665024824,
  "totalUsdBalance": 120.45296553283694
}