{
  "ethBalance": 0.04272247540230626,
  "usdtBalance": 0,
  "usdcBalance": 0,
  "kenduBalance": 517214787.4674407,
  "ethBalanceInUsd": 107.8409268600095,
  "kenduBalanceInUsd": 26527.946449205036,
  "totalUsdBalance": 107.8409268600095
}