{
  "ethBalance": 0.5002741579676101,
  "usdtBalance": 0,
  "usdcBalance": 100,
  "kenduBalance": 4855925261.348792,
  "ethBalanceInUsd": 1243.801622505391,
  "kenduBalanceInUsd": 130527.27102505552,
  "totalUsdBalance": 1343.801622505391
}