{
  "ethBalance": 0.04459919224178026,
  "usdtBalance": 0,
  "usdcBalance": 0,
  "kenduBalance": 517214787.4674407,
  "ethBalanceInUsd": 102.26862376193664,
  "kenduBalanceInUsd": 20005.867979240607,
  "totalUsdBalance": 102.26862376193664
}