{
  "ethBalance": 0.038589031500035925,
  "usdtBalance": 0,
  "usdcBalance": 0,
  "kenduBalance": 35199894.08324558,
  "ethBalanceInUsd": 96.2387292191996,
  "kenduBalanceInUsd": 1106.3326710364088,
  "totalUsdBalance": 96.2387292191996
}