{
  "ethBalance": 0.3579040556931112,
  "usdtBalance": 0,
  "usdcBalance": 0,
  "kenduBalance": 3646098337.9468102,
  "ethBalanceInUsd": 658.9156826932453,
  "kenduBalanceInUsd": 42221.81875342406,
  "totalUsdBalance": 658.9156826932453
}