{
  "ethBalance": 0.038589031500035925,
  "usdtBalance": 0,
  "usdcBalance": 0,
  "kenduBalance": 35199894.08324558,
  "ethBalanceInUsd": 126.11860219999241,
  "kenduBalanceInUsd": 762.0777069022669,
  "totalUsdBalance": 126.11860219999241
}