{
  "ethBalance": 0.045462183917402754,
  "usdtBalance": 0,
  "usdcBalance": 0,
  "kenduBalance": 307214787.46744066,
  "ethBalanceInUsd": 123.35527135412394,
  "kenduBalanceInUsd": 29311.362872268513,
  "totalUsdBalance": 123.35527135412394
}