{
  "ethBalance": 0.5002741579676101,
  "usdtBalance": 0,
  "usdcBalance": 100,
  "kenduBalance": 4855925261.348792,
  "ethBalanceInUsd": 1131.249942445838,
  "kenduBalanceInUsd": 95807.40540641166,
  "totalUsdBalance": 1231.249942445838
}