{
  "ethBalance": 0.35703877941042383,
  "usdtBalance": 0,
  "usdcBalance": 0,
  "kenduBalance": 4855947774.956796,
  "ethBalanceInUsd": 885.8667675341732,
  "kenduBalanceInUsd": 154127.7823771287,
  "totalUsdBalance": 885.8667675341732
}