{
  "ethBalance": 0.04272247540230626,
  "usdtBalance": 0,
  "usdcBalance": 0,
  "kenduBalance": 517214787.4674407,
  "ethBalanceInUsd": 102.23488363771888,
  "kenduBalanceInUsd": 24738.38328456769,
  "totalUsdBalance": 102.23488363771888
}