{
  "ethBalance": 0.038589031500035925,
  "usdtBalance": 0,
  "usdcBalance": 0,
  "kenduBalance": 35199894.08324558,
  "ethBalanceInUsd": 95.20878796846364,
  "kenduBalanceInUsd": 1156.3165206346173,
  "totalUsdBalance": 95.20878796846364
}