{
  "ethBalance": 0.04272247540230626,
  "usdtBalance": 0,
  "usdcBalance": 0,
  "kenduBalance": 517214787.4674407,
  "ethBalanceInUsd": 113.24574722315528,
  "kenduBalanceInUsd": 27976.147854113868,
  "totalUsdBalance": 113.24574722315528
}