{
  "ethBalance": 0.038589031500035925,
  "usdtBalance": 0,
  "usdcBalance": 0,
  "kenduBalance": 35199894.08324558,
  "ethBalanceInUsd": 96.08514487382945,
  "kenduBalanceInUsd": 1218.2683342211296,
  "totalUsdBalance": 96.08514487382945
}