{
  "ethBalance": 0.04459919224178026,
  "usdtBalance": 0,
  "usdcBalance": 0,
  "kenduBalance": 517214787.4674407,
  "ethBalanceInUsd": 103.67617426908721,
  "kenduBalanceInUsd": 20569.632097580117,
  "totalUsdBalance": 103.67617426908721
}