{
  "ethBalance": 0.045462183917402754,
  "usdtBalance": 0,
  "usdcBalance": 0,
  "kenduBalance": 307214787.46744066,
  "ethBalanceInUsd": 118.31942524159324,
  "kenduBalanceInUsd": 27698.48523806445,
  "totalUsdBalance": 118.31942524159324
}