{
  "ethBalance": 0.045462183917402754,
  "usdtBalance": 0,
  "usdcBalance": 0,
  "kenduBalance": 307214787.46744066,
  "ethBalanceInUsd": 121.82137726875077,
  "kenduBalanceInUsd": 22417.463041499144,
  "totalUsdBalance": 121.82137726875077
}