{
  "ethBalance": 0.038589031500035925,
  "usdtBalance": 0,
  "usdcBalance": 0,
  "kenduBalance": 35199894.08324558,
  "ethBalanceInUsd": 131.79003215955268,
  "kenduBalanceInUsd": 931.0371985018456,
  "totalUsdBalance": 131.79003215955268
}