{
  "ethBalance": 0.038589031500035925,
  "usdtBalance": 0,
  "usdcBalance": 0,
  "kenduBalance": 35199894.08324558,
  "ethBalanceInUsd": 132.137719333368,
  "kenduBalanceInUsd": 850.0774421103808,
  "totalUsdBalance": 132.137719333368
}