{
  "ethBalance": 0.11828269992644785,
  "usdtBalance": 0,
  "usdcBalance": 0,
  "kenduBalance": 12696082608.223658,
  "ethBalanceInUsd": 387.7141307809064,
  "kenduBalanceInUsd": 289216.7618153349,
  "totalUsdBalance": 387.7141307809064
}