{
  "ethBalance": 0.5002741579676101,
  "usdtBalance": 0,
  "usdcBalance": 100,
  "kenduBalance": 4855925261.348792,
  "ethBalanceInUsd": 1284.3188265591878,
  "kenduBalanceInUsd": 163838.91831790825,
  "totalUsdBalance": 1384.3188265591878
}