{
  "ethBalance": 0.038589031500035925,
  "usdtBalance": 0,
  "usdcBalance": 0,
  "kenduBalance": 35199894.08324558,
  "ethBalanceInUsd": 152.1986132489767,
  "kenduBalanceInUsd": 1152.796531226293,
  "totalUsdBalance": 152.1986132489767
}