{
  "ethBalance": 0.7404211583199757,
  "usdtBalance": 0,
  "usdcBalance": null,
  "kenduBalance": 4745282940.56362,
  "ethBalanceInUsd": 2889.8859935576147,
  "kenduBalanceInUsd": 92295.75319396239,
  "totalUsdBalance": null
}