{
  "ethBalance": 0.5002741579676101,
  "usdtBalance": 0,
  "usdcBalance": 100,
  "kenduBalance": 4855925261.348792,
  "ethBalanceInUsd": 1241.700471041927,
  "kenduBalanceInUsd": 152767.408722033,
  "totalUsdBalance": 1341.700471041927
}