{
  "ethBalance": 0.04459919224178026,
  "usdtBalance": 0,
  "usdcBalance": 0,
  "kenduBalance": 517214787.4674407,
  "ethBalanceInUsd": 105.39458114616302,
  "kenduBalanceInUsd": 29667.4402091324,
  "totalUsdBalance": 105.39458114616302
}