{
  "ethBalance": 0.045462183917402754,
  "usdtBalance": 0,
  "usdcBalance": 0,
  "kenduBalance": 307214787.46744066,
  "ethBalanceInUsd": 121.70044785953048,
  "kenduBalanceInUsd": 23001.171137687284,
  "totalUsdBalance": 121.70044785953048
}