{
  "ethBalance": 0.038589031500035925,
  "usdtBalance": 0,
  "usdcBalance": 0,
  "kenduBalance": 35199894.08324558,
  "ethBalanceInUsd": 151.10307064469066,
  "kenduBalanceInUsd": 1136.2525810071675,
  "totalUsdBalance": 151.10307064469066
}