{
  "ethBalance": 0.3579488855246269,
  "usdtBalance": 0,
  "usdcBalance": 0,
  "kenduBalance": 3705282011.416198,
  "ethBalanceInUsd": 572.4390167086939,
  "kenduBalanceInUsd": 40758.102125578174,
  "totalUsdBalance": 572.4390167086939
}