{
  "ethBalance": 0.5002741579676101,
  "usdtBalance": 0,
  "usdcBalance": 100,
  "kenduBalance": 4855925261.348792,
  "ethBalanceInUsd": 1263.107202261361,
  "kenduBalanceInUsd": 114648.39542044498,
  "totalUsdBalance": 1363.107202261361
}