{
  "ethBalance": 0.038589031500035925,
  "usdtBalance": 0,
  "usdcBalance": 0,
  "kenduBalance": 35199894.08324558,
  "ethBalanceInUsd": 128.00406227908417,
  "kenduBalanceInUsd": 803.2615829796641,
  "totalUsdBalance": 128.00406227908417
}