{
  "ethBalance": 0.038589031500035925,
  "usdtBalance": 0,
  "usdcBalance": 0,
  "kenduBalance": 35199894.08324558,
  "ethBalanceInUsd": 93.73044217169726,
  "kenduBalanceInUsd": 2030.3298907216051,
  "totalUsdBalance": 93.73044217169726
}