{
  "ethBalance": 0.038589031500035925,
  "usdtBalance": 0,
  "usdcBalance": 0,
  "kenduBalance": 35199894.08324558,
  "ethBalanceInUsd": 101.96534149380493,
  "kenduBalanceInUsd": 1472.0595705613305,
  "totalUsdBalance": 101.96534149380493
}