{
  "ethBalance": 0.5002528644753425,
  "usdtBalance": 0,
  "usdcBalance": null,
  "kenduBalance": 4845166789.051858,
  "ethBalanceInUsd": 1885.633137238777,
  "kenduBalanceInUsd": 117640.64963817912,
  "totalUsdBalance": null
}