{
  "ethBalance": 18.27649738337883,
  "usdtBalance": 0,
  "usdcBalance": 0,
  "kenduBalance": 10805029020.399477,
  "ethBalanceInUsd": 49642.98772268124,
  "kenduBalanceInUsd": 144031.03684192503,
  "totalUsdBalance": 49642.98772268124
}