{
  "ethBalance": 0.045462183917402754,
  "usdtBalance": 0,
  "usdcBalance": 0,
  "kenduBalance": 307214787.46744066,
  "ethBalanceInUsd": 119.21184791189184,
  "kenduBalanceInUsd": 28337.491995996726,
  "totalUsdBalance": 119.21184791189184
}