{
  "ethBalance": 8.056063080971311,
  "usdtBalance": 22313.097842,
  "usdcBalance": 88.007775,
  "kenduBalance": 319823769.8171208,
  "ethBalanceInUsd": 23873.176212888764,
  "kenduBalanceInUsd": 39856.4381946096,
  "totalUsdBalance": 46274.281829888765
}