{
  "ethBalance": 0.038589031500035925,
  "usdtBalance": 0,
  "usdcBalance": 0,
  "kenduBalance": 35199894.08324558,
  "ethBalanceInUsd": 151.94469742170645,
  "kenduBalanceInUsd": 1335.131982577505,
  "totalUsdBalance": 151.94469742170645
}