{
  "ethBalance": 0.0660488809860724,
  "usdtBalance": 0,
  "usdcBalance": 0,
  "kenduBalance": 7622102282.100412,
  "ethBalanceInUsd": 180.84513858391554,
  "kenduBalanceInUsd": 67455.60519658864,
  "totalUsdBalance": 180.84513858391554
}