{
  "ethBalance": 0.5002741579676101,
  "usdtBalance": 0,
  "usdcBalance": 100,
  "kenduBalance": 4855925261.348792,
  "ethBalanceInUsd": 1323.775449398093,
  "kenduBalanceInUsd": 160973.92241371245,
  "totalUsdBalance": 1423.775449398093
}