{
  "ethBalance": 13.47560135212183,
  "usdtBalance": 3949.089252,
  "usdcBalance": 8005.206012,
  "kenduBalance": 10805029020.399477,
  "ethBalanceInUsd": 44709.35016606981,
  "kenduBalanceInUsd": 196975.67904188245,
  "totalUsdBalance": 56663.64543006981
}