{
  "ethBalance": 0.357215510728175,
  "usdtBalance": 0,
  "usdcBalance": 0,
  "kenduBalance": 4299933763.203477,
  "ethBalanceInUsd": 930.7714512186546,
  "kenduBalanceInUsd": 99070.4739042081,
  "totalUsdBalance": 930.7714512186546
}