{
  "ethBalance": 0.038589031500035925,
  "usdtBalance": 0,
  "usdcBalance": 0,
  "kenduBalance": 35199894.08324558,
  "ethBalanceInUsd": 128.11249745759926,
  "kenduBalanceInUsd": 607.9021708176512,
  "totalUsdBalance": 128.11249745759926
}