{
  "ethBalance": 0.04841366454199495,
  "usdtBalance": 90113.767042,
  "usdcBalance": 0,
  "kenduBalance": 946492975.4674407,
  "ethBalanceInUsd": 118.57426305960861,
  "kenduBalanceInUsd": 105108.0449256593,
  "totalUsdBalance": 90232.34130505961
}