{
  "ethBalance": 0.3579488855246269,
  "usdtBalance": 0,
  "usdcBalance": 0,
  "kenduBalance": 3705282011.416198,
  "ethBalanceInUsd": 572.1204422005769,
  "kenduBalanceInUsd": 40387.57392443656,
  "totalUsdBalance": 572.1204422005769
}