{
  "ethBalance": 0.3579488855246269,
  "usdtBalance": 0,
  "usdcBalance": 0,
  "kenduBalance": 3705282011.416198,
  "ethBalanceInUsd": 570.7530774578728,
  "kenduBalanceInUsd": 38831.35547964175,
  "totalUsdBalance": 570.7530774578728
}