{
  "ethBalance": 0.30943876692005484,
  "usdtBalance": 0,
  "usdcBalance": 0,
  "kenduBalance": 8110029020.399477,
  "ethBalanceInUsd": 814.5480437143372,
  "kenduBalanceInUsd": 75828.77134073511,
  "totalUsdBalance": 814.5480437143372
}