{
  "ethBalance": 0.04459919224178026,
  "usdtBalance": 0,
  "usdcBalance": 0,
  "kenduBalance": 517214787.4674407,
  "ethBalanceInUsd": 111.49575064483855,
  "kenduBalanceInUsd": 32641.425237070183,
  "totalUsdBalance": 111.49575064483855
}