{
  "ethBalance": 0.038589031500035925,
  "usdtBalance": 0,
  "usdcBalance": 0,
  "kenduBalance": 35199894.08324558,
  "ethBalanceInUsd": 127.65946222778884,
  "kenduBalanceInUsd": 1158.4285142796123,
  "totalUsdBalance": 127.65946222778884
}