{
  "ethBalance": 0.3119048631851912,
  "usdtBalance": 0,
  "usdcBalance": 0.463046,
  "kenduBalance": 4175387837.757599,
  "ethBalanceInUsd": 614.7800805811711,
  "kenduBalanceInUsd": 34613.9651750105,
  "totalUsdBalance": 615.243126581171
}