{
  "ethBalance": 0.04272247540230626,
  "usdtBalance": 0,
  "usdcBalance": 0,
  "kenduBalance": 517214787.4674407,
  "ethBalanceInUsd": 104.85419860463428,
  "kenduBalanceInUsd": 28400.26397983717,
  "totalUsdBalance": 104.85419860463428
}