{
  "ethBalance": 0.11400248175392605,
  "usdtBalance": 0,
  "usdcBalance": 0,
  "kenduBalance": 11996082608.223658,
  "ethBalanceInUsd": 367.5360210009348,
  "kenduBalanceInUsd": 300261.94768383814,
  "totalUsdBalance": 367.5360210009348
}