{
  "ethBalance": 0.3117728554842481,
  "usdtBalance": 0,
  "usdcBalance": 0.463046,
  "kenduBalance": 4113980899.4295063,
  "ethBalanceInUsd": 564.2995152408246,
  "kenduBalanceInUsd": 43155.659635015516,
  "totalUsdBalance": 564.7625612408245
}