{
  "ethBalance": 0.038589031500035925,
  "usdtBalance": 0,
  "usdcBalance": 0,
  "kenduBalance": 35199894.08324558,
  "ethBalanceInUsd": 127.97357694419915,
  "kenduBalanceInUsd": 789.8856232280308,
  "totalUsdBalance": 127.97357694419915
}