{
  "ethBalance": 0.038589031500035925,
  "usdtBalance": 0,
  "usdcBalance": 0,
  "kenduBalance": 35199894.08324558,
  "ethBalanceInUsd": 93.446812790172,
  "kenduBalanceInUsd": 1970.4900707800878,
  "totalUsdBalance": 93.446812790172
}