{
  "ethBalance": 0.04459919224178026,
  "usdtBalance": 0,
  "usdcBalance": 0,
  "kenduBalance": 517214787.4674407,
  "ethBalanceInUsd": 105.53908252902637,
  "kenduBalanceInUsd": 29703.64524425512,
  "totalUsdBalance": 105.53908252902637
}