{
  "ethBalance": 3.9774170719585187,
  "usdtBalance": 0,
  "usdcBalance": 0,
  "kenduBalance": 8310029020.399478,
  "ethBalanceInUsd": 10137.242891300675,
  "kenduBalanceInUsd": 97892.14186030586,
  "totalUsdBalance": 10137.242891300675
}