{
  "ethBalance": 0.045462183917402754,
  "usdtBalance": 0,
  "usdcBalance": 0,
  "kenduBalance": 307214787.46744066,
  "ethBalanceInUsd": 122.43920834818827,
  "kenduBalanceInUsd": 29087.09607741728,
  "totalUsdBalance": 122.43920834818827
}