{
  "ethBalance": 0.04459919224178026,
  "usdtBalance": 0,
  "usdcBalance": 0,
  "kenduBalance": 517214787.4674407,
  "ethBalanceInUsd": 102.25702797195379,
  "kenduBalanceInUsd": 23414.31342865104,
  "totalUsdBalance": 102.25702797195379
}