{
  "ethBalance": 0.5002741579676101,
  "usdtBalance": 0,
  "usdcBalance": 100,
  "kenduBalance": 4855925261.348792,
  "ethBalanceInUsd": 1243.7565978311738,
  "kenduBalanceInUsd": 128584.90092051601,
  "totalUsdBalance": 1343.7565978311738
}