{
  "ethBalance": 0.357215510728175,
  "usdtBalance": 0,
  "usdcBalance": 0,
  "kenduBalance": 4299933763.203477,
  "ethBalanceInUsd": 930.1320354544512,
  "kenduBalanceInUsd": 97909.49178814318,
  "totalUsdBalance": 930.1320354544512
}