{
  "ethBalance": 0.3579488855246269,
  "usdtBalance": 0,
  "usdcBalance": 0,
  "kenduBalance": 3705282011.416198,
  "ethBalanceInUsd": 559.0946822563358,
  "kenduBalanceInUsd": 41313.89442729061,
  "totalUsdBalance": 559.0946822563358
}