{
  "ethBalance": 0.04272247540230626,
  "usdtBalance": 0,
  "usdcBalance": 0,
  "kenduBalance": 517214787.4674407,
  "ethBalanceInUsd": 114.3612310559095,
  "kenduBalanceInUsd": 29295.045562155843,
  "totalUsdBalance": 114.3612310559095
}