{
  "ethBalance": 8.056063080971311,
  "usdtBalance": 22313.097842,
  "usdcBalance": 88.007775,
  "kenduBalance": 319721753.5049916,
  "ethBalanceInUsd": 25118.4018833145,
  "kenduBalanceInUsd": 39415.297772095364,
  "totalUsdBalance": 47519.507500314496
}