{
  "ethBalance": 0.038589031500035925,
  "usdtBalance": 0,
  "usdcBalance": 0,
  "kenduBalance": 35199894.08324558,
  "ethBalanceInUsd": 95.28519425083371,
  "kenduBalanceInUsd": 1887.7703196844607,
  "totalUsdBalance": 95.28519425083371
}