{
  "ethBalance": 0.0624422229661258,
  "usdtBalance": 0,
  "usdcBalance": 0,
  "kenduBalance": 6379544426.92592,
  "ethBalanceInUsd": 133.43216183408455,
  "kenduBalanceInUsd": 54162.33218460106,
  "totalUsdBalance": 133.43216183408455
}