{
  "ethBalance": 0.04459919224178026,
  "usdtBalance": 0,
  "usdcBalance": 0,
  "kenduBalance": 517214787.4674407,
  "ethBalanceInUsd": 105.45612803145669,
  "kenduBalanceInUsd": 24841.82624206118,
  "totalUsdBalance": 105.45612803145669
}