{
  "ethBalance": 0.5002741579676101,
  "usdtBalance": 0,
  "usdcBalance": 100,
  "kenduBalance": 4855925261.348792,
  "ethBalanceInUsd": 1256.958832859939,
  "kenduBalanceInUsd": 125914.14202677418,
  "totalUsdBalance": 1356.958832859939
}