{
  "ethBalance": 0.03983369884579122,
  "usdtBalance": 0,
  "usdcBalance": 0,
  "kenduBalance": 1091213805.8365645,
  "ethBalanceInUsd": 104.65746699947803,
  "kenduBalanceInUsd": 45514.52784144311,
  "totalUsdBalance": 104.65746699947803
}