{
  "ethBalance": 0.038589031500035925,
  "usdtBalance": 0,
  "usdcBalance": 0,
  "kenduBalance": 35199894.08324558,
  "ethBalanceInUsd": 120.26464612143697,
  "kenduBalanceInUsd": 951.4531370701282,
  "totalUsdBalance": 120.26464612143697
}