{
  "ethBalance": 1.5619054443825804,
  "usdtBalance": 3946.421819,
  "usdcBalance": 0,
  "kenduBalance": 13053495101.864979,
  "ethBalanceInUsd": 4934.996442071201,
  "kenduBalanceInUsd": 296705.943665391,
  "totalUsdBalance": 8881.418261071201
}