{
  "ethBalance": 0.038589031500035925,
  "usdtBalance": 0,
  "usdcBalance": 0,
  "kenduBalance": 35199894.08324558,
  "ethBalanceInUsd": 118.53199860708536,
  "kenduBalanceInUsd": 765.2456973697589,
  "totalUsdBalance": 118.53199860708536
}