{
  "ethBalance": 0.04459919224178026,
  "usdtBalance": 0,
  "usdcBalance": 0,
  "kenduBalance": 517214787.4674407,
  "ethBalanceInUsd": 104.50482726093949,
  "kenduBalanceInUsd": 24588.39099620213,
  "totalUsdBalance": 104.50482726093949
}