{
  "ethBalance": 0.10788809429719365,
  "usdtBalance": 3946.421819,
  "usdcBalance": 0,
  "kenduBalance": 13268928669.075045,
  "ethBalanceInUsd": 357.3048695743889,
  "kenduBalanceInUsd": 327742.53812615364,
  "totalUsdBalance": 4303.726688574389
}