{
  "ethBalance": 0.038589031500035925,
  "usdtBalance": 0,
  "usdcBalance": 0,
  "kenduBalance": 35199894.08324558,
  "ethBalanceInUsd": 149.65945497627433,
  "kenduBalanceInUsd": 1194.3324062445226,
  "totalUsdBalance": 149.65945497627433
}