{
  "ethBalance": 0.038589031500035925,
  "usdtBalance": 0,
  "usdcBalance": 0,
  "kenduBalance": 35199894.08324558,
  "ethBalanceInUsd": 96.17235608501953,
  "kenduBalanceInUsd": 1088.3807250539535,
  "totalUsdBalance": 96.17235608501953
}