{
  "ethBalance": 0.5002741579676101,
  "usdtBalance": 0,
  "usdcBalance": 100,
  "kenduBalance": 4855925261.348792,
  "ethBalanceInUsd": 1257.3140275120961,
  "kenduBalanceInUsd": 112220.4327897706,
  "totalUsdBalance": 1357.3140275120961
}