{
  "ethBalance": 0.038589031500035925,
  "usdtBalance": 0,
  "usdcBalance": 0,
  "kenduBalance": 35199894.08324558,
  "ethBalanceInUsd": 128.63769417631477,
  "kenduBalanceInUsd": 875.77336479115,
  "totalUsdBalance": 128.63769417631477
}