{
  "ethBalance": 0.5002741579676101,
  "usdtBalance": 0,
  "usdcBalance": 100,
  "kenduBalance": 4855925261.348792,
  "ethBalanceInUsd": 1340.1744362962713,
  "kenduBalanceInUsd": 148882.66851295397,
  "totalUsdBalance": 1440.1744362962713
}