{
  "ethBalance": 0.0624422229661258,
  "usdtBalance": 0,
  "usdcBalance": 0,
  "kenduBalance": 6384544426.92592,
  "ethBalanceInUsd": 121.11980430962389,
  "kenduBalanceInUsd": 45713.33809678959,
  "totalUsdBalance": 121.11980430962389
}