{
  "ethBalance": 0.04272247540230626,
  "usdtBalance": 0,
  "usdcBalance": 0,
  "kenduBalance": 517214787.4674407,
  "ethBalanceInUsd": 104.78498819448255,
  "kenduBalanceInUsd": 23460.862759523112,
  "totalUsdBalance": 104.78498819448255
}