{
  "ethBalance": 0.3117728554842481,
  "usdtBalance": 0,
  "usdcBalance": 0.463046,
  "kenduBalance": 4113980899.4295063,
  "ethBalanceInUsd": 569.9145443680959,
  "kenduBalanceInUsd": 44965.811230764506,
  "totalUsdBalance": 570.3775903680959
}