{
  "ethBalance": 0.35779268808449755,
  "usdtBalance": 0,
  "usdcBalance": 0,
  "kenduBalance": 3546950453.60037,
  "ethBalanceInUsd": 645.4365417431485,
  "kenduBalanceInUsd": 38342.534403419995,
  "totalUsdBalance": 645.4365417431485
}