{
  "ethBalance": 0.038589031500035925,
  "usdtBalance": 0,
  "usdcBalance": 0,
  "kenduBalance": 35199894.08324558,
  "ethBalanceInUsd": 129.51598053325557,
  "kenduBalanceInUsd": 966.5890915259238,
  "totalUsdBalance": 129.51598053325557
}