{
  "ethBalance": 0.30943876692005484,
  "usdtBalance": 0,
  "usdcBalance": 0,
  "kenduBalance": 8110029020.399477,
  "ethBalanceInUsd": 828.2159540491961,
  "kenduBalanceInUsd": 91643.32793051409,
  "totalUsdBalance": 828.2159540491961
}