{
  "ethBalance": 0.038589031500035925,
  "usdtBalance": 0,
  "usdcBalance": 0,
  "kenduBalance": 35199894.08324558,
  "ethBalanceInUsd": 95.52444624613392,
  "kenduBalanceInUsd": 1094.0127081072728,
  "totalUsdBalance": 95.52444624613392
}