{
  "ethBalance": 0.04459919224178026,
  "usdtBalance": 0,
  "usdcBalance": 0,
  "kenduBalance": 517214787.4674407,
  "ethBalanceInUsd": 112.43233368191594,
  "kenduBalanceInUsd": 34405.127662334155,
  "totalUsdBalance": 112.43233368191594
}