{
  "ethBalance": 0.038589031500035925,
  "usdtBalance": 0,
  "usdcBalance": 0,
  "kenduBalance": 35199894.08324558,
  "ethBalanceInUsd": 128.5744081646547,
  "kenduBalanceInUsd": 644.1580617233942,
  "totalUsdBalance": 128.5744081646547
}