{
  "ethBalance": 0.5002741579676101,
  "usdtBalance": 0,
  "usdcBalance": 100,
  "kenduBalance": 4855925261.348792,
  "ethBalanceInUsd": 1248.7143147366328,
  "kenduBalanceInUsd": 106296.20397092505,
  "totalUsdBalance": 1348.7143147366328
}