{
  "ethBalance": 0.038589031500035925,
  "usdtBalance": 0,
  "usdcBalance": 0,
  "kenduBalance": 35199894.08324558,
  "ethBalanceInUsd": 133.00751610337883,
  "kenduBalanceInUsd": 1051.068837325713,
  "totalUsdBalance": 133.00751610337883
}