{
  "ethBalance": 0.038589031500035925,
  "usdtBalance": 0,
  "usdcBalance": 0,
  "kenduBalance": 35199894.08324558,
  "ethBalanceInUsd": 118.82450346585563,
  "kenduBalanceInUsd": 776.5096634763975,
  "totalUsdBalance": 118.82450346585563
}