{
  "ethBalance": 0.04459919224178026,
  "usdtBalance": 0,
  "usdcBalance": 0,
  "kenduBalance": 517214787.4674407,
  "ethBalanceInUsd": 111.83336653010883,
  "kenduBalanceInUsd": 32589.703758323438,
  "totalUsdBalance": 111.83336653010883
}