{
  "ethBalance": 0.3406431199402911,
  "usdtBalance": 0,
  "usdcBalance": 154.403285,
  "kenduBalance": 4113980899.4295063,
  "ethBalanceInUsd": 606.0381746857719,
  "kenduBalanceInUsd": 46282.285118581945,
  "totalUsdBalance": 760.4414596857719
}