{
  "ethBalance": 0.3119048631851912,
  "usdtBalance": 0,
  "usdcBalance": 0.463046,
  "kenduBalance": 4175387837.757599,
  "ethBalanceInUsd": 628.6037041175387,
  "kenduBalanceInUsd": 57578.59828267729,
  "totalUsdBalance": 629.0667501175386
}