{
  "ethBalance": 0.038589031500035925,
  "usdtBalance": 0,
  "usdcBalance": 0,
  "kenduBalance": 35199894.08324558,
  "ethBalanceInUsd": 134.35311563178507,
  "kenduBalanceInUsd": 1040.5088691007395,
  "totalUsdBalance": 134.35311563178507
}