{
  "ethBalance": 0.06254024854608203,
  "usdtBalance": 0,
  "usdcBalance": 0,
  "kenduBalance": 6456272656.749752,
  "ethBalanceInUsd": 157.820317206038,
  "kenduBalanceInUsd": 70244.2465054373,
  "totalUsdBalance": 157.820317206038
}