{
  "ethBalance": 0.04459919224178026,
  "usdtBalance": 0,
  "usdcBalance": 0,
  "kenduBalance": 517214787.4674407,
  "ethBalanceInUsd": 110.69608712794344,
  "kenduBalanceInUsd": 36975.68515604734,
  "totalUsdBalance": 110.69608712794344
}