{
  "ethBalance": 0.5002741579676101,
  "usdtBalance": 0,
  "usdcBalance": 100,
  "kenduBalance": 4855925261.348792,
  "ethBalanceInUsd": 1380.7516732490242,
  "kenduBalanceInUsd": 141404.54361047683,
  "totalUsdBalance": 1480.7516732490242
}