{
  "ethBalance": 0.04459919224178026,
  "usdtBalance": 0,
  "usdcBalance": 0,
  "kenduBalance": 517214787.4674407,
  "ethBalanceInUsd": 112.32395764476841,
  "kenduBalanceInUsd": 32982.78699679869,
  "totalUsdBalance": 112.32395764476841
}