{
  "ethBalance": 0.038589031500035925,
  "usdtBalance": 0,
  "usdcBalance": 0,
  "kenduBalance": 35199894.08324558,
  "ethBalanceInUsd": 97.72787994478598,
  "kenduBalanceInUsd": 1632.2190886400977,
  "totalUsdBalance": 97.72787994478598
}