{
  "ethBalance": 0.038589031500035925,
  "usdtBalance": 0,
  "usdcBalance": 0,
  "kenduBalance": 35199894.08324558,
  "ethBalanceInUsd": 96.72417923547005,
  "kenduBalanceInUsd": 1134.1405873621727,
  "totalUsdBalance": 96.72417923547005
}