{
  "ethBalance": 0.30943876692005484,
  "usdtBalance": 0,
  "usdcBalance": 0,
  "kenduBalance": 8110029020.399477,
  "ethBalanceInUsd": 822.2623521736541,
  "kenduBalanceInUsd": 83695.4994905226,
  "totalUsdBalance": 822.2623521736541
}