{
  "ethBalance": 0.04272247540230626,
  "usdtBalance": 0,
  "usdcBalance": 0,
  "kenduBalance": 517214787.4674407,
  "ethBalanceInUsd": 105.02978797853775,
  "kenduBalanceInUsd": 23662.576526635414,
  "totalUsdBalance": 105.02978797853775
}