{
  "ethBalance": 0.038589031500035925,
  "usdtBalance": 0,
  "usdcBalance": 0,
  "kenduBalance": 35199894.08324558,
  "ethBalanceInUsd": 96.29854221802464,
  "kenduBalanceInUsd": 1114.0766477347227,
  "totalUsdBalance": 96.29854221802464
}