{
  "ethBalance": 0.038589031500035925,
  "usdtBalance": 0,
  "usdcBalance": 0,
  "kenduBalance": 35199894.08324558,
  "ethBalanceInUsd": 143.15064303316328,
  "kenduBalanceInUsd": 1315.7720408317198,
  "totalUsdBalance": 143.15064303316328
}