{
  "ethBalance": 18.27649738337883,
  "usdtBalance": 0,
  "usdcBalance": 0,
  "kenduBalance": 10805029020.399477,
  "ethBalanceInUsd": 47506.465178564256,
  "kenduBalanceInUsd": 121448.52618929013,
  "totalUsdBalance": 47506.465178564256
}