{
  "ethBalance": 0.3117728554842481,
  "usdtBalance": 0,
  "usdcBalance": 0.463046,
  "kenduBalance": 4113980899.4295063,
  "ethBalanceInUsd": 566.7999335418082,
  "kenduBalanceInUsd": 44389.85390484437,
  "totalUsdBalance": 567.2629795418081
}