{
  "ethBalance": 13.47560135212183,
  "usdtBalance": 3949.089252,
  "usdcBalance": 8005.206012,
  "kenduBalance": 10805029020.399477,
  "ethBalanceInUsd": 41803.60624651178,
  "kenduBalanceInUsd": 144463.238002741,
  "totalUsdBalance": 53757.90151051178
}