{
  "ethBalance": 4.466168341671865,
  "usdtBalance": 0,
  "usdcBalance": 0,
  "kenduBalance": 8305029020.399477,
  "ethBalanceInUsd": 12236.809977663324,
  "kenduBalanceInUsd": 127066.944012112,
  "totalUsdBalance": 12236.809977663324
}