{
  "ethBalance": 0.045462183917402754,
  "usdtBalance": 0,
  "usdcBalance": 0,
  "kenduBalance": 307214787.46744066,
  "ethBalanceInUsd": 118.81268993709706,
  "kenduBalanceInUsd": 28100.9366096468,
  "totalUsdBalance": 118.81268993709706
}