{
  "ethBalance": 0.659534011230498,
  "usdtBalance": 0,
  "usdcBalance": null,
  "kenduBalance": 4482236645.828448,
  "ethBalanceInUsd": 2962.554229706162,
  "kenduBalanceInUsd": 59479.280290143506,
  "totalUsdBalance": null
}