{
  "ethBalance": 8.011063080971311,
  "usdtBalance": 22313.097842,
  "kenduBalance": 302835445.5049916,
  "ethBalanceInUsd": 25811.645246889566,
  "kenduBalanceInUsd": 44653.08643971101,
  "totalUsdBalance": 48124.74308888956
}