{
  "ethBalance": 0.35703877941042383,
  "usdtBalance": 0,
  "usdcBalance": 0,
  "kenduBalance": 4855947774.956796,
  "ethBalanceInUsd": 880.8039576421332,
  "kenduBalanceInUsd": 161557.38247281258,
  "totalUsdBalance": 880.8039576421332
}