{
  "ethBalance": 0.038589031500035925,
  "usdtBalance": 0,
  "usdcBalance": 0,
  "kenduBalance": 35199894.08324558,
  "ethBalanceInUsd": 129.85016154604588,
  "kenduBalanceInUsd": 747.2937513873037,
  "totalUsdBalance": 129.85016154604588
}