{
  "ethBalance": 0.038589031500035925,
  "usdtBalance": 0,
  "usdcBalance": 0,
  "kenduBalance": 35199894.08324558,
  "ethBalanceInUsd": 151.18294993989574,
  "kenduBalanceInUsd": 1137.3085778296647,
  "totalUsdBalance": 151.18294993989574
}