{
  "ethBalance": 0.5002528644753425,
  "usdtBalance": 0,
  "usdcBalance": null,
  "kenduBalance": 4845166789.051858,
  "ethBalanceInUsd": 1490.213263042887,
  "kenduBalanceInUsd": 111002.77113717806,
  "totalUsdBalance": null
}