{
  "ethBalance": 0.038589031500035925,
  "usdtBalance": 0,
  "usdcBalance": 0,
  "kenduBalance": 35199894.08324558,
  "ethBalanceInUsd": 121.06806975726771,
  "kenduBalanceInUsd": 835.6454855362501,
  "totalUsdBalance": 121.06806975726771
}