{
  "ethBalance": 0.04272247540230626,
  "usdtBalance": 0,
  "usdcBalance": 0,
  "kenduBalance": 517214787.4674407,
  "ethBalanceInUsd": 104.99390109919982,
  "kenduBalanceInUsd": 23352.247654154948,
  "totalUsdBalance": 104.99390109919982
}