{
  "ethBalance": 0.038589031500035925,
  "usdtBalance": 0,
  "usdcBalance": 0,
  "kenduBalance": 35199894.08324558,
  "ethBalanceInUsd": 132.17708014549805,
  "kenduBalanceInUsd": 827.5495098971037,
  "totalUsdBalance": 132.17708014549805
}