{
  "ethBalance": 0.3579488855246269,
  "usdtBalance": 0,
  "usdcBalance": 0,
  "kenduBalance": 3705282011.416198,
  "ethBalanceInUsd": 594.9253656973509,
  "kenduBalanceInUsd": 41573.264168089736,
  "totalUsdBalance": 594.9253656973509
}