{
  "ethBalance": 0.5002741579676101,
  "usdtBalance": 0,
  "usdcBalance": 100,
  "kenduBalance": 4855925261.348792,
  "ethBalanceInUsd": 1325.1361951077652,
  "kenduBalanceInUsd": 160099.85586666968,
  "totalUsdBalance": 1425.1361951077652
}