{
  "ethBalance": 8.011063080971311,
  "usdtBalance": 22313.097842,
  "usdcBalance": 88.007775,
  "kenduBalance": 302835445.5049916,
  "ethBalanceInUsd": 25537.106115104678,
  "kenduBalanceInUsd": 46027.95936230368,
  "totalUsdBalance": 47938.211732104675
}