{
  "ethBalance": 0.04459919224178026,
  "usdtBalance": 0,
  "usdcBalance": 0,
  "kenduBalance": 517214787.4674407,
  "ethBalanceInUsd": 107.89347388746995,
  "kenduBalanceInUsd": 28451.985458583913,
  "totalUsdBalance": 107.89347388746995
}