{
  "ethBalance": 0.038589031500035925,
  "usdtBalance": 0,
  "usdcBalance": 0,
  "kenduBalance": 35199894.08324558,
  "ethBalanceInUsd": 125.7848070775171,
  "kenduBalanceInUsd": 675.1339685166503,
  "totalUsdBalance": 125.7848070775171
}