{
  "ethBalance": 0.038589031500035925,
  "usdtBalance": 0,
  "usdcBalance": 0,
  "kenduBalance": 35199894.08324558,
  "ethBalanceInUsd": 97.37556208719066,
  "kenduBalanceInUsd": 1203.4843787061666,
  "totalUsdBalance": 97.37556208719066
}