{
  "ethBalance": 0.038589031500035925,
  "usdtBalance": 0,
  "usdcBalance": 0,
  "kenduBalance": 35199894.08324558,
  "ethBalanceInUsd": 129.27248374449036,
  "kenduBalanceInUsd": 929.6292027385158,
  "totalUsdBalance": 129.27248374449036
}