{
  "ethBalance": 0.04459919224178026,
  "usdtBalance": 0,
  "usdcBalance": 0,
  "kenduBalance": 517214787.4674407,
  "ethBalanceInUsd": 109.85762231379796,
  "kenduBalanceInUsd": 33944.80650148813,
  "totalUsdBalance": 109.85762231379796
}