{
  "ethBalance": 0.038589031500035925,
  "usdtBalance": 0,
  "usdcBalance": 0,
  "kenduBalance": 35199894.08324558,
  "ethBalanceInUsd": 124.19030829593562,
  "kenduBalanceInUsd": 755.7417259672826,
  "totalUsdBalance": 124.19030829593562
}