{
  "ethBalance": 0.5002741579676101,
  "usdtBalance": 0,
  "usdcBalance": 100,
  "kenduBalance": 4855925261.348792,
  "ethBalanceInUsd": 1231.349798713577,
  "kenduBalanceInUsd": 107801.54080194319,
  "totalUsdBalance": 1331.349798713577
}