{
  "ethBalance": 0.3196155371451788,
  "usdtBalance": 0,
  "usdcBalance": 884.463046,
  "kenduBalance": 5453954448.539579,
  "ethBalanceInUsd": 618.9674492353532,
  "kenduBalanceInUsd": 36923.271616612954,
  "totalUsdBalance": 1503.4304952353532
}