{
  "ethBalance": 0.3579488855246269,
  "usdtBalance": 0,
  "usdcBalance": 0,
  "kenduBalance": 3705282011.416198,
  "ethBalanceInUsd": 591.904277103523,
  "kenduBalanceInUsd": 45908.44412144669,
  "totalUsdBalance": 591.904277103523
}