{
  "ethBalance": 0.038589031500035925,
  "usdtBalance": 0,
  "usdcBalance": 0,
  "kenduBalance": 35199894.08324558,
  "ethBalanceInUsd": 117.2929048056192,
  "kenduBalanceInUsd": 1840.6024616129116,
  "totalUsdBalance": 117.2929048056192
}