{
  "ethBalance": 0.03983369884579122,
  "usdtBalance": 0,
  "usdcBalance": 0,
  "kenduBalance": 1091213805.8365645,
  "ethBalanceInUsd": 104.38739452130356,
  "kenduBalanceInUsd": 46027.39833018629,
  "totalUsdBalance": 104.38739452130356
}