{
  "ethBalance": 0.3603761199402911,
  "usdtBalance": 0,
  "usdcBalance": 154.403285,
  "kenduBalance": 4113980899.4295063,
  "ethBalanceInUsd": 523.8535392288054,
  "kenduBalanceInUsd": 35832.773634031,
  "totalUsdBalance": 678.2568242288054
}