{
  "ethBalance": 0.04272247540230626,
  "usdtBalance": 0,
  "usdcBalance": 0,
  "kenduBalance": 517214787.4674407,
  "ethBalanceInUsd": 102.43354314833961,
  "kenduBalanceInUsd": 24624.596031324854,
  "totalUsdBalance": 102.43354314833961
}