{
  "ethBalance": 0.04841366454199495,
  "usdtBalance": 90113.767042,
  "usdcBalance": 0,
  "kenduBalance": 946492975.4674407,
  "ethBalanceInUsd": 119.42731182883857,
  "kenduBalanceInUsd": 104682.12308669895,
  "totalUsdBalance": 90233.19435382885
}