{
  "ethBalance": 0.3579488855246269,
  "usdtBalance": 0,
  "usdcBalance": 0,
  "kenduBalance": 3705282011.416198,
  "ethBalanceInUsd": 597.731684959864,
  "kenduBalanceInUsd": 40572.83802500737,
  "totalUsdBalance": 597.731684959864
}