{
  "ethBalance": 0.5002741579676101,
  "usdtBalance": 0,
  "usdcBalance": 100,
  "kenduBalance": 4855925261.348792,
  "ethBalanceInUsd": 1369.5555375937092,
  "kenduBalanceInUsd": 138053.95518014615,
  "totalUsdBalance": 1469.5555375937092
}