{
  "ethBalance": 0.04459919224178026,
  "usdtBalance": 0,
  "usdcBalance": 0,
  "kenduBalance": 517214787.4674407,
  "ethBalanceInUsd": 102.22357857777244,
  "kenduBalanceInUsd": 28296.821022343684,
  "totalUsdBalance": 102.22357857777244
}