{
  "ethBalance": 0.3603761199402911,
  "usdtBalance": 0,
  "usdcBalance": 154.403285,
  "kenduBalance": 4113980899.4295063,
  "ethBalanceInUsd": 574.7422511255738,
  "kenduBalanceInUsd": 38177.742746705815,
  "totalUsdBalance": 729.1455361255738
}