{
  "ethBalance": 0.3579488855246269,
  "usdtBalance": 0,
  "usdcBalance": 0,
  "kenduBalance": 3705282011.416198,
  "ethBalanceInUsd": 537.2991746167412,
  "kenduBalanceInUsd": 38646.091379070946,
  "totalUsdBalance": 537.2991746167412
}