{
  "ethBalance": 0.04272247540230626,
  "usdtBalance": 0,
  "usdcBalance": 0,
  "kenduBalance": 517214787.4674407,
  "ethBalanceInUsd": 100.78787339584278,
  "kenduBalanceInUsd": 24298.750715220365,
  "totalUsdBalance": 100.78787339584278
}