{
  "ethBalance": 13.475892841222715,
  "usdtBalance": 3949.089252,
  "usdcBalance": 8005.206012,
  "kenduBalance": 10903927414.89931,
  "ethBalanceInUsd": 43686.553689461034,
  "kenduBalanceInUsd": 206411.34596404393,
  "totalUsdBalance": 55640.848953461034
}