{
  "ethBalance": 0.038589031500035925,
  "usdtBalance": 0,
  "usdcBalance": 0,
  "kenduBalance": 35199894.08324558,
  "ethBalanceInUsd": 126.65344617658292,
  "kenduBalanceInUsd": 505.1184800945741,
  "totalUsdBalance": 126.65344617658292
}