{
  "ethBalance": 0.0624422229661258,
  "usdtBalance": 0,
  "usdcBalance": 0,
  "kenduBalance": 6379544426.92592,
  "ethBalanceInUsd": 143.24620601767054,
  "kenduBalanceInUsd": 55183.0592929092,
  "totalUsdBalance": 143.24620601767054
}