{
  "ethBalance": 0.3579488855246269,
  "usdtBalance": 0,
  "usdcBalance": 0,
  "kenduBalance": 3705282011.416198,
  "ethBalanceInUsd": 564.1775564307854,
  "kenduBalanceInUsd": 41165.68314683396,
  "totalUsdBalance": 564.1775564307854
}