{
  "ethBalance": 0.038589031500035925,
  "usdtBalance": 0,
  "usdcBalance": 0,
  "kenduBalance": 35199894.08324558,
  "ethBalanceInUsd": 96.99931903006531,
  "kenduBalanceInUsd": 1074.3007674206551,
  "totalUsdBalance": 96.99931903006531
}