{
  "ethBalance": 0.04272247540230626,
  "usdtBalance": 0,
  "usdcBalance": 0,
  "kenduBalance": 517214787.4674407,
  "ethBalanceInUsd": 113.22951268250239,
  "kenduBalanceInUsd": 28255.443839346284,
  "totalUsdBalance": 113.22951268250239
}