{
  "ethBalance": 0.3579488855246269,
  "usdtBalance": 0,
  "usdcBalance": 0,
  "kenduBalance": 3705282011.416198,
  "ethBalanceInUsd": 608.8424183665484,
  "kenduBalanceInUsd": 40943.36622614898,
  "totalUsdBalance": 608.8424183665484
}