{
  "ethBalance": 0.3117728554842481,
  "usdtBalance": 0,
  "usdcBalance": 0.463046,
  "kenduBalance": 4113980899.4295063,
  "ethBalanceInUsd": 574.6566095000113,
  "kenduBalanceInUsd": 44883.531612775914,
  "totalUsdBalance": 575.1196555000113
}