{
  "ethBalance": 0.038589031500035925,
  "usdtBalance": 0,
  "usdcBalance": 0,
  "kenduBalance": 35199894.08324558,
  "ethBalanceInUsd": 128.8842780876,
  "kenduBalanceInUsd": 1023.964918881614,
  "totalUsdBalance": 128.8842780876
}