{
  "ethBalance": 0.038589031500035925,
  "usdtBalance": 0,
  "usdcBalance": 0,
  "kenduBalance": 35199894.08324558,
  "ethBalanceInUsd": 128.53118844937467,
  "kenduBalanceInUsd": 1735.0027793631748,
  "totalUsdBalance": 128.53118844937467
}