{
  "ethBalance": 0.04459919224178026,
  "usdtBalance": 0,
  "usdcBalance": 0,
  "kenduBalance": 517214787.4674407,
  "ethBalanceInUsd": 107.81274934951234,
  "kenduBalanceInUsd": 28741.62573956568,
  "totalUsdBalance": 107.81274934951234
}