{
  "ethBalance": 0.045462183917402754,
  "usdtBalance": 0,
  "usdcBalance": 0,
  "kenduBalance": 307214787.46744066,
  "ethBalanceInUsd": 119.95879159365478,
  "kenduBalanceInUsd": 26712.325770293966,
  "totalUsdBalance": 119.95879159365478
}