{
  "ethBalance": 0.04459919224178026,
  "usdtBalance": 0,
  "usdcBalance": 0,
  "kenduBalance": 517214787.4674407,
  "ethBalanceInUsd": 105.13010793616925,
  "kenduBalanceInUsd": 28276.132430844984,
  "totalUsdBalance": 105.13010793616925
}