{
  "ethBalance": 0.038589031500035925,
  "usdtBalance": 0,
  "usdcBalance": 0,
  "kenduBalance": 35199894.08324558,
  "ethBalanceInUsd": 128.01795433042417,
  "kenduBalanceInUsd": 1728.3147994873582,
  "totalUsdBalance": 128.01795433042417
}