{
  "ethBalance": 0.5002741579676101,
  "usdtBalance": 0,
  "usdcBalance": 100,
  "kenduBalance": 4855925261.348792,
  "ethBalanceInUsd": 1258.674773221768,
  "kenduBalanceInUsd": 125379.99024802582,
  "totalUsdBalance": 1358.674773221768
}