{
  "ethBalance": 0.038589031500035925,
  "usdtBalance": 0,
  "usdcBalance": 0,
  "kenduBalance": 35199894.08324558,
  "ethBalanceInUsd": 120.48537538161716,
  "kenduBalanceInUsd": 758.9097164347747,
  "totalUsdBalance": 120.48537538161716
}