{
  "ethBalance": 0.038589031500035925,
  "usdtBalance": 0,
  "usdcBalance": 0,
  "kenduBalance": 35199894.08324558,
  "ethBalanceInUsd": 121.62375181086823,
  "kenduBalanceInUsd": 1340.7639656308243,
  "totalUsdBalance": 121.62375181086823
}