{
  "ethBalance": 0.045462183917402754,
  "usdtBalance": 0,
  "usdcBalance": 0,
  "kenduBalance": 307214787.46744066,
  "ethBalanceInUsd": 116.62323115963494,
  "kenduBalanceInUsd": 30119.337763307885,
  "totalUsdBalance": 116.62323115963494
}